1403638524627829504,-0.00627,-0.01824,0.09454,-0.05230,0.81834,0.05605,0.56960,0.08596,0.01941,0.51721,
1403638524727829504,0.00286,-0.01524,0.13991,-0.04159,0.81421,0.04970,0.57695,0.07020,0.03582,0.37611,
1403638524827829504,0.00863,-0.01206,0.17441,-0.02838,0.81189,0.04415,0.58144,0.05669,0.03520,0.24022,
1403638524927829504,0.01176,-0.00955,0.19702,-0.03303,0.81029,0.04441,0.58341,0.02364,0.01719,0.08568,
1403638525027829504,0.00897,-0.00852,0.20378,-0.03841,0.80646,0.04821,0.58807,-0.00424,-0.00200,-0.11652,
1403638525127829504,0.00958,-0.00773,0.18495,-0.03445,0.80379,0.05225,0.59162,0.00257,0.00368,-0.32979,
1403638525227829504,0.00952,-0.00844,0.14629,-0.03548,0.80341,0.05862,0.59146,-0.01111,-0.00881,-0.45684,
1403638525327829504,0.00926,-0.00957,0.09466,-0.03906,0.80956,0.06525,0.58210,-0.02496,-0.00157,-0.52843,
1403638525427829504,0.00708,-0.00903,0.04162,-0.04690,0.82185,0.07097,0.56332,-0.05343,0.00686,-0.52188,
1403638525527829504,0.00334,-0.00773,-0.00882,-0.06031,0.83432,0.07512,0.54280,-0.05465,-0.00702,-0.47186,
1403638525627829504,0.00319,-0.00479,-0.05517,-0.07019,0.84112,0.07789,0.53059,-0.03154,-0.00762,-0.39273,
1403638525727829504,0.00112,-0.00314,-0.08975,-0.08595,0.83906,0.08523,0.53040,-0.01254,0.00261,-0.30311,
1403638525827829504,0.00115,-0.00007,-0.11433,-0.09752,0.83341,0.09032,0.53643,-0.00011,0.00482,-0.20765,
1403638525927829504,-0.00001,-0.00191,-0.13085,-0.09518,0.82888,0.09207,0.54352,-0.01600,-0.08052,-0.11195,
1403638526027829504,-0.00099,-0.01431,-0.13818,-0.09153,0.82806,0.09396,0.54508,0.00607,-0.19632,-0.02292,
1403638526127829504,-0.00112,-0.03907,-0.13742,-0.08887,0.83166,0.08818,0.54099,0.01852,-0.29916,0.05520,
1403638526227829504,-0.00255,-0.07468,-0.12830,-0.07942,0.83608,0.07281,0.53793,0.01356,-0.36957,0.12155,
1403638526327829504,-0.00636,-0.11613,-0.11464,-0.06475,0.83558,0.05479,0.54279,-0.01573,-0.41983,0.13562,
1403638526427829504,-0.01317,-0.16195,-0.10090,-0.05440,0.83281,0.03905,0.54949,-0.04291,-0.46648,0.11821,
1403638526527829504,-0.02260,-0.21199,-0.08958,-0.04609,0.82806,0.02205,0.55831,-0.06368,-0.52949,0.08239,
1403638526627829504,-0.03439,-0.26914,-0.08104,-0.03652,0.82202,0.00759,0.56824,-0.08713,-0.60517,0.06375,
1403638526727829504,-0.04592,-0.33298,-0.07524,-0.02936,0.81802,-0.00095,0.57444,-0.11541,-0.66073,0.05009,
1403638526827829504,-0.06010,-0.40065,-0.07110,-0.01635,0.81553,-0.00632,0.57845,-0.13181,-0.66601,0.02734,
1403638526927829504,-0.07549,-0.46603,-0.06925,-0.01037,0.81629,-0.01127,0.57745,-0.14067,-0.63650,0.01991,
1403638527027829504,-0.08620,-0.52794,-0.06902,-0.00621,0.82057,-0.01979,0.57116,-0.12002,-0.59783,0.02337,
1403638527127829504,-0.08810,-0.58529,-0.06918,-0.00350,0.82510,-0.03109,0.56413,-0.08408,-0.53441,0.04467,
1403638527227829504,-0.09323,-0.63212,-0.06425,0.00509,0.82559,-0.04555,0.56240,-0.04232,-0.42000,0.06350,
1403638527327829504,-0.09341,-0.66423,-0.05833,0.01930,0.82239,-0.05704,0.56573,0.00351,-0.24112,0.06700,
1403638527427829504,-0.08805,-0.67567,-0.05403,0.03204,0.81896,-0.06269,0.56952,0.03830,-0.03449,0.04753,
1403638527527829504,-0.07678,-0.66451,-0.05322,0.03623,0.81821,-0.06393,0.57020,0.08053,0.18135,0.02588,
1403638527627829504,-0.06336,-0.63363,-0.05442,0.03510,0.81899,-0.06230,0.56933,0.10980,0.37602,0.00397,
1403638527727829504,-0.04761,-0.58892,-0.05503,0.03012,0.81958,-0.05470,0.56955,0.14439,0.49992,0.00517,
1403638527827829504,-0.03074,-0.53479,-0.05330,0.01974,0.82182,-0.04840,0.56735,0.14858,0.57468,0.03955,
1403638527927829504,-0.01535,-0.47542,-0.04885,0.00552,0.82379,-0.04383,0.56517,0.14085,0.60781,0.06220,
1403638528027829504,-0.00080,-0.41413,-0.04592,0.00012,0.82271,-0.03847,0.56716,0.14355,0.61796,0.04623,
1403638528127829504,0.01224,-0.35488,-0.04767,-0.00760,0.82116,-0.03134,0.56978,0.14158,0.59364,0.00152,
1403638528227829504,0.02689,-0.30029,-0.05480,-0.01550,0.82157,-0.02372,0.56940,0.21047,0.52668,-0.04312,
1403638528327829504,0.05183,-0.25483,-0.06115,-0.02549,0.82155,-0.01402,0.56939,0.29011,0.40921,-0.05680,
1403638528427829504,0.08305,-0.21964,-0.06744,-0.02668,0.81992,-0.00911,0.57178,0.33890,0.29615,-0.05143,
1403638528527829504,0.11776,-0.19286,-0.07246,-0.02368,0.82072,-0.00971,0.57076,0.35122,0.22162,-0.04152,
1403638528627829504,0.15285,-0.17185,-0.07533,-0.02281,0.82317,-0.01790,0.56705,0.35408,0.16779,-0.02179,
1403638528727829504,0.18629,-0.15884,-0.07592,-0.02073,0.82330,-0.02370,0.56673,0.30006,0.09481,0.02076,
1403638528827829504,0.20955,-0.15112,-0.07186,-0.01861,0.82234,-0.03005,0.56790,0.15478,0.05549,0.05878,
1403638528927829504,0.21636,-0.14581,-0.06247,-0.02437,0.82161,-0.03830,0.56824,-0.01875,0.04359,0.12275,
1403638529027829504,0.20501,-0.14064,-0.04470,-0.02921,0.82212,-0.04295,0.56695,-0.18753,0.06305,0.16546,
1403638529127829504,0.18209,-0.13065,-0.03231,-0.01843,0.82292,-0.03969,0.56646,-0.28594,0.11653,0.10971,
1403638529227829504,0.14912,-0.11769,-0.02805,-0.00256,0.82401,-0.03260,0.56563,-0.34820,0.15725,0.00607,
1403638529327829504,0.11094,-0.10362,-0.03177,0.00574,0.82704,-0.02764,0.56143,-0.37190,0.16236,-0.08775,
1403638529427829504,0.07350,-0.09033,-0.04717,0.00812,0.83446,-0.02394,0.55049,-0.31944,0.14752,-0.18825,
1403638529527829504,0.04659,-0.07647,-0.07006,0.00480,0.84553,-0.02173,0.53346,-0.24583,0.11526,-0.23442,
1403638529627829504,0.02418,-0.06731,-0.09580,0.00637,0.85273,-0.01842,0.52199,-0.16340,0.09276,-0.23428,
1403638529727829504,0.00830,-0.05434,-0.11719,0.00727,0.85289,-0.01731,0.52176,-0.09540,0.09169,-0.21753,
1403638529827829504,0.00178,-0.04454,-0.14128,0.00583,0.84686,-0.01842,0.53147,-0.04312,0.07723,-0.19437,
1403638529927829504,-0.00426,-0.03537,-0.16244,0.00676,0.84191,-0.01983,0.53921,0.01355,0.04770,-0.14609,
1403638530027829504,0.00062,-0.03143,-0.17683,0.00764,0.84156,-0.02036,0.53972,0.09246,0.02154,-0.11559,
1403638530127829504,0.01188,-0.03020,-0.18719,0.00823,0.84377,-0.02259,0.53617,0.13258,0.00182,-0.09839,
1403638530227829504,0.02644,-0.03039,-0.19753,0.01067,0.84437,-0.02852,0.53489,0.15535,-0.00893,-0.10105,
1403638530327829504,0.04098,-0.03206,-0.20892,0.01216,0.84376,-0.03472,0.53546,0.13230,-0.02990,-0.09930,
1403638530427829504,0.05407,-0.03516,-0.21840,0.01567,0.84323,-0.03886,0.53592,0.12478,-0.03483,-0.07662,
1403638530527829504,0.06452,-0.03867,-0.22534,0.01375,0.84306,-0.04298,0.53593,0.08383,-0.04307,-0.06037,
1403638530627829504,0.07088,-0.04265,-0.23088,0.01606,0.84429,-0.04567,0.53369,0.04863,-0.03117,-0.05774,
1403638530727829504,0.07470,-0.04524,-0.23639,0.01672,0.84811,-0.04797,0.52738,0.03907,-0.02437,-0.06169,
1403638530827829504,0.07762,-0.04720,-0.24187,0.01707,0.85010,-0.04866,0.52409,0.02952,-0.00930,-0.05063,
1403638530927829504,0.07937,-0.04806,-0.24568,0.01520,0.84925,-0.04839,0.52555,0.01520,0.00013,-0.03129,
1403638531027829504,0.08082,-0.04799,-0.24886,0.01407,0.84626,-0.04854,0.53037,0.00621,0.00222,-0.03427,
1403638531127829504,0.08024,-0.04678,-0.24916,0.01633,0.84268,-0.04723,0.53608,0.00400,0.02220,0.00774,
1403638531227829504,0.08079,-0.04544,-0.24987,0.01839,0.84237,-0.04443,0.53675,0.00527,0.01007,-0.03309,
1403638531327829504,0.08068,-0.04406,-0.25033,0.01904,0.83877,-0.04467,0.54232,-0.00108,0.01276,0.00471,
1403638531427829504,0.08071,-0.04416,-0.25053,0.01970,0.83964,-0.04402,0.54100,-0.00322,-0.00596,-0.00235,
1403638531527829504,0.08034,-0.04426,-0.25047,0.01925,0.83885,-0.04457,0.54220,0.00399,-0.00332,-0.00129,
1403638531627829504,0.08027,-0.04438,-0.25056,0.01994,0.83893,-0.04363,0.54212,0.00103,0.00417,-0.00087,
1403638531727829504,0.08027,-0.04435,-0.25062,0.01996,0.83904,-0.04411,0.54192,0.00133,-0.00500,-0.00262,
1403638531827829504,0.08031,-0.04436,-0.25066,0.02005,0.83901,-0.04427,0.54194,0.00138,-0.00472,-0.00014,
1403638531927829504,0.08032,-0.04434,-0.25068,0.02001,0.83896,-0.04448,0.54201,0.00407,-0.00615,0.00143,
1403638532027829504,0.08033,-0.04434,-0.25071,0.02002,0.83892,-0.04469,0.54205,0.00079,-0.00375,-0.00144,
1403638532127829504,0.08037,-0.04438,-0.25072,0.02013,0.83889,-0.04484,0.54208,0.00137,-0.00089,-0.00093,
1403638532227829504,0.08033,-0.04441,-0.25073,0.02033,0.83891,-0.04472,0.54205,0.00244,0.00171,-0.00057,
1403638532327829504,0.08035,-0.04448,-0.25072,0.02053,0.83885,-0.04476,0.54212,0.00018,0.00199,-0.00154,
1403638532427829504,0.08035,-0.04451,-0.25073,0.02062,0.83884,-0.04473,0.54214,0.00220,0.00170,-0.00058,
1403638532527829504,0.08036,-0.04453,-0.25073,0.02069,0.83882,-0.04480,0.54217,0.00050,0.00091,-0.00132,
1403638532627829504,0.08037,-0.04455,-0.25074,0.02076,0.83882,-0.04488,0.54217,0.00289,-0.00089,0.00009,
1403638532727829504,0.08037,-0.04455,-0.25076,0.02077,0.83878,-0.04494,0.54221,0.00070,-0.00078,-0.00050,
1403638532827829504,0.08040,-0.04456,-0.25075,0.02077,0.83877,-0.04501,0.54223,0.00090,-0.00036,-0.00020,
1403638532927829504,0.08037,-0.04456,-0.25076,0.02085,0.83876,-0.04500,0.54223,0.00185,-0.00132,0.00050,
1403638533027829504,0.08038,-0.04458,-0.25075,0.02092,0.83874,-0.04504,0.54226,0.00005,-0.00043,-0.00069,
1403638533127829504,0.08038,-0.04459,-0.25075,0.02093,0.83873,-0.04506,0.54228,0.00213,-0.00090,-0.00011,
1403638533227829504,0.08038,-0.04461,-0.25077,0.02099,0.83871,-0.04509,0.54231,0.00084,-0.00073,0.00022,
1403638533327829504,0.08040,-0.04461,-0.25076,0.02105,0.83868,-0.04510,0.54234,0.00040,-0.00015,-0.00067,
1403638533427829504,0.08039,-0.04462,-0.25077,0.02101,0.83867,-0.04514,0.54236,0.00224,-0.00006,0.00037,
1403638533527829504,0.08040,-0.04462,-0.25077,0.02106,0.83865,-0.04516,0.54238,0.00022,0.00103,-0.00086,
1403638533627829504,0.08040,-0.04464,-0.25076,0.02112,0.83864,-0.04514,0.54240,0.00129,0.00066,0.00019,
1403638533727829504,0.08038,-0.04463,-0.25076,0.02115,0.83866,-0.04514,0.54238,0.00093,-0.00013,-0.00057,
1403638533827829504,0.08040,-0.04465,-0.25076,0.02114,0.83861,-0.04520,0.54244,0.00046,-0.00136,-0.00042,
1403638533927829504,0.08034,-0.04467,-0.25078,0.02115,0.83863,-0.04512,0.54241,-0.00162,-0.00703,-0.00062,
1403638534027829504,0.08039,-0.04461,-0.25082,0.02117,0.83859,-0.04519,0.54248,-0.00038,-0.00304,-0.00254,
1403638534127829504,0.08041,-0.04463,-0.25082,0.02120,0.83862,-0.04527,0.54241,0.00123,0.00185,-0.00063,
1403638534227829504,0.08044,-0.04458,-0.25083,0.02100,0.83860,-0.04526,0.54246,-0.00021,0.00237,0.00140,
1403638534327829504,0.08034,-0.04454,-0.25074,0.02083,0.83863,-0.04519,0.54243,-0.00319,-0.00591,-0.00547,
1403638534427829504,0.08033,-0.04450,-0.25073,0.02073,0.83868,-0.04514,0.54235,0.00256,-0.00492,-0.00004,
1403638534527829504,0.08034,-0.04452,-0.25069,0.02095,0.83869,-0.04540,0.54231,-0.00237,-0.00021,0.00105,
1403638534627829504,0.08036,-0.04452,-0.25068,0.02073,0.83873,-0.04503,0.54229,0.00263,-0.00498,-0.00019,
1403638534727829504,0.08033,-0.04451,-0.25069,0.02059,0.83872,-0.04481,0.54232,-0.00205,-0.00604,-0.00062,
1403638534827829504,0.08033,-0.04450,-0.25068,0.02070,0.83870,-0.04490,0.54234,0.00036,-0.00484,-0.00103,
1403638534927829504,0.08028,-0.04455,-0.25069,0.02096,0.83871,-0.04508,0.54230,-0.00184,-0.00594,-0.00091,
1403638535027829504,0.08029,-0.04457,-0.25067,0.02086,0.83872,-0.04499,0.54231,-0.00141,-0.00086,-0.00081,
1403638535127829504,0.08027,-0.04455,-0.25065,0.02084,0.83873,-0.04493,0.54229,0.00048,-0.00011,-0.00228,
1403638535227829504,0.08026,-0.04455,-0.25066,0.02078,0.83871,-0.04493,0.54233,-0.00095,0.00052,-0.00033,
1403638535327829504,0.08027,-0.04455,-0.25065,0.02077,0.83872,-0.04494,0.54231,0.00052,-0.00061,0.00135,
1403638535427829504,0.08026,-0.04452,-0.25063,0.02080,0.83872,-0.04488,0.54232,0.00014,-0.00107,0.00145,
1403638535527829504,0.08027,-0.04451,-0.25063,0.02074,0.83870,-0.04492,0.54234,0.00041,0.00124,-0.00049,
1403638535627829504,0.08028,-0.04449,-0.25064,0.02072,0.83872,-0.04485,0.54231,0.00097,0.00038,-0.00015,
1403638535727829504,0.08025,-0.04451,-0.25063,0.02070,0.83871,-0.04487,0.54233,-0.00090,-0.00108,-0.00061,
1403638535827829504,0.08027,-0.04450,-0.25063,0.02063,0.83870,-0.04483,0.54235,0.00055,0.00192,0.00005,
1403638535927829504,0.08025,-0.04448,-0.25063,0.02060,0.83871,-0.04484,0.54233,-0.00069,-0.00168,-0.00043,
1403638536027829504,0.08026,-0.04449,-0.25062,0.02054,0.83871,-0.04482,0.54234,-0.00104,-0.00086,-0.00051,
1403638536127829504,0.08027,-0.04447,-0.25062,0.02053,0.83871,-0.04481,0.54235,0.00065,-0.00065,0.00189,
1403638536227829504,0.08027,-0.04448,-0.25060,0.02047,0.83869,-0.04480,0.54238,0.00082,-0.00116,0.00084,
1403638536327829504,0.08027,-0.04448,-0.25061,0.02047,0.83864,-0.04478,0.54246,-0.00026,-0.00130,-0.00005,
1403638536427829504,0.08028,-0.04447,-0.25061,0.02053,0.83864,-0.04483,0.54245,-0.00042,0.00004,0.00100,
1403638536527829504,0.08027,-0.04448,-0.25059,0.02048,0.83865,-0.04477,0.54244,-0.00068,-0.00098,0.00093,
1403638536627829504,0.08028,-0.04445,-0.25061,0.02048,0.83862,-0.04484,0.54249,0.00036,-0.00164,-0.00073,
1403638536727829504,0.08026,-0.04447,-0.25060,0.02056,0.83862,-0.04478,0.54248,-0.00120,0.00078,-0.00061,
1403638536827829504,0.08025,-0.04450,-0.25060,0.02056,0.83861,-0.04482,0.54249,0.00171,0.00008,0.00044,
1403638536927829504,0.08027,-0.04451,-0.25060,0.02058,0.83859,-0.04481,0.54252,-0.00107,-0.00433,0.00028,
1403638537027829504,0.08028,-0.04450,-0.25059,0.02057,0.83862,-0.04477,0.54248,-0.00090,-0.00284,-0.00079,
1403638537127829504,0.08026,-0.04448,-0.25059,0.02064,0.83861,-0.04472,0.54250,0.00035,-0.00505,-0.00050,
1403638537227829504,0.08028,-0.04447,-0.25058,0.02062,0.83864,-0.04481,0.54245,0.00087,-0.00415,0.00088,
1403638537327829504,0.08027,-0.04448,-0.25057,0.02058,0.83861,-0.04481,0.54249,0.00091,-0.00199,-0.00044,
1403638537427829504,0.08028,-0.04447,-0.25058,0.02055,0.83861,-0.04478,0.54250,0.00081,-0.00193,-0.00140,
1403638537527829504,0.08028,-0.04446,-0.25056,0.02058,0.83863,-0.04475,0.54248,-0.00303,-0.00315,0.00046,
1403638537627829504,0.08026,-0.04445,-0.25054,0.02061,0.83863,-0.04465,0.54247,-0.00132,0.00087,-0.00107,
1403638537727829504,0.08026,-0.04448,-0.25053,0.02064,0.83868,-0.04470,0.54239,-0.00054,0.00264,0.00173,
1403638537827829504,0.08028,-0.04445,-0.25052,0.02061,0.83866,-0.04470,0.54243,0.00638,-0.00084,-0.00200,
1403638537927829504,0.08029,-0.04448,-0.25051,0.02064,0.83864,-0.04473,0.54246,-0.00479,-0.00068,0.00250,
1403638538027829504,0.08028,-0.04448,-0.25047,0.02060,0.83868,-0.04472,0.54240,0.00152,-0.00205,0.00291,
1403638538127829504,0.08025,-0.04447,-0.25047,0.02070,0.83860,-0.04470,0.54251,0.00095,-0.00174,0.00092,
1403638538227829504,0.08030,-0.04449,-0.25047,0.02076,0.83866,-0.04481,0.54241,0.00498,-0.00315,-0.00130,
1403638538327829504,0.08027,-0.04451,-0.25050,0.02075,0.83867,-0.04474,0.54240,0.00058,-0.00117,0.00117,
1403638538427829504,0.08034,-0.04446,-0.25041,0.02077,0.83855,-0.04479,0.54258,-0.00072,-0.00015,0.00559,
1403638538527829504,0.08031,-0.04448,-0.25033,0.02069,0.83853,-0.04483,0.54261,-0.00501,-0.00010,-0.00238,
1403638538627829504,0.08025,-0.04452,-0.25024,0.02080,0.83836,-0.04494,0.54287,-0.00393,-0.00057,-0.00120,
1403638538727829504,0.08022,-0.04460,-0.25013,0.02089,0.83808,-0.04491,0.54329,-0.00261,-0.00159,0.00689,
1403638538827829504,0.08105,-0.04443,-0.24998,0.02042,0.83757,-0.04447,0.54413,0.01416,0.00481,0.00672,
1403638538927829504,0.08342,-0.04400,-0.24832,0.02038,0.83467,-0.04375,0.54863,0.02929,0.00102,0.04020,
1403638539027829504,0.08822,-0.04386,-0.24585,0.02127,0.83005,-0.04439,0.55551,0.04513,-0.00029,0.02773,
1403638539127829504,0.09543,-0.04399,-0.24130,0.02083,0.82348,-0.04585,0.56510,0.07974,0.00202,0.07401,
1403638539227829504,0.10457,-0.04396,-0.23059,0.02050,0.81877,-0.04535,0.57196,0.09397,0.00209,0.15680,
1403638539327829504,0.11401,-0.04416,-0.21175,0.01985,0.81786,-0.04506,0.57331,0.08729,-0.00335,0.23749,
1403638539427829504,0.12328,-0.04477,-0.18536,0.01971,0.81940,-0.04390,0.57119,0.09460,-0.00724,0.29394,
1403638539527829504,0.13336,-0.04565,-0.15410,0.01926,0.82136,-0.04266,0.56849,0.09688,-0.01019,0.32668,
1403638539627829504,0.14377,-0.04600,-0.12273,0.01839,0.82205,-0.04174,0.56759,0.10071,-0.00983,0.27545,
1403638539727829504,0.15437,-0.04626,-0.10101,0.01783,0.82268,-0.04076,0.56676,0.11188,0.00083,0.15137,
1403638539827829504,0.16786,-0.04531,-0.09045,0.01760,0.82432,-0.03934,0.56448,0.13003,0.00406,0.08302,
1403638539927829504,0.18207,-0.04439,-0.08298,0.01641,0.82812,-0.03860,0.55897,0.15370,0.01248,0.07235,
1403638540027829504,0.19913,-0.04413,-0.07579,0.01521,0.83349,-0.03892,0.55096,0.19314,0.00271,0.07096,
1403638540127829504,0.22120,-0.04555,-0.06569,0.01502,0.83915,-0.03875,0.54232,0.25095,-0.00158,0.06856,
1403638540227829504,0.25271,-0.04415,-0.05626,0.01556,0.83908,-0.03748,0.54249,0.33498,0.00068,0.10027,
1403638540327829504,0.29016,-0.04268,-0.04733,0.01611,0.83296,-0.03645,0.55190,0.39030,0.00492,0.09680,
1403638540427829504,0.33200,-0.04116,-0.03877,0.01519,0.82835,-0.03257,0.55906,0.42616,0.01819,0.08178,
1403638540527829504,0.37571,-0.03846,-0.03137,0.00980,0.82769,-0.02404,0.56058,0.45162,0.04219,0.06322,
1403638540627829504,0.42219,-0.03493,-0.02337,0.00104,0.82759,-0.01016,0.56123,0.47808,0.05889,0.07264,
1403638540727829504,0.47126,-0.03022,-0.01561,-0.00608,0.82637,0.01116,0.56299,0.50271,0.07488,0.07395,
1403638540827829504,0.52248,-0.02240,-0.00968,-0.01514,0.82526,0.03745,0.56331,0.50766,0.11244,0.04901,
1403638540927829504,0.57432,-0.00867,-0.00530,-0.02673,0.82372,0.06540,0.56258,0.51978,0.16288,0.03127,
1403638541027829504,0.62611,0.00999,-0.00486,-0.04150,0.82147,0.08781,0.56192,0.51591,0.20216,0.00374,
1403638541127829504,0.67877,0.03297,-0.00654,-0.05349,0.81880,0.10385,0.56208,0.51998,0.23654,-0.03865,
1403638541227829504,0.73223,0.05989,-0.01200,-0.06077,0.81770,0.11461,0.56084,0.51967,0.27057,-0.05775,
1403638541327829504,0.78473,0.08925,-0.01472,-0.06457,0.81698,0.12039,0.56025,0.51656,0.31854,0.00525,
1403638541427829504,0.83729,0.12314,-0.01044,-0.06682,0.81705,0.12147,0.55966,0.50308,0.35438,0.05863,
1403638541527829504,0.88805,0.16127,-0.00094,-0.06528,0.81587,0.12198,0.56144,0.51021,0.40092,0.12133,
1403638541627829504,0.94224,0.20589,0.01766,-0.06575,0.81439,0.12381,0.56313,0.53347,0.47784,0.19881,
1403638541727829504,0.99266,0.25632,0.04258,-0.07304,0.81240,0.12811,0.56415,0.51366,0.52827,0.26015,
1403638541827829504,1.04274,0.31266,0.07829,-0.08514,0.81121,0.13443,0.56268,0.48390,0.56980,0.32952,
1403638541927829504,1.08782,0.36982,0.11458,-0.09693,0.80982,0.14603,0.55989,0.47079,0.59579,0.29729,
1403638542027829504,1.13051,0.42907,0.14368,-0.11015,0.80764,0.16166,0.55628,0.44795,0.60381,0.22762,
1403638542127829504,1.17293,0.48934,0.16598,-0.12361,0.80424,0.18068,0.55251,0.43241,0.61743,0.17296,
1403638542227829504,1.21792,0.55285,0.18207,-0.13917,0.79986,0.20116,0.54808,0.42508,0.62528,0.11753,
1403638542327829504,1.26522,0.61867,0.19219,-0.15281,0.79430,0.22404,0.54365,0.43121,0.64509,0.08545,
1403638542427829504,1.31259,0.68362,0.19934,-0.16214,0.78296,0.24372,0.54889,0.42809,0.65006,0.06182,
1403638542527829504,1.36017,0.75198,0.20446,-0.16196,0.76953,0.26197,0.55943,0.40088,0.65405,0.03118,
1403638542627829504,1.40032,0.82276,0.21016,-0.15868,0.76117,0.27598,0.56504,0.33130,0.70128,0.05667,
1403638542727829504,1.43151,0.89559,0.22109,-0.16194,0.76168,0.27984,0.56152,0.24700,0.74390,0.12640,
1403638542827829504,1.45613,0.97328,0.24037,-0.17054,0.76644,0.27651,0.55410,0.17037,0.76278,0.20214,
1403638542927829504,1.47592,1.05364,0.26704,-0.17577,0.77219,0.27275,0.54630,0.13594,0.78948,0.27467,
1403638543027829504,1.49073,1.13414,0.29927,-0.17811,0.77637,0.26957,0.54117,0.10829,0.80266,0.29700,
1403638543127829504,1.50557,1.21588,0.32948,-0.17938,0.77883,0.26598,0.53898,0.11510,0.81487,0.25303,
1403638543227829504,1.51925,1.29797,0.35179,-0.17840,0.77979,0.26417,0.53881,0.11397,0.82227,0.18525,
1403638543327829504,1.53646,1.38413,0.37063,-0.17776,0.78065,0.26133,0.53917,0.11831,0.83025,0.12968,
1403638543427829504,1.55251,1.47145,0.38272,-0.17839,0.78072,0.26246,0.53830,0.12558,0.85460,0.08923,
1403638543527829504,1.56950,1.56244,0.39114,-0.18183,0.77901,0.26933,0.53623,0.12697,0.87467,0.05517,
1403638543627829504,1.58610,1.65537,0.39786,-0.18644,0.77457,0.28441,0.53329,0.11605,0.89280,0.02269,
1403638543727829504,1.60136,1.74799,0.40178,-0.19541,0.76769,0.30357,0.52944,0.11185,0.93298,0.05239,
1403638543827829504,1.61588,1.84078,0.40959,-0.20498,0.75788,0.32653,0.52629,0.10638,0.95224,0.11611,
1403638543927829504,1.62947,1.93755,0.42542,-0.21900,0.74840,0.34691,0.52115,0.10522,0.98814,0.19969,
1403638544027829504,1.64338,2.03720,0.44712,-0.23325,0.74195,0.36106,0.51453,0.10045,1.00271,0.23588,
1403638544127829504,1.65785,2.13716,0.47029,-0.24455,0.73854,0.37009,0.50773,0.11910,1.01858,0.24080,
1403638544227829504,1.67208,2.23788,0.49145,-0.25385,0.73570,0.37426,0.50421,0.13933,1.02184,0.16551,
1403638544327829504,1.68439,2.33949,0.50605,-0.25831,0.73378,0.37748,0.50235,0.14463,1.01314,0.10499,
1403638544427829504,1.69660,2.44073,0.51684,-0.25959,0.73415,0.37884,0.50012,0.15687,1.02047,0.07214,
1403638544527829504,1.71076,2.54305,0.52540,-0.25887,0.73325,0.37904,0.50166,0.15876,1.03058,0.05368,
1403638544627829504,1.72773,2.64579,0.53451,-0.26321,0.72795,0.37836,0.50758,0.16667,1.04469,0.11908,
1403638544727829504,1.74537,2.74607,0.55009,-0.26682,0.72348,0.37853,0.51195,0.15649,1.01873,0.16029,
1403638544827829504,1.75992,2.84109,0.56933,-0.26601,0.72514,0.38079,0.50834,0.15085,0.99639,0.13822,
1403638544927829504,1.77444,2.93421,0.58393,-0.26504,0.72805,0.38241,0.50345,0.15854,0.98890,0.09198,
1403638545027829504,1.79038,3.03132,0.59031,-0.26634,0.72750,0.38257,0.50344,0.15965,0.98602,0.04081,
1403638545127829504,1.80492,3.12136,0.59405,-0.26739,0.72645,0.38307,0.50402,0.16018,0.96521,-0.01934,
1403638545227829504,1.82183,3.21588,0.58818,-0.26608,0.72679,0.38479,0.50291,0.16049,0.96062,-0.08075,
1403638545327829504,1.84055,3.30835,0.57797,-0.26674,0.72475,0.38529,0.50511,0.16216,0.94960,-0.12391,
1403638545427829504,1.85889,3.39660,0.56502,-0.26871,0.72386,0.38471,0.50579,0.15023,0.93643,-0.17652,
1403638545527829504,1.87619,3.48760,0.54878,-0.27177,0.72257,0.38822,0.50330,0.13717,0.93807,-0.13106,
1403638545627829504,1.89337,3.57707,0.54013,-0.27879,0.71908,0.39719,0.49744,0.13178,0.94066,-0.06577,
1403638545727829504,1.90761,3.66652,0.53617,-0.28699,0.71272,0.41135,0.49037,0.13407,0.93065,-0.00648,
1403638545827829504,1.92397,3.75409,0.54067,-0.29722,0.70213,0.42988,0.48360,0.13365,0.92801,0.07226,
1403638545927829504,1.93831,3.84586,0.55266,-0.30745,0.69039,0.45098,0.47482,0.12745,0.92760,0.14875,
1403638546027829504,1.95127,3.93822,0.57043,-0.31591,0.67802,0.47152,0.46708,0.13817,0.91867,0.19204,
1403638546127829504,1.96407,4.03177,0.58692,-0.32219,0.66720,0.48756,0.46187,0.12828,0.93451,0.14006,
1403638546227829504,1.97543,4.12389,0.59688,-0.32946,0.66065,0.49687,0.45620,0.11909,0.94603,0.07263,
1403638546327829504,1.98481,4.21643,0.60019,-0.33558,0.65729,0.50172,0.45126,0.10925,0.95723,0.01152,
1403638546427829504,1.99484,4.31207,0.59800,-0.34044,0.65678,0.50294,0.44699,0.10198,0.97114,-0.04865,
1403638546527829504,2.00382,4.40914,0.59247,-0.34172,0.65561,0.50483,0.44558,0.10047,0.99216,-0.05501,
1403638546627829504,2.01364,4.50849,0.59050,-0.34379,0.65185,0.50984,0.44379,0.09026,0.99914,0.01025,
1403638546727829504,2.02105,4.60758,0.59643,-0.34763,0.64680,0.51572,0.44140,0.08649,1.02470,0.11474,
1403638546827829504,2.02973,4.71161,0.61277,-0.34846,0.64242,0.52152,0.44033,0.08091,1.06899,0.21492,
1403638546927829504,2.03490,4.81613,0.63374,-0.34874,0.63929,0.52588,0.43948,0.06455,1.06127,0.18581,
1403638547027829504,2.04161,4.92426,0.64772,-0.34723,0.63626,0.52978,0.44039,0.05279,1.07548,0.12628,
1403638547127829504,2.04442,5.03010,0.65530,-0.34386,0.63354,0.53390,0.44198,0.02419,1.09490,0.05883,
1403638547227829504,2.04346,5.13888,0.65835,-0.34190,0.63224,0.53600,0.44281,-0.01453,1.11213,0.02364,
1403638547327829504,2.04069,5.24636,0.65444,-0.34088,0.63126,0.53703,0.44375,-0.05707,1.12305,-0.02882,
1403638547427829504,2.03281,5.35786,0.64886,-0.34596,0.63468,0.53315,0.43960,-0.09051,1.13839,-0.06015,
1403638547527829504,2.02328,5.46950,0.63946,-0.35073,0.63802,0.52912,0.43584,-0.10664,1.15403,-0.10097,
1403638547627829504,2.01073,5.57524,0.62261,-0.35321,0.64018,0.52666,0.43364,-0.11396,1.15949,-0.15989,
1403638547727829504,1.99654,5.68798,0.60405,-0.35178,0.64058,0.52628,0.43468,-0.12377,1.17386,-0.19945,
1403638547827829504,1.98249,5.79787,0.58049,-0.34779,0.63834,0.52871,0.43821,-0.14127,1.18369,-0.24291,
1403638547927829504,1.96578,5.91432,0.55608,-0.34736,0.63814,0.52874,0.43881,-0.16619,1.19540,-0.23394,
1403638548027829504,1.94992,6.03284,0.53684,-0.34894,0.63745,0.52999,0.43705,-0.19407,1.22832,-0.15575,
1403638548127829504,1.92785,6.16131,0.52720,-0.35220,0.63473,0.53382,0.43372,-0.21632,1.26368,-0.08109,
1403638548227829504,1.90422,6.28528,0.52356,-0.35843,0.62929,0.54043,0.42833,-0.24913,1.26221,-0.00256,
1403638548327829504,1.87827,6.40876,0.52695,-0.36610,0.62113,0.55016,0.42129,-0.26810,1.27656,0.09868,
1403638548427829504,1.84954,6.53359,0.53927,-0.37322,0.61132,0.56233,0.41326,-0.28712,1.28182,0.16277,
1403638548527829504,1.82027,6.65267,0.55527,-0.38108,0.60269,0.57079,0.40712,-0.28860,1.27984,0.12984,
1403638548627829504,1.79178,6.77352,0.56656,-0.38638,0.59536,0.57766,0.40319,-0.28773,1.28458,0.08427,
1403638548727829504,1.76446,6.89629,0.57598,-0.39000,0.59081,0.58221,0.39985,-0.28333,1.28385,0.06084,
1403638548827829504,1.73588,7.02345,0.58638,-0.39224,0.58797,0.58525,0.39739,-0.29021,1.29864,0.12296,
1403638548927829504,1.70773,7.15587,0.60358,-0.39403,0.58643,0.58646,0.39612,-0.29095,1.30948,0.18974,
1403638549027829504,1.67942,7.28477,0.62679,-0.39313,0.58574,0.58824,0.39538,-0.30374,1.29185,0.25241,
1403638549127829504,1.65191,7.41458,0.65604,-0.39524,0.58647,0.58656,0.39470,-0.29809,1.29476,0.30826,
1403638549227829504,1.62327,7.54144,0.69218,-0.39564,0.58653,0.58606,0.39495,-0.29251,1.32086,0.35217,
1403638549327829504,1.59796,7.67452,0.73436,-0.39710,0.58803,0.58404,0.39425,-0.28942,1.33484,0.41342,
1403638549427829504,1.56861,7.80342,0.77732,-0.39948,0.58932,0.58152,0.39365,-0.29012,1.33663,0.38483,
1403638549527829504,1.54224,7.94396,0.81412,-0.40015,0.59087,0.57983,0.39312,-0.27738,1.35098,0.33226,
1403638549627829504,1.51656,8.07643,0.84649,-0.40207,0.59006,0.57801,0.39506,-0.26783,1.34941,0.28483,
1403638549727829504,1.49216,8.21552,0.87705,-0.40081,0.58965,0.57787,0.39716,-0.24351,1.34598,0.28657,
1403638549827829504,1.46874,8.35620,0.90946,-0.40081,0.59140,0.57745,0.39515,-0.23324,1.38266,0.35822,
1403638549927829504,1.44514,8.49514,0.94995,-0.39885,0.59223,0.57824,0.39474,-0.22416,1.40868,0.41977,
1403638550027829504,1.42372,8.64134,0.99758,-0.39953,0.59328,0.57753,0.39351,-0.20271,1.45528,0.51838,
1403638550127829504,1.40410,8.78371,1.05207,-0.40072,0.59413,0.57706,0.39170,-0.18664,1.45474,0.59679,
1403638550227829504,1.38490,8.92975,1.11404,-0.40055,0.59392,0.57778,0.39113,-0.17296,1.44212,0.67506,
1403638550327829504,1.36542,9.08233,1.18277,-0.39976,0.59311,0.57861,0.39195,-0.15928,1.45994,0.71412,
1403638550427829504,1.34687,9.23330,1.24746,-0.40192,0.59268,0.57769,0.39175,-0.14777,1.45891,0.62823,
1403638550527829504,1.33169,9.38143,1.30614,-0.40436,0.59396,0.57624,0.38942,-0.13214,1.46109,0.56203,
1403638550627829504,1.31821,9.52621,1.35725,-0.40884,0.59327,0.57328,0.39017,-0.09905,1.45359,0.50105,
1403638550727829504,1.30963,9.67104,1.40315,-0.41307,0.59207,0.57043,0.39171,-0.06537,1.44185,0.46358,
1403638550827829504,1.30288,9.81363,1.44405,-0.41637,0.58977,0.56778,0.39551,-0.03183,1.41804,0.42289,
1403638550927829504,1.29903,9.95335,1.48306,-0.42247,0.58530,0.56306,0.40238,-0.00066,1.38227,0.37790,
1403638551027829504,1.29867,10.08780,1.51536,-0.42760,0.58207,0.55933,0.40682,0.02909,1.32155,0.34137,
1403638551127829504,1.30259,10.21408,1.54531,-0.43081,0.58107,0.55698,0.40809,0.06783,1.23561,0.34648,
1403638551227829504,1.30972,10.33385,1.57911,-0.43440,0.58151,0.55497,0.40638,0.11109,1.16154,0.39665,
1403638551327829504,1.32200,10.45110,1.61832,-0.43151,0.58592,0.55415,0.40425,0.16677,1.06604,0.42440,
1403638551427829504,1.34262,10.55849,1.66001,-0.42581,0.59637,0.54765,0.40387,0.23889,1.00500,0.37853,
1403638551527829504,1.36971,10.66130,1.69399,-0.41863,0.61093,0.53503,0.40652,0.31092,0.95711,0.31628,
1403638551627829504,1.40421,10.76248,1.72337,-0.41265,0.62733,0.51718,0.41073,0.37840,0.92448,0.25958,
1403638551727829504,1.44781,10.85821,1.74685,-0.40491,0.64248,0.49882,0.41767,0.47008,0.89525,0.21272,
1403638551827829504,1.49880,10.95048,1.76493,-0.39552,0.65586,0.48093,0.42675,0.54968,0.85700,0.17954,
1403638551927829504,1.55789,11.03556,1.78323,-0.38377,0.66256,0.47003,0.43910,0.61980,0.79430,0.21101,
1403638552027829504,1.62458,11.11101,1.80695,-0.37339,0.66427,0.46373,0.45197,0.67843,0.73179,0.29518,
1403638552127829504,1.69544,11.17589,1.83627,-0.36593,0.66716,0.45984,0.45776,0.71659,0.66689,0.33353,
1403638552227829504,1.76964,11.23692,1.87099,-0.36137,0.67199,0.45778,0.45637,0.75300,0.61378,0.38528,
1403638552327829504,1.84682,11.29488,1.90921,-0.35935,0.67451,0.45666,0.45537,0.78143,0.57775,0.37992,
1403638552427829504,1.92638,11.34741,1.94532,-0.36523,0.67288,0.45169,0.45806,0.81643,0.52625,0.32612,
1403638552527829504,2.01071,11.39696,1.97586,-0.37197,0.66937,0.44697,0.46238,0.85766,0.46089,0.27491,
1403638552627829504,2.09707,11.43304,2.00056,-0.37558,0.66568,0.44563,0.46608,0.88728,0.36444,0.20391,
1403638552727829504,2.18746,11.46042,2.01926,-0.37550,0.66465,0.44769,0.46563,0.92404,0.26855,0.15777,
1403638552827829504,2.28289,11.48294,2.03406,-0.37429,0.66339,0.45085,0.46536,0.95613,0.18795,0.11445,
1403638552927829504,2.38117,11.50213,2.04391,-0.37019,0.66202,0.45653,0.46506,0.98332,0.11776,0.06418,
1403638553027829504,2.48282,11.51270,2.04931,-0.36532,0.65969,0.46261,0.46620,0.99691,0.05738,0.01202,
1403638553127829504,2.58433,11.51815,2.05154,-0.36573,0.65675,0.46509,0.46756,0.99618,0.00817,-0.00778,
1403638553227829504,2.68937,11.52123,2.05199,-0.37376,0.65175,0.46148,0.47177,1.00514,-0.05019,-0.00572,
1403638553327829504,2.79189,11.51241,2.05457,-0.37858,0.64593,0.46006,0.47729,1.00603,-0.14610,0.05833,
1403638553427829504,2.89573,11.49843,2.06182,-0.37621,0.64085,0.46295,0.48318,0.99416,-0.25220,0.10070,
1403638553527829504,2.99725,11.47221,2.07498,-0.37292,0.63643,0.46641,0.48821,0.96049,-0.36569,0.15664,
1403638553627829504,3.09653,11.43323,2.09321,-0.36996,0.63351,0.46917,0.49161,0.91262,-0.50499,0.17684,
1403638553727829504,3.19371,11.38274,2.11929,-0.36845,0.63311,0.47129,0.49122,0.86470,-0.62478,0.26726,
1403638553827829504,3.28734,11.32327,2.15227,-0.36617,0.63450,0.47322,0.48927,0.82634,-0.68941,0.32486,
1403638553927829504,3.37168,11.25195,2.18926,-0.36401,0.63630,0.47448,0.48733,0.77888,-0.77125,0.32738,
1403638554027829504,3.45856,11.18174,2.22541,-0.36420,0.64101,0.47421,0.48123,0.76130,-0.82370,0.28694,
1403638554127829504,3.53617,11.09892,2.25469,-0.36178,0.64281,0.47592,0.47896,0.73120,-0.87015,0.23532,
1403638554227829504,3.61418,11.01771,2.27729,-0.35329,0.64798,0.48207,0.47214,0.71066,-0.88929,0.16472,
1403638554327829504,3.68588,10.92937,2.29320,-0.34615,0.65254,0.48733,0.46570,0.68539,-0.90776,0.12086,
1403638554427829504,3.75653,10.84531,2.30794,-0.34227,0.65515,0.49027,0.46182,0.66448,-0.88536,0.10531,
1403638554527829504,3.82323,10.76207,2.31975,-0.34059,0.65602,0.49169,0.46030,0.64235,-0.85934,0.07438,
1403638554627829504,3.88765,10.68019,2.32969,-0.34327,0.65796,0.49037,0.45695,0.62496,-0.84332,0.09275,
1403638554727829504,3.95185,10.59448,2.34113,-0.34897,0.65884,0.48665,0.45533,0.61457,-0.86651,0.12910,
1403638554827829504,4.01731,10.51311,2.36150,-0.35350,0.65968,0.48413,0.45330,0.63193,-0.83297,0.17776,
1403638554927829504,4.08313,10.42982,2.38203,-0.35697,0.65986,0.48151,0.45311,0.64342,-0.82477,0.18277,
1403638555027829504,4.15371,10.34910,2.40424,-0.35732,0.66166,0.47743,0.45452,0.66618,-0.83700,0.12306,
1403638555127829504,4.22225,10.26562,2.41548,-0.35115,0.66621,0.47263,0.45769,0.68441,-0.85070,0.06647,
1403638555227829504,4.29844,10.18116,2.42690,-0.34520,0.67297,0.46472,0.46042,0.70327,-0.85688,0.01779,
1403638555327829504,4.37550,10.09482,2.42987,-0.33948,0.67821,0.45796,0.46374,0.72405,-0.85671,-0.01147,
1403638555427829504,4.45405,10.00785,2.42914,-0.33202,0.68034,0.45518,0.46874,0.73853,-0.85389,-0.04180,
1403638555527829504,4.53131,9.92148,2.42369,-0.32927,0.68241,0.45161,0.47111,0.74569,-0.85243,-0.07193,
1403638555627829504,4.60578,9.83611,2.41776,-0.32706,0.68345,0.45008,0.47261,0.74164,-0.84371,-0.01324,
1403638555727829504,4.68032,9.75037,2.42060,-0.32746,0.68494,0.44875,0.47144,0.73836,-0.87722,0.08123,
1403638555827829504,4.75514,9.66395,2.43363,-0.32604,0.68528,0.45000,0.47073,0.73722,-0.89295,0.18573,
1403638555927829504,4.82784,9.57716,2.45214,-0.32455,0.68505,0.45152,0.47065,0.74954,-0.86172,0.20140,
1403638556027829504,4.90222,9.49945,2.47808,-0.32355,0.68397,0.45293,0.47154,0.75673,-0.82482,0.25580,
1403638556127829504,4.97596,9.41646,2.50240,-0.32233,0.68589,0.45394,0.46861,0.75351,-0.82133,0.19880,
1403638556227829504,5.05029,9.34175,2.51945,-0.32016,0.69051,0.45513,0.46212,0.75900,-0.79662,0.13043,
1403638556327829504,5.12600,9.26603,2.53315,-0.31920,0.69308,0.45571,0.45834,0.77150,-0.76216,0.10174,
1403638556427829504,5.20180,9.20081,2.54202,-0.31817,0.69507,0.45633,0.45542,0.79028,-0.70873,0.08324,
1403638556527829504,5.28109,9.13471,2.55156,-0.31540,0.69861,0.45760,0.45063,0.81175,-0.65569,0.08472,
1403638556627829504,5.36233,9.07978,2.56011,-0.31974,0.70173,0.45376,0.44658,0.83535,-0.60196,0.09988,
1403638556727829504,5.44665,9.02509,2.57579,-0.32726,0.70135,0.44766,0.44791,0.87669,-0.58843,0.19298,
1403638556827829504,5.53269,8.97568,2.59677,-0.33347,0.69862,0.44304,0.45216,0.92596,-0.56934,0.24569,
1403638556927829504,5.62530,8.92883,2.62444,-0.33810,0.69733,0.43950,0.45416,0.98011,-0.54058,0.29194,
1403638557027829504,5.72283,8.88183,2.65083,-0.33918,0.69607,0.43881,0.45595,1.02310,-0.53171,0.24130,
1403638557127829504,5.82652,8.83682,2.67040,-0.33669,0.69433,0.44108,0.45824,1.05979,-0.52458,0.17025,
1403638557227829504,5.93511,8.78395,2.68368,-0.33572,0.69299,0.44211,0.46000,1.09424,-0.52525,0.10185,
1403638557327829504,6.04373,8.73960,2.69185,-0.33440,0.69224,0.44334,0.46090,1.13238,-0.51714,0.06576,
1403638557427829504,6.15657,8.69165,2.69896,-0.33096,0.69032,0.44618,0.46351,1.15261,-0.51284,0.08877,
1403638557527829504,6.27410,8.64641,2.71255,-0.32527,0.68758,0.45060,0.46733,1.16586,-0.50074,0.17375,
1403638557627829504,6.39119,8.59961,2.73070,-0.32203,0.68540,0.45306,0.47038,1.15701,-0.48575,0.20260,
1403638557727829504,6.50740,8.55602,2.75383,-0.32098,0.68476,0.45376,0.47136,1.14460,-0.46011,0.23827,
1403638557827829504,6.62261,8.51258,2.77527,-0.31905,0.68458,0.45452,0.47221,1.13368,-0.44786,0.17544,
1403638557927829504,6.73600,8.46839,2.79057,-0.31627,0.68493,0.45616,0.47197,1.11868,-0.43502,0.10412,
1403638558027829504,6.84746,8.42447,2.79879,-0.31467,0.68768,0.45711,0.46812,1.09618,-0.41371,0.04108,
1403638558127829504,6.95822,8.38260,2.80109,-0.31263,0.69280,0.45799,0.46101,1.09719,-0.39444,0.00377,
1403638558227829504,7.06858,8.34518,2.80465,-0.30963,0.69914,0.45919,0.45219,1.09950,-0.34549,0.06046,
1403638558327829504,7.18081,8.31521,2.81578,-0.30545,0.70089,0.46156,0.44991,1.12326,-0.24680,0.15192,
1403638558427829504,7.29315,8.29180,2.83776,-0.29927,0.70338,0.46515,0.44646,1.12016,-0.20001,0.24428,
1403638558527829504,7.40653,8.27656,2.86667,-0.29576,0.70672,0.46665,0.44194,1.12641,-0.10711,0.31672,
1403638558627829504,7.52203,8.27151,2.90129,-0.30051,0.70813,0.46260,0.44074,1.16069,-0.00601,0.39202,
1403638558727829504,7.63980,8.27783,2.93813,-0.31086,0.70882,0.45464,0.44073,1.19350,0.07771,0.38944,
1403638558827829504,7.76003,8.29066,2.96935,-0.31629,0.70840,0.45019,0.44210,1.22717,0.12233,0.30727,
1403638558927829504,7.88381,8.30768,2.99287,-0.31707,0.70530,0.44946,0.44722,1.26660,0.16086,0.23837,
1403638559027829504,8.01047,8.32830,3.00985,-0.31771,0.70011,0.44933,0.45498,1.28641,0.19482,0.15735,
1403638559127829504,8.13772,8.35226,3.02026,-0.31877,0.69626,0.44905,0.46040,1.29476,0.22277,0.08209,
1403638559227829504,8.26695,8.37524,3.02560,-0.31782,0.69287,0.45064,0.46459,1.29608,0.23358,0.02504,
1403638559327829504,8.39649,8.39949,3.02555,-0.31613,0.69043,0.45274,0.46733,1.28881,0.24513,-0.03621,
1403638559427829504,8.52417,8.42392,3.02035,-0.31208,0.68770,0.45644,0.47046,1.25526,0.24709,-0.08917,
1403638559527829504,8.64965,8.44971,3.00959,-0.31077,0.68577,0.45796,0.47267,1.23131,0.26560,-0.14315,
1403638559627829504,8.77184,8.47849,2.99313,-0.31117,0.68400,0.45865,0.47430,1.20534,0.28500,-0.18146,
1403638559727829504,8.89137,8.50907,2.97633,-0.31158,0.68302,0.45934,0.47477,1.15743,0.29425,-0.14567,
1403638559827829504,9.00552,8.54301,2.96363,-0.31278,0.68358,0.45939,0.47312,1.12522,0.32745,-0.09052,
1403638559927829504,9.11767,8.57714,2.95739,-0.31297,0.68468,0.45685,0.47386,1.10826,0.34129,-0.07576,
1403638560027829504,9.22752,8.61361,2.94470,-0.30987,0.69059,0.44741,0.47632,1.09408,0.33851,-0.14759,
1403638560127829504,9.33622,8.64871,2.92506,-0.30247,0.69970,0.43172,0.48223,1.08208,0.33669,-0.22413,
1403638560227829504,9.44530,8.68343,2.90121,-0.29083,0.71052,0.41215,0.49063,1.08272,0.34094,-0.25839,
1403638560327829504,9.55194,8.71603,2.87520,-0.27895,0.71979,0.38925,0.50257,1.06243,0.32639,-0.27251,
1403638560427829504,9.65641,8.74625,2.84671,-0.26711,0.72815,0.36453,0.51533,1.02700,0.30357,-0.30345,
1403638560527829504,9.75776,8.77262,2.81406,-0.25455,0.73653,0.33900,0.52707,0.99005,0.26285,-0.34411,
1403638560627829504,9.85627,8.79498,2.77683,-0.24441,0.74710,0.31110,0.53416,0.95584,0.21222,-0.39971,
1403638560727829504,9.95307,8.81247,2.73968,-0.23726,0.75755,0.28361,0.53795,0.93134,0.16605,-0.35738,
1403638560827829504,10.04774,8.82166,2.70875,-0.22699,0.76505,0.26068,0.54334,0.90100,0.06821,-0.27513,
1403638560927829504,10.14205,8.82464,2.68488,-0.21680,0.77088,0.23812,0.54958,0.90234,-0.00468,-0.20527,
1403638561027829504,10.23551,8.82077,2.66870,-0.20392,0.77347,0.21846,0.55896,0.89012,-0.08966,-0.11376,
1403638561127829504,10.32517,8.80823,2.65965,-0.19232,0.77602,0.19929,0.56664,0.83856,-0.17933,-0.06464,
1403638561227829504,10.41207,8.78855,2.65712,-0.18322,0.77721,0.18390,0.57320,0.79871,-0.25221,0.01680,
1403638561327829504,10.49275,8.76200,2.66115,-0.17684,0.77883,0.17409,0.57606,0.74374,-0.33325,0.03069,
1403638561427829504,10.56464,8.72387,2.66277,-0.16486,0.78490,0.17443,0.57125,0.70000,-0.40097,-0.01911,
1403638561527829504,10.63451,8.68479,2.65991,-0.15213,0.78947,0.17929,0.56696,0.66713,-0.42829,-0.07315,
1403638561627829504,10.69797,8.64178,2.65208,-0.14511,0.79231,0.18280,0.56371,0.63862,-0.44462,-0.12803,
1403638561727829504,10.75430,8.59723,2.63956,-0.14322,0.79328,0.18477,0.56218,0.60009,-0.44990,-0.16982,
1403638561827829504,10.80613,8.55140,2.62231,-0.14147,0.79288,0.18622,0.56271,0.56698,-0.46699,-0.22019,
1403638561927829504,10.85892,8.50332,2.59722,-0.13709,0.79284,0.18495,0.56427,0.53925,-0.47792,-0.27609,
1403638562027829504,10.90583,8.45606,2.57286,-0.13120,0.79440,0.17714,0.56599,0.51286,-0.48665,-0.24174,
1403638562127829504,10.94858,8.40685,2.55505,-0.12336,0.79651,0.16707,0.56783,0.44471,-0.50759,-0.16942,
1403638562227829504,10.99132,8.35791,2.54278,-0.11612,0.79794,0.15881,0.56973,0.42865,-0.47837,-0.11911,
1403638562327829504,11.03022,8.30789,2.53536,-0.10998,0.79910,0.14898,0.57198,0.38781,-0.48573,-0.05211,
1403638562427829504,11.06554,8.25489,2.53181,-0.10312,0.80044,0.13520,0.57479,0.35924,-0.49767,-0.02451,
1403638562527829504,11.10010,8.20074,2.53413,-0.09423,0.80336,0.11753,0.57612,0.36349,-0.50477,0.06149,
1403638562627829504,11.13373,8.14680,2.54328,-0.08561,0.80537,0.09512,0.57880,0.33921,-0.52766,0.10383,
1403638562727829504,11.16485,8.09107,2.55560,-0.07671,0.80781,0.07025,0.58019,0.32721,-0.55677,0.11451,
1403638562827829504,11.19223,8.03249,2.56605,-0.06537,0.80950,0.04462,0.58176,0.28339,-0.60046,0.07241,
1403638562927829504,11.21491,7.97051,2.57108,-0.05163,0.81085,0.02060,0.58261,0.24964,-0.64126,0.01480,
1403638563027829504,11.23191,7.90470,2.56964,-0.03943,0.81094,-0.00244,0.58380,0.21188,-0.67435,-0.04143,
1403638563127829504,11.24391,7.83467,2.56317,-0.03231,0.81114,-0.02660,0.58335,0.16731,-0.72701,-0.08467,
1403638563227829504,11.24868,7.76023,2.55212,-0.01891,0.80926,-0.04264,0.58559,0.11988,-0.77255,-0.12989,
1403638563327829504,11.24827,7.68270,2.53677,-0.00890,0.80460,-0.05371,0.59131,0.06122,-0.81342,-0.16552,
1403638563427829504,11.24385,7.60044,2.51800,-0.00497,0.79596,-0.06206,0.60213,-0.01509,-0.84594,-0.22718,
1403638563527829504,11.23332,7.51335,2.49425,-0.00142,0.79377,-0.06472,0.60476,-0.11301,-0.89881,-0.23618,
1403638563627829504,11.21472,7.42131,2.47451,0.00220,0.79647,-0.06404,0.60128,-0.19897,-0.93650,-0.16447,
1403638563727829504,11.18949,7.32402,2.46132,-0.00029,0.79938,-0.06474,0.59733,-0.27720,-0.98405,-0.10658,
1403638563827829504,11.15794,7.22195,2.45546,-0.00399,0.80077,-0.06487,0.59544,-0.33640,-1.03141,-0.00614,
1403638563927829504,11.12004,7.11661,2.45935,-0.00724,0.80018,-0.06374,0.59633,-0.39209,-1.08548,0.05138,
1403638564027829504,11.07700,7.00484,2.46578,-0.01103,0.79981,-0.06162,0.59699,-0.46589,-1.13399,0.02074,
1403638564127829504,11.02751,6.88822,2.46625,-0.01437,0.79968,-0.05829,0.59741,-0.52227,-1.18966,-0.02902,
1403638564227829504,10.97221,6.76639,2.46269,-0.01477,0.79897,-0.05287,0.59886,-0.58098,-1.24949,-0.05395,
1403638564327829504,10.91057,6.64061,2.46259,-0.01272,0.79794,-0.04663,0.60079,-0.63664,-1.28605,0.01168,
1403638564427829504,10.84201,6.51091,2.46747,-0.01303,0.79595,-0.04270,0.60371,-0.70615,-1.33666,0.07829,
1403638564527829504,10.76554,6.38134,2.48210,-0.01404,0.79601,-0.04049,0.60377,-0.80149,-1.37015,0.11904,
1403638564627829504,10.68192,6.24295,2.49465,-0.01828,0.79812,-0.04123,0.60081,-0.86464,-1.40601,0.09005,
1403638564727829504,10.59018,6.10318,2.50589,-0.02320,0.79948,-0.04438,0.59860,-0.93241,-1.44967,0.03508,
1403638564827829504,10.49364,5.95664,2.50716,-0.02604,0.79962,-0.04741,0.59806,-0.97914,-1.49740,-0.04065,
1403638564927829504,10.39220,5.80725,2.49989,-0.02813,0.79879,-0.04972,0.59889,-1.02996,-1.54460,-0.21966,
1403638565027829504,10.28541,5.64912,2.46936,-0.02945,0.79872,-0.05062,0.59884,-1.08070,-1.59765,-0.38539,
1403638565127829504,10.17558,5.48741,2.42817,-0.03030,0.79943,-0.05120,0.59780,-1.10009,-1.65120,-0.53434,
1403638565227829504,10.06234,5.32381,2.37422,-0.02978,0.80033,-0.05089,0.59666,-1.13481,-1.70528,-0.60281,
1403638565327829504,9.94617,5.15125,2.31780,-0.02745,0.80134,-0.04997,0.59549,-1.16857,-1.75952,-0.61540,
1403638565427829504,9.82718,4.98046,2.25830,-0.02503,0.80231,-0.04875,0.59438,-1.21233,-1.80271,-0.61328,
1403638565527829504,9.70319,4.79598,2.20295,-0.01950,0.80034,-0.04697,0.59739,-1.23773,-1.85400,-0.53743,
1403638565627829504,9.57717,4.61107,2.15501,-0.01096,0.79885,-0.04352,0.59986,-1.29173,-1.87890,-0.44926,
1403638565727829504,9.44786,4.42164,2.11500,0.00109,0.80004,-0.03714,0.59879,-1.31983,-1.87438,-0.37929,
1403638565827829504,9.31325,4.23011,2.08117,0.00719,0.80305,-0.03443,0.59488,-1.38493,-1.86115,-0.30912,
1403638565927829504,9.17213,4.04144,2.05333,0.01306,0.80544,-0.03227,0.59165,-1.42091,-1.83540,-0.25649,
1403638566027829504,9.02723,3.85957,2.02304,0.01377,0.80664,-0.03324,0.58995,-1.44035,-1.79246,-0.31934,
1403638566127829504,8.87961,3.68033,1.98543,0.01410,0.80684,-0.03356,0.58965,-1.45421,-1.75417,-0.40582,
1403638566227829504,8.73037,3.50536,1.93850,0.01437,0.80661,-0.03335,0.58996,-1.49109,-1.72215,-0.48353,
1403638566327829504,8.58173,3.33360,1.88508,0.01373,0.80770,-0.03325,0.58850,-1.48811,-1.68770,-0.56008,
1403638566427829504,8.43316,3.16506,1.82581,0.01333,0.80763,-0.03196,0.58867,-1.48023,-1.65779,-0.62526,
1403638566527829504,8.28665,3.00208,1.76005,0.01138,0.80800,-0.03123,0.58824,-1.47769,-1.62836,-0.67390,
1403638566627829504,8.14077,2.84274,1.68692,0.00957,0.81466,-0.03006,0.57908,-1.48304,-1.59394,-0.76736,
1403638566727829504,8.00016,2.69461,1.60597,0.00861,0.82701,-0.02922,0.56136,-1.43291,-1.55500,-0.80753,
1403638566827829504,7.86722,2.54766,1.52176,0.00906,0.83672,-0.02624,0.54692,-1.36021,-1.51630,-0.83849,
1403638566927829504,7.74182,2.40313,1.43470,0.00879,0.84296,-0.02387,0.53737,-1.26802,-1.48527,-0.87213,
1403638567027829504,7.62441,2.26332,1.34593,0.00771,0.84285,-0.02283,0.53761,-1.16454,-1.45170,-0.85861,
1403638567127829504,7.51854,2.12330,1.25981,0.00936,0.83050,-0.02049,0.55656,-1.08364,-1.41735,-0.88181,
1403638567227829504,7.41778,1.98673,1.16888,0.01106,0.81938,-0.01905,0.57283,-1.03685,-1.38654,-0.92791,
1403638567327829504,7.31587,1.84955,1.07249,0.01419,0.81391,-0.01777,0.58054,-1.02959,-1.34705,-0.99198,
1403638567427829504,7.21629,1.71816,0.97655,0.01654,0.81365,-0.01797,0.58085,-1.03751,-1.31125,-0.93010,
1403638567527829504,7.10976,1.58838,0.88440,0.01830,0.81631,-0.01911,0.57700,-1.04051,-1.26924,-0.89035,
1403638567627829504,7.00371,1.46436,0.80218,0.02062,0.82022,-0.02020,0.57132,-1.02212,-1.23066,-0.79598,
1403638567727829504,6.89659,1.33898,0.72944,0.02318,0.82346,-0.02066,0.56652,-0.99816,-1.17223,-0.69206,
1403638567827829504,6.79442,1.22024,0.66574,0.02503,0.82756,-0.02084,0.56044,-0.96150,-1.12102,-0.61020,
1403638567927829504,6.70045,1.10870,0.60970,0.02262,0.82916,-0.02337,0.55806,-0.88668,-1.07516,-0.55190,
1403638568027829504,6.61288,1.00146,0.56148,0.02367,0.82989,-0.02328,0.55693,-0.82210,-1.03172,-0.47891,
1403638568127829504,6.52891,0.89812,0.52417,0.02629,0.82904,-0.02162,0.55815,-0.78807,-0.98363,-0.39139,
1403638568227829504,6.44913,0.80219,0.49610,0.02829,0.82835,-0.02037,0.55913,-0.75689,-0.93356,-0.30806,
1403638568327829504,6.37547,0.71360,0.46682,0.02927,0.82841,-0.02056,0.55897,-0.71328,-0.88122,-0.30405,
1403638568427829504,6.29924,0.62808,0.43898,0.02926,0.82960,-0.02077,0.55720,-0.68169,-0.83114,-0.35380,
1403638568527829504,6.23068,0.54887,0.40089,0.03022,0.83025,-0.02048,0.55620,-0.63898,-0.77562,-0.38404,
1403638568627829504,6.15900,0.47297,0.36500,0.03071,0.83171,-0.01996,0.55400,-0.59376,-0.72047,-0.40262,
1403638568727829504,6.09855,0.40271,0.32295,0.03246,0.83297,-0.01847,0.55206,-0.54769,-0.66526,-0.38557,
1403638568827829504,6.03284,0.33448,0.29229,0.03035,0.83278,-0.01930,0.55243,-0.52294,-0.61032,-0.29016,
1403638568927829504,5.98415,0.27516,0.26459,0.03139,0.83270,-0.01883,0.55252,-0.44732,-0.55660,-0.20572,
1403638569027829504,5.92984,0.21835,0.24901,0.03124,0.83176,-0.01870,0.55394,-0.40153,-0.51359,-0.12813,
1403638569127829504,5.88898,0.16943,0.23577,0.03294,0.83180,-0.01763,0.55382,-0.35405,-0.46401,-0.06952,
1403638569227829504,5.85177,0.12454,0.22823,0.03501,0.83328,-0.01676,0.55149,-0.32013,-0.40352,-0.06482,
1403638569327829504,5.81183,0.08260,0.22198,0.03593,0.83394,-0.01640,0.55044,-0.28857,-0.35189,-0.11027,
1403638569427829504,5.78714,0.05045,0.20770,0.03697,0.83300,-0.01597,0.55181,-0.22552,-0.30017,-0.16044,
1403638569527829504,5.76134,0.01956,0.19168,0.03684,0.83183,-0.01562,0.55359,-0.18649,-0.25756,-0.19140,
1403638569627829504,5.74639,-0.00192,0.17428,0.03640,0.83047,-0.01628,0.55564,-0.14639,-0.19771,-0.14733,
1403638569727829504,5.73555,-0.01576,0.16463,0.03734,0.82956,-0.01596,0.55694,-0.11148,-0.13644,-0.08975,
1403638569827829504,5.72774,-0.02523,0.16121,0.03733,0.82894,-0.01554,0.55787,-0.09278,-0.07847,-0.01296,
1403638569927829504,5.72386,-0.02862,0.16340,0.03851,0.82713,-0.01489,0.56049,-0.06145,-0.02532,0.01801,
1403638570027829504,5.72368,-0.02572,0.16694,0.03641,0.82597,-0.01615,0.56231,-0.03371,0.02234,-0.01430,
1403638570127829504,5.72171,-0.02016,0.16696,0.03279,0.82614,-0.01847,0.56220,-0.01285,0.07071,-0.08196,
1403638570227829504,5.72383,-0.01110,0.15849,0.02672,0.82571,-0.02184,0.56304,0.00009,0.10053,-0.13757,
1403638570327829504,5.72743,0.00175,0.14545,0.01801,0.82543,-0.02823,0.56351,0.02420,0.11038,-0.17739,
1403638570427829504,5.73150,0.01480,0.12698,0.01447,0.82511,-0.03841,0.56348,0.03983,0.09823,-0.23834,
1403638570527829504,5.73681,0.02575,0.10277,0.00834,0.82387,-0.06056,0.56348,0.05213,0.05449,-0.29219,
1403638570627829504,5.74136,0.02812,0.07297,0.00433,0.82028,-0.08981,0.56486,0.04874,-0.02389,-0.34715,
1403638570727829504,5.74379,0.02078,0.03839,0.00991,0.81239,-0.11751,0.57106,0.04913,-0.12316,-0.36213,
1403638570827829504,5.74370,0.00308,0.00277,0.01937,0.79996,-0.14468,0.58203,-0.00139,-0.22984,-0.37907,
1403638570927829504,5.73733,-0.02547,-0.03679,0.03346,0.79017,-0.16753,0.58860,-0.08771,-0.34404,-0.40172,
1403638571027829504,5.72413,-0.06406,-0.07902,0.04857,0.78350,-0.18843,0.59014,-0.16790,-0.44174,-0.43337,
1403638571127829504,5.70224,-0.11291,-0.12455,0.06869,0.78470,-0.20411,0.58127,-0.26001,-0.52806,-0.41638,
1403638571227829504,5.67101,-0.16831,-0.16158,0.09018,0.78716,-0.21255,0.57191,-0.32292,-0.60883,-0.31708,
1403638571327829504,5.63206,-0.22918,-0.18777,0.10857,0.78758,-0.21722,0.56635,-0.37712,-0.64432,-0.22462,
1403638571427829504,5.58746,-0.29447,-0.20480,0.11643,0.78543,-0.22307,0.56549,-0.42534,-0.67474,-0.12853,
1403638571527829504,5.53900,-0.36360,-0.21391,0.12227,0.78238,-0.22621,0.56724,-0.47366,-0.70174,-0.09171,
1403638571627829504,5.48722,-0.43626,-0.22410,0.12871,0.78111,-0.23291,0.56485,-0.52003,-0.72591,-0.14771,
1403638571727829504,5.43199,-0.51137,-0.23940,0.13560,0.78105,-0.24448,0.55839,-0.56053,-0.75493,-0.20957,
1403638571827829504,5.37309,-0.58922,-0.26042,0.14376,0.77958,-0.25991,0.55139,-0.58499,-0.78443,-0.24839,
1403638571927829504,5.31192,-0.67035,-0.28224,0.15102,0.77469,-0.27937,0.54681,-0.60561,-0.82746,-0.21741,
1403638572027829504,5.24782,-0.75542,-0.29765,0.15985,0.76814,-0.29899,0.54316,-0.64715,-0.87353,-0.12856,
1403638572127829504,5.18012,-0.84417,-0.30385,0.17077,0.76071,-0.31696,0.54008,-0.69074,-0.91202,-0.04425,
1403638572227829504,5.10832,-0.93644,-0.30208,0.18731,0.75514,-0.33177,0.53348,-0.73227,-0.92777,0.00226,
1403638572327829504,5.03607,-1.03245,-0.29973,0.20057,0.75089,-0.34957,0.52319,-0.74555,-0.96559,-0.03098,
1403638572427829504,4.96380,-1.13313,-0.30113,0.21409,0.74613,-0.36640,0.51304,-0.73865,-1.00250,-0.05931,
1403638572527829504,4.89155,-1.23610,-0.30594,0.22670,0.74262,-0.37717,0.50484,-0.71902,-1.03854,-0.06625,
1403638572627829504,4.82142,-1.34214,-0.31076,0.23520,0.73939,-0.38391,0.50060,-0.69786,-1.06088,-0.05491,
1403638572727829504,4.75226,-1.45115,-0.31034,0.24233,0.73900,-0.38659,0.49568,-0.67064,-1.11017,0.04046,
1403638572827829504,4.68599,-1.56499,-0.30126,0.24799,0.74115,-0.38578,0.49027,-0.63709,-1.13370,0.12394,
1403638572927829504,4.62361,-1.68149,-0.28486,0.24926,0.74302,-0.38529,0.48717,-0.57923,-1.16520,0.17532,
1403638573027829504,4.56573,-1.80073,-0.26773,0.24954,0.74552,-0.38409,0.48416,-0.53435,-1.18741,0.14885,
1403638573127829504,4.51211,-1.92236,-0.25670,0.24813,0.74775,-0.38245,0.48273,-0.48590,-1.21306,0.08154,
1403638573227829504,4.46298,-2.04558,-0.25023,0.24639,0.74870,-0.38069,0.48355,-0.43687,-1.23458,0.06811,
1403638573327829504,4.42069,-2.17210,-0.24386,0.24482,0.74977,-0.37860,0.48432,-0.38436,-1.26887,0.08320,
1403638573427829504,4.37856,-2.30169,-0.23543,0.24564,0.75081,-0.37896,0.48202,-0.34775,-1.28820,0.10661,
1403638573527829504,4.34691,-2.43356,-0.22086,0.24864,0.75066,-0.37896,0.48071,-0.27532,-1.32801,0.19625,
1403638573627829504,4.31585,-2.56931,-0.19800,0.24970,0.75029,-0.37928,0.48049,-0.22606,-1.34815,0.27109,
1403638573727829504,4.29113,-2.70461,-0.17000,0.25393,0.74959,-0.38116,0.47786,-0.16901,-1.37185,0.29908,
1403638573827829504,4.27315,-2.84352,-0.13921,0.26466,0.74247,-0.38522,0.47989,-0.12825,-1.37231,0.28483,
1403638573927829504,4.26195,-2.98115,-0.11191,0.27888,0.73000,-0.39403,0.48380,-0.07385,-1.37673,0.23927,
1403638574027829504,4.25544,-3.11706,-0.09098,0.28670,0.71179,-0.41234,0.49105,-0.06072,-1.34350,0.17106,
1403638574127829504,4.24813,-3.25071,-0.07541,0.29246,0.69036,-0.43535,0.49834,-0.07876,-1.31572,0.11286,
1403638574227829504,4.23914,-3.38137,-0.06362,0.29989,0.66934,-0.45903,0.50134,-0.13074,-1.28175,0.09190,
1403638574327829504,4.22466,-3.50785,-0.05532,0.31072,0.65370,-0.48033,0.49539,-0.18866,-1.24747,0.04829,
1403638574427829504,4.20304,-3.63027,-0.04950,0.32477,0.64185,-0.49875,0.48354,-0.24833,-1.21081,0.01921,
1403638574527829504,4.17700,-3.75112,-0.04728,0.33658,0.63062,-0.51592,0.47208,-0.30275,-1.17642,0.05815,
1403638574627829504,4.14852,-3.87187,-0.04000,0.34732,0.62104,-0.52668,0.46506,-0.34403,-1.16318,0.13294,
1403638574727829504,4.11587,-3.99118,-0.02636,0.35952,0.61811,-0.53093,0.45476,-0.35423,-1.13290,0.18172,
1403638574827829504,4.08466,-4.10739,-0.00833,0.36620,0.62010,-0.53392,0.44306,-0.34932,-1.11373,0.21461,
1403638574927829504,4.05346,-4.22136,0.00767,0.36492,0.62229,-0.53876,0.43512,-0.34021,-1.10427,0.16751,
1403638575027829504,4.02185,-4.33554,0.01815,0.36086,0.62314,-0.54259,0.43252,-0.32977,-1.10026,0.09373,
1403638575127829504,3.98849,-4.44627,0.02261,0.35344,0.62073,-0.54722,0.43626,-0.33900,-1.10055,0.04045,
1403638575227829504,3.95319,-4.55836,0.02199,0.34902,0.61863,-0.54899,0.44056,-0.36268,-1.11132,-0.00129,
1403638575327829504,3.91501,-4.67086,0.01962,0.34547,0.61927,-0.54950,0.44183,-0.40125,-1.11780,-0.04789,
1403638575427829504,3.87326,-4.78715,0.01024,0.34198,0.62441,-0.54904,0.43786,-0.42239,-1.13383,-0.09313,
1403638575527829504,3.82990,-4.90228,-0.00034,0.34052,0.62918,-0.54692,0.43482,-0.44466,-1.15738,-0.08790,
1403638575627829504,3.78527,-5.02650,-0.00947,0.34267,0.63590,-0.54240,0.42897,-0.45757,-1.20602,-0.03462,
1403638575727829504,3.74005,-5.15133,-0.00973,0.34521,0.64210,-0.53788,0.42335,-0.45718,-1.23955,0.05269,
1403638575827829504,3.69445,-5.27917,-0.00133,0.34601,0.64789,-0.53539,0.41698,-0.42659,-1.28131,0.13916,
1403638575927829504,3.65269,-5.41263,0.01647,0.34505,0.64962,-0.53442,0.41633,-0.38656,-1.34093,0.22981,
1403638576027829504,3.61524,-5.54928,0.04412,0.34523,0.64989,-0.53333,0.41717,-0.35008,-1.37189,0.31738,
1403638576127829504,3.58098,-5.69037,0.07710,0.34604,0.64951,-0.53279,0.41776,-0.32201,-1.41053,0.37160,
1403638576227829504,3.54982,-5.83836,0.11181,0.34850,0.64857,-0.53119,0.41922,-0.29523,-1.45186,0.33312,
1403638576327829504,3.52211,-5.98859,0.14152,0.35327,0.64958,-0.52807,0.41760,-0.25729,-1.49113,0.27890,
1403638576427829504,3.49696,-6.14358,0.16544,0.35658,0.65172,-0.52593,0.41415,-0.21475,-1.52003,0.22206,
1403638576527829504,3.47787,-6.30051,0.18424,0.36198,0.65547,-0.52223,0.40817,-0.16130,-1.55597,0.17730,
1403638576627829504,3.46662,-6.45823,0.19782,0.36565,0.65820,-0.51993,0.40342,-0.08187,-1.57401,0.12510,
1403638576727829504,3.46500,-6.61865,0.20693,0.36899,0.65738,-0.51757,0.40475,0.01076,-1.60113,0.09644,
1403638576827829504,3.47116,-6.78100,0.21154,0.37395,0.65324,-0.51419,0.41116,0.09208,-1.60592,0.04534,
1403638576927829504,3.48346,-6.94383,0.21257,0.37412,0.64761,-0.51443,0.41952,0.16450,-1.59198,-0.01433,
1403638577027829504,3.50340,-7.10305,0.20933,0.37017,0.64281,-0.51742,0.42667,0.21370,-1.56435,-0.02144,
1403638577127829504,3.52590,-7.25972,0.21101,0.36699,0.63911,-0.52004,0.43177,0.24565,-1.55294,0.04976,
1403638577227829504,3.55164,-7.41387,0.21826,0.36477,0.63746,-0.52182,0.43393,0.27379,-1.53368,0.11287,
1403638577327829504,3.57927,-7.56980,0.23346,0.36864,0.63985,-0.51892,0.43059,0.29939,-1.53280,0.20578,
1403638577427829504,3.60953,-7.72164,0.25631,0.37480,0.64449,-0.51397,0.42426,0.33288,-1.51547,0.25459,
1403638577527829504,3.64636,-7.86876,0.28089,0.37527,0.64513,-0.51334,0.42362,0.40147,-1.49598,0.22876,
1403638577627829504,3.68667,-8.01179,0.30080,0.37247,0.64426,-0.51521,0.42514,0.43772,-1.45334,0.16213,
1403638577727829504,3.73224,-8.15121,0.31576,0.37016,0.64403,-0.51668,0.42573,0.47345,-1.43665,0.09984,
1403638577827829504,3.78073,-8.28898,0.32213,0.36779,0.64371,-0.51792,0.42677,0.50584,-1.42257,0.02925,
1403638577927829504,3.83402,-8.42521,0.32363,0.36780,0.64392,-0.51724,0.42726,0.54432,-1.40532,0.01537,
1403638578027829504,3.89145,-8.56130,0.32836,0.36876,0.64417,-0.51584,0.42774,0.59642,-1.39785,0.07287,
1403638578127829504,3.95366,-8.69796,0.33895,0.36627,0.64268,-0.51667,0.43112,0.63162,-1.38275,0.14018,
1403638578227829504,4.01919,-8.83490,0.35603,0.35838,0.63753,-0.52181,0.43912,0.65649,-1.39224,0.21341,
1403638578327829504,4.08438,-8.96946,0.37628,0.35254,0.63408,-0.52581,0.44405,0.64059,-1.38227,0.19764,
1403638578427829504,4.14581,-9.10229,0.39171,0.35248,0.63343,-0.52623,0.44452,0.61207,-1.35955,0.12612,
1403638578527829504,4.20517,-9.23478,0.40009,0.35255,0.63286,-0.52674,0.44468,0.59599,-1.34013,0.06874,
1403638578627829504,4.26288,-9.36381,0.40498,0.35385,0.63193,-0.52662,0.44512,0.57031,-1.31501,0.03955,
1403638578727829504,4.31894,-9.48987,0.40748,0.35791,0.63338,-0.52438,0.44245,0.54464,-1.29120,0.00839,
1403638578827829504,4.37511,-9.61499,0.40691,0.36325,0.63698,-0.52084,0.43706,0.56136,-1.26541,-0.02287,
1403638578927829504,4.43037,-9.73694,0.40587,0.36742,0.63820,-0.51809,0.43506,0.57359,-1.24598,-0.01922,
1403638579027829504,4.48842,-9.85938,0.40833,0.36924,0.63935,-0.51605,0.43427,0.60259,-1.23889,0.06468,
1403638579127829504,4.54891,-9.98075,0.42125,0.36955,0.63968,-0.51507,0.43467,0.63481,-1.24094,0.17308,
1403638579227829504,4.61224,-10.09959,0.43923,0.36937,0.63959,-0.51491,0.43515,0.65435,-1.17913,0.21049,
1403638579327829504,4.67639,-10.21458,0.45981,0.36614,0.63805,-0.51658,0.43815,0.67018,-1.17024,0.22357,
1403638579427829504,4.74328,-10.33005,0.47849,0.35855,0.63350,-0.52178,0.44482,0.66896,-1.15150,0.17235,
1403638579527829504,4.80958,-10.44489,0.49166,0.35359,0.63040,-0.52400,0.45055,0.65792,-1.13292,0.12521,
1403638579627829504,4.87361,-10.55838,0.49979,0.35538,0.62818,-0.51579,0.46158,0.63901,-1.10723,0.07580,
1403638579727829504,4.93560,-10.66838,0.50277,0.35644,0.63405,-0.49952,0.47055,0.62777,-1.05694,0.01855,
1403638579827829504,4.99543,-10.76846,0.50092,0.34981,0.64946,-0.47936,0.47544,0.61737,-0.98682,-0.05238,
1403638579927829504,5.05602,-10.86596,0.49177,0.33527,0.67024,-0.45623,0.47982,0.62591,-0.93990,-0.10053,
1403638580027829504,5.11536,-10.95554,0.47929,0.31876,0.68778,-0.42642,0.49347,0.63367,-0.88190,-0.12025,
1403638580127829504,5.17522,-11.03518,0.46609,0.30188,0.70080,-0.39013,0.51530,0.61907,-0.78128,-0.14453,
1403638580227829504,5.23166,-11.10256,0.44898,0.27832,0.71661,-0.35352,0.53295,0.58795,-0.67400,-0.20323,
1403638580327829504,5.28822,-11.16323,0.42722,0.24940,0.73405,-0.32217,0.54330,0.54488,-0.58712,-0.26634,
1403638580427829504,5.33844,-11.21679,0.40015,0.21927,0.74769,-0.30182,0.54935,0.47712,-0.53862,-0.29867,
1403638580527829504,5.38439,-11.26705,0.36923,0.19818,0.75624,-0.28760,0.55327,0.43360,-0.50475,-0.31336,
1403638580627829504,5.42744,-11.31830,0.33829,0.18213,0.76448,-0.27401,0.55436,0.38764,-0.47989,-0.31667,
1403638580727829504,5.46411,-11.36605,0.30898,0.16845,0.77541,-0.25831,0.55103,0.34782,-0.46705,-0.25285,
1403638580827829504,5.49941,-11.41371,0.28829,0.16144,0.78354,-0.24552,0.54747,0.29897,-0.45710,-0.17324,
1403638580927829504,5.53309,-11.46059,0.27653,0.15749,0.78782,-0.23755,0.54599,0.30298,-0.45719,-0.06048,
1403638581027829504,5.56879,-11.50871,0.27642,0.15344,0.78902,-0.23584,0.54616,0.29132,-0.45875,0.01542,
1403638581127829504,5.60259,-11.55251,0.28385,0.15481,0.78943,-0.23436,0.54581,0.30935,-0.45976,0.08925,
1403638581227829504,5.63357,-11.59507,0.29929,0.15769,0.78960,-0.23399,0.54490,0.29383,-0.44031,0.11634,
1403638581327829504,5.66441,-11.63604,0.31419,0.16184,0.78922,-0.23489,0.54385,0.30166,-0.42710,0.11931,
1403638581427829504,5.69390,-11.67497,0.32929,0.16536,0.78736,-0.23603,0.54499,0.30598,-0.39521,0.14359,
1403638581527829504,5.71980,-11.71145,0.35186,0.16783,0.78607,-0.23831,0.54509,0.30124,-0.37880,0.20972,
1403638581627829504,5.75016,-11.74613,0.37684,0.17189,0.78371,-0.23957,0.54668,0.31181,-0.36413,0.21085,
1403638581727829504,5.78189,-11.77946,0.39755,0.17664,0.77906,-0.23952,0.55181,0.31135,-0.33306,0.14592,
1403638581827829504,5.81283,-11.81022,0.41074,0.17838,0.77741,-0.24086,0.55300,0.30134,-0.29715,0.08122,
1403638581927829504,5.84493,-11.84103,0.41902,0.18157,0.77076,-0.24021,0.56148,0.28794,-0.25948,0.05112,
1403638582027829504,5.87352,-11.86658,0.42416,0.18378,0.76733,-0.23937,0.56581,0.25405,-0.21672,0.03799,
1403638582127829504,5.89808,-11.88621,0.43203,0.18165,0.77365,-0.24157,0.55688,0.23693,-0.16923,0.13088,
1403638582227829504,5.92017,-11.90133,0.45017,0.17873,0.77970,-0.24390,0.54830,0.23207,-0.14490,0.23557,
1403638582327829504,5.94254,-11.91428,0.47984,0.18086,0.77827,-0.24204,0.55046,0.22880,-0.11195,0.36489,
1403638582427829504,5.96435,-11.92643,0.51772,0.18242,0.77589,-0.24036,0.55403,0.21724,-0.08421,0.43200,
1403638582527829504,5.98510,-11.93520,0.56414,0.18331,0.77487,-0.23915,0.55568,0.20352,-0.04602,0.54321,
1403638582627829504,6.00588,-11.94162,0.62019,0.18376,0.77484,-0.23840,0.55589,0.19489,-0.00810,0.62154,
1403638582727829504,6.02549,-11.94446,0.68306,0.18265,0.77750,-0.23907,0.55225,0.19111,0.02099,0.69588,
1403638582827829504,6.04517,-11.94353,0.75156,0.18197,0.77888,-0.23978,0.55022,0.18468,0.05442,0.70141,
1403638582927829504,6.06475,-11.93658,0.81654,0.18166,0.78009,-0.24083,0.54815,0.18785,0.09006,0.62976,
1403638583027829504,6.08193,-11.92387,0.87210,0.18079,0.78269,-0.24253,0.54395,0.17468,0.11472,0.54672,
1403638583127829504,6.09786,-11.90775,0.91888,0.18034,0.78462,-0.24381,0.54075,0.17545,0.14301,0.46648,
1403638583227829504,6.11451,-11.88863,0.95708,0.17944,0.78553,-0.24541,0.53900,0.19524,0.16219,0.40035,
1403638583327829504,6.13097,-11.86740,0.98878,0.17984,0.78535,-0.24535,0.53915,0.20125,0.18199,0.33875,
1403638583427829504,6.14925,-11.84470,1.01504,0.17948,0.78560,-0.24576,0.53872,0.21135,0.19604,0.32044,
1403638583527829504,6.16986,-11.82133,1.04321,0.17911,0.78613,-0.24601,0.53795,0.22771,0.21552,0.37858,
1403638583627829504,6.19223,-11.79661,1.08020,0.17992,0.78599,-0.24563,0.53806,0.23268,0.24002,0.45110,
1403638583727829504,6.21702,-11.76864,1.12158,0.18122,0.78586,-0.24510,0.53807,0.24719,0.26745,0.44874,
1403638583827829504,6.24426,-11.73955,1.15916,0.18185,0.78566,-0.24480,0.53827,0.26435,0.27930,0.37881,
1403638583927829504,6.27369,-11.70978,1.19003,0.18159,0.78485,-0.24508,0.53942,0.27995,0.30321,0.30139,
1403638584027829504,6.30473,-11.67779,1.21342,0.18271,0.78415,-0.24465,0.54026,0.29175,0.32717,0.25165,
1403638584127829504,6.33590,-11.64361,1.23410,0.18722,0.77724,-0.24158,0.54999,0.30124,0.35339,0.21993,
1403638584227829504,6.36720,-11.60737,1.25148,0.19165,0.76763,-0.23806,0.56333,0.29255,0.38416,0.16879,
1403638584327829504,6.39473,-11.56627,1.26075,0.19317,0.76183,-0.23686,0.57114,0.24942,0.44275,0.08969,
1403638584427829504,6.41936,-11.51947,1.26422,0.19312,0.76097,-0.23697,0.57225,0.19962,0.50035,0.02950,
1403638584527829504,6.43711,-11.46797,1.26013,0.19266,0.76050,-0.23732,0.57289,0.15819,0.56040,0.03696,
1403638584627829504,6.44881,-11.41009,1.26161,0.19233,0.76172,-0.23714,0.57145,0.11236,0.61664,0.12188,
1403638584727829504,6.45505,-11.34700,1.26957,0.19010,0.76537,-0.23828,0.56683,0.06413,0.67630,0.17796,
1403638584827829504,6.45641,-11.27932,1.28313,0.18534,0.77336,-0.24139,0.55613,0.03290,0.71712,0.21073,
1403638584927829504,6.45469,-11.20989,1.29852,0.17996,0.77935,-0.24542,0.54773,0.02488,0.72406,0.18894,
1403638585027829504,6.45289,-11.14030,1.30929,0.17805,0.78201,-0.24660,0.54401,0.03255,0.72425,0.11810,
1403638585127829504,6.45081,-11.07113,1.31411,0.17656,0.78212,-0.24766,0.54385,0.02638,0.72910,0.05135,
1403638585227829504,6.44780,-11.00134,1.31468,0.17626,0.78097,-0.24773,0.54557,0.02408,0.72215,0.00852,
1403638585327829504,6.44552,-10.93062,1.31106,0.17722,0.77859,-0.24653,0.54919,0.01605,0.72846,-0.04393,
1403638585427829504,6.44143,-10.85902,1.30280,0.17683,0.77799,-0.24616,0.55033,0.00139,0.72468,-0.07602,
1403638585527829504,6.43738,-10.78709,1.29706,0.17686,0.77896,-0.24592,0.54906,0.02346,0.72203,0.00387,
1403638585627829504,6.43764,-10.71380,1.30008,0.17601,0.78092,-0.24609,0.54646,0.01392,0.71078,0.08140,
1403638585727829504,6.43662,-10.64014,1.31067,0.17460,0.78481,-0.24705,0.54088,0.02243,0.71950,0.14688,
1403638585827829504,6.43855,-10.56582,1.33085,0.17176,0.78939,-0.24926,0.53406,0.07300,0.68860,0.23185,
1403638585927829504,6.44557,-10.49038,1.35767,0.16876,0.79162,-0.25201,0.53042,0.10047,0.67867,0.30945,
1403638586027829504,6.45436,-10.41290,1.39157,0.16921,0.78875,-0.25253,0.53429,0.12871,0.65967,0.33574,
1403638586127829504,6.46481,-10.33585,1.42132,0.17178,0.78485,-0.25237,0.53927,0.13546,0.66160,0.27082,
1403638586227829504,6.47370,-10.25680,1.44399,0.17387,0.78232,-0.25137,0.54273,0.12726,0.66442,0.21304,
1403638586327829504,6.48227,-10.17978,1.46150,0.17743,0.77895,-0.24965,0.54720,0.11247,0.67183,0.15921,
1403638586427829504,6.48981,-10.10470,1.47382,0.18531,0.77626,-0.24482,0.55059,0.10373,0.68893,0.11505,
1403638586527829504,6.49640,-10.02941,1.48160,0.19199,0.77522,-0.24067,0.55159,0.09120,0.72654,0.05784,
1403638586627829504,6.50345,-9.95189,1.48301,0.18950,0.77572,-0.24256,0.55092,0.08125,0.75901,-0.00980,
1403638586727829504,6.51218,-9.87132,1.47913,0.18609,0.77567,-0.24520,0.55099,0.08275,0.78590,-0.07147,
1403638586827829504,6.52186,-9.78843,1.46948,0.18311,0.77480,-0.24724,0.55230,0.08009,0.80989,-0.12579,
1403638586927829504,6.53218,-9.70413,1.45519,0.18322,0.77419,-0.24689,0.55327,0.06197,0.82900,-0.18013,
1403638587027829504,6.54174,-9.61883,1.43678,0.18256,0.77407,-0.24720,0.55352,0.05959,0.84470,-0.20217,
1403638587127829504,6.55112,-9.53102,1.42080,0.18198,0.77433,-0.24785,0.55305,0.06540,0.85326,-0.14704,
1403638587227829504,6.55954,-9.44211,1.41368,0.18188,0.77672,-0.24734,0.54995,0.05843,0.87696,-0.03495,
1403638587327829504,6.56446,-9.35584,1.41111,0.18144,0.77833,-0.24787,0.54758,0.05106,0.88787,0.02375,
1403638587427829504,6.57208,-9.26511,1.41535,0.18014,0.77907,-0.24885,0.54651,0.05010,0.89315,0.04734,
1403638587527829504,6.57728,-9.17567,1.41859,0.17885,0.77879,-0.24988,0.54686,0.05200,0.89636,0.00998,
1403638587627829504,6.58533,-9.08466,1.41673,0.17800,0.77887,-0.25108,0.54648,0.05752,0.89136,-0.04975,
1403638587727829504,6.58992,-8.99649,1.40900,0.17824,0.77871,-0.25109,0.54662,0.05367,0.88932,-0.10009,
1403638587827829504,6.59664,-8.90643,1.39809,0.17754,0.77833,-0.25223,0.54686,0.05822,0.88626,-0.14008,
1403638587927829504,6.60143,-8.81856,1.38065,0.17719,0.77792,-0.25276,0.54732,0.04917,0.87870,-0.17933,
1403638588027829504,6.60718,-8.73000,1.36193,0.17701,0.77741,-0.25277,0.54810,0.04773,0.87414,-0.20403,
1403638588127829504,6.61129,-8.64522,1.33649,0.18025,0.77777,-0.25056,0.54755,0.03740,0.86054,-0.24289,
1403638588227829504,6.61325,-8.55725,1.31050,0.18651,0.77885,-0.24580,0.54607,0.02955,0.88766,-0.25329,
1403638588327829504,6.61630,-8.46732,1.28791,0.18726,0.77944,-0.24495,0.54535,0.05405,0.90051,-0.18236,
1403638588427829504,6.62020,-8.37284,1.27268,0.18707,0.77940,-0.24474,0.54557,0.06415,0.91892,-0.10096,
1403638588527829504,6.62526,-8.27856,1.26505,0.18494,0.77904,-0.24623,0.54613,0.04252,0.95426,-0.02627,
1403638588627829504,6.63037,-8.18300,1.26517,0.18267,0.77843,-0.24727,0.54730,0.02908,0.97949,0.04971,
1403638588727829504,6.63239,-8.08583,1.27445,0.18004,0.77668,-0.24915,0.54979,0.02166,0.99350,0.09804,
1403638588827829504,6.63405,-7.98659,1.28398,0.17925,0.77605,-0.24974,0.55068,0.01312,0.99459,0.05242,
1403638588927829504,6.63730,-7.89123,1.28756,0.17797,0.77578,-0.25123,0.55079,0.00597,0.98850,-0.01059,
1403638589027829504,6.63684,-7.79335,1.28442,0.17782,0.77579,-0.25176,0.55059,-0.00693,0.98888,-0.08839,
1403638589127829504,6.63738,-7.69408,1.27423,0.17928,0.77600,-0.25132,0.55002,-0.00643,0.98724,-0.13628,
1403638589227829504,6.63685,-7.59633,1.26118,0.17932,0.77577,-0.25109,0.55043,-0.01399,0.98652,-0.17451,
1403638589327829504,6.63596,-7.49670,1.24294,0.17955,0.77502,-0.25131,0.55132,-0.01815,0.97854,-0.18945,
1403638589427829504,6.63303,-7.39885,1.22817,0.17891,0.77514,-0.25142,0.55131,-0.04327,0.99180,-0.15176,
1403638589527829504,6.63153,-7.29798,1.21757,0.17876,0.77547,-0.25150,0.55086,-0.05088,0.99138,-0.08632,
1403638589627829504,6.62874,-7.19949,1.21630,0.17916,0.77538,-0.25112,0.55102,-0.04605,0.99655,-0.00315,
1403638589727829504,6.62334,-7.10325,1.22197,0.17840,0.77706,-0.25193,0.54852,-0.05351,0.98814,0.07724,
1403638589827829504,6.61866,-7.00825,1.23299,0.17802,0.77799,-0.25270,0.54697,-0.06908,0.97791,0.05926,
1403638589927829504,6.61294,-6.90953,1.23673,0.17920,0.77843,-0.25284,0.54590,-0.06209,0.97930,0.00013,
1403638590027829504,6.60529,-6.81411,1.23667,0.17825,0.77803,-0.25414,0.54617,-0.06791,0.97719,-0.04751,
1403638590127829504,6.59800,-6.71793,1.23049,0.17891,0.77748,-0.25439,0.54663,-0.06345,0.96566,-0.08829,
1403638590227829504,6.59111,-6.62318,1.21897,0.17931,0.77663,-0.25460,0.54760,-0.06649,0.95683,-0.13823,
1403638590327829504,6.58245,-6.53156,1.20658,0.17937,0.77637,-0.25470,0.54791,-0.07134,0.94995,-0.17025,
1403638590427829504,6.57413,-6.43718,1.18703,0.17977,0.77737,-0.25495,0.54625,-0.07678,0.94524,-0.18659,
1403638590527829504,6.56362,-6.34519,1.16678,0.17860,0.77739,-0.25574,0.54623,-0.08690,0.94626,-0.18241,
1403638590627829504,6.55094,-6.25362,1.15680,0.17769,0.77951,-0.25610,0.54332,-0.07622,0.92574,-0.09426,
1403638590727829504,6.53842,-6.16309,1.15195,0.17541,0.78042,-0.25753,0.54208,-0.07291,0.90515,0.00407,
1403638590827829504,6.52714,-6.07264,1.15508,0.17553,0.78153,-0.25711,0.54064,-0.06093,0.87751,0.06440,
1403638590927829504,6.51975,-5.98591,1.16216,0.17461,0.78204,-0.25780,0.53987,-0.05146,0.85766,0.13987,
1403638591027829504,6.50844,-5.89471,1.17729,0.17345,0.78288,-0.25877,0.53857,-0.06722,0.85096,0.16980,
1403638591127829504,6.50043,-5.80414,1.18765,0.17274,0.78551,-0.25955,0.53457,-0.06161,0.83511,0.11058,
1403638591227829504,6.48901,-5.71597,1.19313,0.17091,0.79054,-0.26100,0.52699,-0.04558,0.80999,0.03196,
1403638591327829504,6.48563,-5.63547,1.19266,0.16741,0.79616,-0.26372,0.51822,0.00061,0.76545,-0.00741,
1403638591427829504,6.48390,-5.55820,1.18830,0.16478,0.79936,-0.26579,0.51305,0.05557,0.71726,-0.06033,
1403638591527829504,6.48698,-5.48535,1.17854,0.16169,0.80196,-0.26794,0.50885,0.11151,0.66307,-0.11972,
1403638591627829504,6.49765,-5.42178,1.16390,0.15949,0.80402,-0.26927,0.50557,0.17515,0.59734,-0.16504,
1403638591727829504,6.51641,-5.36659,1.14777,0.15932,0.80281,-0.26994,0.50718,0.23829,0.51923,-0.16750,
1403638591827829504,6.53958,-5.31804,1.13207,0.16075,0.80044,-0.26850,0.51123,0.28901,0.45111,-0.16086,
1403638591927829504,6.57199,-5.28186,1.12012,0.16210,0.79780,-0.26707,0.51566,0.34569,0.38189,-0.08365,
1403638592027829504,6.60954,-5.25377,1.11967,0.16266,0.79515,-0.26649,0.51987,0.41015,0.31539,0.01112,
1403638592127829504,6.64931,-5.23370,1.12820,0.16272,0.79364,-0.26493,0.52295,0.46126,0.24862,0.09419,
1403638592227829504,6.69426,-5.21131,1.14377,0.15887,0.78895,-0.26151,0.53285,0.48053,0.20725,0.22203,
1403638592327829504,6.73800,-5.19684,1.17213,0.15191,0.78428,-0.25460,0.54498,0.48203,0.16911,0.30406,
1403638592427829504,6.78347,-5.18497,1.20713,0.14090,0.78395,-0.24283,0.55372,0.45870,0.13537,0.38188,
1403638592527829504,6.82637,-5.17491,1.25016,0.13042,0.78930,-0.22827,0.55488,0.42607,0.07912,0.44464,
1403638592627829504,6.86623,-5.16730,1.30015,0.12361,0.79686,-0.21509,0.55089,0.40518,0.04054,0.50769,
1403638592727829504,6.90401,-5.16438,1.35336,0.11777,0.80418,-0.20567,0.54509,0.39932,0.00244,0.48615,
1403638592827829504,6.94082,-5.16613,1.40198,0.11232,0.81060,-0.20018,0.53874,0.40897,-0.04148,0.43472,
1403638592927829504,6.97870,-5.17342,1.44517,0.11025,0.81408,-0.19595,0.53547,0.42215,-0.08633,0.38447,
1403638593027829504,7.02043,-5.18503,1.48214,0.10921,0.81545,-0.19361,0.53445,0.46128,-0.13498,0.33439,
1403638593127829504,7.06789,-5.20197,1.51358,0.10880,0.81551,-0.19254,0.53482,0.50402,-0.17855,0.33915,
1403638593227829504,7.12002,-5.22404,1.54988,0.11180,0.81212,-0.19054,0.54006,0.54125,-0.23150,0.39921,
1403638593327829504,7.17483,-5.24747,1.59470,0.11995,0.80952,-0.18598,0.54378,0.57521,-0.25656,0.45475,
1403638593427829504,7.23151,-5.27274,1.64067,0.13013,0.80502,-0.18057,0.54992,0.57034,-0.25052,0.41729,
1403638593527829504,7.28962,-5.29587,1.68189,0.13559,0.80134,-0.17879,0.55453,0.58953,-0.23236,0.36150,
1403638593627829504,7.34915,-5.31725,1.71538,0.13866,0.79945,-0.17858,0.55656,0.58982,-0.20357,0.28301,
1403638593727829504,7.40801,-5.33609,1.74225,0.14051,0.79760,-0.17821,0.55886,0.58742,-0.16351,0.22086,
1403638593827829504,7.46568,-5.34999,1.76644,0.13945,0.79127,-0.17914,0.56776,0.57956,-0.11033,0.24870,
1403638593927829504,7.52012,-5.35913,1.79514,0.13379,0.78212,-0.17686,0.58233,0.52669,-0.06583,0.28147,
1403638594027829504,7.56758,-5.36361,1.82586,0.12579,0.78456,-0.17402,0.58169,0.46026,-0.02554,0.30801,
1403638594127829504,7.60649,-5.36435,1.86076,0.12013,0.79040,-0.17106,0.57582,0.38114,0.00235,0.35059,
1403638594227829504,7.63894,-5.36213,1.89692,0.11994,0.79509,-0.16598,0.57087,0.34513,0.01250,0.33057,
1403638594327829504,7.67075,-5.35793,1.92786,0.12031,0.79533,-0.16163,0.57171,0.30849,0.03286,0.30385,
1403638594427829504,7.69379,-5.34961,1.96207,0.12472,0.79383,-0.15511,0.57465,0.28071,0.06753,0.33983,
1403638594527829504,7.71834,-5.33748,1.99938,0.12331,0.79348,-0.15384,0.57577,0.22246,0.12995,0.40257,
1403638594627829504,7.73276,-5.32026,2.04671,0.11753,0.79388,-0.15618,0.57580,0.19172,0.16380,0.46649,
1403638594727829504,7.75197,-5.30189,2.09253,0.11389,0.79444,-0.15924,0.57493,0.16755,0.17217,0.42554,
1403638594827829504,7.76140,-5.28228,2.13572,0.11229,0.79469,-0.16096,0.57441,0.13260,0.18662,0.36367,
1403638594927829504,7.77491,-5.26189,2.16873,0.11218,0.79559,-0.16196,0.57290,0.09537,0.19663,0.27835,
1403638595027829504,7.78400,-5.24020,2.19551,0.11144,0.79709,-0.16363,0.57049,0.07394,0.20696,0.22170,
1403638595127829504,7.78784,-5.21745,2.21979,0.11112,0.79804,-0.16486,0.56886,0.04882,0.20695,0.15941,
1403638595227829504,7.79327,-5.19553,2.23365,0.11188,0.79851,-0.16515,0.56797,0.02783,0.20460,0.08492,
1403638595327829504,7.79710,-5.17260,2.24226,0.11230,0.79858,-0.16538,0.56772,0.01598,0.20987,0.03638,
1403638595427829504,7.79869,-5.14924,2.24527,0.11192,0.79841,-0.16623,0.56779,0.00044,0.21027,-0.00928,
1403638595527829504,7.79844,-5.12513,2.24392,0.11196,0.79898,-0.16619,0.56699,-0.02034,0.21449,-0.04227,
1403638595627829504,7.79733,-5.10139,2.24341,0.11252,0.79959,-0.16549,0.56622,-0.02673,0.21533,0.02997,
1403638595727829504,7.78817,-5.07713,2.25134,0.11657,0.80009,-0.16244,0.56559,-0.06155,0.22896,0.07102,
1403638595827829504,7.78501,-5.05166,2.25936,0.11932,0.80098,-0.16078,0.56422,-0.06904,0.25076,0.03368,
1403638595927829504,7.78230,-5.02484,2.25764,0.12055,0.80074,-0.16025,0.56445,-0.06464,0.26167,-0.12126,
1403638596027829504,7.77892,-4.99684,2.24283,0.12456,0.80055,-0.15758,0.56460,-0.05811,0.28028,-0.20859,
1403638596127829504,7.77603,-4.96542,2.22207,0.13478,0.80179,-0.15069,0.56237,-0.06000,0.32410,-0.21859,
1403638596227829504,7.77392,-4.92811,2.20406,0.14657,0.80386,-0.14204,0.55871,-0.06236,0.39526,-0.16380,
1403638596327829504,7.77365,-4.88178,2.19583,0.15745,0.80507,-0.13407,0.55597,-0.01530,0.48284,-0.07630,
1403638596427829504,7.77609,-4.82661,2.19477,0.16414,0.80504,-0.12856,0.55537,0.00483,0.61083,0.01722,
1403638596527829504,7.78179,-4.75900,2.20395,0.17076,0.80487,-0.12304,0.55487,0.06157,0.73134,0.10987,
1403638596627829504,7.79261,-4.67927,2.21963,0.17799,0.80537,-0.11716,0.55315,0.10927,0.88204,0.18575,
1403638596727829504,7.80927,-4.58313,2.24219,0.18430,0.80598,-0.11231,0.55120,0.16941,1.04491,0.26765,
1403638596827829504,7.83069,-4.47003,2.27412,0.18846,0.80559,-0.10904,0.55102,0.22269,1.21283,0.34450,
1403638596927829504,7.85485,-4.34017,2.30964,0.19091,0.80450,-0.10713,0.55214,0.26342,1.38237,0.36998,
1403638597027829504,7.88350,-4.19594,2.34419,0.19263,0.80346,-0.10707,0.55307,0.30686,1.53155,0.29764,
1403638597127829504,7.91776,-4.03702,2.37304,0.19538,0.80187,-0.10605,0.55461,0.34812,1.67578,0.24317,
1403638597227829504,7.95413,-3.86233,2.39482,0.19580,0.79969,-0.10730,0.55735,0.38962,1.84855,0.18376,
1403638597327829504,7.99342,-3.67099,2.41035,0.19211,0.79764,-0.11081,0.56088,0.39958,1.99399,0.11598,
1403638597427829504,8.03510,-3.46568,2.42070,0.18599,0.79559,-0.11635,0.56473,0.41983,2.13756,0.07311,
1403638597527829504,8.07749,-3.24720,2.42924,0.17404,0.79107,-0.12527,0.57291,0.41572,2.25388,0.02877,
1403638597627829504,8.11687,-3.01873,2.43161,0.16475,0.78764,-0.13253,0.57873,0.38944,2.32785,-0.01794,
1403638597727829504,8.15620,-2.78302,2.42897,0.16429,0.78682,-0.13312,0.57982,0.36686,2.39114,-0.05872,
1403638597827829504,8.19168,-2.54003,2.41958,0.16935,0.78943,-0.12337,0.57698,0.34609,2.47998,-0.10952,
1403638597927829504,8.22529,-2.28825,2.40540,0.17325,0.79212,-0.11200,0.57444,0.32018,2.57031,-0.12800,
1403638598027829504,8.25837,-2.02575,2.39302,0.17087,0.79318,-0.10547,0.57494,0.32445,2.68018,-0.09217,
1403638598127829504,8.29260,-1.75092,2.38810,0.15535,0.79368,-0.10935,0.57791,0.28704,2.79922,-0.02281,
1403638598227829504,8.32321,-1.46686,2.38998,0.13455,0.79465,-0.11891,0.57990,0.25859,2.86078,0.02517,
1403638598327829504,8.35125,-1.17985,2.39395,0.12015,0.79719,-0.12606,0.57807,0.23714,2.86298,0.00884,
1403638598427829504,8.37659,-0.89395,2.39136,0.11296,0.79916,-0.12938,0.57606,0.21711,2.85486,-0.05002,
1403638598527829504,8.39840,-0.60900,2.38182,0.10898,0.80084,-0.12896,0.57459,0.19420,2.84286,-0.11224,
1403638598627829504,8.41810,-0.32664,2.36389,0.10405,0.80409,-0.12376,0.57209,0.17343,2.82141,-0.17468,
1403638598727829504,8.43503,-0.04787,2.34469,0.09767,0.80599,-0.11325,0.57273,0.15945,2.78720,-0.18917,
1403638598827829504,8.44929,0.22851,2.32934,0.08861,0.80719,-0.10026,0.57493,0.15265,2.77287,-0.12193,
1403638598927829504,8.46172,0.50126,2.31923,0.07909,0.80976,-0.08443,0.57524,0.11248,2.73554,-0.06913,
1403638599027829504,8.47155,0.77199,2.31299,0.06623,0.81158,-0.06856,0.57641,0.10501,2.71492,0.00491,
1403638599127829504,8.48101,1.04240,2.31369,0.05528,0.81281,-0.05025,0.57772,0.07803,2.70955,0.06120,
1403638599227829504,8.48775,1.31405,2.31971,0.04379,0.81436,-0.03187,0.57783,0.05755,2.69113,0.10596,
1403638599327829504,8.48994,1.58284,2.33248,0.03052,0.81644,-0.01368,0.57645,0.03122,2.68433,0.19412,
1403638599427829504,8.49011,1.85139,2.35179,0.02122,0.81931,0.00272,0.57295,0.01138,2.65698,0.24102,
1403638599527829504,8.49154,2.12032,2.37320,0.01437,0.82148,0.01361,0.56989,0.00793,2.63100,0.21540,
1403638599627829504,8.49201,2.38719,2.38879,0.00857,0.82314,0.01886,0.56747,0.00009,2.61354,0.12797,
1403638599727829504,8.49068,2.65118,2.39460,0.00647,0.82431,0.02209,0.56567,-0.00337,2.59449,0.03982,
1403638599827829504,8.49356,2.91467,2.39088,0.00556,0.82494,0.02128,0.56479,0.03350,2.57819,-0.02539,
1403638599927829504,8.49633,3.17294,2.38372,0.00274,0.82609,0.01751,0.56326,0.04942,2.55035,-0.06531,
1403638600027829504,8.50312,3.43008,2.37169,-0.00229,0.82539,0.01090,0.56445,0.08543,2.52619,-0.11301,
1403638600127829504,8.51715,3.68239,2.35575,-0.01055,0.82746,0.00139,0.56143,0.11524,2.47582,-0.14706,
1403638600227829504,8.53339,3.92712,2.33659,-0.02251,0.83022,-0.01045,0.55688,0.12974,2.38996,-0.19745,
1403638600327829504,8.55271,4.16361,2.31384,-0.03139,0.83189,-0.02023,0.55368,0.18078,2.28629,-0.20967,
1403638600427829504,8.57476,4.38799,2.29368,-0.03933,0.83308,-0.02860,0.55101,0.21931,2.15572,-0.15854,
1403638600527829504,8.60364,4.59730,2.28395,-0.04061,0.83385,-0.03142,0.54960,0.27940,1.99923,-0.05715,
1403638600627829504,8.63156,4.79280,2.27950,-0.04034,0.83512,-0.03285,0.54760,0.31550,1.85747,0.02772,
1403638600727829504,8.66734,4.97270,2.28391,-0.04101,0.83731,-0.03409,0.54412,0.37488,1.71156,0.08623,
1403638600827829504,8.71047,5.13821,2.29404,-0.03762,0.84130,-0.03103,0.53836,0.45388,1.56412,0.15569,
1403638600927829504,8.76162,5.29325,2.30658,-0.02200,0.84457,-0.01874,0.53466,0.51501,1.46227,0.11432,
1403638601027829504,8.81910,5.44027,2.31520,-0.00847,0.84549,-0.00766,0.53386,0.59453,1.41314,0.05406,
1403638601127829504,8.88436,5.58032,2.31882,-0.00181,0.84435,-0.00203,0.53579,0.66170,1.37015,0.00889,
1403638601227829504,8.95580,5.71522,2.31828,0.00691,0.84142,0.00531,0.54031,0.73977,1.34492,-0.02900,
1403638601327829504,9.03455,5.85194,2.31362,0.01333,0.83405,0.01171,0.55140,0.80192,1.36522,-0.03890,
1403638601427829504,9.11853,5.99243,2.31038,0.00304,0.82966,0.01413,0.55808,0.83689,1.38914,-0.00133,
1403638601527829504,9.20434,6.13358,2.31582,-0.00863,0.82543,0.02371,0.56394,0.84987,1.39524,0.07110,
1403638601627829504,9.28955,6.27540,2.32723,-0.01963,0.82205,0.04074,0.56761,0.85654,1.39103,0.12027,
1403638601727829504,9.37548,6.41422,2.34527,-0.03176,0.81947,0.06382,0.56868,0.84153,1.39437,0.18177,
1403638601827829504,9.45829,6.55497,2.36916,-0.04519,0.81505,0.09148,0.57034,0.81081,1.41985,0.25547,
1403638601927829504,9.53693,6.69902,2.39841,-0.05912,0.81042,0.11906,0.57057,0.77920,1.42481,0.27039,
1403638602027829504,9.61251,6.84294,2.42537,-0.07208,0.80800,0.13923,0.56794,0.75652,1.42670,0.21863,
1403638602127829504,9.68559,6.98616,2.44492,-0.08028,0.80491,0.15455,0.56726,0.72621,1.42934,0.14963,
1403638602227829504,9.75658,7.13012,2.45918,-0.08588,0.79861,0.17128,0.57053,0.68372,1.45915,0.09864,
1403638602327829504,9.82356,7.27865,2.46937,-0.09928,0.79004,0.18732,0.57523,0.63071,1.48947,0.09853,
1403638602427829504,9.88339,7.43132,2.48558,-0.13132,0.77425,0.19488,0.58764,0.54829,1.50257,0.22243,
1403638602527829504,9.93268,7.58040,2.51249,-0.16685,0.75060,0.20001,0.60725,0.44249,1.42946,0.29994,
1403638602627829504,9.96910,7.71715,2.54704,-0.19608,0.73353,0.20805,0.61660,0.29142,1.27934,0.35103,
1403638602727829504,9.98448,7.83300,2.58343,-0.21117,0.72717,0.22511,0.61316,0.11836,1.09495,0.39964,
1403638602827829504,9.98315,7.93100,2.62509,-0.21931,0.72323,0.24649,0.60670,-0.04989,0.92597,0.43181,
1403638602927829504,9.96836,8.01552,2.67038,-0.23331,0.72148,0.26476,0.59576,-0.19364,0.78227,0.46332,
1403638603027829504,9.94410,8.09213,2.71655,-0.25500,0.72005,0.27857,0.58216,-0.28885,0.65212,0.43816,
1403638603127829504,9.91292,8.15728,2.75683,-0.27166,0.71220,0.29245,0.57745,-0.35573,0.50040,0.36690,
1403638603227829504,9.87560,8.20846,2.78746,-0.27606,0.71154,0.30834,0.56783,-0.42570,0.35128,0.23685,
1403638603327829504,9.83061,8.24735,2.80741,-0.26982,0.72350,0.32484,0.54610,-0.47534,0.23465,0.14239,
1403638603427829504,9.78024,8.27384,2.82103,-0.26397,0.73446,0.33566,0.52747,-0.48682,0.16993,0.08073,
1403638603527829504,9.72874,8.29458,2.83058,-0.26190,0.73813,0.34062,0.52014,-0.48688,0.14558,0.05867,
1403638603627829504,9.67885,8.31479,2.83737,-0.26601,0.73227,0.34244,0.52513,-0.48092,0.11267,0.01135,
1403638603727829504,9.63057,8.33110,2.83921,-0.26274,0.72412,0.34700,0.53499,-0.49161,0.06668,-0.06325,
1403638603827829504,9.57944,8.34189,2.83306,-0.25616,0.71636,0.35220,0.54513,-0.53009,0.02936,-0.12179,
1403638603927829504,9.52205,8.34763,2.82045,-0.24906,0.70927,0.35670,0.55468,-0.60396,0.00151,-0.17973,
1403638604027829504,9.45672,8.34818,2.80098,-0.24362,0.70421,0.35932,0.56181,-0.69733,-0.03277,-0.22536,
1403638604127829504,9.38191,8.34874,2.78089,-0.23985,0.70121,0.36108,0.56604,-0.79894,-0.02590,-0.17543,
1403638604227829504,9.29641,8.34348,2.76662,-0.24302,0.70255,0.35960,0.56397,-0.91953,-0.05705,-0.09144,
1403638604327829504,9.19941,8.33519,2.76045,-0.24973,0.70898,0.35570,0.55539,-1.02301,-0.09703,-0.03136,
1403638604427829504,9.09400,8.32139,2.75954,-0.25199,0.71706,0.35441,0.54472,-1.08778,-0.14277,0.02143,
1403638604527829504,8.98363,8.30558,2.76750,-0.24893,0.72435,0.35648,0.53504,-1.12003,-0.15508,0.08196,
1403638604627829504,8.86900,8.28594,2.77594,-0.24795,0.72752,0.35724,0.53066,-1.14633,-0.17268,0.03447,
1403638604727829504,8.75324,8.26547,2.77750,-0.25203,0.73022,0.35442,0.52692,-1.15963,-0.18521,-0.00964,
1403638604827829504,8.63682,8.24435,2.77646,-0.25516,0.73266,0.35185,0.52374,-1.15752,-0.20854,-0.01141,
1403638604927829504,8.52017,8.22187,2.77811,-0.25341,0.73695,0.35264,0.51800,-1.15287,-0.22818,0.02472,
1403638605027829504,8.40583,8.19911,2.78431,-0.25037,0.74431,0.35453,0.50757,-1.13200,-0.23256,0.10852,
1403638605127829504,8.29460,8.17445,2.79919,-0.24757,0.74978,0.35648,0.49945,-1.09235,-0.22563,0.19172,
1403638605227829504,8.18949,8.15271,2.81984,-0.24461,0.75169,0.35860,0.49652,-1.01725,-0.17637,0.20516,
1403638605327829504,8.09112,8.13786,2.83876,-0.23980,0.75076,0.36198,0.49781,-0.95401,-0.13249,0.18232,
1403638605427829504,7.99527,8.12659,2.85248,-0.23298,0.74314,0.36718,0.50857,-0.92777,-0.08468,0.13717,
1403638605527829504,7.90175,8.12117,2.86193,-0.22674,0.73306,0.37187,0.52242,-0.94047,-0.04795,0.08010,
1403638605627829504,7.80652,8.12058,2.86462,-0.22043,0.72574,0.37643,0.53199,-0.97692,-0.00600,0.02597,
1403638605727829504,7.70610,8.12392,2.86583,-0.21755,0.72251,0.37869,0.53595,-1.03690,0.03420,0.04929,
1403638605827829504,7.59876,8.13272,2.87376,-0.21602,0.72312,0.37955,0.53514,-1.11791,0.09095,0.14255,
1403638605927829504,7.48441,8.14598,2.89062,-0.21320,0.72258,0.38108,0.53591,-1.15546,0.17819,0.21487,
1403638606027829504,7.36289,8.16727,2.90862,-0.20908,0.72193,0.38268,0.53727,-1.23018,0.23077,0.19536,
1403638606127829504,7.23467,8.19229,2.92361,-0.20619,0.72200,0.38360,0.53764,-1.30631,0.28559,0.11824,
1403638606227829504,7.09944,8.22376,2.92729,-0.20311,0.72209,0.38502,0.53768,-1.38346,0.33635,0.03882,
1403638606327829504,6.95761,8.26094,2.92727,-0.20435,0.72598,0.38304,0.53336,-1.45399,0.40061,-0.05662,
1403638606427829504,6.80787,8.30222,2.91396,-0.21154,0.73597,0.37716,0.52091,-1.49758,0.45546,-0.11625,
1403638606527829504,6.65630,8.34879,2.89579,-0.22036,0.74629,0.37026,0.50734,-1.49485,0.50591,-0.18040,
1403638606627829504,6.50719,8.40065,2.87341,-0.22617,0.75214,0.36899,0.49697,-1.47006,0.57056,-0.23075,
1403638606727829504,6.36243,8.45977,2.84741,-0.23046,0.75354,0.37552,0.48791,-1.42587,0.63146,-0.26702,
1403638606827829504,6.22201,8.52645,2.81962,-0.23718,0.75113,0.38661,0.47966,-1.37753,0.70369,-0.28269,
1403638606927829504,6.08898,8.60191,2.79395,-0.24698,0.74530,0.40090,0.47204,-1.29952,0.79911,-0.23042,
1403638607027829504,5.96113,8.68528,2.77629,-0.26037,0.73721,0.41587,0.46452,-1.22680,0.87663,-0.11911,
1403638607127829504,5.84164,8.77580,2.76935,-0.27720,0.72978,0.42547,0.45777,-1.14330,0.93812,-0.03097,
1403638607227829504,5.72789,8.87230,2.76823,-0.29156,0.71723,0.43176,0.46276,-1.07674,0.97351,-0.02579,
1403638607327829504,5.62016,8.97149,2.76261,-0.30428,0.70552,0.43398,0.47044,-1.01879,0.98366,-0.09106,
1403638607427829504,5.51741,9.07214,2.74724,-0.31338,0.69899,0.43472,0.47353,-0.97956,0.98443,-0.17673,
1403638607527829504,5.42188,9.17050,2.72183,-0.31762,0.69803,0.43538,0.47150,-0.93909,0.94812,-0.26355,
1403638607627829504,5.33228,9.26573,2.69089,-0.31870,0.69673,0.43671,0.47147,-0.89601,0.92733,-0.29735,
1403638607727829504,5.24614,9.35901,2.65748,-0.31827,0.69428,0.43717,0.47493,-0.83953,0.91121,-0.33124,
1403638607827829504,5.16205,9.44981,2.61943,-0.31748,0.69479,0.43686,0.47500,-0.81315,0.88648,-0.37558,
1403638607927829504,5.08168,9.53829,2.57721,-0.31978,0.69891,0.43346,0.47050,-0.77704,0.87340,-0.42401,
1403638608027829504,5.00828,9.62427,2.53108,-0.32196,0.70058,0.42988,0.46982,-0.71007,0.85637,-0.46012,
1403638608127829504,4.94036,9.70776,2.48205,-0.32029,0.69795,0.42894,0.47570,-0.65734,0.82567,-0.50630,
1403638608227829504,4.88023,9.78748,2.42803,-0.31669,0.69403,0.42958,0.48321,-0.62256,0.78604,-0.55931,
1403638608327829504,4.82136,9.86324,2.36954,-0.31661,0.68908,0.42815,0.49155,-0.60267,0.74621,-0.59707,
1403638608427829504,4.76322,9.93564,2.30572,-0.31700,0.68555,0.42745,0.49681,-0.60468,0.70049,-0.67910,
1403638608527829504,4.70436,10.00218,2.23586,-0.31538,0.68747,0.42808,0.49463,-0.59721,0.64630,-0.72410,
1403638608627829504,4.64468,10.06887,2.16371,-0.31725,0.68673,0.42580,0.49643,-0.59304,0.60443,-0.68916,
1403638608727829504,4.58868,10.12529,2.09614,-0.32117,0.68388,0.42370,0.49964,-0.59796,0.52283,-0.64487,
1403638608827829504,4.53100,10.17637,2.03257,-0.31949,0.68661,0.42509,0.49577,-0.59888,0.46759,-0.59727,
1403638608927829504,4.47634,10.22168,1.97515,-0.31786,0.69053,0.42655,0.49009,-0.59134,0.40328,-0.51193,
1403638609027829504,4.42166,10.26098,1.92531,-0.31816,0.69417,0.42672,0.48458,-0.56203,0.37304,-0.44696,
1403638609127829504,4.36867,10.29648,1.88234,-0.31716,0.69558,0.42739,0.48260,-0.54062,0.33511,-0.38372,
1403638609227829504,4.31911,10.33008,1.84357,-0.32403,0.69554,0.42252,0.48240,-0.50733,0.29603,-0.38717,
1403638609327829504,4.27003,10.35827,1.80091,-0.32787,0.69591,0.41953,0.48188,-0.47042,0.24371,-0.46916,
1403638609427829504,4.22874,10.38427,1.74964,-0.32481,0.69586,0.42147,0.48233,-0.42999,0.20504,-0.53552,
1403638609527829504,4.18766,10.40526,1.69345,-0.32107,0.69595,0.42366,0.48279,-0.40185,0.17117,-0.60358,
1403638609627829504,4.15297,10.42625,1.63051,-0.31909,0.69605,0.42460,0.48312,-0.37274,0.15711,-0.64979,
1403638609727829504,4.12066,10.43874,1.56547,-0.31619,0.69497,0.42675,0.48469,-0.34577,0.13096,-0.66188,
1403638609827829504,4.09329,10.45159,1.50283,-0.31685,0.69599,0.42652,0.48299,-0.31366,0.12336,-0.58794,
1403638609927829504,4.06557,10.45972,1.44953,-0.31716,0.69553,0.42638,0.48358,-0.28882,0.07663,-0.51238,
1403638610027829504,4.04311,10.46686,1.40481,-0.31956,0.69435,0.42488,0.48501,-0.25301,0.06183,-0.41694,
1403638610127829504,4.01845,10.46875,1.36733,-0.32267,0.69147,0.42258,0.48905,-0.23876,0.01664,-0.36807,
1403638610227829504,3.99665,10.46565,1.32881,-0.32406,0.68864,0.42162,0.49295,-0.22356,-0.03614,-0.42185,
1403638610327829504,3.97676,10.45658,1.28241,-0.32551,0.68762,0.42036,0.49448,-0.21128,-0.08452,-0.48566,
1403638610427829504,3.95502,10.44484,1.22953,-0.32673,0.68729,0.41915,0.49517,-0.19632,-0.13761,-0.53149,
1403638610527829504,3.93524,10.42670,1.17316,-0.32635,0.68432,0.41909,0.49956,-0.19141,-0.20232,-0.56499,
1403638610627829504,3.91535,10.40121,1.11485,-0.33193,0.67715,0.41506,0.50893,-0.19948,-0.28230,-0.56520,
1403638610727829504,3.89317,10.36801,1.05778,-0.33220,0.67785,0.41533,0.50761,-0.22872,-0.38706,-0.55024,
1403638610827829504,3.86946,10.32610,1.00272,-0.32914,0.68517,0.41857,0.49700,-0.22064,-0.44977,-0.47252,
1403638610927829504,3.84975,10.28142,0.95892,-0.32763,0.68814,0.42112,0.49171,-0.19094,-0.47826,-0.40361,
1403638611027829504,3.82948,10.23105,0.91828,-0.33043,0.68710,0.41924,0.49290,-0.18401,-0.52692,-0.39116,
1403638611127829504,3.81245,10.17501,0.87365,-0.33311,0.68433,0.41829,0.49575,-0.17285,-0.58310,-0.46110,
1403638611227829504,3.79417,10.11355,0.82669,-0.33289,0.68375,0.41931,0.49583,-0.16362,-0.64177,-0.46941,
1403638611327829504,3.77612,10.04395,0.78294,-0.33016,0.68307,0.42166,0.49660,-0.16209,-0.72474,-0.41321,
1403638611427829504,3.75678,9.96882,0.74343,-0.31939,0.67844,0.42888,0.50376,-0.17045,-0.75917,-0.33311,
1403638611527829504,3.73350,9.89166,0.71169,-0.30859,0.67566,0.43575,0.50832,-0.21710,-0.80331,-0.28196,
1403638611627829504,3.70648,9.81121,0.68925,-0.30325,0.67758,0.43847,0.50663,-0.27562,-0.81422,-0.21977,
1403638611727829504,3.67367,9.72938,0.66895,-0.30501,0.68178,0.43677,0.50138,-0.32295,-0.81282,-0.25236,
1403638611827829504,3.63552,9.64897,0.64301,-0.31120,0.68775,0.43155,0.49389,-0.34674,-0.82664,-0.30853,
1403638611927829504,3.60251,9.56641,0.61100,-0.31494,0.69249,0.42799,0.48794,-0.33813,-0.82618,-0.34462,
1403638612027829504,3.56619,9.48497,0.57730,-0.31646,0.69531,0.42615,0.48455,-0.31755,-0.82273,-0.31540,
1403638612127829504,3.53556,9.40234,0.54791,-0.31788,0.69720,0.42460,0.48226,-0.30937,-0.84223,-0.24713,
1403638612227829504,3.50274,9.31923,0.52612,-0.31688,0.69785,0.42461,0.48198,-0.26447,-0.81542,-0.14809,
1403638612327829504,3.47956,9.23637,0.51131,-0.31637,0.69749,0.42498,0.48250,-0.23649,-0.82850,-0.10163,
1403638612427829504,3.45316,9.15317,0.49906,-0.31536,0.69658,0.42466,0.48476,-0.22350,-0.82891,-0.12964,
1403638612527829504,3.43155,9.06804,0.47991,-0.31335,0.69451,0.42465,0.48902,-0.21113,-0.84486,-0.20066,
1403638612627829504,3.40922,8.98243,0.45396,-0.30854,0.69284,0.42650,0.49282,-0.20811,-0.84517,-0.26724,
1403638612727829504,3.38133,8.89544,0.41924,-0.30416,0.69111,0.42741,0.49716,-0.21960,-0.84415,-0.33059,
1403638612827829504,3.35847,8.80997,0.38402,-0.30323,0.69015,0.42585,0.50039,-0.25201,-0.85481,-0.34528,
1403638612927829504,3.32650,8.72076,0.34961,-0.30413,0.68971,0.42328,0.50263,-0.29073,-0.86311,-0.29681,
1403638613027829504,3.29752,8.63683,0.32369,-0.30402,0.69218,0.42229,0.50013,-0.31252,-0.85345,-0.21260,
1403638613127829504,3.26498,8.54969,0.30595,-0.30432,0.69368,0.42137,0.49865,-0.33570,-0.86884,-0.14295,
1403638613227829504,3.22854,8.45861,0.29143,-0.30444,0.69530,0.42086,0.49674,-0.34862,-0.86423,-0.07736,
1403638613327829504,3.19603,8.37441,0.28866,-0.30345,0.69590,0.42145,0.49601,-0.35306,-0.84961,0.00328,
1403638613427829504,3.16100,8.28816,0.28739,-0.30275,0.69522,0.42196,0.49695,-0.36500,-0.85457,-0.03202,
1403638613527829504,3.12349,8.19823,0.27958,-0.30393,0.69496,0.41849,0.49953,-0.36980,-0.85278,-0.08984,
1403638613627829504,3.08725,8.11169,0.26787,-0.30584,0.69650,0.41227,0.50139,-0.37901,-0.85138,-0.14755,
1403638613727829504,3.04977,8.02393,0.24895,-0.30978,0.69548,0.40566,0.50575,-0.38638,-0.87184,-0.22284,
1403638613827829504,3.00999,7.92939,0.21996,-0.30966,0.69574,0.39831,0.51127,-0.39276,-0.92205,-0.29108,
1403638613927829504,2.97130,7.83492,0.18720,-0.30434,0.69995,0.38941,0.51556,-0.39639,-0.97385,-0.35554,
1403638614027829504,2.93034,7.73141,0.14801,-0.29380,0.70688,0.37866,0.52021,-0.40745,-1.02195,-0.39163,
1403638614127829504,2.89044,7.62589,0.10518,-0.28090,0.71625,0.36551,0.52392,-0.41656,-1.06381,-0.41023,
1403638614227829504,2.85092,7.51695,0.06583,-0.26752,0.72611,0.35209,0.52652,-0.42397,-1.08583,-0.34496,
1403638614327829504,2.80897,7.40655,0.03169,-0.25778,0.73396,0.34074,0.52797,-0.44557,-1.09094,-0.30319,
1403638614427829504,2.76508,7.29529,0.00459,-0.25273,0.73969,0.33098,0.52862,-0.45220,-1.09602,-0.21570,
1403638614527829504,2.72104,7.18344,-0.01322,-0.25003,0.74405,0.32277,0.52886,-0.46282,-1.12442,-0.12742,
1403638614627829504,2.67828,7.07211,-0.02287,-0.24677,0.74836,0.31270,0.53035,-0.43511,-1.11738,-0.07235,
1403638614727829504,2.63899,6.96365,-0.02024,-0.24458,0.75572,0.29842,0.52917,-0.41824,-1.13835,0.02112,
1403638614827829504,2.60169,6.85148,-0.00841,-0.23968,0.76622,0.28135,0.52564,-0.40133,-1.19512,0.11924,
1403638614927829504,2.57008,6.73523,0.01074,-0.22926,0.77643,0.26371,0.52445,-0.32207,-1.20894,0.18162,
1403638615027829504,2.54574,6.61564,0.03501,-0.21504,0.78534,0.24308,0.52718,-0.26902,-1.24934,0.21675,
1403638615127829504,2.52923,6.49525,0.06611,-0.19479,0.79167,0.22184,0.53489,-0.20352,-1.29035,0.29048,
1403638615227829504,2.51653,6.37064,0.10266,-0.17068,0.79363,0.20094,0.54831,-0.16169,-1.30798,0.33497,
1403638615327829504,2.50516,6.24599,0.14016,-0.14856,0.79665,0.17690,0.55855,-0.15709,-1.30975,0.30214,
1403638615427829504,2.49616,6.12442,0.17351,-0.12770,0.80012,0.15108,0.56628,-0.14695,-1.29153,0.24847,
1403638615527829504,2.48432,6.00049,0.19865,-0.10810,0.80406,0.12565,0.57098,-0.15073,-1.27542,0.20025,
1403638615627829504,2.46916,5.87638,0.21804,-0.09287,0.80645,0.10462,0.57452,-0.16709,-1.25639,0.16503,
1403638615727829504,2.45395,5.75535,0.23823,-0.08277,0.80823,0.08988,0.57605,-0.18043,-1.23319,0.22484,
1403638615827829504,2.43683,5.63581,0.26627,-0.07593,0.80942,0.07900,0.57691,-0.20457,-1.23155,0.30251,
1403638615927829504,2.41829,5.51677,0.29783,-0.07071,0.81040,0.06641,0.57779,-0.21582,-1.23011,0.29545,
1403638616027829504,2.39875,5.39614,0.32409,-0.06259,0.81197,0.05459,0.57776,-0.23516,-1.23246,0.22625,
1403638616127829504,2.38123,5.27391,0.34227,-0.05294,0.81295,0.04206,0.57840,-0.23242,-1.24049,0.11332,
1403638616227829504,2.36122,5.14886,0.34460,-0.04339,0.81442,0.02575,0.57808,-0.24190,-1.24792,-0.05949,
1403638616327829504,2.34185,5.02084,0.33083,-0.03120,0.81542,0.00691,0.57798,-0.25196,-1.26519,-0.22124,
1403638616427829504,2.32120,4.89294,0.30493,-0.01849,0.81611,-0.01192,0.57748,-0.25144,-1.26723,-0.30058,
1403638616527829504,2.29961,4.76565,0.27403,-0.00923,0.81697,-0.02738,0.57595,-0.25147,-1.25965,-0.33359,
1403638616627829504,2.27944,4.64366,0.23889,-0.00139,0.82006,-0.03833,0.57100,-0.25699,-1.25513,-0.36058,
1403638616727829504,2.25840,4.52052,0.19955,0.00020,0.82732,-0.04805,0.55967,-0.22984,-1.25260,-0.41521,
1403638616827829504,2.24182,4.39995,0.15634,-0.00452,0.83498,-0.05738,0.54726,-0.17095,-1.26487,-0.42646,
1403638616927829504,2.23285,4.27878,0.11704,-0.00466,0.83720,-0.06047,0.54352,-0.08823,-1.30552,-0.32885,
1403638617027829504,2.22956,4.15035,0.08821,0.00247,0.83403,-0.05587,0.54888,-0.01126,-1.33085,-0.23155,
1403638617127829504,2.23093,4.01590,0.06924,0.00953,0.83026,-0.04924,0.55511,0.03230,-1.34515,-0.14135,
1403638617227829504,2.23553,3.87964,0.05648,0.01299,0.83012,-0.04373,0.55571,0.07879,-1.34482,-0.07388,
1403638617327829504,2.24329,3.74480,0.04800,0.01229,0.83328,-0.04095,0.55120,0.11048,-1.33069,-0.03833,
1403638617427829504,2.25632,3.61355,0.04639,0.01312,0.83741,-0.03741,0.54514,0.16185,-1.30441,0.04375,
1403638617527829504,2.27539,3.48748,0.05365,0.01313,0.83914,-0.03441,0.54267,0.22334,-1.28069,0.12105,
1403638617627829504,2.30131,3.36478,0.06974,0.01334,0.83866,-0.03182,0.54355,0.28500,-1.25102,0.19909,
1403638617727829504,2.33527,3.24604,0.09636,0.01522,0.83697,-0.02773,0.54634,0.36357,-1.22145,0.28579,
1403638617827829504,2.37563,3.13440,0.12878,0.01575,0.83688,-0.02531,0.54658,0.41395,-1.18745,0.34595,
1403638617927829504,2.42088,3.02501,0.16807,0.01449,0.83571,-0.02443,0.54843,0.46345,-1.14338,0.39585,
1403638618027829504,2.46889,2.91602,0.20676,0.01351,0.83523,-0.02331,0.54924,0.50347,-1.10944,0.34810,
1403638618127829504,2.52278,2.81107,0.23794,0.01164,0.83534,-0.02298,0.54913,0.54664,-1.08534,0.28261,
1403638618227829504,2.57956,2.70723,0.26493,0.01113,0.83511,-0.02187,0.54954,0.58175,-1.06291,0.21802,
1403638618327829504,2.63976,2.60650,0.28542,0.01158,0.83443,-0.02053,0.55060,0.60830,-1.02786,0.17484,
1403638618427829504,2.70324,2.50871,0.30259,0.01148,0.83438,-0.01946,0.55073,0.64711,-0.99660,0.14669,
1403638618527829504,2.77042,2.41422,0.31882,0.01101,0.83386,-0.01845,0.55156,0.68071,-0.96550,0.13116,
1403638618627829504,2.84131,2.32054,0.33219,0.01368,0.83350,-0.02028,0.55198,0.72102,-0.95420,0.11445,
1403638618727829504,2.91600,2.23040,0.34623,0.01784,0.83323,-0.02251,0.55218,0.75624,-0.91297,0.14868,
1403638618827829504,2.99450,2.14460,0.36550,0.01918,0.83198,-0.02640,0.55384,0.79093,-0.86868,0.21396,
1403638618927829504,3.07683,2.06266,0.39004,0.02402,0.82932,-0.03148,0.55737,0.82189,-0.84695,0.23031,
1403638619027829504,3.16129,1.98053,0.41103,0.03266,0.82481,-0.04265,0.56285,0.83528,-0.82874,0.16074,
1403638619127829504,3.24739,1.89941,0.42437,0.04655,0.82114,-0.05830,0.56583,0.83354,-0.79890,0.07833,
1403638619227829504,3.33419,1.82220,0.43180,0.06029,0.81742,-0.07989,0.56728,0.84406,-0.76879,0.00143,
1403638619327829504,3.42068,1.74823,0.43091,0.07587,0.81370,-0.10463,0.56674,0.83137,-0.74260,-0.09934,
1403638619427829504,3.50603,1.67786,0.42142,0.08923,0.80901,-0.12796,0.56671,0.82711,-0.69988,-0.13319,
1403638619527829504,3.59140,1.60925,0.41044,0.09754,0.80493,-0.14628,0.56672,0.83586,-0.65935,-0.15119,
1403638619627829504,3.67604,1.54471,0.39741,0.10035,0.80184,-0.16179,0.56640,0.83278,-0.63371,-0.18605,
1403638619727829504,3.75854,1.48101,0.38180,0.09493,0.79908,-0.17659,0.56681,0.80103,-0.63743,-0.19645,
1403638619827829504,3.83771,1.41791,0.36472,0.09277,0.79617,-0.18555,0.56840,0.77059,-0.65188,-0.21280,
1403638619927829504,3.91031,1.35263,0.34532,0.09339,0.79455,-0.19051,0.56892,0.72557,-0.68539,-0.23198,
1403638620027829504,3.97949,1.28312,0.32088,0.09601,0.79331,-0.19243,0.56957,0.67714,-0.71900,-0.22535,
1403638620127829504,4.03899,1.21105,0.30376,0.09936,0.79052,-0.19231,0.57291,0.61476,-0.74723,-0.14563,
1403638620227829504,4.09702,1.13731,0.29170,0.10226,0.78832,-0.19172,0.57563,0.55666,-0.76402,-0.08013,
1403638620327829504,4.14237,1.06188,0.28845,0.10622,0.79004,-0.18904,0.57343,0.47587,-0.77409,0.00608,
1403638620427829504,4.18890,0.98475,0.29096,0.10760,0.79122,-0.18733,0.57211,0.42264,-0.77902,0.06600,
1403638620527829504,4.22590,0.90760,0.29902,0.10819,0.79260,-0.18494,0.57086,0.38487,-0.78676,0.04983,
1403638620627829504,4.26391,0.82895,0.30155,0.10631,0.79480,-0.18419,0.56839,0.35988,-0.79596,-0.00253,
1403638620727829504,4.29687,0.75182,0.29803,0.10256,0.79798,-0.18486,0.56439,0.32268,-0.79800,-0.05867,
1403638620827829504,4.32643,0.67451,0.29199,0.10134,0.80110,-0.18333,0.56068,0.30147,-0.81259,-0.09390,
1403638620927829504,4.35618,0.59260,0.28104,0.10627,0.80305,-0.17736,0.55890,0.29499,-0.81497,-0.12810,
1403638621027829504,4.38554,0.51070,0.26654,0.11094,0.80235,-0.17148,0.56083,0.28640,-0.81507,-0.14599,
1403638621127829504,4.41373,0.42972,0.25350,0.11157,0.80132,-0.16838,0.56310,0.27518,-0.79172,-0.10554,
1403638621227829504,4.44133,0.35012,0.24786,0.11122,0.79982,-0.16595,0.56601,0.27896,-0.78165,-0.03022,
1403638621327829504,4.47190,0.27379,0.25014,0.11288,0.80043,-0.16297,0.56570,0.28442,-0.76400,0.03193,
1403638621427829504,4.49649,0.19943,0.24990,0.11275,0.79927,-0.16088,0.56796,0.25079,-0.73678,-0.02847,
1403638621527829504,4.52076,0.12992,0.24467,0.11377,0.79733,-0.15841,0.57116,0.24015,-0.69854,-0.08652,
1403638621627829504,4.54253,0.06223,0.23382,0.11364,0.79568,-0.15700,0.57387,0.21691,-0.66688,-0.13698,
1403638621727829504,4.56020,-0.00028,0.21892,0.11395,0.79494,-0.15589,0.57514,0.18565,-0.63127,-0.17859,
1403638621827829504,4.57490,-0.06154,0.19923,0.11535,0.79267,-0.15425,0.57842,0.14275,-0.60448,-0.20717,
1403638621927829504,4.58643,-0.11802,0.17771,0.11679,0.78925,-0.15264,0.58322,0.10362,-0.55952,-0.23508,
1403638622027829504,4.59316,-0.16563,0.15320,0.11618,0.78775,-0.15282,0.58531,0.05789,-0.51122,-0.26573,
1403638622127829504,4.59669,-0.21234,0.12427,0.11360,0.78838,-0.15507,0.58439,0.01650,-0.46357,-0.30657,
1403638622227829504,4.59269,-0.25342,0.09545,0.11123,0.78870,-0.15680,0.58395,-0.03710,-0.43266,-0.26938,
1403638622327829504,4.58369,-0.29226,0.07299,0.10899,0.78865,-0.15880,0.58389,-0.09390,-0.40655,-0.20131,
1403638622427829504,4.57005,-0.32698,0.06075,0.11150,0.78960,-0.15806,0.58234,-0.17515,-0.36868,-0.10913,
1403638622527829504,4.55080,-0.36035,0.05399,0.11439,0.78965,-0.15680,0.58205,-0.21327,-0.34095,-0.04900,
1403638622627829504,4.52789,-0.38994,0.05432,0.11934,0.78812,-0.15423,0.58382,-0.25285,-0.29950,0.03214,
1403638622727829504,4.50012,-0.41238,0.07022,0.12265,0.78027,-0.15241,0.59406,-0.30673,-0.24710,0.16562,
1403638622827829504,4.46760,-0.43307,0.08945,0.12459,0.77068,-0.15183,0.60620,-0.34793,-0.19466,0.21380,
1403638622927829504,4.42552,-0.44350,0.11467,0.12415,0.77084,-0.15293,0.60581,-0.44613,-0.12088,0.19462,
1403638623027829504,4.37376,-0.44735,0.13378,0.12143,0.77702,-0.15596,0.59764,-0.53429,-0.06159,0.13497,
1403638623127829504,4.31535,-0.44842,0.14264,0.11734,0.78268,-0.15964,0.59005,-0.59907,-0.01746,0.08179,
1403638623227829504,4.24661,-0.44280,0.14963,0.11328,0.78567,-0.16267,0.58602,-0.67149,0.01487,0.02694,
1403638623327829504,4.17452,-0.43840,0.15084,0.11074,0.78910,-0.16455,0.58136,-0.71161,0.02382,-0.00956,
1403638623427829504,4.10226,-0.43561,0.14673,0.11082,0.79187,-0.16465,0.57753,-0.74663,0.03801,-0.04293,
1403638623527829504,4.02480,-0.43085,0.14218,0.10943,0.79239,-0.16549,0.57686,-0.77327,0.05729,-0.02877,
1403638623627829504,3.94611,-0.42504,0.14283,0.11229,0.79184,-0.16421,0.57743,-0.80817,0.06704,0.04549,
1403638623727829504,3.86263,-0.42032,0.15020,0.11397,0.79256,-0.16387,0.57620,-0.85143,0.07533,0.10565,
1403638623827829504,3.77667,-0.41243,0.16325,0.11565,0.79347,-0.16359,0.57470,-0.89049,0.09971,0.14861,
1403638623927829504,3.68716,-0.40303,0.17987,0.11722,0.79515,-0.16425,0.57185,-0.90951,0.11686,0.13001,
1403638624027829504,3.59689,-0.39380,0.19053,0.11735,0.79580,-0.16535,0.57060,-0.91762,0.13376,0.06919,
1403638624127829504,3.50533,-0.38089,0.19907,0.11518,0.79621,-0.16826,0.56963,-0.92929,0.14621,0.01882,
1403638624227829504,3.41436,-0.36818,0.20278,0.11271,0.79607,-0.17121,0.56943,-0.93644,0.14461,-0.02209,
1403638624327829504,3.32493,-0.35530,0.20131,0.11169,0.79536,-0.17310,0.57006,-0.92753,0.14049,-0.05135,
1403638624427829504,3.23069,-0.34060,0.19480,0.11171,0.79509,-0.17441,0.57003,-0.94241,0.14240,-0.10007,
1403638624527829504,3.13770,-0.32850,0.18515,0.11066,0.79195,-0.17674,0.57387,-0.94911,0.14147,-0.11889,
1403638624627829504,3.04346,-0.31762,0.17303,0.10831,0.78231,-0.17912,0.58667,-0.97355,0.13841,-0.14081,
1403638624727829504,2.95334,-0.30736,0.15905,0.11266,0.78490,-0.17221,0.58445,-1.01476,0.14117,-0.11338,
1403638624827829504,2.85939,-0.29586,0.15022,0.11581,0.79200,-0.16277,0.57692,-1.03149,0.15772,-0.03182,
1403638624927829504,2.75297,-0.28063,0.15009,0.11311,0.79649,-0.15743,0.57273,-1.05749,0.18442,0.03163,
1403638625027829504,2.65179,-0.26647,0.15558,0.10583,0.79809,-0.15578,0.57235,-1.05475,0.18810,0.02747,
1403638625127829504,2.54526,-0.24989,0.15742,0.09762,0.79907,-0.15638,0.57228,-1.05431,0.17869,-0.01233,
1403638625227829504,2.44327,-0.23611,0.15758,0.09353,0.80027,-0.15552,0.57152,-1.05041,0.16815,-0.04026,
1403638625327829504,2.33869,-0.22276,0.15144,0.09224,0.80053,-0.15410,0.57174,-1.04735,0.15067,-0.05543,
1403638625427829504,2.23643,-0.21207,0.15160,0.09178,0.80045,-0.15290,0.57226,-1.03818,0.13084,0.01226,
1403638625527829504,2.13105,-0.20042,0.15563,0.09173,0.80026,-0.15242,0.57266,-1.03644,0.11854,0.06747,
1403638625627829504,2.02674,-0.19105,0.16588,0.09227,0.80171,-0.15222,0.57060,-1.02947,0.10012,0.12359,
1403638625727829504,1.92270,-0.18276,0.18141,0.09112,0.80462,-0.15300,0.56646,-1.03063,0.09012,0.14879,
1403638625827829504,1.81870,-0.17608,0.19709,0.09038,0.80901,-0.15403,0.56001,-1.01217,0.07231,0.10586,
1403638625927829504,1.71843,-0.17078,0.20714,0.09151,0.81004,-0.15389,0.55838,-0.98336,0.04880,0.07424,
1403638626027829504,1.61343,-0.16743,0.21520,0.09139,0.81083,-0.15493,0.55696,-0.97262,0.03613,0.01453,
1403638626127829504,1.51667,-0.16578,0.21350,0.08969,0.81123,-0.15683,0.55611,-0.93619,0.01113,-0.02006,
1403638626227829504,1.42182,-0.16616,0.20691,0.09128,0.81112,-0.15615,0.55621,-0.91792,-0.01056,-0.07064,
1403638626327829504,1.32413,-0.16766,0.19762,0.09766,0.80923,-0.15219,0.55897,-0.89957,-0.02393,-0.09990,
1403638626427829504,1.23685,-0.17024,0.18549,0.10325,0.80716,-0.14804,0.56207,-0.87583,-0.00803,-0.13342,
1403638626527829504,1.14958,-0.17256,0.16857,0.10461,0.80849,-0.14664,0.56027,-0.85534,-0.00248,-0.15006,
1403638626627829504,1.05973,-0.17250,0.15155,0.10340,0.81056,-0.14732,0.55732,-0.83255,0.01689,-0.15514,
1403638626727829504,0.97973,-0.17249,0.13758,0.10164,0.81339,-0.14808,0.55329,-0.79965,0.02648,-0.11662,
1403638626827829504,0.90206,-0.17315,0.13000,0.09982,0.81658,-0.14909,0.54864,-0.72306,0.01139,-0.01809,
1403638626927829504,0.82412,-0.17274,0.13044,0.09978,0.81884,-0.14873,0.54537,-0.66254,0.00448,0.05729,
1403638627027829504,0.75878,-0.17254,0.13289,0.09910,0.81893,-0.14860,0.54539,-0.61524,0.00325,0.04090,
1403638627127829504,0.69032,-0.17270,0.13088,0.09838,0.81871,-0.14842,0.54591,-0.57505,-0.00583,-0.00279,
1403638627227829504,0.63345,-0.17463,0.12642,0.09776,0.81863,-0.14821,0.54619,-0.53195,-0.01560,-0.03945,
1403638627327829504,0.58046,-0.17737,0.11839,0.10033,0.81870,-0.14589,0.54625,-0.48599,-0.01549,-0.07001,
1403638627427829504,0.53211,-0.18036,0.10773,0.10145,0.81860,-0.14478,0.54648,-0.43134,-0.02328,-0.10005,
1403638627527829504,0.48885,-0.18393,0.09488,0.10109,0.81826,-0.14502,0.54699,-0.39258,-0.02206,-0.11661,
1403638627627829504,0.45080,-0.18685,0.08035,0.10429,0.81626,-0.14343,0.54980,-0.35156,-0.01682,-0.12530,
1403638627727829504,0.41705,-0.18960,0.06487,0.10517,0.81325,-0.14308,0.55416,-0.31872,-0.00984,-0.13814,
1403638627827829504,0.38623,-0.19123,0.04828,0.10631,0.81194,-0.14267,0.55596,-0.29028,0.00133,-0.14635,
1403638627927829504,0.35289,-0.19191,0.02949,0.10707,0.81309,-0.14254,0.55416,-0.26897,0.01899,-0.15741,
1403638628027829504,0.32594,-0.18831,0.01587,0.10825,0.81469,-0.14253,0.55158,-0.24334,0.03450,-0.13861,
1403638628127829504,0.30109,-0.18342,0.00271,0.10881,0.81566,-0.14308,0.54990,-0.21170,0.05104,-0.12186,
1403638628227829504,0.28149,-0.17787,-0.00917,0.10917,0.81579,-0.14381,0.54944,-0.17365,0.06774,-0.10388,
1403638628327829504,0.26749,-0.17064,-0.01869,0.10878,0.81646,-0.14495,0.54822,-0.12580,0.07947,-0.07553,
1403638628427829504,0.24973,-0.16150,-0.02492,0.10629,0.81607,-0.14689,0.54878,-0.08853,0.09552,-0.06288,
1403638628527829504,0.24442,-0.15139,-0.02791,0.09804,0.81019,-0.15323,0.55723,-0.05774,0.10057,-0.01766,
1403638628627829504,0.23873,-0.14187,-0.02802,0.09183,0.80337,-0.15787,0.56678,-0.06376,0.08509,-0.00610,
1403638628727829504,0.23366,-0.13284,-0.02971,0.08947,0.80279,-0.15963,0.56749,-0.07679,0.05846,-0.03647,
1403638628827829504,0.22016,-0.12728,-0.03603,0.09306,0.80417,-0.15757,0.56552,-0.08909,0.03331,-0.09496,
1403638628927829504,0.21014,-0.12536,-0.04594,0.09745,0.80430,-0.15511,0.56528,-0.08807,0.01483,-0.12334,
1403638629027829504,0.20117,-0.12290,-0.05652,0.10247,0.80533,-0.15164,0.56388,-0.08555,0.01468,-0.09908,
1403638629127829504,0.19166,-0.11968,-0.06529,0.10593,0.80662,-0.14892,0.56210,-0.07678,0.02110,-0.06160,
1403638629227829504,0.18258,-0.11582,-0.07105,0.10765,0.80765,-0.14742,0.56069,-0.07560,0.04104,-0.03728,
1403638629327829504,0.17401,-0.11039,-0.07439,0.10890,0.80848,-0.14681,0.55942,-0.07008,0.05824,-0.02117,
1403638629427829504,0.16716,-0.10312,-0.07708,0.10840,0.81253,-0.14776,0.55337,-0.05271,0.07083,-0.01547,
1403638629527829504,0.16492,-0.09498,-0.07787,0.10560,0.81714,-0.15054,0.54632,-0.01272,0.08542,-0.00250,
1403638629627829504,0.16469,-0.08629,-0.07761,0.09853,0.81734,-0.15606,0.54580,0.02322,0.07969,0.00838,
1403638629727829504,0.17097,-0.08062,-0.07484,0.08845,0.81320,-0.16390,0.55138,0.05108,0.04550,0.03606,
1403638629827829504,0.17748,-0.07776,-0.07197,0.08463,0.80712,-0.16713,0.55988,0.06595,0.00908,0.00223,
1403638629927829504,0.18476,-0.07937,-0.07630,0.08979,0.80096,-0.16446,0.56865,0.05014,-0.03545,-0.08333,
1403638630027829504,0.18927,-0.08309,-0.08952,0.10068,0.79519,-0.15730,0.57689,0.02127,-0.04548,-0.18780,
1403638630127829504,0.19211,-0.08643,-0.11507,0.10722,0.79563,-0.15259,0.57637,0.00307,-0.02009,-0.28716,
1403638630227829504,0.19074,-0.08823,-0.14688,0.10968,0.79978,-0.15042,0.57070,-0.03324,-0.00110,-0.35428,
1403638630327829504,0.18771,-0.08803,-0.18456,0.11198,0.80644,-0.14991,0.56093,-0.03319,0.01810,-0.40700,
1403638630427829504,0.19664,-0.08475,-0.18655,0.09726,0.81256,-0.15645,0.55301,0.12641,0.00563,0.16368,
1403638630527829504,0.20806,-0.08428,-0.17859,0.10640,0.80304,-0.14903,0.56709,0.10317,0.01687,-0.03412,
1403638630627829504,0.21829,-0.08316,-0.19096,0.10720,0.80222,-0.14930,0.56804,0.09154,0.01623,-0.26249,
1403638630727829504,0.22334,-0.08491,-0.20950,0.09749,0.82842,-0.14255,0.53282,0.02949,-0.01153,-0.01206,
1403638630827829504,0.21677,-0.08857,-0.21475,0.10183,0.82589,-0.14436,0.53544,-0.06404,0.00988,0.00067,
1403638630927829504,0.21217,-0.08774,-0.22048,0.10084,0.82676,-0.14252,0.53478,-0.06683,0.02178,-0.06167,
1403638631027829504,0.23768,-0.09587,-0.19313,0.10039,0.82772,-0.14315,0.53320,-0.00710,0.00060,0.00048,
1403638631127829504,0.20103,-0.09221,-0.22630,0.09960,0.82704,-0.14296,0.53447,-0.04945,0.00057,-0.04504,
1403638631227829504,0.20784,-0.08031,-0.23812,0.10052,0.82706,-0.14330,0.53417,-0.03978,0.02201,-0.04973,
1403638631327829504,0.20141,-0.08116,-0.24243,0.10039,0.82697,-0.14324,0.53435,-0.04393,0.01603,-0.04606,
1403638631427829504,0.19686,-0.08130,-0.24685,0.10060,0.82700,-0.14300,0.53432,-0.04301,0.01732,-0.04558,
1403638631527829504,0.19748,-0.08284,-0.25245,0.10063,0.82711,-0.14305,0.53414,-0.04126,0.01560,-0.04760,
1403638631627829504,0.19902,-0.08798,-0.25739,0.10072,0.82720,-0.14281,0.53404,-0.02583,0.00678,-0.04351,
