1403637134288319232,-0.00547,-0.02717,0.33601,-0.07496,0.79822,0.07870,0.59248,0.00512,0.01252,0.53717,
1403637134388318976,-0.00227,-0.02842,0.37988,-0.08418,0.78790,0.08294,0.60436,0.01663,0.00522,0.31857,
1403637134488318976,-0.00155,-0.02738,0.39766,-0.08577,0.78147,0.07291,0.61371,0.03227,0.01132,-0.00421,
1403637134588318976,0.00034,-0.02789,0.38515,-0.08117,0.78273,0.06515,0.61359,0.05809,-0.02222,-0.34123,
1403637134688318976,0.00274,-0.02912,0.34141,-0.06456,0.78937,0.06012,0.60755,0.06993,-0.03144,-0.63580,
1403637134788319232,0.00301,-0.02858,0.27043,-0.04345,0.79862,0.04972,0.59821,0.05288,-0.02500,-0.77387,
1403637134888318976,-0.00021,-0.03213,0.19670,-0.02414,0.81225,0.03115,0.58198,0.00268,-0.03458,-0.73833,
1403637134988318976,-0.00121,-0.03523,0.13186,-0.02208,0.82338,0.01965,0.56671,-0.02472,-0.02863,-0.57535,
1403637135088318976,-0.00233,-0.03787,0.08618,-0.02614,0.82827,0.01770,0.55944,-0.01994,-0.03478,-0.36336,
1403637135188318976,-0.00647,-0.03985,0.06311,-0.02505,0.83391,0.02115,0.55092,-0.02509,-0.02486,-0.10084,
1403637135288319232,-0.00910,-0.03907,0.07338,-0.02454,0.84334,0.02560,0.53621,0.00730,-0.01264,0.31007,
1403637135388318976,-0.00873,-0.03827,0.12310,-0.02455,0.84271,0.02881,0.53703,0.03252,-0.00194,0.66971,
1403637135488318976,-0.00638,-0.03656,0.20006,-0.02234,0.83152,0.03622,0.55386,0.03764,0.00785,0.85809,
1403637135588318976,-0.00342,-0.03412,0.28715,-0.02047,0.81856,0.04238,0.57250,0.03401,0.01755,0.86960,
1403637135688318976,-0.00045,-0.03184,0.37093,-0.02004,0.80643,0.04162,0.58953,0.02097,0.02748,0.76560,
1403637135788319232,0.00115,-0.02943,0.43721,-0.02922,0.79674,0.03812,0.60241,0.00145,0.01917,0.50797,
1403637135888318976,0.00240,-0.02971,0.47103,-0.03422,0.79251,0.03409,0.60794,0.02218,-0.01129,0.13171,
1403637135988318976,0.00584,-0.03053,0.46397,-0.03650,0.79434,0.03353,0.60545,0.02907,-0.00543,-0.27209,
1403637136088318976,0.00875,-0.03006,0.41753,-0.03519,0.79951,0.03705,0.59847,0.04340,0.00852,-0.62059,
1403637136188318976,0.01289,-0.02929,0.34300,-0.03117,0.80775,0.03953,0.58737,0.02729,0.01189,-0.82925,
1403637136288319232,0.01394,-0.02811,0.25893,-0.03049,0.82091,0.04073,0.56879,-0.01377,0.00475,-0.83772,
1403637136388318976,0.01081,-0.02879,0.18025,-0.03240,0.83554,0.04041,0.54699,-0.06352,-0.01425,-0.72764,
1403637136488318976,0.00451,-0.02917,0.11854,-0.04011,0.84776,0.03986,0.52736,-0.07149,-0.01353,-0.46957,
1403637136588318976,0.00001,-0.02987,0.08907,-0.04776,0.85437,0.03973,0.51594,-0.03769,-0.01724,-0.11084,
1403637136688318976,-0.00260,-0.03099,0.10011,-0.04663,0.85679,0.04370,0.51169,-0.00499,-0.01694,0.34010,
1403637136788319232,-0.00288,-0.03056,0.15551,-0.04870,0.85526,0.04544,0.51390,0.01138,-0.00488,0.74672,
1403637136888318976,-0.00140,-0.03084,0.24273,-0.04756,0.84569,0.04680,0.52948,0.03612,-0.01687,0.96469,
1403637136988318976,0.00165,-0.03339,0.34124,-0.04054,0.83263,0.04155,0.55077,0.03410,-0.03583,0.97449,
1403637137088318976,0.00281,-0.03625,0.43029,-0.03533,0.81891,0.03117,0.57199,0.00741,-0.01766,0.77135,
1403637137188318976,0.00294,-0.03546,0.48909,-0.04378,0.80631,0.02276,0.58944,0.00021,-0.00712,0.38618,
1403637137288319232,0.00427,-0.03702,0.50625,-0.04690,0.79908,0.02371,0.59893,0.01959,-0.02529,-0.04110,
1403637137388318976,0.00785,-0.03828,0.48033,-0.04739,0.79574,0.02647,0.60321,0.02984,0.00236,-0.44402,
1403637137488318976,0.01094,-0.03761,0.41975,-0.04681,0.79853,0.03038,0.59936,0.02873,0.00244,-0.73517,
1403637137588318976,0.01283,-0.03648,0.33687,-0.03969,0.80972,0.03823,0.58422,-0.00627,0.00794,-0.89014,
1403637137688318976,0.01316,-0.03483,0.24662,-0.03159,0.82632,0.04093,0.56082,-0.02640,0.02812,-0.89297,
1403637137788319232,0.00904,-0.03232,0.16581,-0.03609,0.83958,0.04169,0.54043,-0.08006,0.01247,-0.72876,
1403637137888318976,-0.00027,-0.03148,0.10619,-0.04266,0.84799,0.04502,0.52637,-0.09718,-0.01380,-0.44107,
1403637137988318976,-0.00646,-0.03268,0.08116,-0.04250,0.85677,0.04964,0.51155,-0.03097,-0.03348,-0.02173,
1403637138088318976,-0.00735,-0.03632,0.10466,-0.04349,0.86252,0.04910,0.50176,0.02166,-0.03074,0.48649,
1403637138188318976,-0.00275,-0.03938,0.17320,-0.04516,0.85732,0.05518,0.50982,0.07777,-0.06490,0.85496,
1403637138288319232,0.00314,-0.04459,0.26909,-0.03233,0.84233,0.06087,0.53453,0.05597,-0.03447,1.00187,
1403637138388318976,0.00694,-0.04501,0.36709,-0.02730,0.82288,0.05423,0.56496,0.02911,0.00638,0.91917,
1403637138488318976,0.00755,-0.04322,0.44594,-0.02122,0.80546,0.04589,0.59049,-0.00544,0.00663,0.62707,
1403637138588318976,0.00646,-0.04358,0.48745,-0.01991,0.79464,0.04012,0.60542,-0.00216,-0.00663,0.20140,
1403637138688318976,0.00764,-0.04433,0.48383,-0.02359,0.79158,0.03904,0.60935,0.03020,0.00382,-0.24561,
1403637138788319232,0.01327,-0.04481,0.43960,-0.02882,0.79584,0.03711,0.60368,0.07085,-0.00001,-0.61478,
1403637138888318976,0.02128,-0.04496,0.36564,-0.02827,0.80550,0.03511,0.59087,0.06266,0.00254,-0.84408,
1403637138988318976,0.02650,-0.04423,0.27740,-0.03590,0.81449,0.03691,0.57788,0.03800,0.03465,-0.89987,
1403637139088318976,0.02871,-0.04210,0.19215,-0.05042,0.82043,0.03734,0.56829,0.00793,0.04555,-0.79841,
1403637139188318976,0.02833,-0.03615,0.11964,-0.06007,0.82500,0.03884,0.56059,-0.01147,0.04518,-0.63199,
1403637139288319232,0.02809,-0.03326,0.06822,-0.06336,0.82703,0.04278,0.55693,0.02155,0.03096,-0.39581,
1403637139388318976,0.03203,-0.03015,0.04086,-0.06299,0.82767,0.04879,0.55554,0.04215,0.01390,-0.20062,
1403637139488318976,0.03548,-0.02767,0.02734,-0.06834,0.82581,0.05703,0.55688,0.02835,0.02002,-0.10090,
1403637139588318976,0.03677,-0.02515,0.01913,-0.07327,0.82223,0.06024,0.56120,0.01839,0.02211,-0.06600,
1403637139688318976,0.03813,-0.02304,0.01217,-0.07335,0.81849,0.06408,0.56620,0.01343,0.01378,-0.07756,
1403637139788319232,0.03925,-0.02255,0.00369,-0.07396,0.81708,0.06583,0.56797,0.00348,-0.01205,-0.07425,
1403637139888318976,0.03870,-0.02474,0.00057,-0.07642,0.81124,0.06325,0.57624,-0.00836,-0.03264,-0.01259,
1403637139988318976,0.03717,-0.02722,-0.00122,-0.07668,0.80656,0.05546,0.58353,-0.03504,-0.01908,-0.02100,
1403637140088318976,0.03414,-0.02987,-0.00103,-0.07535,0.80082,0.04819,0.59219,-0.03481,-0.02882,0.01107,
1403637140188318976,0.03130,-0.03199,-0.00008,-0.07293,0.79572,0.04323,0.59970,-0.01702,-0.02752,-0.01496,
1403637140288319232,0.03090,-0.03437,-0.00142,-0.07067,0.79674,0.04060,0.59880,-0.00386,-0.01506,-0.01818,
1403637140388318976,0.03079,-0.03479,-0.00189,-0.07370,0.79644,0.03784,0.59902,0.00349,0.00309,0.00889,
1403637140488318976,0.03065,-0.03476,-0.00188,-0.07375,0.79655,0.03757,0.59888,-0.00269,0.00128,0.00110,
1403637140588318976,0.03059,-0.03449,-0.00187,-0.07479,0.79658,0.03680,0.59876,-0.00239,0.00044,-0.00020,
1403637140688318976,0.03059,-0.03448,-0.00189,-0.07488,0.79661,0.03681,0.59870,-0.00093,0.00338,0.00113,
1403637140788319232,0.03055,-0.03449,-0.00186,-0.07480,0.79668,0.03681,0.59862,-0.00190,0.00278,0.00095,
1403637140888318976,0.03052,-0.03450,-0.00184,-0.07468,0.79675,0.03660,0.59856,-0.00203,-0.00209,0.00118,
1403637140988318976,0.03051,-0.03451,-0.00184,-0.07461,0.79680,0.03655,0.59851,-0.00058,-0.00180,0.00228,
1403637141088318976,0.03049,-0.03451,-0.00182,-0.07449,0.79684,0.03645,0.59847,-0.00192,-0.00126,0.00245,
1403637141188318976,0.03047,-0.03452,-0.00181,-0.07434,0.79691,0.03637,0.59841,-0.00138,0.00087,0.00273,
1403637141288319232,0.03046,-0.03454,-0.00180,-0.07422,0.79694,0.03635,0.59838,-0.00143,0.00119,0.00209,
1403637141388318976,0.03044,-0.03455,-0.00179,-0.07411,0.79698,0.03628,0.59834,-0.00114,-0.00020,0.00157,
1403637141488318976,0.03044,-0.03456,-0.00180,-0.07400,0.79702,0.03621,0.59831,-0.00159,0.00064,0.00166,
1403637141588318976,0.03042,-0.03456,-0.00178,-0.07389,0.79708,0.03614,0.59825,-0.00135,0.00005,0.00232,
1403637141688318976,0.03040,-0.03458,-0.00180,-0.07384,0.79711,0.03598,0.59822,-0.00107,0.00011,0.00190,
1403637141788319232,0.03038,-0.03459,-0.00179,-0.07373,0.79715,0.03597,0.59818,-0.00118,0.00089,0.00233,
1403637141888318976,0.03037,-0.03462,-0.00180,-0.07362,0.79718,0.03592,0.59816,0.00053,0.00149,0.00264,
1403637141988318976,0.03037,-0.03462,-0.00181,-0.07355,0.79720,0.03581,0.59815,-0.00142,-0.00145,0.00186,
1403637142088318976,0.03035,-0.03462,-0.00180,-0.07347,0.79724,0.03579,0.59811,-0.00169,0.00043,0.00130,
1403637142188318976,0.03035,-0.03463,-0.00180,-0.07344,0.79725,0.03577,0.59810,-0.00144,0.00042,0.00191,
1403637142288319232,0.03034,-0.03462,-0.00181,-0.07338,0.79727,0.03567,0.59808,-0.00183,-0.00046,0.00209,
1403637142388318976,0.03032,-0.03465,-0.00182,-0.07321,0.79730,0.03564,0.59806,-0.00095,-0.00007,0.00094,
1403637142488318976,0.03034,-0.03465,-0.00183,-0.07325,0.79733,0.03557,0.59803,-0.00144,-0.00079,0.00134,
1403637142588318976,0.03033,-0.03466,-0.00184,-0.07318,0.79733,0.03552,0.59804,-0.00129,-0.00004,0.00131,
1403637142688318976,0.03032,-0.03467,-0.00184,-0.07310,0.79738,0.03548,0.59799,-0.00157,-0.00083,0.00235,
1403637142788319232,0.03030,-0.03469,-0.00185,-0.07301,0.79741,0.03536,0.59796,-0.00129,-0.00037,0.00178,
1403637142888318976,0.03027,-0.03470,-0.00186,-0.07285,0.79743,0.03526,0.59796,-0.00194,-0.00059,0.00178,
1403637142988318976,0.03025,-0.03471,-0.00185,-0.07286,0.79745,0.03522,0.59793,-0.00209,-0.00111,0.00178,
1403637143088318976,0.03025,-0.03473,-0.00186,-0.07272,0.79749,0.03514,0.59790,-0.00130,-0.00034,0.00166,
1403637143188318976,0.03024,-0.03473,-0.00186,-0.07263,0.79752,0.03509,0.59788,-0.00157,-0.00108,0.00214,
1403637143288319232,0.03024,-0.03474,-0.00187,-0.07256,0.79753,0.03504,0.59788,-0.00079,-0.00048,0.00180,
1403637143388318976,0.03023,-0.03476,-0.00189,-0.07247,0.79755,0.03500,0.59786,-0.00018,-0.00031,0.00116,
1403637143488318976,0.03024,-0.03476,-0.00190,-0.07241,0.79753,0.03491,0.59790,0.00031,0.00020,0.00337,
1403637143588318976,0.03024,-0.03477,-0.00190,-0.07227,0.79753,0.03484,0.59792,-0.00278,-0.00014,0.00103,
1403637143688318976,0.03022,-0.03479,-0.00194,-0.07225,0.79761,0.03478,0.59783,-0.00121,0.00036,0.00127,
1403637143788319232,0.03021,-0.03478,-0.00194,-0.07216,0.79759,0.03473,0.59786,-0.00111,0.00001,0.00190,
1403637143888318976,0.03021,-0.03479,-0.00195,-0.07208,0.79761,0.03466,0.59785,-0.00227,-0.00049,0.00090,
1403637143988318976,0.03022,-0.03476,-0.00196,-0.07221,0.79763,0.03486,0.59780,-0.00192,-0.00294,-0.00276,
1403637144088318976,0.03017,-0.03473,-0.00193,-0.07219,0.79763,0.03476,0.59781,-0.00236,-0.00289,-0.00158,
1403637144188318976,0.03017,-0.03478,-0.00195,-0.07209,0.79767,0.03460,0.59776,-0.00389,-0.00644,0.00139,
1403637144288319232,0.03017,-0.03478,-0.00195,-0.07227,0.79774,0.03456,0.59766,-0.00224,-0.00331,0.00242,
1403637144388318976,0.03016,-0.03472,-0.00192,-0.07243,0.79762,0.03458,0.59779,-0.00117,0.01158,0.00354,
1403637144488318976,0.03018,-0.03473,-0.00190,-0.07258,0.79755,0.03473,0.59787,-0.00171,0.00757,0.00251,
1403637144588318976,0.03014,-0.03478,-0.00192,-0.07223,0.79766,0.03436,0.59777,-0.00094,-0.00964,0.00425,
1403637144688318976,0.03018,-0.03480,-0.00195,-0.07237,0.79766,0.03444,0.59775,0.00006,0.00314,0.00472,
1403637144788319232,0.03018,-0.03478,-0.00195,-0.07243,0.79755,0.03457,0.59789,0.00043,0.00851,0.00198,
1403637144888318976,0.03021,-0.03472,-0.00194,-0.07250,0.79757,0.03467,0.59785,-0.00070,0.00471,0.00131,
1403637144988318976,0.03026,-0.03466,-0.00201,-0.07257,0.79764,0.03501,0.59772,-0.00066,-0.00510,-0.00202,
1403637145088318976,0.03028,-0.03476,-0.00200,-0.07240,0.79765,0.03478,0.59775,-0.00183,-0.00537,-0.00358,
1403637145188318976,0.03025,-0.03479,-0.00201,-0.07226,0.79771,0.03458,0.59769,-0.00080,-0.00525,-0.00111,
1403637145288319232,0.03025,-0.03479,-0.00201,-0.07227,0.79772,0.03452,0.59769,-0.00086,-0.00139,0.00140,
1403637145388318976,0.03025,-0.03481,-0.00202,-0.07224,0.79768,0.03454,0.59774,-0.00098,0.00004,0.00098,
1403637145488318976,0.03026,-0.03482,-0.00203,-0.07225,0.79765,0.03450,0.59778,-0.00062,0.00054,0.00082,
1403637145588318976,0.03026,-0.03481,-0.00204,-0.07216,0.79765,0.03451,0.59779,-0.00183,0.00252,0.00179,
1403637145688318976,0.03026,-0.03480,-0.00203,-0.07216,0.79770,0.03457,0.59772,0.00027,0.00132,0.00226,
1403637145788319232,0.03026,-0.03482,-0.00204,-0.07211,0.79769,0.03451,0.59775,-0.00079,-0.00027,0.00097,
1403637145888318976,0.03025,-0.03482,-0.00203,-0.07198,0.79771,0.03442,0.59774,-0.00142,-0.00157,0.00120,
1403637145988318976,0.03026,-0.03482,-0.00202,-0.07200,0.79772,0.03449,0.59772,-0.00081,0.00024,-0.00029,
1403637146088318976,0.03028,-0.03482,-0.00202,-0.07202,0.79773,0.03447,0.59770,0.00035,-0.00101,0.00011,
1403637146188318976,0.03028,-0.03485,-0.00203,-0.07190,0.79771,0.03458,0.59774,-0.00118,0.00126,0.00177,
1403637146288319232,0.03029,-0.03480,-0.00198,-0.07219,0.79767,0.03444,0.59776,-0.00219,0.00015,0.00125,
1403637146388318976,0.03029,-0.03480,-0.00199,-0.07225,0.79766,0.03451,0.59777,-0.00379,-0.00466,-0.00163,
1403637146488318976,0.03028,-0.03475,-0.00197,-0.07240,0.79768,0.03462,0.59772,-0.00089,-0.00010,-0.00281,
1403637146588318976,0.03029,-0.03476,-0.00199,-0.07256,0.79767,0.03467,0.59771,-0.00136,-0.00024,-0.00199,
1403637146688318976,0.03028,-0.03476,-0.00200,-0.07245,0.79763,0.03474,0.59777,-0.00171,0.00205,0.00034,
1403637146788319232,0.03028,-0.03477,-0.00198,-0.07240,0.79765,0.03479,0.59775,-0.00186,0.00142,-0.00273,
1403637146888318976,0.03029,-0.03476,-0.00199,-0.07241,0.79763,0.03490,0.59776,-0.00181,0.00230,-0.00190,
1403637146988318976,0.03029,-0.03479,-0.00197,-0.07226,0.79761,0.03500,0.59780,-0.00177,0.00242,-0.00042,
1403637147088318976,0.03031,-0.03479,-0.00199,-0.07239,0.79764,0.03497,0.59775,-0.00054,-0.00265,-0.00176,
1403637147188318976,0.03029,-0.03476,-0.00198,-0.07244,0.79762,0.03500,0.59778,-0.00026,-0.00177,-0.00080,
1403637147288319232,0.03032,-0.03478,-0.00199,-0.07248,0.79761,0.03498,0.59778,0.00041,0.00079,0.00116,
1403637147388318976,0.03033,-0.03476,-0.00201,-0.07262,0.79757,0.03503,0.59781,-0.00098,0.00070,0.00095,
1403637147488318976,0.03033,-0.03475,-0.00202,-0.07268,0.79757,0.03510,0.59781,0.00005,0.00103,-0.00027,
1403637147588318976,0.03036,-0.03474,-0.00202,-0.07279,0.79755,0.03511,0.59782,0.00121,0.00419,-0.00145,
1403637147688318976,0.03034,-0.03475,-0.00202,-0.07280,0.79753,0.03516,0.59784,-0.00050,0.00117,-0.00174,
1403637147788319232,0.03034,-0.03475,-0.00203,-0.07280,0.79752,0.03512,0.59786,-0.00050,-0.00070,-0.00053,
1403637147888318976,0.03034,-0.03476,-0.00203,-0.07281,0.79752,0.03512,0.59785,-0.00123,-0.00044,-0.00050,
1403637147988318976,0.03034,-0.03474,-0.00203,-0.07287,0.79751,0.03517,0.59786,-0.00070,0.00086,-0.00164,
1403637148088318976,0.03036,-0.03475,-0.00202,-0.07283,0.79749,0.03516,0.59789,0.00046,0.00042,-0.00104,
1403637148188318976,0.03037,-0.03476,-0.00198,-0.07282,0.79747,0.03519,0.59792,-0.00018,0.00209,-0.00229,
1403637148288319232,0.03035,-0.03474,-0.00197,-0.07304,0.79746,0.03541,0.59789,0.00042,0.00117,0.00212,
1403637148388318976,0.03035,-0.03471,-0.00201,-0.07309,0.79745,0.03550,0.59789,0.00254,0.00193,-0.00225,
1403637148488318976,0.03033,-0.03470,-0.00200,-0.07328,0.79752,0.03579,0.59775,0.00020,0.00104,-0.00342,
1403637148588318976,0.03033,-0.03468,-0.00199,-0.07339,0.79751,0.03603,0.59774,-0.00036,0.00348,-0.00063,
1403637148688318976,0.03024,-0.03467,-0.00203,-0.07397,0.79766,0.03663,0.59743,-0.00149,0.00304,0.00038,
1403637148788319232,0.03018,-0.03465,-0.00203,-0.07430,0.79783,0.03718,0.59712,-0.00219,0.00069,-0.00103,
1403637148888318976,0.03006,-0.03468,-0.00205,-0.07459,0.79799,0.03781,0.59684,-0.00533,0.00269,0.00017,
1403637148988318976,0.03003,-0.03468,-0.00204,-0.07519,0.79806,0.03844,0.59663,0.01016,-0.00100,-0.00331,
1403637149088318976,0.02994,-0.03470,-0.00208,-0.07554,0.79814,0.03903,0.59644,0.00611,-0.00038,-0.00088,
1403637149188318976,0.02987,-0.03480,-0.00210,-0.07566,0.79823,0.03967,0.59626,0.00235,-0.00370,-0.00279,
1403637149288319232,0.02977,-0.03487,-0.00207,-0.07615,0.79828,0.04007,0.59611,-0.00318,-0.00009,-0.00139,
1403637149388318976,0.02972,-0.03495,-0.00206,-0.07672,0.79842,0.04091,0.59580,-0.00353,-0.00483,-0.00053,
1403637149488318976,0.02951,-0.03507,-0.00203,-0.07734,0.79865,0.04237,0.59530,-0.00026,-0.00236,-0.00732,
1403637149588318976,0.02947,-0.03529,-0.00211,-0.07793,0.79996,0.04586,0.59320,-0.00328,-0.00479,-0.01004,
1403637149688318976,0.02882,-0.03562,-0.00242,-0.08130,0.80406,0.05670,0.58623,-0.01600,-0.00819,0.00435,
1403637149788319232,0.02836,-0.03721,-0.00274,-0.08374,0.80690,0.06117,0.58151,0.01274,-0.01419,0.01442,
1403637149888318976,0.02882,-0.04095,-0.00275,-0.08545,0.81468,0.06376,0.57002,0.01317,-0.07273,0.00113,
1403637149988318976,0.02921,-0.04978,-0.00020,-0.07798,0.82551,0.07026,0.55454,0.01156,-0.11002,0.07203,
1403637150088318976,0.03214,-0.06330,0.01015,-0.06362,0.83522,0.07786,0.54065,0.05606,-0.15215,0.14310,
1403637150188318976,0.04220,-0.07861,0.02841,-0.05286,0.83876,0.08047,0.53593,0.13743,-0.15306,0.21138,
1403637150288319232,0.06067,-0.09308,0.05337,-0.04815,0.83626,0.07849,0.54055,0.22215,-0.12804,0.27793,
1403637150388318976,0.08622,-0.10555,0.08268,-0.04852,0.82971,0.07348,0.55120,0.28365,-0.10693,0.30493,
1403637150488318976,0.11566,-0.11738,0.11209,-0.04829,0.82390,0.06930,0.56040,0.30578,-0.11229,0.28463,
1403637150588318976,0.14661,-0.12864,0.13948,-0.04659,0.82187,0.06590,0.56393,0.31470,-0.10819,0.25983,
1403637150688318976,0.17929,-0.13892,0.16467,-0.04496,0.82091,0.06350,0.56574,0.32560,-0.10036,0.23382,
1403637150788319232,0.21299,-0.14928,0.18773,-0.04259,0.82065,0.06263,0.56638,0.34134,-0.09467,0.21954,
1403637150888318976,0.24747,-0.15851,0.21017,-0.04038,0.81756,0.06219,0.57104,0.33843,-0.07861,0.21306,
1403637150988318976,0.28110,-0.16668,0.23012,-0.04012,0.81300,0.06177,0.57758,0.32443,-0.06552,0.17199,
1403637151088318976,0.31221,-0.17476,0.24673,-0.04025,0.80879,0.06237,0.58339,0.30047,-0.06226,0.14495,
1403637151188318976,0.33954,-0.18174,0.25966,-0.04101,0.80545,0.06394,0.58777,0.25659,-0.05972,0.11481,
1403637151288319232,0.36262,-0.18784,0.27394,-0.04343,0.80924,0.06430,0.58233,0.19416,-0.05319,0.17914,
1403637151388318976,0.38277,-0.19291,0.29656,-0.05243,0.81438,0.06043,0.57480,0.19341,-0.05065,0.28580,
1403637151488318976,0.40233,-0.19874,0.32883,-0.05553,0.81723,0.06013,0.57047,0.18418,-0.06657,0.34076,
1403637151588318976,0.42077,-0.20679,0.36114,-0.05364,0.81777,0.06259,0.56961,0.18875,-0.08654,0.30411,
1403637151688318976,0.44019,-0.21766,0.39061,-0.05117,0.81746,0.06544,0.56997,0.19028,-0.10064,0.25596,
1403637151788319232,0.45858,-0.22958,0.41260,-0.05034,0.81789,0.06700,0.56924,0.18704,-0.11014,0.19123,
1403637151888318976,0.47646,-0.24166,0.42849,-0.04946,0.81764,0.06855,0.56950,0.19375,-0.11536,0.14400,
1403637151988318976,0.50330,-0.25036,0.44148,-0.04950,0.81798,0.06970,0.56886,0.21469,-0.09890,0.15722,
1403637152088318976,0.51946,-0.26330,0.46162,-0.05076,0.81851,0.06910,0.56805,0.18269,-0.10765,0.20799,
1403637152188318976,0.53900,-0.27550,0.48463,-0.05145,0.81973,0.06810,0.56636,0.19225,-0.11642,0.19527,
1403637152288319232,0.56279,-0.28747,0.49848,-0.05309,0.82062,0.06760,0.56498,0.20592,-0.12280,0.11408,
1403637152388318976,0.58629,-0.29978,0.51057,-0.05330,0.82121,0.06688,0.56418,0.22007,-0.12914,0.05793,
1403637152488318976,0.61062,-0.31189,0.51520,-0.05233,0.82164,0.06719,0.56360,0.24117,-0.12510,-0.00861,
1403637152588318976,0.63654,-0.32515,0.51282,-0.05169,0.82174,0.06733,0.56350,0.25813,-0.13114,-0.06077,
1403637152688318976,0.66351,-0.33905,0.50759,-0.05160,0.82080,0.06701,0.56492,0.27967,-0.13739,-0.06849,
1403637152788319232,0.69175,-0.35303,0.50451,-0.05431,0.81845,0.06503,0.56830,0.28037,-0.13845,-0.01647,
1403637152888318976,0.71867,-0.36844,0.50783,-0.05551,0.81579,0.06424,0.57208,0.23366,-0.15620,0.07387,
1403637152988318976,0.74454,-0.38661,0.51899,-0.05432,0.81452,0.06542,0.57387,0.21611,-0.17675,0.13766,
1403637153088318976,0.76712,-0.40526,0.53336,-0.05209,0.81456,0.06620,0.57393,0.20929,-0.19036,0.12337,
1403637153188318976,0.79104,-0.42273,0.54239,-0.05040,0.81593,0.06660,0.57208,0.21331,-0.19004,0.06462,
1403637153288319232,0.81496,-0.44106,0.54652,-0.04740,0.81679,0.06787,0.57096,0.21009,-0.18571,0.01218,
1403637153388318976,0.83948,-0.45863,0.54550,-0.04494,0.81702,0.06864,0.57075,0.21868,-0.18080,0.00289,
1403637153488318976,0.86163,-0.47692,0.55001,-0.04306,0.81863,0.06958,0.56846,0.20878,-0.17398,0.07202,
1403637153588318976,0.88564,-0.49296,0.55995,-0.04298,0.82092,0.06920,0.56520,0.22915,-0.15435,0.13600,
1403637153688318976,0.91295,-0.50883,0.57779,-0.04259,0.82058,0.06885,0.56577,0.25574,-0.13146,0.21390,
1403637153788319232,0.93763,-0.52295,0.59966,-0.04265,0.81848,0.06905,0.56877,0.26481,-0.11789,0.19741,
1403637153888318976,0.96366,-0.53534,0.61495,-0.04387,0.81709,0.06848,0.57074,0.26358,-0.12003,0.13193,
1403637153988318976,0.99155,-0.54734,0.62289,-0.04458,0.81569,0.06801,0.57275,0.26091,-0.10918,0.04988,
1403637154088318976,1.01681,-0.55722,0.62247,-0.04645,0.81722,0.06730,0.57049,0.25081,-0.10683,-0.04389,
1403637154188318976,1.04269,-0.56712,0.61338,-0.05593,0.82384,0.05995,0.56086,0.25402,-0.11252,-0.12223,
1403637154288319232,1.06811,-0.57801,0.59971,-0.06699,0.82904,0.05124,0.55280,0.28387,-0.14165,-0.15625,
1403637154388318976,1.09992,-0.59525,0.58476,-0.06665,0.82962,0.05045,0.55204,0.33483,-0.19551,-0.17026,
1403637154488318976,1.13539,-0.61585,0.56711,-0.05967,0.82427,0.05418,0.56044,0.36683,-0.22841,-0.18391,
1403637154588318976,1.17350,-0.64011,0.54955,-0.05155,0.82171,0.05786,0.56462,0.39622,-0.25549,-0.15089,
1403637154688318976,1.21257,-0.66553,0.53214,-0.03970,0.82442,0.06244,0.56112,0.39325,-0.25921,-0.16207,
1403637154788319232,1.25403,-0.69224,0.51564,-0.02929,0.82864,0.06007,0.55578,0.42683,-0.24925,-0.14616,
1403637154888318976,1.29784,-0.71686,0.50253,-0.02279,0.83188,0.04962,0.55227,0.45724,-0.23180,-0.10118,
1403637154988318976,1.34572,-0.74133,0.49605,-0.01807,0.83393,0.03971,0.55014,0.50638,-0.21462,-0.04310,
1403637155088318976,1.39750,-0.76417,0.50072,-0.01213,0.83273,0.02804,0.55283,0.55979,-0.20364,0.07146,
1403637155188318976,1.45332,-0.78624,0.51334,-0.00671,0.82772,0.01440,0.56092,0.58192,-0.18421,0.14116,
1403637155288319232,1.51106,-0.80496,0.53230,-0.00224,0.82364,0.00737,0.56706,0.60049,-0.16476,0.19803,
1403637155388318976,1.56973,-0.82180,0.55280,0.00170,0.81938,-0.00063,0.57325,0.60536,-0.17176,0.16896,
1403637155488318976,1.62736,-0.84141,0.56624,0.00871,0.81609,-0.01392,0.57769,0.57397,-0.18561,0.08199,
1403637155588318976,1.68302,-0.86069,0.57146,0.01308,0.81479,-0.02888,0.57890,0.56891,-0.18421,0.00447,
1403637155688318976,1.73856,-0.87936,0.56925,0.01334,0.81487,-0.04306,0.57788,0.53966,-0.19320,-0.06109,
1403637155788319232,1.79145,-0.89947,0.56056,0.01641,0.81428,-0.05836,0.57729,0.51107,-0.22645,-0.12322,
1403637155888318976,1.84290,-0.92340,0.54642,0.02455,0.81450,-0.07641,0.57458,0.48904,-0.28073,-0.17477,
1403637155988318976,1.89228,-0.95339,0.52824,0.03815,0.81481,-0.09532,0.57056,0.48485,-0.31893,-0.18996,
1403637156088318976,1.94023,-0.98669,0.51037,0.04918,0.81044,-0.11736,0.57183,0.45455,-0.35198,-0.18904,
1403637156188318976,1.98390,-1.02561,0.49298,0.06119,0.80494,-0.14065,0.57319,0.42054,-0.40446,-0.18731,
1403637156288319232,2.02272,-1.07158,0.47762,0.07518,0.79916,-0.16505,0.57311,0.35730,-0.45343,-0.15800,
1403637156388318976,2.05466,-1.12244,0.46291,0.08984,0.79368,-0.18959,0.57101,0.30518,-0.51415,-0.14536,
1403637156488318976,2.08219,-1.17830,0.44751,0.10497,0.78787,-0.21258,0.56837,0.24696,-0.56218,-0.16279,
1403637156588318976,2.10631,-1.23807,0.42956,0.12061,0.78131,-0.23301,0.56632,0.20244,-0.61156,-0.18270,
1403637156688318976,2.12675,-1.30202,0.40725,0.13720,0.77492,-0.25182,0.56326,0.14963,-0.65218,-0.23970,
1403637156788319232,2.14441,-1.36868,0.37794,0.15309,0.77106,-0.26624,0.55781,0.11424,-0.66924,-0.31122,
1403637156888318976,2.16185,-1.43776,0.34325,0.16513,0.77264,-0.27413,0.54827,0.10731,-0.67928,-0.34884,
1403637156988318976,2.17770,-1.50907,0.30365,0.17335,0.77551,-0.27730,0.54004,0.10218,-0.68260,-0.41593,
1403637157088318976,2.19642,-1.57959,0.25844,0.17364,0.77782,-0.28030,0.53505,0.12812,-0.69281,-0.43195,
1403637157188318976,2.21664,-1.65179,0.21596,0.16965,0.77819,-0.28313,0.53430,0.16818,-0.72203,-0.37260,
1403637157288319232,2.23615,-1.72762,0.18203,0.16548,0.77752,-0.28466,0.53577,0.18118,-0.76052,-0.29853,
1403637157388318976,2.25428,-1.80725,0.15770,0.15870,0.77635,-0.28660,0.53848,0.18084,-0.80051,-0.20636,
1403637157488318976,2.27058,-1.89158,0.14316,0.14978,0.77540,-0.28898,0.54113,0.16911,-0.86063,-0.11178,
1403637157588318976,2.28439,-1.98302,0.13803,0.14363,0.77488,-0.28915,0.54344,0.13380,-0.92803,-0.04497,
1403637157688318976,2.29274,-2.07880,0.13897,0.14126,0.77558,-0.28735,0.54402,0.09233,-0.99563,0.02495,
1403637157788319232,2.29923,-2.18292,0.14813,0.14169,0.77438,-0.28441,0.54715,0.07045,-1.06897,0.08945,
1403637157888318976,2.30101,-2.29446,0.15940,0.14742,0.77161,-0.27952,0.55205,0.02980,-1.12661,0.04982,
1403637157988318976,2.30001,-2.40541,0.16036,0.15491,0.76994,-0.27419,0.55499,-0.00981,-1.14861,-0.01856,
1403637158088318976,2.29505,-2.52278,0.16234,0.16391,0.76991,-0.26817,0.55538,-0.03548,-1.16892,0.00863,
1403637158188318976,2.29021,-2.64056,0.16844,0.16746,0.76999,-0.26553,0.55549,-0.06021,-1.16459,0.08250,
1403637158288319232,2.27977,-2.75500,0.18162,0.16971,0.76869,-0.26757,0.55562,-0.11591,-1.15146,0.12167,
1403637158388318976,2.26769,-2.86961,0.19601,0.17406,0.76545,-0.27603,0.55461,-0.14830,-1.14837,0.13858,
1403637158488318976,2.24949,-2.98471,0.20750,0.18058,0.75947,-0.28968,0.55378,-0.18363,-1.15333,0.08247,
1403637158588318976,2.22821,-3.10006,0.21217,0.18515,0.75117,-0.30963,0.55281,-0.22798,-1.15790,0.00752,
1403637158688318976,2.20037,-3.21573,0.20989,0.19288,0.74200,-0.33084,0.55026,-0.30504,-1.15771,-0.04733,
1403637158788319232,2.16804,-3.33708,0.20052,0.20407,0.73495,-0.34899,0.54444,-0.36175,-1.15321,-0.10097,
1403637158888318976,2.13020,-3.45507,0.18673,0.21297,0.73270,-0.36149,0.53584,-0.40715,-1.16045,-0.10241,
1403637158988318976,2.08987,-3.57534,0.17702,0.22412,0.73390,-0.36547,0.52686,-0.41938,-1.19153,-0.03836,
1403637159088318976,2.04841,-3.69633,0.17332,0.23050,0.73450,-0.36812,0.52141,-0.43044,-1.19463,0.01054,
1403637159188318976,2.00691,-3.81664,0.17150,0.22789,0.73174,-0.37272,0.52317,-0.43890,-1.19221,-0.02643,
1403637159288319232,1.96267,-3.93792,0.16340,0.22234,0.72958,-0.37621,0.52606,-0.46235,-1.20475,-0.08580,
1403637159388318976,1.91777,-4.06450,0.15140,0.21781,0.72949,-0.37712,0.52743,-0.48774,-1.22576,-0.13317,
1403637159488318976,1.86845,-4.19146,0.13618,0.21666,0.73041,-0.37451,0.52849,-0.51530,-1.25957,-0.16718,
1403637159588318976,1.81651,-4.32163,0.11550,0.22108,0.73526,-0.36831,0.52427,-0.53878,-1.28510,-0.19577,
1403637159688318976,1.76208,-4.44673,0.09554,0.22570,0.73916,-0.36271,0.52072,-0.53746,-1.30786,-0.17388,
1403637159788319232,1.71055,-4.58096,0.07965,0.22910,0.74086,-0.35848,0.51973,-0.51383,-1.33947,-0.08984,
1403637159888318976,1.65915,-4.71203,0.07220,0.23469,0.74004,-0.35886,0.51815,-0.52735,-1.34995,-0.06790,
1403637159988318976,1.60666,-4.84243,0.06553,0.24096,0.73581,-0.37020,0.51330,-0.52482,-1.34983,-0.09709,
1403637160088318976,1.55421,-4.97031,0.05707,0.25073,0.72404,-0.38582,0.51385,-0.51519,-1.34545,-0.11629,
1403637160188318976,1.50068,-5.09932,0.04718,0.26266,0.70979,-0.40420,0.51365,-0.53703,-1.33133,-0.14521,
1403637160288319232,1.44462,-5.22513,0.03260,0.27806,0.69672,-0.42389,0.50753,-0.56149,-1.29051,-0.18855,
1403637160388318976,1.38802,-5.34818,0.01340,0.29432,0.68293,-0.44574,0.49829,-0.59570,-1.25305,-0.22389,
1403637160488318976,1.32817,-5.47088,-0.00893,0.31344,0.66981,-0.46756,0.48424,-0.61323,-1.23784,-0.25392,
1403637160588318976,1.26801,-5.59323,-0.03386,0.33210,0.65671,-0.48951,0.46778,-0.61820,-1.20541,-0.28633,
1403637160688318976,1.21013,-5.71183,-0.06074,0.34715,0.64511,-0.50913,0.45177,-0.58996,-1.18151,-0.28097,
1403637160788319232,1.15657,-5.83018,-0.08527,0.35556,0.63847,-0.52356,0.43797,-0.54597,-1.18408,-0.20896,
1403637160888318976,1.10752,-5.94798,-0.10211,0.36005,0.63281,-0.53314,0.43090,-0.49533,-1.18964,-0.12469,
1403637160988318976,1.06635,-6.06856,-0.10928,0.35866,0.62965,-0.54141,0.42635,-0.44346,-1.19787,-0.01519,
1403637161088318976,1.03066,-6.19099,-0.10374,0.35332,0.62522,-0.54888,0.42778,-0.38811,-1.26923,0.12524,
1403637161188318976,0.99455,-6.32179,-0.08754,0.34540,0.61646,-0.55608,0.43755,-0.39631,-1.31615,0.22042,
1403637161288319232,0.95646,-6.45074,-0.06046,0.33745,0.60550,-0.56168,0.45167,-0.44488,-1.32442,0.29212,
1403637161388318976,0.90900,-6.58212,-0.02877,0.33617,0.60259,-0.56201,0.45610,-0.53617,-1.33384,0.34571,
1403637161488318976,0.85011,-6.71607,0.00740,0.34354,0.60378,-0.56047,0.45089,-0.61934,-1.34228,0.37974,
1403637161588318976,0.78295,-6.85012,0.04352,0.35081,0.60102,-0.56499,0.44327,-0.68423,-1.34198,0.36442,
1403637161688318976,0.71038,-6.98300,0.07639,0.36039,0.59421,-0.56948,0.43902,-0.73250,-1.34831,0.33192,
1403637161788319232,0.63468,-7.11236,0.10586,0.37640,0.58536,-0.56767,0.43981,-0.76872,-1.32673,0.29304,
1403637161888318976,0.55514,-7.23949,0.13239,0.39610,0.57405,-0.56225,0.44434,-0.79589,-1.26363,0.24564,
1403637161988318976,0.47408,-7.35864,0.15372,0.41203,0.56282,-0.55718,0.45056,-0.80773,-1.16816,0.18845,
1403637162088318976,0.39173,-7.46759,0.16740,0.42150,0.55548,-0.55457,0.45413,-0.81942,-1.03923,0.10884,
1403637162188318976,0.31012,-7.56404,0.17245,-0.41864,-0.55072,0.55850,-0.45773,-0.81907,-0.90661,0.01790,
1403637162288319232,0.22625,-7.64778,0.16996,-0.40740,-0.54924,0.56665,-0.45963,-0.84991,-0.78751,-0.04054,
1403637162388318976,0.13896,-7.71916,0.16176,-0.39763,-0.54973,0.57268,-0.46013,-0.90180,-0.68277,-0.10088,
1403637162488318976,0.04648,-7.77811,0.14843,-0.38497,-0.55494,0.58031,-0.45506,-0.97267,-0.59749,-0.12028,
1403637162588318976,-0.05267,-7.82845,0.14009,-0.38198,-0.56426,0.58183,-0.44405,-1.05319,-0.52148,-0.01484,
1403637162688318976,-0.17584,-7.98926,0.16380,-0.39191,-0.56164,0.57796,-0.44376,-1.08752,-0.64693,0.10130,
1403637162788319232,-0.27277,-7.93273,0.15275,-0.40399,-0.54561,0.57343,-0.45857,-1.15856,-0.43072,0.03315,
1403637162888318976,-0.38916,-7.96561,0.15225,-0.41696,-0.53308,0.57947,-0.45406,-1.21715,-0.31326,-0.03883,
1403637162988318976,-0.51112,-7.98640,0.14523,-0.43339,-0.52083,0.58940,-0.43990,-1.25381,-0.19408,-0.08222,
1403637163088318976,-0.63647,-7.99407,0.13384,-0.45005,-0.50505,0.60382,-0.42164,-1.27290,-0.06782,-0.12347,
1403637163188318976,-0.76167,-7.98989,0.11757,-0.46846,-0.48530,0.62016,-0.40053,-1.26182,0.05825,-0.16636,
1403637163288319232,-0.88442,-7.97455,0.09798,-0.48605,-0.46266,0.63631,-0.38053,-1.22322,0.17960,-0.20514,
1403637163388318976,-1.00390,-7.95111,0.07479,-0.49656,-0.43836,0.65401,-0.36544,-1.17986,0.29260,-0.23137,
1403637163488318976,-1.12015,-7.91782,0.04739,-0.49933,-0.41538,0.67302,-0.35380,-1.13305,0.39969,-0.27022,
1403637163588318976,-1.23466,-7.87731,0.01930,-0.49367,-0.39900,0.69218,-0.34347,-1.11307,0.49967,-0.22186,
1403637163688318976,-1.34956,-7.83122,-0.00086,-0.48344,-0.38923,0.70931,-0.33417,-1.12822,0.55148,-0.13330,
1403637163788319232,-1.46793,-7.78108,-0.01102,-0.47429,-0.38207,0.72156,-0.32929,-1.18965,0.58490,-0.01457,
1403637163888318976,-1.58996,-7.72347,-0.00865,-0.46754,-0.37458,0.72883,-0.33152,-1.24933,0.64058,0.08512,
1403637163988318976,-1.71890,-7.66144,0.00377,-0.46769,-0.36824,0.72991,-0.33599,-1.34863,0.67535,0.15907,
1403637164088318976,-1.85630,-7.59463,0.02395,-0.47155,-0.36724,0.72738,-0.33718,-1.42813,0.72777,0.24709,
1403637164188318976,-2.00136,-7.51943,0.05123,-0.47728,-0.36923,0.72254,-0.33735,-1.50818,0.81248,0.29392,
1403637164288319232,-2.15448,-7.43635,0.08309,-0.48368,-0.37669,0.71688,-0.33203,-1.56818,0.87360,0.33924,
1403637164388318976,-2.31020,-7.34571,0.11515,-0.48541,-0.38549,0.71386,-0.32584,-1.58663,0.93027,0.28033,
1403637164488318976,-2.46745,-7.24932,0.13999,-0.48011,-0.39024,0.71505,-0.32544,-1.60083,0.96752,0.19294,
1403637164588318976,-2.62876,-7.15302,0.15637,-0.47227,-0.38932,0.71717,-0.33326,-1.63348,0.99081,0.10401,
1403637164688318976,-2.79608,-7.05416,0.16653,-0.46833,-0.39224,0.71721,-0.33530,-1.69530,1.02096,0.05380,
1403637164788319232,-2.96916,-6.95410,0.17158,-0.47794,-0.39953,0.71035,-0.32765,-1.75089,1.03639,0.00863,
1403637164888318976,-3.14458,-6.85123,0.17136,-0.49007,-0.40067,0.70547,-0.31876,-1.76717,1.07796,-0.06278,
1403637164988318976,-3.32051,-6.74486,0.16456,-0.49804,-0.39556,0.70664,-0.31007,-1.76134,1.08489,-0.10557,
1403637165088318976,-3.49764,-6.63819,0.15451,0.50627,0.38476,-0.71039,0.30166,-1.75465,1.08960,-0.12618,
1403637165188318976,-3.67436,-6.53086,0.14406,0.51838,0.36905,-0.71421,0.29153,-1.72870,1.10328,-0.14118,
1403637165288319232,-3.84753,-6.41854,0.13419,0.52516,0.35335,-0.72322,0.27621,-1.66911,1.15103,-0.08631,
1403637165388318976,-4.01377,-6.30278,0.13211,0.52316,0.34049,-0.73728,0.25843,-1.61140,1.16479,-0.00172,
1403637165488318976,-4.17745,-6.18611,0.13933,0.51926,0.32985,-0.74907,0.24588,-1.57972,1.13979,0.11073,
1403637165588318976,-4.33927,-6.07290,0.15518,0.51972,0.32353,-0.75533,0.23386,-1.55814,1.12359,0.18495,
1403637165688318976,-4.49949,-5.96254,0.17282,0.52532,0.32444,-0.75601,0.21731,-1.53333,1.07266,0.17635,
1403637165788319232,-4.65678,-5.85566,0.18554,0.53095,0.32835,-0.75455,0.20232,-1.50004,1.00465,0.12114,
1403637165888318976,-4.80497,-5.75572,0.19259,0.53576,0.33424,-0.75160,0.19062,-1.41147,0.93269,0.05137,
1403637165988318976,-4.94187,-5.66530,0.19386,0.53808,0.34534,-0.74645,0.18445,-1.32771,0.83544,-0.01350,
1403637166088318976,-5.07336,-5.58524,0.18340,0.53832,0.35788,-0.74077,0.18277,-1.25815,0.73358,-0.17289,
1403637166188318976,-5.19331,-5.51635,0.15664,0.53816,0.36677,-0.73620,0.18401,-1.16805,0.63677,-0.32113,
1403637166288319232,-5.30101,-5.45754,0.11981,0.54153,0.36840,-0.73019,0.19453,-1.03946,0.53834,-0.36159,
1403637166388318976,-5.39643,-5.40763,0.09204,0.55855,0.36518,-0.71284,0.21570,-0.90389,0.45124,-0.24890,
1403637166488318976,-5.47325,-5.36013,0.06768,0.57020,0.36417,-0.69801,0.23459,-0.71689,0.48372,-0.23397,
1403637166588318976,-5.53242,-5.30773,0.04826,0.56653,0.36930,-0.69643,0.24009,-0.53962,0.53654,-0.21915,
1403637166688318976,-5.57299,-5.25388,0.03085,0.54783,0.38004,-0.70802,0.23271,-0.38855,0.54938,-0.20052,
1403637166788319232,-5.60225,-5.20704,0.01373,0.53575,0.39404,-0.71395,0.21907,-0.28243,0.48230,-0.21578,
1403637166888318976,-5.61797,-5.16543,-0.00376,0.53697,0.40658,-0.70985,0.20606,-0.16762,0.38956,-0.23249,
1403637166988318976,-5.62079,-5.13531,-0.02277,0.54780,0.41628,-0.69859,0.19648,-0.00840,0.27520,-0.20944,
1403637167088318976,-5.60417,-5.11757,-0.03548,0.56037,0.42430,-0.68558,0.18955,0.23817,0.20914,-0.12969,
1403637167188318976,-5.56258,-5.11042,-0.03874,0.57231,0.42883,-0.67393,0.18542,0.50206,0.07631,-0.00332,
1403637167288319232,-5.49661,-5.11755,-0.03205,0.57773,0.43037,-0.66894,0.18310,0.77788,-0.03593,0.06522,
1403637167388318976,-5.40873,-5.13777,-0.02351,0.57203,0.42795,-0.67518,0.18377,1.01178,-0.14262,0.02898,
1403637167488318976,-5.29537,-5.16289,-0.02261,0.55334,0.41658,-0.69293,0.20031,1.20199,-0.24710,-0.02515,
1403637167588318976,-5.17346,-5.20496,-0.02438,0.53199,0.39993,-0.71151,0.22539,1.30477,-0.34288,-0.05034,
1403637167688318976,-5.04459,-5.25040,-0.03202,0.51733,0.38710,-0.72210,0.24718,1.34620,-0.39218,-0.10183,
1403637167788319232,-4.90966,-5.29716,-0.04527,0.50578,0.38811,-0.72631,0.25696,1.36210,-0.42946,-0.15711,
1403637167888318976,-4.77442,-5.34393,-0.06385,-0.49399,-0.39824,0.72738,-0.26132,1.34841,-0.45381,-0.15431,
1403637167988318976,-4.64227,-5.39250,-0.07819,-0.48965,-0.41172,0.72364,-0.25898,1.31219,-0.50661,-0.07876,
1403637168088318976,-4.51239,-5.44758,-0.08666,-0.48944,-0.42219,0.71778,-0.25885,1.30925,-0.56327,-0.05804,
1403637168188318976,-4.38392,-5.50856,-0.10128,-0.48366,-0.42375,0.71790,-0.26672,1.28216,-0.61579,-0.18277,
1403637168288319232,-4.25765,-5.57325,-0.13111,-0.48712,-0.42461,0.71282,-0.27260,1.26647,-0.64557,-0.34958,
1403637168388318976,-4.13223,-5.63788,-0.17391,-0.49789,-0.42420,0.70362,-0.27765,1.26941,-0.65018,-0.45705,
1403637168488318976,-4.00583,-5.70310,-0.22446,0.50790,0.42115,-0.69515,0.28538,1.28440,-0.64343,-0.51257,
1403637168588318976,-3.87627,-5.76563,-0.27832,0.50623,0.41892,-0.69568,0.29029,1.31757,-0.61078,-0.51122,
1403637168688318976,-3.74613,-5.82788,-0.32647,0.50075,0.42077,-0.69955,0.28781,1.31691,-0.60794,-0.43728,
1403637168788319232,-3.61409,-5.88918,-0.36463,-0.49660,-0.42198,0.70283,-0.28523,1.31639,-0.60980,-0.35371,
1403637168888318976,-3.48269,-5.95194,-0.39561,-0.49692,-0.42521,0.70302,-0.27933,1.31651,-0.62557,-0.31929,
1403637168988318976,-3.34877,-6.01531,-0.42825,-0.49844,-0.42757,0.70286,-0.27338,1.33050,-0.64698,-0.35489,
1403637169088318976,-3.21546,-6.08266,-0.46503,0.50239,0.43216,-0.69993,0.26635,1.34781,-0.69248,-0.35016,
1403637169188318976,-3.07677,-6.15249,-0.49666,0.50484,0.43794,-0.69387,0.26813,1.41301,-0.72908,-0.27738,
1403637169288319232,-2.93298,-6.22797,-0.51915,0.50394,0.44754,-0.68443,0.27804,1.46955,-0.77136,-0.17371,
1403637169388318976,-2.78166,-6.30264,-0.53149,-0.49956,-0.46008,0.67285,-0.29333,1.53515,-0.78073,-0.08861,
1403637169488318976,-2.62372,-6.37863,-0.53746,-0.49325,-0.47745,0.65804,-0.30939,1.60094,-0.76918,-0.01618,
1403637169588318976,-2.45972,-6.45302,-0.53712,-0.48789,-0.49867,0.63801,-0.32594,1.66491,-0.75589,0.03821,
1403637169688318976,-2.28851,-6.52439,-0.53245,-0.48229,-0.52178,0.61445,-0.34291,1.72956,-0.71349,0.05179,
1403637169788319232,-2.11093,-6.59003,-0.53015,-0.47030,-0.54347,0.59470,-0.36025,1.78663,-0.66026,0.00159,
1403637169888318976,-1.92919,-6.64951,-0.53437,-0.46090,-0.56412,0.57447,-0.37328,1.83291,-0.60057,-0.06967,
1403637169988318976,-1.74169,-6.70558,-0.54538,0.45414,0.58215,-0.55393,0.38474,1.90205,-0.54944,-0.15478,
1403637170088318976,-1.54739,-6.75523,-0.56328,0.44441,0.59887,-0.53659,0.39488,1.98423,-0.48121,-0.19748,
1403637170188318976,-1.34508,-6.79866,-0.58635,0.43492,0.61285,-0.51851,0.40793,2.05748,-0.41391,-0.25836,
1403637170288319232,-1.13486,-6.83594,-0.61348,0.42635,0.62747,-0.49904,0.41888,2.13745,-0.33728,-0.30325,
1403637170388318976,-0.91441,-6.86901,-0.64429,0.41086,0.63717,-0.48224,0.43893,2.22071,-0.26360,-0.34064,
1403637170488318976,-0.68750,-6.89496,-0.67706,0.38924,0.64088,-0.46654,0.46916,2.25895,-0.17562,-0.35624,
1403637170588318976,-0.46062,-6.90612,-0.71322,0.37019,0.64290,-0.44625,0.50050,2.24695,-0.05882,-0.39486,
1403637170688318976,-0.23987,-6.90496,-0.75305,0.35296,0.64718,-0.42285,0.52705,2.17084,0.08394,-0.43201,
1403637170788319232,-0.02507,-6.89025,-0.79439,0.33377,0.65664,-0.39900,0.54610,2.08374,0.23414,-0.44055,
1403637170888318976,0.17891,-6.86089,-0.83315,0.31026,0.67470,-0.37685,0.55363,1.97094,0.38863,-0.34425,
1403637170988318976,0.37218,-6.81813,-0.86503,0.28605,0.69453,-0.35334,0.55763,1.85181,0.51020,-0.28078,
1403637171088318976,0.55448,-6.76376,-0.88836,0.25930,0.71013,-0.33202,0.56413,1.75894,0.59680,-0.19394,
1403637171188318976,0.72824,-6.70262,-0.90336,0.23971,0.72325,-0.31275,0.56712,1.64096,0.65929,-0.10604,
1403637171288319232,0.88839,-6.63378,-0.90757,0.22616,0.72773,-0.29776,0.57498,1.51774,0.70272,0.01056,
1403637171388318976,1.03754,-6.56053,-0.90272,0.22466,0.73147,-0.28254,0.57849,1.39752,0.76785,0.08426,
1403637171488318976,1.17313,-6.47733,-0.89130,0.22880,0.73533,-0.27040,0.57778,1.28193,0.86440,0.13957,
1403637171588318976,1.30269,-6.38656,-0.87734,0.23115,0.73824,-0.26486,0.57569,1.19784,0.95707,0.15255,
1403637171688318976,1.42648,-6.28449,-0.86967,0.23708,0.73904,-0.26160,0.57374,1.13222,1.06065,0.09156,
1403637171788319232,1.54475,-6.17215,-0.86779,0.24338,0.73764,-0.26165,0.57289,1.07078,1.17464,0.02685,
1403637171888318976,1.66060,-6.05287,-0.87037,0.25031,0.73539,-0.26273,0.57230,1.00658,1.29015,-0.04607,
1403637171988318976,1.76435,-5.91774,-0.87561,0.25494,0.73278,-0.26557,0.57228,0.94626,1.41861,-0.09408,
1403637172088318976,1.86457,-5.76893,-0.88621,0.25934,0.73023,-0.26858,0.57217,0.90156,1.53810,-0.14714,
1403637172188318976,1.96039,-5.60746,-0.89922,0.25179,0.72926,-0.27886,0.57185,0.85939,1.64625,-0.16668,
1403637172288319232,2.04614,-5.43630,-0.90956,0.23165,0.73295,-0.29688,0.56655,0.78152,1.73750,-0.09160,
1403637172388318976,2.12283,-5.26001,-0.91025,0.21440,0.73443,-0.31305,0.56271,0.70408,1.75461,0.00932,
1403637172488318976,2.18758,-5.08299,-0.90175,0.20067,0.73408,-0.32646,0.56061,0.57527,1.75396,0.09645,
1403637172588318976,2.24254,-4.90904,-0.88262,0.19401,0.73238,-0.33482,0.56025,0.45910,1.72486,0.17682,
1403637172688318976,2.28886,-4.74134,-0.85626,0.18920,0.73154,-0.34171,0.55883,0.36176,1.65719,0.25480,
1403637172788319232,2.32931,-4.58146,-0.82243,0.18685,0.73307,-0.34985,0.55255,0.25288,1.58513,0.29066,
1403637172888318976,2.35542,-4.42714,-0.79042,0.18331,0.73984,-0.36507,0.53456,0.16088,1.48926,0.26255,
1403637172988318976,2.37455,-4.28316,-0.76834,0.18026,0.74818,-0.38204,0.51163,0.12537,1.37244,0.12551,
1403637173088318976,2.38976,-4.15411,-0.76204,0.17871,0.75203,-0.39696,0.49491,0.12795,1.19997,-0.01407,
1403637173188318976,2.40250,-4.04305,-0.76937,0.18125,0.74818,-0.41539,0.48459,0.11201,1.02298,-0.12328,
1403637173288319232,2.41106,-3.95128,-0.78446,0.19401,0.73594,-0.43326,0.48275,0.09393,0.80446,-0.12483,
1403637173388318976,2.42151,-3.88116,-0.79927,0.21238,0.71951,-0.45009,0.48438,0.06764,0.60862,-0.12682,
1403637173488318976,2.42370,-3.82517,-0.81483,0.22895,0.70338,-0.46728,0.48424,0.00728,0.46533,-0.17324,
1403637173588318976,2.42194,-3.78608,-0.83382,0.24061,0.68755,-0.48626,0.48262,-0.04474,0.32020,-0.21732,
1403637173688318976,2.40232,-3.74815,-0.86388,0.24297,0.67151,-0.50858,0.48104,-0.14838,0.21204,-0.29586,
1403637173788319232,2.37932,-3.72977,-0.89875,0.24337,0.65908,-0.53107,0.47366,-0.24707,0.06769,-0.35667,
1403637173888318976,2.34470,-3.72755,-0.93725,0.24132,0.65213,-0.55269,0.45937,-0.36430,-0.13033,-0.34206,
1403637173988318976,2.29825,-3.74256,-0.96879,0.25536,0.65421,-0.55826,0.44176,-0.50164,-0.33419,-0.18179,
1403637174088318976,2.23992,-3.77630,-0.98408,0.28957,0.65307,-0.54560,0.43814,-0.56740,-0.51702,-0.00005,
1403637174188318976,2.17647,-3.82505,-0.98332,0.32227,0.64168,-0.52906,0.45220,-0.58736,-0.60803,0.13040,
1403637174288319232,2.11246,-3.88398,-0.97055,0.33899,0.62782,-0.51948,0.47017,-0.62763,-0.60989,0.17017,
1403637174388318976,2.04579,-3.94096,-0.95358,0.33785,0.62112,-0.51998,0.47925,-0.67680,-0.57568,0.21802,
1403637174488318976,1.97337,-3.99623,-0.93011,0.32763,0.60954,-0.52834,0.49192,-0.76028,-0.53886,0.26709,
1403637174588318976,1.89052,-4.04723,-0.89853,0.32664,0.60042,-0.53683,0.49459,-0.89409,-0.52440,0.31196,
1403637174688318976,1.79463,-4.09673,-0.86537,0.34386,0.59293,-0.54166,0.48662,-1.01323,-0.49033,0.29782,
1403637174788319232,1.68879,-4.14253,-0.83722,0.36863,0.58186,-0.54768,0.47496,-1.08918,-0.44316,0.23691,
1403637174888318976,1.57772,-4.18322,-0.81809,0.38033,0.57101,-0.56551,0.45770,-1.12919,-0.37951,0.13695,
1403637174988318976,1.46298,-4.21952,-0.80439,-0.38696,-0.55837,0.58706,-0.44028,-1.16874,-0.33865,0.10752,
1403637175088318976,1.34479,-4.25111,-0.79331,-0.39693,-0.54430,0.60068,-0.43054,-1.18986,-0.31754,0.08665,
1403637175188318976,1.22352,-4.27961,-0.78458,-0.40911,-0.52676,0.60701,-0.43208,-1.22665,-0.27083,0.05256,
1403637175288319232,1.09787,-4.30243,-0.77792,-0.42236,-0.50929,0.60832,-0.43838,-1.27578,-0.19565,0.01927,
1403637175388318976,0.96819,-4.31736,-0.77501,-0.43478,-0.49863,0.60654,-0.44097,-1.30637,-0.09253,-0.02543,
1403637175488318976,0.83497,-4.32222,-0.77968,-0.43164,-0.49452,0.61210,-0.44099,-1.35373,0.01998,-0.08642,
1403637175588318976,0.69716,-4.31413,-0.78947,-0.41969,-0.49563,0.62141,-0.43825,-1.41216,0.12161,-0.12141,
1403637175688318976,0.55251,-4.29706,-0.79711,-0.40852,-0.50117,0.62903,-0.43157,-1.49113,0.19839,-0.06013,
1403637175788319232,0.40062,-4.27211,-0.79663,-0.40381,-0.50551,0.63134,-0.42756,-1.57866,0.25452,0.04730,
1403637175888318976,0.24020,-4.24246,-0.78670,-0.40989,-0.51224,0.62666,-0.42060,-1.66586,0.29844,0.14272,
1403637175988318976,0.07252,-4.20929,-0.76734,-0.42101,-0.51650,0.61775,-0.41757,-1.70531,0.35123,0.24619,
1403637176088318976,-0.09900,-4.17248,-0.74017,-0.42825,-0.51382,0.61018,-0.42459,-1.73551,0.39872,0.31073,
1403637176188318976,-0.27234,-4.12805,-0.71394,-0.43575,-0.51355,0.60207,-0.42885,-1.74377,0.47058,0.25633,
1403637176288319232,-0.44628,-4.07448,-0.69486,-0.44098,-0.51214,0.59881,-0.42974,-1.76246,0.56756,0.16968,
1403637176388318976,-0.62091,-4.01082,-0.68183,-0.44319,-0.51068,0.59973,-0.42792,-1.76303,0.66849,0.11148,
1403637176488318976,-0.79689,-3.93870,-0.67266,-0.44329,-0.51216,0.60447,-0.41928,-1.76477,0.74644,0.07289,
1403637176588318976,-0.97365,-3.86019,-0.66668,-0.44315,-0.50862,0.61365,-0.41032,-1.76838,0.79934,0.04566,
1403637176688318976,-1.15035,-3.77886,-0.66626,-0.44112,-0.50390,0.62523,-0.40074,-1.76389,0.83941,-0.01266,
1403637176788319232,-1.32590,-3.69518,-0.67069,-0.43871,-0.50011,0.63500,-0.39268,-1.75123,0.86759,-0.04880,
1403637176888318976,-1.49956,-3.60963,-0.67780,-0.43546,-0.49877,0.64361,-0.38389,-1.75283,0.87258,-0.07979,
1403637176988318976,-1.67160,-3.52275,-0.68912,-0.43082,-0.50128,0.65090,-0.37341,-1.74102,0.87104,-0.14191,
1403637177088318976,-1.84482,-3.43741,-0.70581,-0.41877,-0.50728,0.66159,-0.35999,-1.75084,0.82705,-0.18943,
1403637177188318976,-2.01952,-3.35678,-0.72699,-0.40458,-0.51268,0.67270,-0.34778,-1.75727,0.76061,-0.23629,
1403637177288319232,-2.19590,-3.28549,-0.75195,-0.39624,-0.51587,0.67906,-0.34022,-1.78130,0.65106,-0.27642,
1403637177388318976,-2.37545,-3.22686,-0.78076,-0.39268,-0.51871,0.68177,-0.33456,-1.81215,0.51209,-0.30170,
1403637177488318976,-2.55814,-3.18087,-0.81210,-0.39762,-0.52543,0.67923,-0.32322,-1.83809,0.37551,-0.33792,
1403637177588318976,-2.74155,-3.14883,-0.84343,-0.40830,-0.53004,0.67497,-0.31107,-1.83292,0.22901,-0.28347,
1403637177688318976,-2.92122,-3.13476,-0.86630,-0.42335,-0.53323,0.66674,-0.30313,-1.77745,0.04405,-0.16059,
1403637177788319232,-3.09421,-3.13850,-0.87824,-0.43780,-0.53149,0.65990,-0.30063,-1.69351,-0.10135,-0.10564,
1403637177888318976,-3.25863,-3.15595,-0.88804,-0.44128,-0.52011,0.66631,-0.30130,-1.62899,-0.20013,-0.13128,
1403637177988318976,-3.41587,-3.18178,-0.90233,-0.44917,-0.50828,0.67412,-0.29232,-1.56974,-0.28211,-0.18576,
1403637178088318976,-3.56502,-3.21676,-0.92098,-0.46809,-0.50147,0.67548,-0.27044,-1.47052,-0.35654,-0.22705,
1403637178188318976,-3.69861,-3.26165,-0.94312,-0.48127,-0.49239,0.68006,-0.25189,-1.32846,-0.46824,-0.21205,
1403637178288319232,-3.81484,-3.31852,-0.95937,-0.49715,-0.48509,0.67839,-0.23941,-1.14733,-0.59581,-0.13693,
1403637178388318976,-3.91302,-3.39234,-0.96837,0.51273,0.48142,-0.67316,0.22846,-0.96408,-0.75695,-0.05816,
1403637178488318976,-3.99019,-3.47817,-0.97002,0.52093,0.47822,-0.67132,0.22195,-0.73540,-0.86104,0.00529,
1403637178588318976,-4.04500,-3.57467,-0.96559,0.52227,0.47329,-0.67358,0.22253,-0.51517,-0.96820,0.02570,
1403637178688318976,-4.08257,-3.68127,-0.96245,0.51933,0.46256,-0.67813,0.23764,-0.32730,-1.05990,0.00190,
1403637178788319232,-4.10684,-3.79509,-0.96156,0.51997,0.44902,-0.67917,0.25834,-0.18829,-1.12181,-0.04362,
1403637178888318976,-4.12182,-3.91265,-0.96653,0.51907,0.43709,-0.68033,0.27691,-0.08675,-1.13814,-0.09486,
1403637178988318976,-4.12840,-4.02881,-0.97714,0.51751,0.42845,-0.68105,0.29117,-0.00836,-1.11895,-0.13301,
1403637179088318976,-4.12738,-4.13986,-0.99213,0.51562,0.42513,-0.68154,0.29817,0.06570,-1.05046,-0.20484,
1403637179188318976,-4.11914,-4.24556,-1.01382,0.50923,0.42776,-0.68529,0.29679,0.12709,-1.01595,-0.21805,
1403637179288319232,-4.10466,-4.34696,-1.02862,0.50497,0.43379,-0.68682,0.29172,0.18919,-0.98257,-0.05654,
1403637179388318976,-4.08367,-4.44526,-1.02483,0.50395,0.43823,-0.68647,0.28765,0.26038,-0.95968,0.15118,
1403637179488318976,-4.05752,-4.54333,-1.00663,0.50215,0.44022,-0.68671,0.28719,0.32193,-0.94875,0.19974,
1403637179588318976,-4.02321,-4.63899,-0.99176,0.50309,0.43991,-0.68597,0.28780,0.36888,-0.93455,0.12019,
1403637179688318976,-3.98627,-4.73614,-0.98923,0.50461,0.43923,-0.68504,0.28838,0.41303,-0.93060,-0.06714,
1403637179788319232,-3.94385,-4.83245,-1.01013,0.51009,0.44247,-0.68193,0.28108,0.44998,-0.91492,-0.36487,
1403637179888318976,-3.89519,-4.92889,-1.05567,0.52197,0.44872,-0.67374,0.26883,0.53359,-0.91335,-0.56193,
1403637179988318976,-3.83402,-5.02545,-1.11356,0.52855,0.45073,-0.66905,0.26429,0.67038,-0.91523,-0.64809,
1403637180088318976,-3.75935,-5.12740,-1.17392,0.52156,0.44596,-0.67494,0.27119,0.80043,-0.93106,-0.61994,
1403637180188318976,-3.67263,-5.22667,-1.22943,0.51149,0.43918,-0.68230,0.28278,0.91401,-0.89931,-0.55857,
1403637180288319232,-3.57734,-5.32745,-1.27306,0.50312,0.43449,-0.68800,0.29112,0.96515,-0.90721,-0.41738,
1403637180388318976,-3.47842,-5.42637,-1.30734,-0.49361,-0.43322,0.69444,-0.29397,0.99437,-0.90639,-0.35965,
1403637180488318976,-3.37883,-5.52097,-1.33627,-0.47807,-0.43710,0.70537,-0.28784,1.00249,-0.90432,-0.28533,
1403637180588318976,-3.28018,-5.61546,-1.35560,-0.47053,-0.44050,0.71082,-0.28159,0.96227,-0.98473,-0.13303,
1403637180688318976,-3.18234,-5.71585,-1.36200,-0.48548,-0.44360,0.70090,-0.27618,0.97188,-1.04555,-0.04610,
1403637180788319232,-3.08174,-5.81990,-1.36110,-0.49666,-0.44075,0.69443,-0.27719,1.00162,-1.06984,0.04942,
1403637180888318976,-2.97711,-5.92752,-1.35401,0.50820,0.44240,-0.68795,0.26970,1.04489,-1.10729,0.11041,
1403637180988318976,-2.86463,-6.03770,-1.34146,0.51681,0.44465,-0.68393,0.25970,1.13744,-1.11079,0.16808,
1403637181088318976,-2.74210,-6.14827,-1.32122,0.52145,0.44474,-0.68293,0.25279,1.26125,-1.13536,0.23060,
1403637181188318976,-2.60856,-6.25870,-1.29373,0.51675,0.43485,-0.68902,0.26292,1.36848,-1.14312,0.29794,
1403637181288319232,-2.46767,-6.36916,-1.25736,0.51383,0.42245,-0.69329,0.27724,1.42411,-1.13932,0.38669,
1403637181388318976,-2.32376,-6.47646,-1.21232,0.51889,0.41603,-0.69104,0.28307,1.46563,-1.09290,0.45685,
1403637181488318976,-2.17446,-6.57816,-1.16130,0.52164,0.41584,-0.69022,0.28030,1.51884,-1.03871,0.51802,
1403637181588318976,-2.01836,-6.67387,-1.10507,0.51829,0.41613,-0.69433,0.27591,1.58201,-0.99673,0.58945,
1403637181688318976,-1.85545,-6.76766,-1.04316,0.51539,0.41475,-0.69843,0.27305,1.64286,-0.95665,0.63817,
1403637181788319232,-1.68835,-6.86310,-0.98103,0.51299,0.40868,-0.70217,0.27707,1.66184,-0.94912,0.60813,
1403637181888318976,-1.52034,-6.95718,-0.92350,0.51302,0.40362,-0.70329,0.28159,1.67483,-0.92245,0.54762,
1403637181988318976,-1.35218,-7.05134,-0.87306,0.51276,0.40169,-0.70392,0.28322,1.67671,-0.90236,0.48778,
1403637182088318976,-1.18348,-7.14347,-0.82624,0.51733,0.39970,-0.70027,0.28677,1.69153,-0.87900,0.47481,
1403637182188318976,-1.01423,-7.23013,-0.78357,0.51883,0.39540,-0.69776,0.29597,1.70300,-0.82371,0.41846,
1403637182288319232,-0.84431,-7.30979,-0.74513,0.51846,0.38978,-0.69577,0.30851,1.70670,-0.75065,0.37328,
1403637182388318976,-0.67522,-7.38040,-0.71008,0.51972,0.38620,-0.69264,0.31780,1.70197,-0.65512,0.34896,
1403637182488318976,-0.50794,-7.43991,-0.67523,0.52648,0.38494,-0.68561,0.32339,1.68072,-0.52983,0.37532,
1403637182588318976,-0.34167,-7.48662,-0.63530,0.53297,0.38921,-0.67960,0.32032,1.68995,-0.41303,0.45292,
1403637182688318976,-0.17332,-7.51866,-0.58890,0.53284,0.39168,-0.67889,0.31902,1.72702,-0.27256,0.50117,
1403637182788319232,-0.00212,-7.53790,-0.54091,0.52984,0.38938,-0.68052,0.32333,1.74914,-0.14789,0.45307,
1403637182888318976,0.17123,-7.54602,-0.49816,0.52626,0.38503,-0.68335,0.32837,1.75312,-0.02042,0.37601,
1403637182988318976,0.34520,-7.54107,-0.46381,0.52279,0.37871,-0.68602,0.33562,1.75102,0.09962,0.26575,
1403637183088318976,0.51960,-7.52563,-0.44412,0.51848,0.37167,-0.68906,0.34385,1.72528,0.21711,0.09025,
1403637183188318976,0.69154,-7.49739,-0.44201,0.51412,0.36720,-0.69179,0.34967,1.69216,0.36321,-0.07226,
1403637183288319232,0.85967,-7.45539,-0.45180,0.51040,0.36477,-0.69424,0.35280,1.63447,0.50677,-0.13553,
1403637183388318976,1.01985,-7.39887,-0.46711,0.50634,0.36239,-0.69701,0.35563,1.56872,0.63665,-0.16734,
1403637183488318976,1.17201,-7.32915,-0.48536,0.50658,0.36108,-0.69727,0.35609,1.49869,0.77499,-0.20002,
1403637183588318976,1.31654,-7.24491,-0.50776,0.50369,0.35872,-0.69929,0.35862,1.41973,0.92124,-0.24481,
1403637183688318976,1.45219,-7.14426,-0.53396,0.50202,0.35573,-0.70033,0.36190,1.33124,1.06618,-0.27825,
1403637183788319232,1.57947,-7.03191,-0.56228,-0.49240,-0.35305,0.70677,-0.36521,1.23228,1.20979,-0.27934,
1403637183888318976,1.69252,-6.90754,-0.58478,-0.48093,-0.35096,0.71446,-0.36754,1.06922,1.29937,-0.19501,
1403637183988318976,1.78472,-6.76701,-0.60010,-0.47088,-0.34866,0.72102,-0.36991,0.90229,1.43567,-0.11739,
1403637184088318976,1.85934,-6.61314,-0.60403,-0.46458,-0.34729,0.72543,-0.37056,0.72529,1.59067,-0.01361,
1403637184188318976,1.91583,-6.44534,-0.59767,-0.46431,-0.35070,0.72665,-0.36523,0.50889,1.68766,0.09632,
1403637184288319232,1.95735,-6.26697,-0.59192,-0.47230,-0.36130,0.72341,-0.35082,0.37994,1.76585,-0.00226,
1403637184388318976,1.98905,-6.08208,-0.60273,-0.47873,-0.37608,0.72097,-0.33104,0.28551,1.79981,-0.14200,
1403637184488318976,2.01468,-5.89562,-0.62503,-0.47757,-0.38786,0.72228,-0.31591,0.22890,1.81819,-0.22479,
1403637184588318976,2.03456,-5.71030,-0.65291,-0.47058,-0.39659,0.72682,-0.30496,0.17283,1.80533,-0.26556,
1403637184688318976,2.04954,-5.52718,-0.68290,-0.46297,-0.40271,0.73136,-0.29764,0.12042,1.78166,-0.27162,
1403637184788319232,2.06005,-5.34754,-0.71160,-0.45550,-0.40662,0.73574,-0.29305,0.03320,1.70481,-0.21791,
1403637184888318976,2.06410,-5.17447,-0.73100,-0.45152,-0.40903,0.73802,-0.29008,-0.03596,1.63819,-0.09577,
1403637184988318976,2.05889,-5.01073,-0.74173,-0.44876,-0.41107,0.73939,-0.28800,-0.12861,1.53189,-0.00990,
1403637185088318976,2.05176,-4.85029,-0.74133,-0.44720,-0.41390,0.74023,-0.28419,-0.20711,1.44233,0.07724,
1403637185188318976,2.02467,-4.70412,-0.73978,-0.44616,-0.41395,0.74099,-0.28378,-0.29325,1.35549,0.16637,
1403637185288319232,1.99346,-4.56497,-0.72820,-0.44353,-0.41638,0.74262,-0.28003,-0.38683,1.22186,0.22643,
1403637185388318976,1.95501,-4.42922,-0.71003,-0.44182,-0.42259,0.74336,-0.27135,-0.43885,1.15862,0.31838,
1403637185488318976,1.90967,-4.30459,-0.68186,-0.44106,-0.42747,0.74368,-0.26394,-0.49259,1.05246,0.39247,
1403637185588318976,1.85473,-4.19990,-0.64389,-0.44608,-0.42642,0.74112,-0.26442,-0.53862,0.93913,0.45020,
1403637185688318976,1.79424,-4.11418,-0.60030,-0.45971,-0.42024,0.73322,-0.27287,-0.60276,0.81995,0.45058,
1403637185788319232,1.73029,-4.04057,-0.56026,-0.47324,-0.41675,0.72486,-0.27739,-0.63495,0.74981,0.37175,
1403637185888318976,1.66397,-3.97414,-0.52838,-0.48166,-0.41689,0.71937,-0.27697,-0.64335,0.67571,0.30787,
1403637185988318976,1.59864,-3.91377,-0.50434,-0.48736,-0.41477,0.71570,-0.27967,-0.62815,0.62522,0.25012,
1403637186088318976,1.53455,-3.85847,-0.48392,-0.49268,-0.41226,0.71203,-0.28341,-0.61095,0.59711,0.24445,
1403637186188318976,1.47374,-3.80443,-0.45744,-0.49408,-0.41129,0.71092,-0.28516,-0.59191,0.57488,0.30416,
1403637186288319232,1.41235,-3.75659,-0.42467,-0.49358,-0.41257,0.71108,-0.28378,-0.60723,0.48501,0.38710,
1403637186388318976,1.35286,-3.70854,-0.38013,-0.49640,-0.41037,0.70931,-0.28648,-0.57677,0.46822,0.48190,
1403637186488318976,1.29580,-3.66977,-0.32978,-0.49543,-0.40630,0.71026,-0.29154,-0.55830,0.44385,0.54448,
1403637186588318976,1.24075,-3.63012,-0.27586,-0.49475,-0.40184,0.71112,-0.29673,-0.54567,0.44096,0.53328,
1403637186688318976,1.18576,-3.58434,-0.22620,-0.49274,-0.39972,0.71322,-0.29790,-0.54393,0.45969,0.45406,
1403637186788319232,1.13142,-3.53897,-0.18536,-0.48427,-0.39656,0.71961,-0.30064,-0.54565,0.47145,0.35675,
1403637186888318976,1.07453,-3.49158,-0.15348,-0.47327,-0.38979,0.72708,-0.30892,-0.58433,0.48025,0.27579,
1403637186988318976,1.01115,-3.44169,-0.12929,-0.46511,-0.38208,0.73226,-0.31856,-0.65137,0.50070,0.20554,
1403637187088318976,0.94164,-3.39292,-0.11057,-0.46551,-0.37704,0.73185,-0.32486,-0.73945,0.51798,0.15116,
1403637187188318976,0.86281,-3.33847,-0.09990,-0.47162,-0.37773,0.72876,-0.32220,-0.82415,0.56257,0.07800,
1403637187288319232,0.77895,-3.27996,-0.09695,-0.47243,-0.38169,0.73245,-0.30763,-0.89384,0.58681,0.00980,
1403637187388318976,0.68812,-3.22067,-0.09803,-0.47143,-0.38780,0.73716,-0.28975,-0.94208,0.56847,-0.01035,
1403637187488318976,0.59287,-3.16439,-0.10121,-0.47065,-0.39101,0.74083,-0.27708,-0.97465,0.53057,-0.03766,
1403637187588318976,0.49412,-3.11223,-0.10680,-0.46890,-0.39130,0.74426,-0.27035,-1.01671,0.47370,-0.06095,
1403637187688318976,0.38980,-3.06664,-0.11611,-0.46688,-0.38857,0.74723,-0.26960,-1.05455,0.42283,-0.09159,
1403637187788319232,0.28109,-3.02701,-0.12725,-0.46498,-0.38688,0.74965,-0.26857,-1.10742,0.36089,-0.11501,
1403637187888318976,0.16721,-2.99546,-0.14039,-0.46239,-0.38706,0.75195,-0.26638,-1.16686,0.29274,-0.13353,
1403637187988318976,0.04901,-2.97050,-0.15469,-0.46543,-0.38892,0.75037,-0.26278,-1.20966,0.20820,-0.14253,
1403637188088318976,-0.07289,-2.95338,-0.17182,-0.47110,-0.39085,0.74693,-0.25960,-1.24594,0.14250,-0.16598,
1403637188188318976,-0.19775,-2.94181,-0.19077,-0.48071,-0.39326,0.74066,-0.25629,-1.27529,0.07319,-0.17929,
1403637188288319232,-0.32420,-2.93566,-0.21113,-0.49489,-0.39541,0.73117,-0.25322,-1.24560,0.01125,-0.23039,
1403637188388318976,-0.44812,-2.93522,-0.23616,0.50195,0.39204,-0.72674,0.25729,-1.21355,-0.02061,-0.26802,
1403637188488318976,-0.56782,-2.93779,-0.26395,0.50742,0.38675,-0.72375,0.26294,-1.17935,-0.03363,-0.30184,
1403637188588318976,-0.68456,-2.94169,-0.29540,0.51031,0.37637,-0.72554,0.26745,-1.14863,-0.04517,-0.34588,
1403637188688318976,-0.79838,-2.94494,-0.33107,0.51160,0.36076,-0.73114,0.27120,-1.12437,-0.01961,-0.39545,
1403637188788319232,-0.91216,-2.94581,-0.37057,0.51075,0.33943,-0.74020,0.27572,-1.12968,0.00607,-0.43054,
1403637188888318976,-1.02787,-2.94268,-0.41130,0.51024,0.32191,-0.74908,0.27371,-1.15023,0.05445,-0.41861,
1403637188988318976,-1.14611,-2.93443,-0.44698,0.51024,0.31410,-0.75559,0.26473,-1.16055,0.12558,-0.34192,
1403637189088318976,-1.26570,-2.92136,-0.47413,0.50983,0.31584,-0.76070,0.24831,-1.17050,0.14890,-0.26611,
1403637189188318976,-1.38749,-2.90763,-0.49781,0.50254,0.31795,-0.76859,0.23586,-1.20254,0.13357,-0.26528,
1403637189288319232,-1.51216,-2.89636,-0.52778,-0.49613,-0.31484,0.77454,-0.23415,-1.23711,0.10529,-0.37267,
1403637189388318976,-1.63985,-2.88741,-0.56868,0.50060,0.30848,-0.77205,0.24119,-1.27952,0.09032,-0.42997,
1403637189488318976,-1.77115,-2.87922,-0.60875,0.51174,0.30564,-0.76421,0.24636,-1.31279,0.09352,-0.36472,
1403637189588318976,-1.90471,-2.86887,-0.64138,0.51980,0.30906,-0.75790,0.24470,-1.34431,0.09546,-0.26681,
1403637189688318976,-2.03898,-2.85578,-0.66423,0.52530,0.31341,-0.75332,0.24155,-1.32365,0.12934,-0.15736,
1403637189788319232,-2.17087,-2.83914,-0.67924,0.52299,0.31739,-0.75394,0.23941,-1.28375,0.17016,-0.10075,
1403637189888318976,-2.29946,-2.81956,-0.68446,0.52272,0.32039,-0.75362,0.23701,-1.26737,0.17473,0.04222,
1403637189988318976,-2.42629,-2.79975,-0.67997,0.52538,0.32058,-0.75161,0.23725,-1.21872,0.21766,0.09754,
1403637190088318976,-2.54986,-2.77664,-0.66969,0.52962,0.32003,-0.74895,0.23698,-1.19397,0.22476,0.15837,
1403637190188318976,-2.67156,-2.75548,-0.65409,0.53186,0.31900,-0.74782,0.23693,-1.18779,0.20639,0.19378,
1403637190288319232,-2.79097,-2.73680,-0.63385,0.53310,0.31675,-0.74750,0.23817,-1.15159,0.22554,0.22903,
1403637190388318976,-2.90582,-2.71768,-0.60810,0.53281,0.31498,-0.74836,0.23843,-1.11039,0.23095,0.29994,
1403637190488318976,-3.01690,-2.69681,-0.57816,0.53368,0.31253,-0.74826,0.24004,-1.08975,0.24725,0.28747,
1403637190588318976,-3.12560,-2.67339,-0.55276,0.53568,0.31414,-0.74749,0.23585,-1.05642,0.25486,0.22535,
1403637190688318976,-3.22851,-2.65010,-0.53309,0.53773,0.32333,-0.74358,0.23106,-0.99307,0.24989,0.15716,
1403637190788319232,-3.32526,-2.62749,-0.51855,0.53359,0.33149,-0.74055,0.23871,-0.93740,0.24748,0.10059,
1403637190888318976,-3.41827,-2.60258,-0.50917,0.52862,0.33719,-0.73788,0.24979,-0.89896,0.25481,0.04936,
1403637190988318976,-3.50708,-2.57786,-0.50300,0.52558,0.34118,-0.73501,0.25906,-0.86948,0.27104,-0.00790,
1403637191088318976,-3.59416,-2.54866,-0.50529,0.52423,0.34486,-0.73205,0.26524,-0.84654,0.30687,-0.05879,
1403637191188318976,-3.67835,-2.51756,-0.50748,0.52404,0.34824,-0.72964,0.26785,-0.82314,0.32946,-0.10812,
1403637191288319232,-3.76065,-2.48414,-0.51955,0.52428,0.35095,-0.72827,0.26757,-0.79959,0.33539,-0.15305,
1403637191388318976,-3.83961,-2.44803,-0.53383,0.52635,0.35286,-0.72624,0.26650,-0.76779,0.36803,-0.16945,
1403637191488318976,-3.91250,-2.40918,-0.54062,0.52780,0.35383,-0.72528,0.26493,-0.71432,0.39856,-0.09731,
1403637191588318976,-3.98154,-2.36875,-0.54510,0.53013,0.35686,-0.72444,0.25845,-0.68058,0.40215,0.01031,
1403637191688318976,-4.04311,-2.32715,-0.53641,0.52367,0.36021,-0.73041,0.25002,-0.62276,0.39670,0.08155,
1403637191788319232,-4.10124,-2.28622,-0.52297,0.51693,0.36235,-0.73620,0.24392,-0.57275,0.37742,0.14921,
1403637191888318976,-4.15641,-2.24907,-0.50335,0.51896,0.36841,-0.73540,0.23269,-0.53420,0.33100,0.23390,
1403637191988318976,-4.20677,-2.21734,-0.47713,0.52295,0.37403,-0.73296,0.22224,-0.47542,0.25123,0.31552,
1403637192088318976,-4.25103,-2.19048,-0.44526,0.51632,0.37417,-0.73864,0.21868,-0.39915,0.20047,0.35967,
1403637192188318976,-4.28997,-2.17099,-0.40770,0.50971,0.37516,-0.74372,0.21524,-0.35309,0.12867,0.41149,
1403637192288319232,-4.32369,-2.16394,-0.36175,0.51001,0.37883,-0.74367,0.20815,-0.31878,0.02035,0.48805,
1403637192388318976,-4.35263,-2.16513,-0.31536,0.51517,0.38168,-0.73994,0.20349,-0.27084,-0.08700,0.45000,
1403637192488318976,-4.37569,-2.17873,-0.27416,0.50928,0.37660,-0.74498,0.20930,-0.20822,-0.17881,0.36908,
1403637192588318976,-4.39479,-2.19903,-0.24178,-0.49910,-0.36930,0.75282,-0.21857,-0.18557,-0.25295,0.30665,
1403637192688318976,-4.41342,-2.22810,-0.21284,-0.49182,-0.36549,0.75804,-0.22340,-0.20100,-0.33637,0.25361,
1403637192788319232,-4.43530,-2.26346,-0.19099,-0.49096,-0.36399,0.75860,-0.22582,-0.22333,-0.40135,0.21352,
1403637192888318976,-4.45724,-2.30743,-0.16809,-0.49634,-0.36347,0.75469,-0.22801,-0.24710,-0.48869,0.26299,
1403637192988318976,-4.48132,-2.35778,-0.13942,0.50165,0.36253,-0.75049,0.23171,-0.24986,-0.53065,0.32434,
1403637193088318976,-4.50671,-2.41290,-0.10499,-0.49891,-0.35837,0.75211,-0.23872,-0.24815,-0.56938,0.38535,
1403637193188318976,-4.53176,-2.47177,-0.06542,-0.48290,-0.34782,0.76281,-0.25288,-0.28280,-0.59569,0.44094,
1403637193288319232,-4.56347,-2.53213,-0.02643,-0.47369,-0.34214,0.76872,-0.26003,-0.37684,-0.60483,0.34800,
1403637193388318976,-4.60448,-2.59499,-0.00097,-0.48378,-0.34838,0.76255,-0.25121,-0.45839,-0.63417,0.20552,
1403637193488318976,-4.65205,-2.65954,0.01367,-0.49594,-0.35461,0.75451,-0.24292,-0.50127,-0.66827,0.16942,
1403637193588318976,-4.70058,-2.72826,0.02763,0.50268,0.36088,-0.74943,0.23545,-0.50921,-0.70149,0.20634,
1403637193688318976,-4.75042,-2.80131,0.04689,0.50537,0.36445,-0.74723,0.23115,-0.52879,-0.77657,0.25619,
1403637193788319232,-4.80133,-2.88032,0.07282,0.50716,0.36717,-0.74566,0.22797,-0.50325,-0.81084,0.29868,
1403637193888318976,-4.84973,-2.96356,0.10623,0.50747,0.36827,-0.74529,0.22670,-0.47492,-0.86559,0.32127,
1403637193988318976,-4.89532,-3.05021,0.13297,0.51222,0.36613,-0.74207,0.23004,-0.45241,-0.89583,0.20650,
1403637194088318976,-4.93848,-3.14032,0.14661,0.51753,0.36320,-0.73865,0.23375,-0.41647,-0.89981,0.03994,
1403637194188318976,-4.97727,-3.23091,0.14721,0.51933,0.36199,-0.73771,0.23460,-0.39075,-0.93548,-0.05416,
1403637194288319232,-5.01257,-3.32258,0.14387,0.51624,0.36102,-0.74016,0.23520,-0.34927,-0.93845,-0.02270,
1403637194388318976,-5.04601,-3.41703,0.14466,0.51329,0.36164,-0.74237,0.23373,-0.31275,-0.95494,0.04032,
1403637194488318976,-5.07513,-3.51504,0.15394,0.51196,0.36127,-0.74359,0.23335,-0.31358,-1.02192,0.12343,
1403637194588318976,-5.10549,-3.61715,0.16929,0.51057,0.36117,-0.74471,0.23298,-0.29164,-1.04048,0.19524,
1403637194688318976,-5.13099,-3.72155,0.19224,0.50793,0.36183,-0.74708,0.23012,-0.27096,-1.06827,0.24984,
1403637194788319232,-5.15742,-3.82921,0.21518,0.50329,0.36205,-0.75079,0.22787,-0.26372,-1.10291,0.22475,
1403637194888318976,-5.18155,-3.94185,0.23681,0.50071,0.36148,-0.75318,0.22659,-0.25449,-1.14411,0.16258,
1403637194988318976,-5.20790,-4.05728,0.25365,0.50526,0.35752,-0.75057,0.23136,-0.26222,-1.17546,0.13250,
1403637195088318976,-5.23092,-4.17498,0.26498,0.51400,0.35466,-0.74494,0.23471,-0.24167,-1.19181,0.06773,
1403637195188318976,-5.25394,-4.29452,0.26954,0.52164,0.35200,-0.73988,0.23785,-0.22346,-1.19534,0.01180,
1403637195288319232,-5.27546,-4.41309,0.26714,0.52661,0.35042,-0.73646,0.23982,-0.18802,-1.18263,-0.04486,
1403637195388318976,-5.29377,-4.52952,0.25821,0.52920,0.35005,-0.73441,0.24095,-0.15815,-1.16384,-0.06510,
1403637195488318976,-5.30819,-4.64710,0.25202,0.52752,0.35259,-0.73287,0.24555,-0.12157,-1.16847,-0.00123,
1403637195588318976,-5.31802,-4.76248,0.25456,0.52372,0.35905,-0.73106,0.24971,-0.08090,-1.14458,0.08750,
1403637195688318976,-5.32423,-4.87568,0.26507,0.52260,0.36399,-0.72782,0.25432,-0.05324,-1.12610,0.16023,
1403637195788319232,-5.32803,-4.98466,0.28007,0.52238,0.36947,-0.72494,0.25510,-0.00968,-1.08303,0.20152,
1403637195888318976,-5.32870,-5.09171,0.29891,0.52711,0.37806,-0.71924,0.24884,0.02452,-1.08000,0.21642,
1403637195988318976,-5.32287,-5.19862,0.31694,0.53231,0.38684,-0.71382,0.23971,0.09741,-1.06734,0.15692,
1403637196088318976,-5.30973,-5.30608,0.32914,0.54211,0.39405,-0.70521,0.23136,0.18750,-1.07988,0.10530,
1403637196188318976,-5.28515,-5.41492,0.33675,0.55712,0.39795,-0.69293,0.22606,0.30981,-1.09475,0.07006,
1403637196288319232,-5.24939,-5.52662,0.33806,0.57058,0.39832,-0.68195,0.22520,0.46772,-1.09739,0.00030,
1403637196388318976,-5.19455,-5.63643,0.33435,0.58068,0.39852,-0.67407,0.22275,0.65264,-1.08161,-0.05151,
1403637196488318976,-5.11917,-5.74454,0.32488,0.58336,0.39690,-0.67256,0.22320,0.85008,-1.06158,-0.11204,
1403637196588318976,-5.02478,-5.85191,0.31029,0.58195,0.39335,-0.67475,0.22654,1.03327,-1.05602,-0.16325,
1403637196688318976,-4.91278,-5.95740,0.29071,0.57740,0.38944,-0.67969,0.23016,1.21628,-1.01772,-0.21187,
1403637196788319232,-4.78369,-6.05955,0.26439,0.57297,0.38447,-0.68432,0.23577,1.36458,-0.98309,-0.28047,
1403637196888318976,-4.63946,-6.15587,0.23430,0.57505,0.38328,-0.68359,0.23479,1.51597,-0.93169,-0.30898,
1403637196988318976,-4.48006,-6.24623,0.20091,0.57266,0.37713,-0.68601,0.24337,1.66764,-0.89673,-0.33846,
1403637197088318976,-4.30692,-6.33058,0.16917,0.56266,0.37533,-0.69063,0.25606,1.78814,-0.85388,-0.29245,
1403637197188318976,-4.12145,-6.41007,0.14468,0.55010,0.38164,-0.69247,0.26875,1.90419,-0.77702,-0.23546,
1403637197288319232,-3.92715,-6.48249,0.12818,0.53511,0.39628,-0.69051,0.28252,1.97625,-0.71588,-0.16303,
1403637197388318976,-3.72654,-6.54976,0.12169,0.51839,0.41600,-0.68441,0.29967,2.02030,-0.66660,-0.06683,
1403637197488318976,-3.52311,-6.61010,0.12271,0.50116,0.44472,-0.67222,0.31493,2.05701,-0.59383,0.02173,
1403637197588318976,-3.31686,-6.66557,0.13106,-0.48450,-0.47968,0.65344,-0.32891,2.08468,-0.55583,0.06990,
1403637197688318976,-3.10887,-6.71685,0.14703,-0.46828,-0.51254,0.63017,-0.34771,2.09166,-0.52292,0.15237,
1403637197788319232,-2.90037,-6.76503,0.16989,-0.45637,-0.54321,0.60312,-0.36455,2.11459,-0.45704,0.21831,
1403637197888318976,-2.68835,-6.80511,0.20096,-0.44820,-0.57156,0.57339,-0.37902,2.16036,-0.40826,0.28953,
1403637197988318976,-2.47246,-6.84220,0.23757,0.43747,0.59449,-0.54816,0.39334,2.20483,-0.33498,0.35580,
1403637198088318976,-2.25078,-6.87236,0.28294,0.42538,0.61280,-0.52647,0.40788,2.26166,-0.26505,0.44056,
1403637198188318976,-2.02383,-6.89851,0.33625,0.41220,0.62939,-0.50709,0.42050,2.32473,-0.21883,0.52224,
1403637198288319232,-1.79235,-6.91878,0.39776,0.40152,0.64534,-0.48612,0.43129,2.36500,-0.14874,0.58552,
1403637198388318976,-1.55518,-6.93456,0.45874,0.39493,0.65913,-0.46394,0.44084,2.40577,-0.09972,0.54938,
1403637198488318976,-1.31389,-6.94330,0.51169,0.39384,0.66774,-0.44543,0.44789,2.43797,-0.02750,0.43130,
1403637198588318976,-1.06766,-6.94598,0.55114,0.39677,0.67273,-0.43186,0.45111,2.49051,0.04663,0.28588,
1403637198688318976,-0.81660,-6.94239,0.57376,0.39806,0.67506,-0.42512,0.45290,2.54325,0.13828,0.08460,
1403637198788319232,-0.55942,-6.93065,0.57690,0.39717,0.67431,-0.42340,0.45640,2.58665,0.23796,-0.08311,
1403637198888318976,-0.29665,-6.90565,0.56620,0.39869,0.66690,-0.42189,0.46723,2.64286,0.32849,-0.20292,
1403637198988318976,-0.02464,-6.87154,0.55124,0.39261,0.65606,-0.42555,0.48410,2.70697,0.47294,-0.19458,
1403637199088318976,0.24968,-6.82066,0.53950,0.37935,0.65270,-0.42879,0.49621,2.71557,0.59463,-0.14556,
1403637199188318976,0.52081,-6.75384,0.53269,0.36333,0.65801,-0.42805,0.50179,2.69288,0.74898,-0.06634,
1403637199288319232,0.78713,-6.67299,0.53446,0.35074,0.66669,-0.41833,0.50745,2.65274,0.85867,0.03022,
1403637199388318976,1.04734,-6.57775,0.54298,0.34080,0.67633,-0.40097,0.51542,2.59885,0.99110,0.09094,
1403637199488318976,1.30243,-6.46986,0.55249,0.32884,0.68692,-0.38031,0.52476,2.54642,1.09606,0.09498,
1403637199588318976,1.55648,-6.35357,0.55975,0.31431,0.69705,-0.36013,0.53445,2.48787,1.20853,0.01392,
1403637199688318976,1.80454,-6.22491,0.55682,0.29408,0.70215,-0.34285,0.55041,2.44025,1.30901,-0.05858,
1403637199788319232,2.04864,-6.08752,0.54400,0.26738,0.70653,-0.32686,0.56787,2.36843,1.39672,-0.22267,
1403637199888318976,2.28470,-5.94233,0.51126,0.23517,0.70765,-0.30875,0.59043,2.28463,1.45088,-0.45712,
1403637199988318976,2.50632,-5.79056,0.46293,0.20196,0.70489,-0.28662,0.61660,2.11197,1.51319,-0.52338,
1403637200088318976,2.70221,-5.63257,0.40839,0.17267,0.70373,-0.25773,0.63916,1.87353,1.56697,-0.55795,
1403637200188318976,2.87175,-5.47145,0.34947,0.15064,0.70999,-0.22392,0.65044,1.59019,1.60543,-0.59574,
1403637200288319232,3.01235,-5.30977,0.28416,0.13824,0.72726,-0.19079,0.64466,1.30582,1.62579,-0.65298,
1403637200388318976,3.13027,-5.14708,0.21876,0.13328,0.75222,-0.16515,0.62381,1.07682,1.65566,-0.59157,
1403637200488318976,3.23023,-4.98164,0.16167,0.12620,0.77383,-0.15180,0.60185,0.92427,1.68243,-0.49898,
1403637200588318976,3.31794,-4.81293,0.11633,0.10994,0.78229,-0.15213,0.59397,0.83463,1.68243,-0.39290,
1403637200688318976,3.39833,-4.64460,0.08136,0.10063,0.78530,-0.15527,0.59082,0.74466,1.65761,-0.29636,
1403637200788319232,3.47145,-4.47796,0.05330,0.09442,0.78480,-0.16239,0.59060,0.66701,1.62876,-0.22992,
1403637200888318976,3.53613,-4.31720,0.03496,0.09315,0.78019,-0.17395,0.59361,0.57678,1.56579,-0.12533,
1403637200988318976,3.58929,-4.15831,0.02277,0.09847,0.77864,-0.18225,0.59229,0.47572,1.52589,-0.08536,
1403637201088318976,3.62943,-4.00344,0.01730,0.10535,0.77737,-0.18893,0.59069,0.39477,1.47408,0.00586,
1403637201188318976,3.66227,-3.85626,0.02051,0.11073,0.77663,-0.19600,0.58836,0.32322,1.42931,0.09145,
1403637201288319232,3.68565,-3.71051,0.03046,0.10747,0.77549,-0.20813,0.58630,0.22066,1.38546,0.13026,
1403637201388318976,3.70032,-3.57210,0.03994,0.09575,0.77223,-0.23101,0.58407,0.11874,1.31411,0.07909,
1403637201488318976,3.70297,-3.44423,0.04336,0.08583,0.77052,-0.25583,0.57748,0.03322,1.19135,0.01689,
1403637201588318976,3.69960,-3.32805,0.04111,0.07977,0.76737,-0.27719,0.57267,-0.06306,1.05524,-0.03680,
1403637201688318976,3.68654,-3.22811,0.03562,0.07835,0.76276,-0.29112,0.57211,-0.17207,0.88162,-0.05664,
1403637201788319232,3.66266,-3.14729,0.02619,0.09203,0.75883,-0.29103,0.57534,-0.28624,0.71989,-0.07628,
1403637201888318976,3.62943,-3.08247,0.01934,0.10192,0.75665,-0.28975,0.57718,-0.40670,0.58165,-0.03701,
1403637201988318976,3.58422,-3.03277,0.01607,0.10294,0.75759,-0.29053,0.57538,-0.50846,0.44887,0.00406,
1403637202088318976,3.52816,-2.99782,0.01937,0.09312,0.76224,-0.29535,0.56841,-0.61313,0.30268,0.05220,
1403637202188318976,3.46106,-2.97912,0.02794,0.08977,0.77223,-0.29460,0.55571,-0.71969,0.13126,0.11818,
1403637202288319232,3.38815,-2.97730,0.03604,0.10642,0.78501,-0.28094,0.54176,-0.75543,-0.02518,0.08723,
1403637202388318976,3.31553,-2.98993,0.04022,0.12145,0.79439,-0.26841,0.53117,-0.74049,-0.14009,0.03278,
1403637202488318976,3.24664,-3.01163,0.04080,0.13033,0.79578,-0.26134,0.53052,-0.69936,-0.22958,0.01625,
1403637202588318976,3.18274,-3.04298,0.04497,0.13434,0.79163,-0.25793,0.53735,-0.65006,-0.31944,0.07367,
1403637202688318976,3.11933,-3.07942,0.05693,0.13970,0.78647,-0.25349,0.54561,-0.64648,-0.37130,0.15695,
1403637202788319232,3.05969,-3.12335,0.07735,0.14738,0.78407,-0.24748,0.54978,-0.64339,-0.40905,0.21558,
1403637202888318976,3.00072,-3.16981,0.09730,0.15741,0.78465,-0.24073,0.54918,-0.60801,-0.42923,0.16296,
1403637202988318976,2.94432,-3.21518,0.11084,0.16504,0.78570,-0.23580,0.54757,-0.59239,-0.42359,0.10570,
1403637203088318976,2.89133,-3.25924,0.11911,0.16745,0.78579,-0.23475,0.54716,-0.55892,-0.40720,0.06488,
1403637203188318976,2.83782,-3.29908,0.12265,0.16803,0.78554,-0.23501,0.54724,-0.53572,-0.38476,0.02033,
1403637203288319232,2.79304,-3.34244,0.12222,0.16978,0.78476,-0.23504,0.54779,-0.48837,-0.37523,-0.00642,
1403637203388318976,2.74512,-3.37878,0.11876,0.16943,0.78421,-0.23595,0.54831,-0.47731,-0.35991,-0.04816,
1403637203488318976,2.70548,-3.41723,0.10914,0.17056,0.78451,-0.23603,0.54749,-0.44142,-0.33663,-0.09519,
1403637203588318976,2.66265,-3.44832,0.09728,0.17313,0.78379,-0.23498,0.54817,-0.41371,-0.32053,-0.13554,
1403637203688318976,2.62287,-3.47602,0.08207,0.17525,0.78369,-0.23456,0.54782,-0.37605,-0.27910,-0.17364,
1403637203788319232,2.59167,-3.50266,0.06121,0.17559,0.78259,-0.23568,0.54880,-0.33998,-0.25060,-0.19759,
1403637203888318976,2.55731,-3.52510,0.03900,0.17596,0.78196,-0.23608,0.54941,-0.32427,-0.21680,-0.23517,
1403637203988318976,2.52499,-3.54310,0.01303,0.17677,0.78180,-0.23618,0.54932,-0.30816,-0.18508,-0.26677,
1403637204088318976,2.49544,-3.55693,-0.01431,0.17716,0.78153,-0.23684,0.54930,-0.29739,-0.14836,-0.21667,
1403637204188318976,2.46739,-3.56931,-0.03187,0.17735,0.78171,-0.23726,0.54881,-0.26639,-0.11867,-0.11794,
1403637204288319232,2.44124,-3.57726,-0.04183,0.17730,0.78216,-0.23813,0.54780,-0.26426,-0.06882,-0.05872,
1403637204388318976,2.41346,-3.57795,-0.04500,0.17472,0.78009,-0.24094,0.55035,-0.26117,-0.03958,0.01382,
1403637204488318976,2.38928,-3.58120,-0.03844,0.17385,0.77577,-0.24341,0.55561,-0.23831,-0.02907,0.09746,
1403637204588318976,2.36546,-3.58169,-0.02458,0.17432,0.77434,-0.24559,0.55651,-0.23511,-0.00690,0.16675,
1403637204688318976,2.34000,-3.57803,-0.00554,0.17669,0.77552,-0.24712,0.55342,-0.23811,0.01405,0.20840,
1403637204788319232,2.31575,-3.57446,0.01309,0.17738,0.77636,-0.24929,0.55104,-0.23924,0.04018,0.15924,
1403637204888318976,2.29046,-3.56885,0.02446,0.17776,0.77728,-0.25106,0.54883,-0.23774,0.05390,0.08507,
1403637204988318976,2.26479,-3.56056,0.02927,0.17717,0.78013,-0.25266,0.54422,-0.22904,0.07088,0.02137,
1403637205088318976,2.24261,-3.55337,0.02830,0.17633,0.78314,-0.25357,0.53972,-0.20012,0.07793,-0.02631,
1403637205188318976,2.22273,-3.54552,0.02313,0.17670,0.78346,-0.25310,0.53936,-0.18425,0.08422,-0.07195,
1403637205288319232,2.20376,-3.53577,0.01444,0.17404,0.78547,-0.24983,0.53882,-0.15991,0.09491,-0.07970,
1403637205388318976,2.19119,-3.52695,0.00791,0.17110,0.78697,-0.24279,0.54079,-0.12597,0.09412,-0.02864,
1403637205488318976,2.18065,-3.51736,0.00840,0.16933,0.78686,-0.23557,0.54469,-0.09580,0.10065,0.04616,
1403637205588318976,2.17131,-3.50549,0.01406,0.16807,0.78587,-0.22925,0.54918,-0.08254,0.11200,0.03115,
1403637205688318976,2.16416,-3.49318,0.01351,0.16635,0.78568,-0.22549,0.55152,-0.07140,0.13223,-0.04753,
1403637205788319232,2.15721,-3.47736,0.00643,0.16450,0.78631,-0.22385,0.55186,-0.07076,0.15062,-0.11126,
1403637205888318976,2.15255,-3.46119,-0.00705,0.16338,0.78669,-0.22299,0.55199,-0.05577,0.16895,-0.14673,
1403637205988318976,2.14937,-3.44314,-0.02149,0.16324,0.78649,-0.22204,0.55271,-0.04785,0.18891,-0.12967,
1403637206088318976,2.14609,-3.42147,-0.02857,0.16099,0.78604,-0.22293,0.55365,-0.05043,0.22338,-0.06639,
1403637206188318976,2.14419,-3.39978,-0.03069,0.15367,0.78478,-0.22714,0.55580,-0.03414,0.22271,0.00828,
1403637206288319232,2.14330,-3.37811,-0.02331,0.14986,0.78368,-0.22951,0.55742,-0.02758,0.20256,0.10435,
1403637206388318976,2.14308,-3.35771,-0.00848,0.14858,0.78285,-0.23065,0.55845,-0.01626,0.18297,0.17620,
1403637206488318976,2.14015,-3.33811,0.01053,0.14909,0.78276,-0.23080,0.55839,-0.02003,0.16711,0.19926,
1403637206588318976,2.13529,-3.31801,0.02731,0.15044,0.78241,-0.23075,0.55852,-0.03468,0.16957,0.14451,
1403637206688318976,2.12868,-3.29775,0.03797,0.15335,0.78262,-0.22982,0.55783,-0.05435,0.16883,0.08412,
1403637206788319232,2.12109,-3.27793,0.04341,0.15561,0.78178,-0.22913,0.55866,-0.06695,0.17349,0.03169,
1403637206888318976,2.11242,-3.25706,0.04775,0.15712,0.78098,-0.22915,0.55935,-0.08635,0.19042,0.07133,
1403637206988318976,2.10228,-3.23495,0.05657,0.15769,0.77963,-0.22951,0.56092,-0.08332,0.18340,0.11617,
1403637207088318976,2.09301,-3.21387,0.07225,0.15802,0.77954,-0.23068,0.56047,-0.10023,0.20015,0.13905,
1403637207188318976,2.08138,-3.19146,0.08259,0.15890,0.77828,-0.23209,0.56139,-0.11282,0.21894,0.08116,
1403637207288319232,2.06739,-3.16707,0.08513,0.15940,0.77714,-0.23334,0.56231,-0.12569,0.22663,-0.00261,
1403637207388318976,2.05091,-3.14214,0.08026,0.16005,0.77717,-0.23411,0.56177,-0.15491,0.23586,-0.06236,
1403637207488318976,2.03215,-3.11617,0.06988,0.16046,0.77700,-0.23527,0.56140,-0.18148,0.25355,-0.13205,
1403637207588318976,2.01137,-3.08908,0.05420,0.15613,0.77934,-0.23960,0.55754,-0.19742,0.26827,-0.17500,
1403637207688318976,1.98926,-3.06259,0.03993,0.14651,0.78422,-0.24698,0.55004,-0.21517,0.24256,-0.10856,
1403637207788319232,1.96690,-3.04021,0.03570,0.14672,0.78574,-0.24740,0.54761,-0.22866,0.20694,0.00217,
1403637207888318976,1.94111,-3.02034,0.04289,0.15251,0.78496,-0.24453,0.54844,-0.22583,0.17114,0.10054,
1403637207988318976,1.92074,-3.00595,0.05923,0.15761,0.78362,-0.24156,0.55022,-0.23257,0.15764,0.21291,
1403637208088318976,1.89913,-2.99150,0.08420,0.16159,0.78348,-0.23942,0.55021,-0.22024,0.14764,0.28022,
1403637208188318976,1.87886,-2.97731,0.11492,0.16474,0.78306,-0.23792,0.55052,-0.21438,0.14851,0.32411,
1403637208288319232,1.85918,-2.96249,0.14723,0.16109,0.78267,-0.24185,0.55044,-0.20360,0.16157,0.26075,
1403637208388318976,1.84040,-2.94897,0.17054,0.15519,0.77999,-0.24729,0.55352,-0.20475,0.14876,0.19562,
1403637208488318976,1.82143,-2.93750,0.18718,0.15609,0.77888,-0.24811,0.55445,-0.20937,0.12236,0.11731,
1403637208588318976,1.80136,-2.92718,0.19711,0.16031,0.77845,-0.24634,0.55464,-0.22834,0.10799,0.06718,
1403637208688318976,1.78258,-2.91939,0.20371,0.16449,0.77866,-0.24395,0.55419,-0.22972,0.10319,0.01537,
1403637208788319232,1.76019,-2.90865,0.20305,0.16668,0.77749,-0.24257,0.55577,-0.23474,0.11265,-0.03469,
1403637208888318976,1.73790,-2.89833,0.19682,0.16932,0.77808,-0.24106,0.55481,-0.24169,0.11427,-0.09512,
1403637208988318976,1.71576,-2.88699,0.18408,0.17911,0.78022,-0.23462,0.55147,-0.24168,0.13050,-0.15118,
1403637209088318976,1.69479,-2.87233,0.16554,0.18888,0.78269,-0.22708,0.54786,-0.21876,0.17189,-0.18587,
1403637209188318976,1.68149,-2.85603,0.14976,0.18460,0.78516,-0.22084,0.54834,-0.16446,0.24614,-0.15777,
1403637209288319232,1.66677,-2.82892,0.13793,0.16591,0.78981,-0.21675,0.54927,-0.14693,0.29286,-0.07877,
1403637209388318976,1.65630,-2.80222,0.13515,0.15138,0.79630,-0.21033,0.54658,-0.13026,0.30463,-0.00985,
1403637209488318976,1.64710,-2.77474,0.13778,0.14182,0.80471,-0.20423,0.53909,-0.10351,0.29693,0.03685,
1403637209588318976,1.64031,-2.74722,0.14435,0.13451,0.81641,-0.19901,0.52514,-0.03464,0.26334,0.10316,
1403637209688318976,1.64393,-2.72439,0.15858,0.12790,0.82540,-0.19619,0.51367,0.06166,0.22947,0.17825,
1403637209788319232,1.66079,-2.70653,0.18136,0.12410,0.82995,-0.19469,0.50781,0.21271,0.16136,0.22252,
1403637209888318976,1.68830,-2.69215,0.20202,0.12103,0.83286,-0.19530,0.50353,0.31573,0.12294,0.16689,
1403637209988318976,1.72478,-2.68151,0.21119,0.11896,0.83748,-0.19635,0.49591,0.40999,0.07757,-0.01050,
1403637210088318976,1.77262,-2.67376,0.20500,0.11752,0.84366,-0.19778,0.48509,0.52343,0.02831,-0.16056,
1403637210188318976,1.83292,-2.67262,0.18222,0.11441,0.84936,-0.20032,0.47472,0.67135,-0.03242,-0.27106,
1403637210288319232,1.91027,-2.67673,0.15570,0.11278,0.85402,-0.20174,0.46608,0.85443,-0.11152,-0.29067,
1403637210388318976,2.00687,-2.68984,0.12840,0.11132,0.85610,-0.20299,0.46206,1.05427,-0.18812,-0.28876,
1403637210488318976,2.12511,-2.71251,0.10342,0.11338,0.85259,-0.20137,0.46870,1.27326,-0.28248,-0.24874,
1403637210588318976,2.26111,-2.74228,0.07821,0.11579,0.84497,-0.19928,0.48260,1.43128,-0.33688,-0.26633,
1403637210688318976,2.41236,-2.77696,0.05280,0.11652,0.83823,-0.19804,0.49455,1.55086,-0.39582,-0.30016,
1403637210788319232,2.57471,-2.81611,0.02309,0.11159,0.83368,-0.20040,0.50235,1.66369,-0.43511,-0.33022,
1403637210888318976,2.74535,-2.86066,-0.01024,0.10435,0.82826,-0.20517,0.51088,1.73268,-0.48482,-0.35591,
1403637210988318976,2.92232,-2.91130,-0.04606,0.09870,0.81900,-0.20958,0.52495,1.78176,-0.55253,-0.38413,
1403637211088318976,3.10174,-2.96933,-0.08546,0.09561,0.80967,-0.21323,0.53836,1.79979,-0.61966,-0.41245,
1403637211188318976,3.28086,-3.03384,-0.12996,0.10270,0.80600,-0.21055,0.54358,1.79173,-0.68682,-0.44738,
1403637211288319232,3.46008,-3.10336,-0.17628,0.11334,0.80089,-0.20629,0.55062,1.78375,-0.73177,-0.46119,
1403637211388318976,3.63803,-3.17523,-0.22598,0.12172,0.79485,-0.20404,0.55837,1.76045,-0.73976,-0.50173,
1403637211488318976,3.81292,-3.24719,-0.28041,0.12517,0.79235,-0.20388,0.56119,1.72867,-0.73657,-0.54435,
1403637211588318976,3.98333,-3.31919,-0.33437,0.12343,0.79488,-0.20622,0.55714,1.67954,-0.74324,-0.49758,
1403637211688318976,4.14851,-3.39163,-0.38067,0.12002,0.79695,-0.20863,0.55401,1.63977,-0.74482,-0.43693,
1403637211788319232,4.31106,-3.46637,-0.41880,0.11109,0.80228,-0.21453,0.54587,1.61122,-0.76405,-0.34610,
1403637211888318976,4.47078,-3.54524,-0.44843,0.10322,0.80575,-0.22012,0.54005,1.58587,-0.83332,-0.25422,
1403637211988318976,4.62961,-3.63151,-0.46928,0.10725,0.80601,-0.21796,0.53975,1.58618,-0.90373,-0.15494,
1403637212088318976,4.79072,-3.72458,-0.48125,0.11788,0.80015,-0.21194,0.54858,1.58528,-0.93923,-0.06911,
1403637212188318976,4.94848,-3.81928,-0.48561,0.12596,0.79175,-0.20732,0.56061,1.52936,-0.94061,-0.01783,
1403637212288319232,5.10186,-3.91291,-0.48457,0.13045,0.78689,-0.20518,0.56718,1.49832,-0.93598,0.04091,
1403637212388318976,5.24978,-4.00566,-0.47552,0.13285,0.78404,-0.20527,0.57053,1.43699,-0.91726,0.10795,
1403637212488318976,5.39158,-4.09512,-0.46159,0.13464,0.78486,-0.20601,0.56871,1.37605,-0.87804,0.14634,
1403637212588318976,5.52859,-4.18220,-0.44392,0.13411,0.78957,-0.20857,0.56134,1.33341,-0.85707,0.17936,
1403637212688318976,5.66339,-4.26830,-0.42402,0.13342,0.79520,-0.21068,0.55269,1.32395,-0.84914,0.21295,
1403637212788319232,5.79959,-4.35467,-0.40062,0.13573,0.79826,-0.20983,0.54803,1.33540,-0.85198,0.23631,
1403637212888318976,5.93686,-4.44056,-0.37569,0.13824,0.80076,-0.20826,0.54434,1.34392,-0.85186,0.25634,
1403637212988318976,6.07361,-4.52589,-0.34833,0.14167,0.80190,-0.20463,0.54315,1.35679,-0.84408,0.27485,
1403637213088318976,6.20953,-4.61057,-0.32253,0.13920,0.80209,-0.20438,0.54361,1.36649,-0.82185,0.24584,
1403637213188318976,6.34874,-4.69305,-0.30426,0.13460,0.80254,-0.20540,0.54371,1.37341,-0.81705,0.16750,
1403637213288319232,6.48536,-4.77643,-0.29058,0.13218,0.80237,-0.20554,0.54450,1.37879,-0.81636,0.11646,
1403637213388318976,6.62134,-4.85919,-0.28053,0.13281,0.80095,-0.20447,0.54684,1.37021,-0.80953,0.07188,
1403637213488318976,6.75735,-4.94194,-0.27662,0.13440,0.79860,-0.20341,0.55027,1.35386,-0.80266,0.02635,
1403637213588318976,6.89141,-5.02450,-0.27675,0.14210,0.79750,-0.19773,0.55200,1.33871,-0.79161,-0.01852,
1403637213688318976,7.02419,-5.10440,-0.28299,0.15180,0.79942,-0.19038,0.54921,1.31886,-0.75365,-0.08928,
1403637213788319232,7.15849,-5.17969,-0.29414,0.15728,0.80191,-0.18607,0.54551,1.31965,-0.69148,-0.14627,
1403637213888318976,7.29505,-5.25008,-0.31113,0.15948,0.80330,-0.18325,0.54377,1.34373,-0.64420,-0.19261,
1403637213988318976,7.43305,-5.31385,-0.32940,0.16052,0.80282,-0.18115,0.54488,1.39352,-0.58126,-0.14095,
1403637214088318976,7.57923,-5.37316,-0.34173,0.15478,0.79899,-0.17777,0.55322,1.43039,-0.50674,-0.09554,
1403637214188318976,7.72217,-5.42170,-0.34560,0.14112,0.79601,-0.17426,0.56221,1.42602,-0.44338,-0.00092,
1403637214288319232,7.86999,-5.46930,-0.34259,0.13125,0.79467,-0.16252,0.56996,1.41570,-0.40286,0.07960,
1403637214388318976,8.01298,-5.51036,-0.33411,0.12335,0.79350,-0.14234,0.57870,1.36594,-0.33673,0.12981,
1403637214488318976,8.14975,-5.54238,-0.32144,0.11859,0.79503,-0.11353,0.58393,1.29585,-0.25191,0.16783,
1403637214588318976,8.28035,-5.56391,-0.30378,0.11512,0.79617,-0.08379,0.58808,1.22663,-0.14282,0.22739,
1403637214688318976,8.40488,-5.57328,-0.27963,0.11499,0.79503,-0.05780,0.59276,1.18784,-0.02598,0.27421,
1403637214788319232,8.52450,-5.56832,-0.24984,0.11611,0.79348,-0.03853,0.59618,1.12995,0.12763,0.31984,
1403637214888318976,8.63371,-5.54576,-0.21646,0.11213,0.79352,-0.03008,0.59737,1.06612,0.29676,0.30163,
1403637214988318976,8.73644,-5.50667,-0.18854,0.10884,0.79228,-0.02649,0.59979,0.98702,0.44671,0.24354,
1403637215088318976,8.83102,-5.45275,-0.16649,0.10679,0.78990,-0.02583,0.60331,0.89441,0.58892,0.19581,
1403637215188318976,8.91926,-5.38566,-0.15003,0.10570,0.78682,-0.02689,0.60747,0.83181,0.73371,0.14093,
1403637215288319232,9.00155,-5.30357,-0.13849,0.09834,0.78485,-0.03003,0.61110,0.75155,0.88095,0.08780,
1403637215388318976,9.07499,-5.20840,-0.13084,0.08563,0.78113,-0.02938,0.61778,0.65464,1.00515,0.04237,
1403637215488318976,9.13635,-5.10052,-0.12304,0.06616,0.77404,-0.02463,0.62918,0.51457,1.11813,0.08663,
1403637215588318976,9.18208,-4.98304,-0.11277,0.04845,0.77070,-0.01229,0.63523,0.36138,1.19470,0.12259,
1403637215688318976,9.21108,-4.85841,-0.09694,0.03058,0.77272,0.00673,0.63397,0.18326,1.26311,0.18018,
1403637215788319232,9.22675,-4.72894,-0.07684,0.01173,0.78241,0.02794,0.62202,0.06010,1.31730,0.23500,
1403637215888318976,9.22874,-4.59525,-0.05133,-0.00776,0.79069,0.04832,0.61026,-0.04626,1.34817,0.30716,
1403637215988318976,9.21862,-4.46038,-0.01905,-0.02659,0.79604,0.06296,0.60137,-0.14970,1.35213,0.37757,
1403637216088318976,9.19796,-4.32548,0.01785,-0.04573,0.79774,0.07587,0.59645,-0.22608,1.34671,0.40351,
1403637216188318976,9.17020,-4.19143,0.05323,-0.06189,0.79727,0.08712,0.59408,-0.28195,1.32671,0.35157,
1403637216288319232,9.13704,-4.06033,0.08268,-0.07440,0.79593,0.09296,0.59356,-0.34457,1.27935,0.28334,
1403637216388318976,9.09939,-3.93301,0.10553,-0.08109,0.79209,0.09617,0.59730,-0.39412,1.23919,0.22455,
1403637216488318976,9.05641,-3.80934,0.12183,-0.08353,0.78640,0.09791,0.60417,-0.46117,1.18540,0.15878,
1403637216588318976,9.00832,-3.68944,0.13223,-0.08668,0.78230,0.09591,0.60934,-0.53131,1.13986,0.10967,
1403637216688318976,8.95200,-3.57518,0.13819,-0.09121,0.77805,0.09088,0.61487,-0.63185,1.07907,0.07601,
1403637216788319232,8.88641,-3.46768,0.14158,-0.09198,0.77199,0.08704,0.62289,-0.72401,1.00559,0.08200,
1403637216888318976,8.80928,-3.36870,0.14884,-0.08811,0.76691,0.08603,0.62983,-0.83409,0.93533,0.13707,
1403637216988318976,8.71836,-3.27836,0.16256,-0.08340,0.76657,0.08495,0.63102,-0.98964,0.85987,0.18788,
1403637217088318976,8.61352,-3.19379,0.17864,-0.08888,0.77407,0.07802,0.62196,-1.12617,0.79242,0.17828,
1403637217188318976,8.49567,-3.11702,0.19460,-0.09824,0.78004,0.06815,0.61420,-1.21280,0.71064,0.12976,
1403637217288319232,8.37145,-3.05076,0.20118,-0.10592,0.78279,0.05934,0.61033,-1.27869,0.60345,0.04896,
1403637217388318976,8.24116,-2.99571,0.20004,-0.11033,0.78478,0.05278,0.60759,-1.33298,0.49102,-0.03460,
1403637217488318976,8.10531,-2.95220,0.19210,-0.11217,0.78588,0.04877,0.60616,-1.38654,0.37025,-0.09700,
1403637217588318976,7.96529,-2.91957,0.18143,-0.11110,0.78320,0.05408,0.60936,-1.42966,0.25748,-0.12405,
1403637217688318976,7.81988,-2.90009,0.16618,-0.10359,0.77702,0.07328,0.61655,-1.48431,0.16218,-0.11943,
1403637217788319232,7.66698,-2.88771,0.15463,-0.09561,0.76910,0.10359,0.62339,-1.59188,0.10965,-0.08703,
1403637217888318976,7.50320,-2.87893,0.14571,-0.09968,0.76592,0.13304,0.62107,-1.69745,0.07841,-0.04299,
1403637217988318976,7.32768,-2.87246,0.14254,-0.10869,0.76572,0.15439,0.61483,-1.81528,0.05065,0.02029,
1403637218088318976,7.14092,-2.86771,0.14328,-0.11951,0.76757,0.16822,0.60684,-1.90308,0.02266,0.04601,
1403637218188318976,6.94580,-2.86701,0.14390,-0.12659,0.76858,0.17814,0.60127,-1.96985,-0.01177,-0.00818,
1403637218288319232,6.74569,-2.86822,0.13952,-0.13074,0.76913,0.18463,0.59771,-2.02404,-0.02646,-0.05767,
1403637218388318976,6.54047,-2.87004,0.13022,-0.13190,0.76832,0.18858,0.59726,-2.08039,-0.04424,-0.12000,
1403637218488318976,6.32784,-2.87452,0.11702,-0.13273,0.76746,0.18980,0.59780,-2.15320,-0.06960,-0.13060,
1403637218588318976,6.11035,-2.88311,0.10475,-0.13177,0.76754,0.19037,0.59773,-2.18761,-0.07953,-0.09802,
1403637218688318976,5.88996,-2.89057,0.09873,-0.12872,0.77104,0.19057,0.59382,-2.24131,-0.08363,-0.04005,
1403637218788319232,5.66255,-2.89902,0.09428,-0.12911,0.77520,0.18776,0.58919,-2.30009,-0.10271,-0.08888,
1403637218888318976,5.43241,-2.90884,0.07921,-0.11949,0.77736,0.19154,0.58715,-2.31106,-0.09466,-0.26473,
1403637218988318976,5.19814,-2.91753,0.04800,-0.11070,0.77701,0.19580,0.58793,-2.35479,-0.08218,-0.40207,
1403637219088318976,4.96103,-2.92338,0.00598,-0.10557,0.77699,0.19807,0.58814,-2.38659,-0.03626,-0.45374,
1403637219188318976,4.71817,-2.92379,-0.03661,-0.10462,0.77713,0.19804,0.58813,-2.42453,0.00322,-0.40854,
1403637219288319232,4.46974,-2.92003,-0.06946,-0.10596,0.77874,0.19601,0.58644,-2.50680,0.04078,-0.34507,
1403637219388318976,4.21565,-2.91453,-0.10046,-0.10720,0.78092,0.19384,0.58403,-2.54631,0.07488,-0.29497,
1403637219488318976,3.95887,-2.90040,-0.11783,-0.10888,0.78773,0.19195,0.57514,-2.56279,0.12438,-0.22464,
1403637219588318976,3.70264,-2.88084,-0.12647,-0.10867,0.79728,0.19055,0.56234,-2.57197,0.16063,-0.16440,
1403637219688318976,3.44948,-2.85809,-0.13007,-0.10841,0.80454,0.18910,0.55246,-2.53847,0.20609,-0.08017,
1403637219788319232,3.20346,-2.83179,-0.12393,-0.10872,0.80802,0.18754,0.54782,-2.45516,0.25800,-0.00470,
1403637219888318976,2.96650,-2.80301,-0.10871,-0.10806,0.81143,0.18783,0.54279,-2.35681,0.31898,0.09672,
1403637219988318976,2.74114,-2.76503,-0.08493,-0.10849,0.81164,0.18716,0.54262,-2.27382,0.37560,0.19762,
1403637220088318976,2.52746,-2.72106,-0.05289,-0.10913,0.81302,0.18638,0.54070,-2.16045,0.43159,0.30099,
1403637220188318976,2.31934,-2.67427,-0.02062,-0.10918,0.81334,0.18642,0.54019,-2.09163,0.48625,0.32985,
1403637220288319232,2.12182,-2.62259,0.02412,-0.11490,0.81292,0.18191,0.54118,-2.00288,0.52453,0.42850,
1403637220388318976,1.93082,-2.57245,0.07342,-0.12477,0.81151,0.17443,0.54355,-1.93913,0.52937,0.49026,
1403637220488318976,1.75209,-2.52010,0.12697,-0.13122,0.81005,0.16859,0.54605,-1.86116,0.51726,0.42726,
1403637220588318976,1.57687,-2.47026,0.17003,-0.13690,0.80767,0.16346,0.54974,-1.78350,0.49776,0.37908,
1403637220688318976,1.41327,-2.42481,0.21124,-0.13610,0.80826,0.16357,0.54903,-1.71818,0.47099,0.32532,
1403637220788319232,1.24718,-2.37875,0.24171,-0.13416,0.80893,0.16425,0.54832,-1.65026,0.45191,0.26739,
1403637220888318976,1.08664,-2.33694,0.26692,-0.13294,0.80985,0.16468,0.54712,-1.57243,0.41803,0.21765,
1403637220988318976,0.93607,-2.29908,0.28939,-0.13192,0.81149,0.16348,0.54530,-1.50919,0.38841,0.15528,
1403637221088318976,0.78652,-2.26351,0.30186,-0.12644,0.81501,0.15931,0.54259,-1.43278,0.36258,0.09053,
1403637221188318976,0.64623,-2.23168,0.30775,-0.11757,0.81939,0.15122,0.54029,-1.34426,0.33791,0.03496,
1403637221288319232,0.52043,-2.20327,0.31181,-0.10639,0.82275,0.13979,0.54058,-1.26071,0.32100,-0.02507,
1403637221388318976,0.40238,-2.17669,0.30731,-0.09871,0.82515,0.12797,0.54130,-1.18284,0.32376,-0.07536,
1403637221488318976,0.28978,-2.15025,0.29608,-0.09323,0.82622,0.11875,0.54275,-1.09695,0.31391,-0.12724,
1403637221588318976,0.18570,-2.12339,0.28039,-0.09057,0.82801,0.11088,0.54213,-1.01930,0.29630,-0.16660,
1403637221688318976,0.08134,-2.09601,0.26092,-0.08712,0.82955,0.10542,0.54143,-0.94097,0.29252,-0.21988,
1403637221788319232,-0.01328,-2.06790,0.23824,-0.08534,0.83027,0.10068,0.54150,-0.85780,0.27657,-0.25449,
1403637221888318976,-0.10026,-2.04386,0.21267,-0.08271,0.83195,0.09365,0.54060,-0.77378,0.24671,-0.29424,
1403637221988318976,-0.17580,-2.02136,0.18155,-0.07567,0.83391,0.08174,0.54054,-0.68586,0.22062,-0.32211,
1403637222088318976,-0.24947,-2.00350,0.14881,-0.06376,0.83601,0.06468,0.54115,-0.60590,0.18455,-0.36423,
1403637222188318976,-0.31567,-1.99020,0.11272,-0.04976,0.83750,0.04457,0.54234,-0.54787,0.15055,-0.37400,
1403637222288319232,-0.37094,-1.97407,0.07550,-0.03592,0.83495,0.02705,0.54848,-0.47539,0.14291,-0.39756,
1403637222388318976,-0.41816,-1.96200,0.03560,-0.02699,0.82834,0.01297,0.55942,-0.42814,0.12779,-0.39497,
1403637222488318976,-0.46077,-1.95219,0.00040,-0.01926,0.82198,0.00380,0.56918,-0.40079,0.11739,-0.31706,
1403637222588318976,-0.50065,-1.94462,-0.02861,-0.01575,0.81969,-0.00330,0.57259,-0.39793,0.09108,-0.24647,
1403637222688318976,-0.53942,-1.94005,-0.05105,-0.01117,0.81893,-0.00552,0.57375,-0.38436,0.07516,-0.16339,
1403637222788319232,-0.57685,-1.93230,-0.06544,-0.00962,0.82191,-0.00707,0.56949,-0.37413,0.06107,-0.09850,
1403637222888318976,-0.61048,-1.93131,-0.07283,-0.00997,0.82765,-0.00686,0.56112,-0.33478,0.04921,-0.01424,
1403637222988318976,-0.64305,-1.92758,-0.07135,-0.01022,0.83377,-0.00568,0.55198,-0.29227,0.03247,0.06578,
1403637223088318976,-0.66544,-1.92939,-0.06374,-0.01146,0.83720,-0.00391,0.54677,-0.23512,0.00941,0.14096,
1403637223188318976,-0.67993,-1.93149,-0.04633,-0.01228,0.83741,-0.00153,0.54643,-0.14717,-0.00378,0.22602,
1403637223288319232,-0.68793,-1.93309,-0.01824,-0.01225,0.83408,0.00166,0.55150,-0.07857,-0.01375,0.31474,
1403637223388318976,-0.68858,-1.93574,0.01680,-0.01222,0.82884,0.00561,0.55932,-0.01659,-0.01760,0.37418,
1403637223488318976,-0.68386,-1.93897,0.05827,-0.01317,0.82481,0.00853,0.56520,0.02088,-0.01812,0.42779,
1403637223588318976,-0.66718,-1.94353,0.09788,-0.01332,0.82182,0.01070,0.56950,0.05446,-0.02510,0.39019,
1403637223688318976,-0.66111,-1.94552,0.13438,-0.01334,0.82015,0.01192,0.57187,0.06453,-0.02354,0.31512,
1403637223788319232,-0.64434,-1.94921,0.15928,-0.01324,0.81928,0.01293,0.57309,0.08337,-0.01782,0.24011,
1403637223888318976,-0.63591,-1.95080,0.18085,-0.01266,0.81829,0.01371,0.57451,0.09097,-0.01619,0.18154,
1403637223988318976,-0.62550,-1.95182,0.19467,-0.01193,0.81784,0.01422,0.57514,0.08704,-0.01353,0.10526,
1403637224088318976,-0.60790,-1.95175,0.19850,-0.01192,0.81777,0.01390,0.57526,0.08862,-0.00493,0.04327,
1403637224188318976,-0.60019,-1.95080,0.19973,-0.01076,0.81722,0.01439,0.57604,0.08994,0.01277,-0.02479,
1403637224288319232,-0.59171,-1.94859,0.19364,-0.00938,0.81631,0.01505,0.57734,0.07082,0.01793,-0.09049,
1403637224388318976,-0.58473,-1.94546,0.18201,-0.00890,0.81610,0.01538,0.57764,0.06162,0.02976,-0.13691,
1403637224488318976,-0.57899,-1.94131,0.16531,-0.00718,0.81582,0.01628,0.57803,0.05475,0.05110,-0.18698,
1403637224588318976,-0.57380,-1.93559,0.14357,-0.00726,0.81518,0.01594,0.57895,0.04559,0.06667,-0.20230,
1403637224688318976,-0.57039,-1.92855,0.12540,-0.01354,0.81466,0.01175,0.57967,0.02418,0.07549,-0.14672,
1403637224788319232,-0.56927,-1.92181,0.11352,-0.01854,0.81584,0.00823,0.57792,-0.01619,0.05530,-0.08912,
1403637224888318976,-0.56965,-1.91687,0.10789,-0.01603,0.81537,0.00971,0.57863,-0.02909,0.03432,-0.05896,
1403637224988318976,-0.56985,-1.91210,0.09909,-0.01091,0.81472,0.01294,0.57961,-0.04077,0.04103,-0.13050,
1403637225088318976,-0.57176,-1.90655,0.08451,-0.00819,0.81463,0.01485,0.57974,-0.05336,0.05178,-0.17402,
1403637225188318976,-0.57447,-1.89966,0.06458,-0.00726,0.81348,0.01595,0.58132,-0.07320,0.06171,-0.23823,
1403637225288319232,-0.57827,-1.89167,0.03953,-0.00809,0.81312,0.01661,0.58180,-0.07812,0.08649,-0.23574,
1403637225388318976,-0.58394,-1.88220,0.01685,-0.00774,0.81196,0.01777,0.58339,-0.08887,0.10219,-0.18113,
1403637225488318976,-0.59405,-1.87159,0.00126,-0.00804,0.81081,0.01884,0.58495,-0.15403,0.11191,-0.09757,
1403637225588318976,-0.60664,-1.85905,-0.00633,-0.00815,0.81180,0.02020,0.58353,-0.17791,0.12980,-0.02827,
1403637225688318976,-0.62116,-1.84477,-0.00559,-0.00828,0.81522,0.02079,0.57872,-0.17770,0.15100,0.05956,
1403637225788319232,-0.63651,-1.82841,0.00283,-0.00744,0.81862,0.02178,0.57387,-0.16163,0.16629,0.13614,
1403637225888318976,-0.65131,-1.80968,0.02069,-0.00811,0.82214,0.02160,0.56882,-0.13662,0.19467,0.25080,
1403637225988318976,-0.66412,-1.78736,0.04626,-0.00870,0.81853,0.02166,0.57399,-0.12646,0.20554,0.32591,
1403637226088318976,-0.67738,-1.76425,0.07939,-0.00927,0.81432,0.02180,0.57993,-0.13310,0.22175,0.31290,
1403637226188318976,-0.69247,-1.73992,0.10556,-0.00953,0.81157,0.02156,0.58378,-0.14499,0.23901,0.25153,
1403637226288319232,-0.70641,-1.71167,0.12545,-0.00856,0.81148,0.02192,0.58391,-0.17307,0.24869,0.17756,
1403637226388318976,-0.72515,-1.68592,0.14009,-0.00719,0.81655,0.02284,0.57678,-0.19148,0.26435,0.12376,
1403637226488318976,-0.74531,-1.65792,0.14923,-0.00662,0.82398,0.02297,0.56611,-0.18964,0.28155,0.07527,
1403637226588318976,-0.76378,-1.62798,0.15481,-0.00472,0.82814,0.02438,0.55998,-0.15722,0.30423,0.04925,
1403637226688318976,-0.78044,-1.59441,0.15657,-0.00481,0.82969,0.02405,0.55769,-0.14115,0.32840,-0.00159,
1403637226788319232,-0.79170,-1.56032,0.15369,-0.00658,0.83056,0.02340,0.55640,-0.09984,0.34379,-0.04727,
1403637226888318976,-0.80073,-1.52167,0.14646,-0.00845,0.83021,0.02165,0.55696,-0.05565,0.37264,-0.09088,
1403637226988318976,-0.80301,-1.48291,0.13674,-0.01563,0.82893,0.01567,0.55891,-0.00322,0.38224,-0.12101,
1403637227088318976,-0.80318,-1.44460,0.12704,-0.02855,0.82648,0.00551,0.56222,0.03935,0.36201,-0.09673,
1403637227188318976,-0.80072,-1.41000,0.12228,-0.03588,0.82450,-0.00119,0.56472,0.06879,0.31152,-0.02146,
1403637227288319232,-0.79700,-1.38160,0.12557,-0.03177,0.82353,0.00023,0.56639,0.05906,0.25622,0.05434,
1403637227388318976,-0.78881,-1.35820,0.13393,-0.02344,0.82372,0.00449,0.56649,0.10051,0.21586,0.08160,
1403637227488318976,-0.77842,-1.33781,0.14084,-0.01785,0.82497,0.00716,0.56485,0.11958,0.19509,0.02973,
1403637227588318976,-0.76788,-1.31868,0.14275,-0.01747,0.82581,0.00544,0.56365,0.12961,0.18398,-0.03414,
1403637227688318976,-0.75618,-1.30180,0.13912,-0.02161,0.82636,0.00118,0.56273,0.15531,0.16039,-0.08606,
1403637227788319232,-0.74323,-1.28907,0.13063,-0.02559,0.82649,-0.00238,0.56236,0.17378,0.12176,-0.12211,
1403637227888318976,-0.72819,-1.27919,0.11909,-0.02217,0.82363,-0.00059,0.56670,0.18930,0.09079,-0.13550,
1403637227988318976,-0.71158,-1.27163,0.10473,-0.01556,0.81754,0.00410,0.57564,0.18114,0.07123,-0.17253,
1403637228088318976,-0.69638,-1.26522,0.08721,-0.01083,0.81301,0.00830,0.58209,0.16496,0.07029,-0.19787,
1403637228188318976,-0.68719,-1.25946,0.07476,-0.01094,0.81021,0.00992,0.58595,0.13419,0.07269,-0.17790,
1403637228288319232,-0.67468,-1.25409,0.06143,-0.01102,0.80854,0.01163,0.58822,0.09451,0.07190,-0.10355,
1403637228388318976,-0.67390,-1.24955,0.05826,-0.01008,0.80807,0.01346,0.58884,0.05456,0.06537,-0.03064,
1403637228488318976,-0.67006,-1.24240,0.05901,-0.00804,0.80698,0.01573,0.59032,0.00923,0.07784,0.03388,
1403637228588318976,-0.67221,-1.23364,0.06769,-0.00494,0.80591,0.01891,0.59171,-0.03003,0.08783,0.08569,
1403637228688318976,-0.67791,-1.22296,0.08251,-0.00417,0.80803,0.01976,0.58880,-0.07667,0.11095,0.11614,
1403637228788319232,-0.68784,-1.21046,0.09579,-0.00842,0.81358,0.01655,0.58115,-0.10157,0.13992,0.08059,
1403637228888318976,-0.69971,-1.19695,0.10493,-0.01334,0.81829,0.01244,0.57452,-0.10425,0.14118,0.04551,
1403637228988318976,-0.71164,-1.18337,0.11018,-0.01021,0.81815,0.01366,0.57475,-0.10556,0.13925,0.01857,
1403637229088318976,-0.73110,-1.17085,0.11776,-0.00611,0.81534,0.01600,0.57873,-0.11938,0.14804,-0.01673,
1403637229188318976,-0.74268,-1.15706,0.11523,-0.00261,0.81225,0.01832,0.58301,-0.13908,0.16391,-0.05680,
1403637229288319232,-0.75826,-1.13908,0.10698,0.00012,0.81160,0.01787,0.58393,-0.15504,0.18657,-0.09947,
1403637229388318976,-0.78316,-1.11773,0.09186,0.00268,0.81444,0.00948,0.58016,-0.19493,0.19108,-0.16733,
1403637229488318976,-0.80587,-1.09906,0.07165,0.00028,0.82207,-0.01223,0.56925,-0.23489,0.18532,-0.20571,
1403637229588318976,-0.82800,-1.08260,0.05265,-0.00137,0.82808,-0.04205,0.55904,-0.21022,0.14746,-0.21700,
1403637229688318976,-0.84893,-1.07214,0.03451,0.00389,0.83072,-0.07428,0.55169,-0.16542,0.07698,-0.22326,
1403637229788319232,-0.86616,-1.06923,0.01592,0.02656,0.82855,-0.09780,0.55066,-0.11291,-0.01475,-0.21695,
1403637229888318976,-0.87560,-1.07352,-0.00337,0.05980,0.82053,-0.11511,0.55669,-0.07891,-0.06263,-0.21763,
1403637229988318976,-0.88010,-1.08144,-0.02605,0.09022,0.81142,-0.13406,0.56168,-0.03845,-0.07738,-0.24723,
1403637230088318976,-0.88425,-1.08840,-0.05112,0.10976,0.80746,-0.15881,0.55743,-0.05094,-0.04972,-0.22747,
1403637230188318976,-0.88800,-1.09364,-0.07119,0.12181,0.80666,-0.18466,0.54806,-0.01816,-0.05051,-0.17412,
1403637230288319232,-0.88866,-1.10008,-0.08478,0.13392,0.80531,-0.20099,0.54142,0.03423,-0.05460,-0.08070,
1403637230388318976,-0.88336,-1.10694,-0.08863,0.14282,0.80116,-0.21031,0.54177,0.09017,-0.05395,0.00283,
1403637230488318976,-0.87201,-1.11233,-0.08302,0.15200,0.79279,-0.21360,0.55023,0.12471,-0.04329,0.08420,
1403637230588318976,-0.85874,-1.11500,-0.06869,0.16047,0.78327,-0.21672,0.56014,0.12812,-0.03252,0.14967,
1403637230688318976,-0.84862,-1.11556,-0.04945,0.16661,0.77463,-0.22844,0.56569,0.09255,-0.00876,0.19804,
1403637230788319232,-0.84471,-1.11438,-0.02751,0.17028,0.77191,-0.24827,0.55993,0.05029,0.01685,0.21976,
1403637230888318976,-0.84658,-1.11484,-0.00498,0.17350,0.77286,-0.27525,0.54481,0.01468,-0.00596,0.17473,
1403637230988318976,-0.85160,-1.11778,0.01267,0.18241,0.77039,-0.30416,0.52982,-0.01475,-0.04330,0.12325,
1403637231088318976,-0.85754,-1.12354,0.02486,0.19768,0.76257,-0.33398,0.51756,-0.03360,-0.07835,0.04170,
1403637231188318976,-0.86352,-1.13345,0.02372,0.21553,0.74952,-0.36594,0.50779,-0.03729,-0.13978,-0.10986,
1403637231288319232,-0.87047,-1.14867,0.00684,0.23510,0.73207,-0.39955,0.49916,-0.05357,-0.18306,-0.26969,
1403637231388318976,-0.87943,-1.16937,-0.02447,0.25780,0.71022,-0.43288,0.49167,-0.07532,-0.22473,-0.41011,
1403637231488318976,-0.89176,-1.19476,-0.07142,0.27780,0.68607,-0.46832,0.48251,-0.10822,-0.25825,-0.57983,
1403637231588318976,-0.90776,-1.22450,-0.13417,0.29424,0.66198,-0.50600,0.46814,-0.16407,-0.29611,-0.70409,
1403637231688318976,-0.92945,-1.26159,-0.20220,0.31656,0.63929,-0.53679,0.45049,-0.22191,-0.35614,-0.67111,
1403637231788319232,-0.95374,-1.30595,-0.26411,0.33732,0.61478,-0.56339,0.43687,-0.25911,-0.43594,-0.60354,
1403637231888318976,-0.98069,-1.35895,-0.31758,0.35288,0.59427,-0.58729,0.42119,-0.30562,-0.48545,-0.51331,
1403637231988318976,-1.01112,-1.41847,-0.36073,-0.36492,-0.57379,0.60860,-0.40891,-0.35330,-0.57587,-0.38693,
1403637232088318976,-1.04628,-1.48646,-0.38993,-0.38391,-0.54575,0.62288,-0.40840,-0.42253,-0.65205,-0.24953,
1403637232188318976,-1.08900,-1.55268,-0.41273,-0.40184,-0.51821,0.63570,-0.40727,-0.49876,-0.61304,-0.18786,
1403637232288319232,-1.14094,-1.61466,-0.43043,-0.41787,-0.49861,0.64720,-0.39737,-0.57548,-0.59235,-0.11762,
1403637232388318976,-1.20225,-1.67398,-0.44089,-0.43716,-0.48161,0.65529,-0.38411,-0.64285,-0.56298,-0.05331,
1403637232488318976,-1.26890,-1.73226,-0.44810,-0.45027,-0.46256,0.66693,-0.37215,-0.68701,-0.51080,-0.03530,
1403637232588318976,-1.33882,-1.78297,-0.45268,-0.44764,-0.44059,0.68922,-0.36121,-0.73844,-0.45674,0.01179,
1403637232688318976,-1.41653,-1.82871,-0.45138,-0.44433,-0.41816,0.71148,-0.34859,-0.82353,-0.42563,0.06843,
1403637232788319232,-1.50408,-1.86895,-0.44391,-0.44046,-0.39773,0.73211,-0.33439,-0.93073,-0.36873,0.12036,
1403637232888318976,-1.60443,-1.90706,-0.43012,-0.43860,-0.38739,0.74676,-0.31607,-1.05582,-0.37854,0.18842,
1403637232988318976,-1.71823,-1.94777,-0.41030,-0.43794,-0.38389,0.75603,-0.29876,-1.17688,-0.39531,0.23084,
1403637233088318976,-1.84302,-1.99236,-0.38406,-0.43796,-0.38508,0.76116,-0.28379,-1.29143,-0.45202,0.28107,
1403637233188318976,-1.97671,-2.04323,-0.35726,-0.43480,-0.38909,0.76532,-0.27173,-1.38550,-0.51183,0.24310,
1403637233288319232,-2.11835,-2.10128,-0.33485,-0.43028,-0.39343,0.76846,-0.26371,-1.47545,-0.59492,0.17939,
1403637233388318976,-2.26939,-2.16566,-0.31760,-0.42380,-0.39831,0.77130,-0.25852,-1.57227,-0.70541,0.10191,
1403637233488318976,-2.43120,-2.24204,-0.31218,-0.42491,-0.40771,0.76860,-0.24997,-1.66529,-0.81241,-0.01131,
1403637233588318976,-2.60010,-2.33032,-0.31816,-0.44859,-0.42570,0.75009,-0.23432,-1.71115,-0.92516,-0.09861,
1403637233688318976,-2.76879,-2.43223,-0.33862,-0.48357,-0.44248,0.72247,-0.22004,-1.68370,-1.08068,-0.22410,
1403637233788319232,-2.92657,-2.54608,-0.36936,0.51257,0.45400,-0.69813,0.20922,-1.55715,-1.20586,-0.29865,
1403637233888318976,-3.06997,-2.67185,-0.40485,0.52965,0.45999,-0.68334,0.20231,-1.37306,-1.32483,-0.34288,
1403637233988318976,-3.19551,-2.81047,-0.44525,0.53761,0.46422,-0.67601,0.19617,-1.14577,-1.44075,-0.38897,
1403637234088318976,-3.30261,-2.96238,-0.48773,0.54763,0.46853,-0.66661,0.19030,-0.91465,-1.54477,-0.42251,
1403637234188318976,-3.38560,-3.12523,-0.53319,0.55884,0.47214,-0.65668,0.18316,-0.63338,-1.65339,-0.44916,
1403637234288319232,-3.44545,-3.29999,-0.57998,0.56384,0.46937,-0.65370,0.18561,-0.36716,-1.75616,-0.51343,
1403637234388318976,-3.47493,-3.48441,-0.63143,0.56325,0.46140,-0.65602,0.19878,-0.09508,-1.85609,-0.53474,
1403637234488318976,-3.47614,-3.67610,-0.68431,0.55798,0.45424,-0.65865,0.22026,0.16060,-1.91785,-0.54494,
1403637234588318976,-3.45363,-3.87123,-0.73926,0.55131,0.44987,-0.65816,0.24596,0.37449,-1.93865,-0.57891,
1403637234688318976,-3.41058,-4.06549,-0.79795,0.54398,0.45063,-0.65448,0.26957,0.54548,-1.91323,-0.61858,
1403637234788319232,-3.34959,-4.25459,-0.86138,0.53174,0.45352,-0.65170,0.29472,0.69033,-1.86743,-0.67095,
1403637234888318976,-3.27591,-4.43906,-0.92594,0.51632,0.45796,-0.64910,0.31993,0.81076,-1.78917,-0.64009,
1403637234988318976,-3.19151,-4.61366,-0.98567,0.50236,0.46589,-0.64328,0.34172,0.86844,-1.69190,-0.56236,
1403637235088318976,-3.10207,-4.77733,-1.03900,-0.49446,-0.48044,0.63214,-0.35368,0.92150,-1.60056,-0.50151,
1403637235188318976,-3.00733,-4.93272,-1.08379,-0.48662,-0.49696,0.61943,-0.36405,0.97225,-1.50893,-0.41071,
1403637235288319232,-2.90689,-5.07577,-1.12149,-0.47777,-0.51209,0.61005,-0.37059,1.01940,-1.38102,-0.34998,
1403637235388318976,-2.80233,-5.20949,-1.15378,-0.46395,-0.52708,0.60934,-0.36830,1.05546,-1.31197,-0.30271,
1403637235488318976,-2.69280,-5.33430,-1.18214,-0.44630,-0.54075,0.61249,-0.36504,1.10461,-1.26586,-0.24545,
1403637235588318976,-2.58006,-5.45657,-1.20318,-0.43337,-0.55353,0.61093,-0.36408,1.12756,-1.24966,-0.16681,
1403637235688318976,-2.46419,-5.57630,-1.21442,-0.42723,-0.56345,0.60298,-0.36936,1.16490,-1.23216,-0.07047,
1403637235788319232,-2.34533,-5.69598,-1.21386,-0.43276,-0.57285,0.58473,-0.37770,1.19967,-1.22195,0.03111,
1403637235888318976,-2.21977,-5.81263,-1.20622,0.44588,0.58476,-0.55843,0.38393,1.28387,-1.17766,0.09903,
1403637235988318976,-2.08365,-5.92373,-1.19507,0.45162,0.60035,-0.53563,0.38565,1.40583,-1.10663,0.14222,
1403637236088318976,-1.93429,-6.02934,-1.17803,0.45049,0.61536,-0.51664,0.38920,1.55587,-1.00982,0.20672,
1403637236188318976,-1.77069,-6.12669,-1.15403,0.44444,0.63016,-0.50052,0.39350,1.70630,-0.92453,0.27202,
1403637236288319232,-1.59202,-6.21524,-1.12231,0.43644,0.64221,-0.48546,0.40177,1.86438,-0.82368,0.34546,
1403637236388318976,-1.39873,-6.29410,-1.08244,0.42450,0.65230,-0.47257,0.41350,2.00816,-0.71045,0.39580,
1403637236488318976,-1.19082,-6.36686,-1.03718,0.41023,0.65866,-0.46384,0.42748,2.13381,-0.64829,0.45015,
1403637236588318976,-0.97233,-6.43562,-0.98953,0.40016,0.66158,-0.45765,0.43902,2.21132,-0.58287,0.42308,
1403637236688318976,-0.74593,-6.49687,-0.94714,0.39745,0.66159,-0.45021,0.44906,2.28268,-0.49491,0.36506,
1403637236788319232,-0.51169,-6.54585,-0.90743,0.39583,0.65997,-0.43938,0.46336,2.35984,-0.38040,0.37088,
1403637236888318976,-0.27123,-6.58051,-0.86436,0.39026,0.65715,-0.42680,0.48342,2.42058,-0.24139,0.44325,
1403637236988318976,-0.02747,-6.60055,-0.81413,0.38721,0.65122,-0.41153,0.50659,2.42320,-0.08810,0.49990,
1403637237088318976,0.21443,-6.60132,-0.75811,0.38549,0.64187,-0.39767,0.53033,2.39929,0.13030,0.56691,
1403637237188318976,0.45273,-6.58058,-0.69378,0.37683,0.63551,-0.38647,0.55206,2.34284,0.35959,0.64277,
1403637237288319232,0.68215,-6.53418,-0.62492,0.36100,0.63920,-0.37822,0.56396,2.24698,0.59947,0.69970,
1403637237388318976,0.90140,-6.46501,-0.54907,0.34739,0.64639,-0.37152,0.56875,2.12285,0.82838,0.77726,
1403637237488318976,1.10537,-6.37107,-0.46645,0.33643,0.65143,-0.36653,0.57281,1.98382,1.04855,0.84088,
1403637237588318976,1.29514,-6.25404,-0.37800,0.32611,0.65466,-0.36450,0.57638,1.83210,1.25930,0.92049,
1403637237688318976,1.47145,-6.11753,-0.28478,0.31540,0.65396,-0.36512,0.58271,1.67067,1.44067,0.96869,
1403637237788319232,1.63190,-5.96316,-0.19168,0.30375,0.65354,-0.36988,0.58635,1.51435,1.58973,0.91659,
1403637237888318976,1.77646,-5.79661,-0.10608,0.29387,0.65436,-0.38144,0.58305,1.33544,1.71043,0.82933,
1403637237988318976,1.90247,-5.61708,-0.03018,0.28728,0.65402,-0.39940,0.57464,1.15037,1.82053,0.73012,
1403637238088318976,2.01325,-5.43161,0.03736,0.27826,0.65057,-0.42601,0.56378,0.98757,1.85837,0.65102,
1403637238188318976,2.10730,-5.24437,0.10124,0.27132,0.64126,-0.45730,0.55322,0.80769,1.87313,0.61697,
1403637238288319232,2.18280,-5.05640,0.16003,0.26765,0.62488,-0.49184,0.54404,0.61051,1.86896,0.56160,
1403637238388318976,2.23442,-4.87134,0.21337,0.26854,0.60344,-0.52659,0.53520,0.37653,1.83718,0.51098,
1403637238488318976,2.26039,-4.68889,0.26189,0.27552,0.57866,-0.55888,0.52621,0.11918,1.80255,0.47193,
1403637238588318976,2.25757,-4.50955,0.30577,-0.28496,-0.55656,0.58807,-0.51305,-0.13725,1.79660,0.40677,
1403637238688318976,2.22814,-4.33346,0.34402,-0.28092,-0.54343,0.61828,-0.49346,-0.40793,1.73564,0.36381,
1403637238788319232,2.17290,-4.16684,0.38053,-0.26807,-0.54048,0.64579,-0.46795,-0.68276,1.62152,0.34184,
1403637238888318976,2.08648,-4.01389,0.41479,-0.25180,-0.54228,0.66907,-0.44144,-0.98471,1.45125,0.34398,
1403637238988318976,1.97059,-3.88499,0.44909,-0.23799,-0.54754,0.68603,-0.41584,-1.29301,1.19791,0.36006,
1403637239088318976,1.82277,-3.78705,0.48592,-0.24346,-0.55597,0.68946,-0.39530,-1.60529,0.86146,0.42827,
1403637239188318976,1.64667,-3.72189,0.52717,-0.27243,-0.56117,0.68048,-0.38448,-1.84561,0.55474,0.44632,
1403637239288319232,1.45056,-3.67902,0.56748,-0.30432,-0.55714,0.67161,-0.38201,-2.00977,0.32748,0.41977,
1403637239388318976,1.23994,-3.65375,0.60108,-0.32472,-0.54611,0.67271,-0.37918,-2.14545,0.15629,0.32474,
1403637239488318976,1.01910,-3.64563,0.62276,-0.34008,-0.52999,0.68113,-0.37351,-2.24201,0.03974,0.17223,
1403637239588318976,0.78835,-3.64860,0.62826,-0.35800,-0.51046,0.69092,-0.36590,-2.34484,-0.06116,-0.01819,
1403637239688318976,0.54930,-3.66298,0.61567,-0.37721,-0.48926,0.70115,-0.35599,-2.43994,-0.15372,-0.17889,
1403637239788319232,0.30198,-3.68435,0.59052,-0.40760,-0.46623,0.70396,-0.34775,-2.51029,-0.21901,-0.30065,
1403637239888318976,0.05123,-3.71221,0.55192,-0.44306,-0.44359,0.70263,-0.33649,-2.53886,-0.25136,-0.42712,
1403637239988318976,-0.20189,-3.73765,0.50507,-0.47082,-0.41972,0.70522,-0.32376,-2.54487,-0.24724,-0.48876,
1403637240088318976,-0.45521,-3.76244,0.45214,-0.49098,-0.39574,0.71196,-0.30894,-2.52386,-0.21154,-0.54817,
1403637240188318976,-0.70574,-3.78222,0.39551,0.50341,0.37187,-0.72323,0.29194,-2.48496,-0.16544,-0.56897,
1403637240288319232,-0.94904,-3.80064,0.33334,0.50647,0.35248,-0.73840,0.27205,-2.44342,-0.14890,-0.61955,
1403637240388318976,-1.18768,-3.81743,0.27041,0.50142,0.34289,-0.75405,0.24982,-2.40983,-0.13951,-0.58960,
1403637240488318976,-1.42387,-3.83402,0.21420,-0.49552,-0.34101,0.76583,-0.22732,-2.39954,-0.19364,-0.49395,
1403637240588318976,-1.65765,-3.85850,0.16520,-0.49363,-0.33883,0.77142,-0.21550,-2.38295,-0.27585,-0.41110,
1403637240688318976,-1.89147,-3.88887,0.12584,-0.49632,-0.33874,0.77142,-0.20935,-2.37031,-0.34422,-0.32551,
1403637240788319232,-2.12609,-3.92717,0.09565,0.50198,0.33786,-0.76825,0.20894,-2.35654,-0.43617,-0.23537,
1403637240888318976,-2.35928,-3.97359,0.07398,0.52023,0.33843,-0.75497,0.21178,-2.32737,-0.50391,-0.13952,
1403637240988318976,-2.58702,-4.02725,0.05577,0.53289,0.33935,-0.74473,0.21507,-2.24989,-0.53964,-0.14437,
1403637241088318976,-2.80827,-4.08365,0.02966,0.53079,0.34012,-0.74472,0.21905,-2.16401,-0.56854,-0.23860,
1403637241188318976,-3.02134,-4.13855,-0.00469,0.52718,0.34341,-0.74529,0.22069,-2.10290,-0.58622,-0.30478,
1403637241288319232,-3.22969,-4.19723,-0.04196,0.52878,0.35042,-0.74202,0.21680,-2.04566,-0.62884,-0.34929,
1403637241388318976,-3.42889,-4.25882,-0.08442,0.53270,0.35707,-0.73722,0.21269,-1.95774,-0.65513,-0.39398,
1403637241488318976,-3.61769,-4.32439,-0.12604,0.53723,0.36409,-0.73201,0.20732,-1.84390,-0.69318,-0.36184,
1403637241588318976,-3.79435,-4.39612,-0.16370,0.54514,0.37005,-0.72426,0.20331,-1.70677,-0.75974,-0.30166,
1403637241688318976,-3.95610,-4.47555,-0.19458,0.55300,0.37112,-0.71698,0.20592,-1.56726,-0.82903,-0.24161,
1403637241788319232,-4.10109,-4.55845,-0.21713,0.56197,0.37042,-0.70913,0.21002,-1.38059,-0.85073,-0.20334,
1403637241888318976,-4.22751,-4.64422,-0.23238,0.56700,0.36392,-0.70501,0.22143,-1.18442,-0.86317,-0.11144,
1403637241988318976,-4.33651,-4.72795,-0.24153,0.56925,0.35195,-0.70283,0.24108,-1.02638,-0.83202,-0.07501,
1403637242088318976,-4.43075,-4.80759,-0.24487,0.57193,0.34778,-0.70115,0.24562,-0.89065,-0.77256,-0.02699,
1403637242188318976,-4.50827,-4.88108,-0.24314,0.57158,0.35216,-0.70239,0.23649,-0.73656,-0.72836,0.04407,
1403637242288319232,-4.56864,-4.95034,-0.23566,0.57260,0.35685,-0.70233,0.22696,-0.57005,-0.68864,0.07517,
1403637242388318976,-4.61261,-5.01624,-0.23144,0.57870,0.36205,-0.69817,0.21581,-0.40498,-0.66680,0.00946,
1403637242488318976,-4.63402,-5.07908,-0.23307,0.58659,0.36543,-0.69231,0.20756,-0.21325,-0.65240,-0.06275,
1403637242588318976,-4.63555,-5.14083,-0.23824,0.59014,0.36773,-0.68759,0.20911,0.02464,-0.65297,-0.05644,
1403637242688318976,-4.61709,-5.20346,-0.24005,0.58559,0.37373,-0.68485,0.21998,0.25240,-0.64806,-0.01201,
1403637242788319232,-4.57989,-5.26666,-0.23555,0.57638,0.38014,-0.68247,0.23982,0.45377,-0.62295,0.06876,
1403637242888318976,-4.52399,-5.32454,-0.22185,0.57070,0.38385,-0.67794,0.25954,0.62244,-0.55775,0.13379,
1403637242988318976,-4.45469,-5.37788,-0.20264,0.57052,0.38925,-0.67078,0.27027,0.75174,-0.50624,0.18519,
1403637243088318976,-4.37314,-5.42499,-0.18408,0.56845,0.39826,-0.66758,0.26943,0.88190,-0.43134,0.14282,
1403637243188318976,-4.27782,-5.46625,-0.17266,0.56224,0.40574,-0.66964,0.26616,1.02083,-0.38345,0.05160,
1403637243288319232,-4.16927,-5.50219,-0.16858,0.55121,0.40826,-0.67673,0.26745,1.13323,-0.34764,-0.00384,
1403637243388318976,-4.04998,-5.53398,-0.17098,0.54346,0.40838,-0.68201,0.26970,1.23494,-0.30516,-0.06888,
1403637243488318976,-3.92068,-5.56398,-0.17624,0.54015,0.40687,-0.68469,0.27183,1.33529,-0.26676,-0.04286,
1403637243588318976,-3.78179,-5.58990,-0.17864,0.53268,0.40477,-0.69080,0.27425,1.42089,-0.23885,-0.01991,
1403637243688318976,-3.63679,-5.61456,-0.17511,0.52142,0.40273,-0.69992,0.27576,1.46403,-0.23401,0.08964,
1403637243788319232,-3.48949,-5.63680,-0.16143,0.50996,0.39752,-0.70932,0.28068,1.47518,-0.23436,0.16166,
1403637243888318976,-3.34260,-5.65719,-0.13938,-0.49623,-0.39072,0.72006,-0.28740,1.45285,-0.20371,0.25790,
1403637243988318976,-3.19957,-5.67246,-0.10675,-0.48959,-0.38580,0.72577,-0.29106,1.40236,-0.17004,0.36954,
1403637244088318976,-3.06424,-5.68646,-0.06364,-0.48948,-0.38337,0.72736,-0.29049,1.33485,-0.13785,0.45986,
1403637244188318976,-2.93626,-5.69862,-0.01241,-0.49227,-0.38228,0.72695,-0.28824,1.26281,-0.13043,0.51822,
1403637244288319232,-2.81402,-5.71191,0.04390,-0.49266,-0.38053,0.72793,-0.28741,1.20654,-0.12496,0.57601,
1403637244388318976,-2.69616,-5.72459,0.10339,-0.48869,-0.38077,0.73101,-0.28603,1.17055,-0.09527,0.60529,
1403637244488318976,-2.58561,-5.73767,0.16811,-0.48480,-0.38774,0.73068,-0.28412,1.09746,-0.11452,0.66192,
1403637244588318976,-2.47967,-5.75367,0.23438,-0.48477,-0.40296,0.72441,-0.27900,1.04266,-0.14225,0.63455,
1403637244688318976,-2.37746,-5.77191,0.29412,-0.48278,-0.42040,0.71698,-0.27591,1.01880,-0.18028,0.56365,
1403637244788319232,-2.27692,-5.79515,0.34682,-0.47911,-0.43437,0.71052,-0.27739,1.00333,-0.22920,0.49055,
1403637244888318976,-2.17910,-5.82294,0.39371,-0.47557,-0.44395,0.70573,-0.28052,0.98291,-0.28654,0.44385,
1403637244988318976,-2.08150,-5.85806,0.43325,-0.46877,-0.44911,0.70515,-0.28516,0.96433,-0.34748,0.38471,
1403637245088318976,-1.98600,-5.89799,0.46627,-0.45346,-0.44725,0.71290,-0.29345,0.93851,-0.39756,0.29566,
1403637245188318976,-1.89691,-5.94335,0.49345,-0.43794,-0.44543,0.72175,-0.29813,0.84621,-0.47136,0.25515,
1403637245288319232,-1.81767,-5.99563,0.52010,-0.44328,-0.44904,0.71752,-0.29500,0.75143,-0.55544,0.25143,
1403637245388318976,-1.74528,-6.05339,0.54322,-0.45379,-0.45323,0.71024,-0.29021,0.70342,-0.62661,0.20694,
1403637245488318976,-1.67492,-6.11597,0.56054,-0.45907,-0.45864,0.70385,-0.28895,0.69161,-0.69490,0.15631,
1403637245588318976,-1.60662,-6.18432,0.57224,-0.45855,-0.46652,0.69783,-0.29177,0.68211,-0.74726,0.09148,
1403637245688318976,-1.53865,-6.25855,0.57889,-0.45331,-0.47722,0.69152,-0.29759,0.67727,-0.79897,0.03954,
1403637245788319232,-1.47058,-6.34038,0.58177,-0.45154,-0.48790,0.67875,-0.31203,0.67903,-0.86570,0.01340,
1403637245888318976,-1.40196,-6.42659,0.58121,-0.45373,-0.50102,0.65760,-0.33267,0.69910,-0.88595,-0.04438,
1403637245988318976,-1.33035,-6.51307,0.57403,-0.44922,-0.51898,0.63539,-0.35375,0.71814,-0.87516,-0.10164,
1403637246088318976,-1.25663,-6.59952,0.56199,-0.43917,-0.54161,0.61096,-0.37484,0.75135,-0.86344,-0.15466,
1403637246188318976,-1.18016,-6.68366,0.54380,-0.42473,-0.56748,0.58356,-0.39626,0.77375,-0.82499,-0.21313,
1403637246288319232,-1.10176,-6.76383,0.52017,0.40631,0.59453,-0.55419,0.41751,0.80435,-0.79329,-0.24994,
1403637246388318976,-1.02220,-6.84046,0.49328,0.38904,0.62268,-0.51973,0.43680,0.81256,-0.74455,-0.26993,
1403637246488318976,-0.93993,-6.91180,0.46342,0.37548,0.64991,-0.48115,0.45292,0.84156,-0.69275,-0.32900,
1403637246588318976,-0.85619,-6.97809,0.42939,0.36251,0.67023,-0.44346,0.47193,0.86501,-0.60600,-0.37078,
1403637246688318976,-0.76443,-7.06055,0.40594,0.34645,0.68538,-0.40953,0.49246,0.89571,-0.54352,-0.35280,
1403637246788319232,-0.67615,-7.08199,0.35852,0.33134,0.69933,-0.37592,0.50974,0.92642,-0.37186,-0.33331,
1403637246888318976,-0.58239,-7.11225,0.32810,0.31234,0.71423,-0.34678,0.52159,0.93727,-0.21312,-0.26184,
1403637246988318976,-0.48410,-7.14851,0.30331,0.28862,0.73239,-0.32701,0.52284,0.94894,-0.12428,-0.21065,
1403637247088318976,-0.38577,-7.14363,0.28323,0.26913,0.74660,-0.31661,0.51953,0.96232,-0.01695,-0.19586,
1403637247188318976,-0.28357,-7.14850,0.26210,0.25270,0.75632,-0.31350,0.51560,0.97045,0.03979,-0.24094,
1403637247288319232,-0.17918,-7.14853,0.23486,0.24264,0.75947,-0.31314,0.51601,0.98703,0.08408,-0.28605,
1403637247388318976,-0.07032,-7.14471,0.20846,0.24586,0.74978,-0.30807,0.53149,1.03127,0.10697,-0.25100,
1403637247488318976,0.04125,-7.13810,0.18079,0.25187,0.73717,-0.30375,0.54852,1.03190,0.15625,-0.32499,
1403637247588318976,0.14956,-7.12221,0.14524,0.25289,0.73679,-0.30056,0.55032,1.01070,0.25387,-0.39389,
1403637247688318976,0.25291,-7.09485,0.10534,0.25476,0.74016,-0.29034,0.55042,0.99253,0.34790,-0.40485,
1403637247788319232,0.35356,-7.05627,0.06581,0.25782,0.74588,-0.27450,0.54940,0.98972,0.45780,-0.37289,
1403637247888318976,0.45323,-7.00399,0.03457,0.25365,0.74986,-0.26039,0.55278,0.99424,0.60306,-0.27185,
1403637247988318976,0.55147,-6.93732,0.01360,0.23821,0.74987,-0.25105,0.56385,0.96514,0.73874,-0.22580,
1403637248088318976,0.64250,-6.85711,-0.00193,0.21961,0.75879,-0.24313,0.56294,0.93544,0.85004,-0.15901,
1403637248188318976,0.72705,-6.76809,-0.01275,0.20196,0.77041,-0.23501,0.55718,0.88795,0.92340,-0.16760,
1403637248288319232,0.80897,-6.67327,-0.02790,0.18878,0.77887,-0.22939,0.55236,0.87100,0.97411,-0.20919,
1403637248388318976,0.89168,-6.57473,-0.04938,0.18198,0.78237,-0.22447,0.55171,0.86169,0.99770,-0.27085,
1403637248488318976,0.97212,-6.47322,-0.07409,0.17837,0.78114,-0.22182,0.55571,0.84641,1.01943,-0.28776,
1403637248588318976,1.05088,-6.36880,-0.09703,0.17967,0.77586,-0.21866,0.56387,0.82105,1.06062,-0.23727,
1403637248688318976,1.12596,-6.25992,-0.11507,0.18101,0.77738,-0.21880,0.56129,0.77059,1.11144,-0.18984,
1403637248788319232,1.19734,-6.14636,-0.12374,0.18187,0.78238,-0.22173,0.55285,0.74911,1.15527,-0.07529,
1403637248888318976,1.26775,-6.02859,-0.12420,0.18181,0.78482,-0.22650,0.54746,0.75066,1.19136,-0.00199,
1403637248988318976,1.33676,-5.90801,-0.11625,0.18098,0.78496,-0.23172,0.54533,0.73250,1.21490,0.06815,
1403637249088318976,1.40804,-5.78714,-0.10157,0.18343,0.78433,-0.23400,0.54445,0.76430,1.22040,0.13423,
1403637249188318976,1.47978,-5.66526,-0.07988,0.18510,0.78359,-0.23581,0.54417,0.77487,1.23947,0.21142,
1403637249288319232,1.55295,-5.54366,-0.05136,0.18554,0.78196,-0.23788,0.54545,0.79472,1.24770,0.26767,
1403637249388318976,1.62735,-5.41962,-0.02396,0.18738,0.78059,-0.23871,0.54643,0.80305,1.26161,0.18298,
1403637249488318976,1.70291,-5.29185,-0.01144,0.18728,0.77973,-0.24000,0.54713,0.81111,1.27181,0.00756,
1403637249588318976,1.77987,-5.16376,-0.01651,0.18635,0.77953,-0.24067,0.54743,0.80806,1.29079,-0.16582,
1403637249688318976,1.85696,-5.03198,-0.03592,0.18696,0.77800,-0.23985,0.54976,0.80884,1.30053,-0.21974,
1403637249788319232,1.93378,-4.89804,-0.05558,0.18808,0.77302,-0.23657,0.55776,0.80175,1.32394,-0.18140,
1403637249888318976,2.00836,-4.76062,-0.07110,0.18540,0.77079,-0.23059,0.56421,0.77323,1.37086,-0.12807,
1403637249988318976,2.07858,-4.61732,-0.08130,0.17553,0.77442,-0.22323,0.56535,0.73577,1.42296,-0.06588,
1403637250088318976,2.14461,-4.47276,-0.08346,0.15891,0.77927,-0.22060,0.56464,0.69489,1.43038,0.01722,
1403637250188318976,2.20614,-4.32746,-0.08035,0.14598,0.78446,-0.21454,0.56329,0.65441,1.42669,0.02742,
1403637250288319232,2.26382,-4.18183,-0.08013,0.13206,0.78691,-0.20881,0.56545,0.61756,1.40550,-0.02788,
1403637250388318976,2.31934,-4.03982,-0.08572,0.12046,0.78801,-0.20547,0.56773,0.57641,1.36226,-0.08730,
1403637250488318976,2.37295,-3.90300,-0.09668,0.10925,0.78950,-0.20564,0.56786,0.53190,1.31940,-0.13221,
1403637250588318976,2.42339,-3.77198,-0.10926,0.10231,0.79248,-0.20590,0.56490,0.48306,1.25780,-0.09554,
1403637250688318976,2.47020,-3.64676,-0.11560,0.09941,0.79591,-0.20086,0.56241,0.44843,1.18979,-0.03481,
1403637250788319232,2.51562,-3.52915,-0.11359,0.09906,0.79835,-0.19590,0.56075,0.43303,1.11281,0.05656,
1403637250888318976,2.55921,-3.41915,-0.10430,0.09780,0.79723,-0.19388,0.56327,0.42248,1.04099,0.12636,
1403637250988318976,2.60052,-3.31823,-0.08926,0.09443,0.79689,-0.19472,0.56404,0.39904,0.97053,0.19297,
1403637251088318976,2.63925,-3.22570,-0.06600,0.08858,0.79801,-0.19337,0.56386,0.37948,0.90167,0.25373,
1403637251188318976,2.67676,-3.14226,-0.03545,0.07873,0.80067,-0.19163,0.56214,0.35212,0.81072,0.33412,
1403637251288319232,2.71145,-3.06792,0.00235,0.07203,0.80237,-0.18796,0.56186,0.31501,0.70659,0.42353,
1403637251388318976,2.74350,-3.00059,0.04960,0.07607,0.80229,-0.17428,0.56584,0.30257,0.61386,0.52511,
1403637251488318976,2.77472,-2.94208,0.09862,0.07635,0.80245,-0.15908,0.57004,0.28738,0.56015,0.48024,
1403637251588318976,2.80376,-2.88945,0.14112,0.07193,0.80346,-0.14377,0.57324,0.26588,0.51669,0.40829,
1403637251688318976,2.83098,-2.84233,0.17611,0.06519,0.80449,-0.13219,0.57539,0.24561,0.47314,0.33071,
1403637251788319232,2.85511,-2.79898,0.20496,0.05867,0.80513,-0.12425,0.57696,0.22010,0.42692,0.28308,
1403637251888318976,2.87664,-2.76091,0.23018,0.05796,0.80420,-0.11673,0.57990,0.20213,0.37998,0.24943,
1403637251988318976,2.89578,-2.72673,0.25207,0.06498,0.80093,-0.10623,0.58567,0.18701,0.35066,0.22145,
1403637252088318976,2.91069,-2.69303,0.26976,0.06915,0.79733,-0.09995,0.59118,0.13859,0.35382,0.17787,
1403637252188318976,2.92015,-2.65866,0.28233,0.06713,0.79350,-0.09911,0.59669,0.08590,0.36811,0.11578,
1403637252288319232,2.92299,-2.62303,0.28748,0.06265,0.79321,-0.10106,0.59723,0.01644,0.36179,0.03565,
1403637252388318976,2.92002,-2.58779,0.28628,0.05871,0.79625,-0.10355,0.59314,-0.04155,0.35723,-0.03760,
1403637252488318976,2.90987,-2.55401,0.27707,0.05572,0.80123,-0.10615,0.58623,-0.09106,0.34610,-0.09836,
1403637252588318976,2.89792,-2.52119,0.26305,0.05424,0.80432,-0.10795,0.58178,-0.12206,0.32779,-0.14974,
1403637252688318976,2.88066,-2.48988,0.24311,0.05016,0.80859,-0.11132,0.57557,-0.15409,0.30038,-0.20669,
1403637252788319232,2.86421,-2.46272,0.22379,0.04265,0.81436,-0.11717,0.56681,-0.18069,0.24849,-0.16047,
1403637252888318976,2.84562,-2.44006,0.21156,0.04556,0.81572,-0.11596,0.56487,-0.16954,0.17926,-0.07050,
1403637252988318976,2.83025,-2.42356,0.20993,0.05403,0.81132,-0.11119,0.57138,-0.16449,0.13336,0.01347,
1403637253088318976,2.81449,-2.40898,0.21442,0.05926,0.80815,-0.10855,0.57585,-0.18755,0.11494,0.06359,
1403637253188318976,2.79811,-2.39617,0.22262,0.06197,0.80646,-0.10765,0.57809,-0.19603,0.10830,0.04954,
1403637253288319232,2.78135,-2.38372,0.22690,0.06333,0.80565,-0.10789,0.57903,-0.19071,0.10624,-0.00451,
1403637253388318976,2.76214,-2.37388,0.22456,0.06361,0.80554,-0.10844,0.57906,-0.20734,0.09174,-0.05714,
1403637253488318976,2.74166,-2.36528,0.21634,0.06281,0.80470,-0.10962,0.58009,-0.22821,0.07409,-0.12224,
1403637253588318976,2.71919,-2.35785,0.20384,0.06396,0.80571,-0.10934,0.57860,-0.25161,0.06641,-0.12033,
1403637253688318976,2.69542,-2.35095,0.19557,0.06785,0.80551,-0.10665,0.57894,-0.25607,0.05701,-0.03452,
1403637253788319232,2.66993,-2.34428,0.19486,0.07249,0.80437,-0.10342,0.58055,-0.27464,0.05386,0.04928,
1403637253888318976,2.64331,-2.33612,0.19984,0.07426,0.80400,-0.10238,0.58103,-0.29094,0.08115,0.10212,
1403637253988318976,2.61504,-2.32596,0.21122,0.07498,0.80391,-0.10233,0.58106,-0.29647,0.09896,0.14800,
1403637254088318976,2.58330,-2.31354,0.22860,0.07611,0.80309,-0.10087,0.58230,-0.33149,0.12701,0.20142,
1403637254188318976,2.54946,-2.29785,0.25074,0.07300,0.80334,-0.09615,0.58316,-0.35527,0.16356,0.25117,
1403637254288319232,2.51384,-2.27912,0.27781,0.06865,0.80710,-0.08759,0.57983,-0.38589,0.19347,0.29521,
1403637254388318976,2.47670,-2.25808,0.30749,0.06324,0.81183,-0.07960,0.57497,-0.38375,0.21215,0.28258,
1403637254488318976,2.43949,-2.23659,0.33367,0.05879,0.81526,-0.07343,0.57140,-0.38108,0.22274,0.23082,
1403637254588318976,2.40323,-2.21461,0.35513,0.05479,0.81648,-0.06868,0.57065,-0.35910,0.23411,0.18310,
1403637254688318976,2.36778,-2.18999,0.36982,0.05267,0.81538,-0.06525,0.57282,-0.34685,0.25611,0.12303,
1403637254788319232,2.33442,-2.16500,0.38025,0.05092,0.81253,-0.06360,0.57720,-0.34242,0.26812,0.07817,
1403637254888318976,2.29953,-2.13784,0.38369,0.04791,0.80983,-0.06360,0.58124,-0.35122,0.27310,0.01122,
1403637254988318976,2.26598,-2.11008,0.38151,0.04696,0.80762,-0.06356,0.58439,-0.35656,0.28951,-0.03557,
1403637255088318976,2.22937,-2.08073,0.37590,0.04506,0.80711,-0.06116,0.58549,-0.37947,0.31267,-0.05209,
1403637255188318976,2.19119,-2.04912,0.37190,0.03942,0.80787,-0.05481,0.58548,-0.38676,0.32376,-0.01529,
1403637255288319232,2.15361,-2.01574,0.37346,0.03257,0.80785,-0.04772,0.58655,-0.41040,0.32119,0.06481,
1403637255388318976,2.11308,-1.98156,0.38173,0.02477,0.80837,-0.04125,0.58670,-0.42864,0.33585,0.08412,
1403637255488318976,2.06910,-1.94726,0.38672,0.01796,0.80973,-0.03110,0.58570,-0.44515,0.33900,0.03521,
1403637255588318976,2.02316,-1.91269,0.38549,0.01178,0.81073,-0.01692,0.58506,-0.45435,0.34540,-0.03020,
1403637255688318976,1.97600,-1.87777,0.38007,0.00395,0.81174,-0.00070,0.58401,-0.47472,0.35425,-0.06652,
1403637255788319232,1.92690,-1.84171,0.37478,-0.00535,0.81404,0.01785,0.58050,-0.47933,0.36899,-0.01581,
1403637255888318976,1.87671,-1.80486,0.37636,-0.01710,0.81653,0.03647,0.57590,-0.48539,0.38411,0.07188,
1403637255988318976,1.82680,-1.76640,0.38795,-0.02880,0.81690,0.05253,0.57366,-0.48194,0.39401,0.16807,
1403637256088318976,1.77573,-1.72689,0.40965,-0.03548,0.81684,0.06536,0.57205,-0.51609,0.38533,0.23471,
1403637256188318976,1.72440,-1.68569,0.43305,-0.03975,0.81448,0.07312,0.57418,-0.50213,0.39426,0.21678,
1403637256288319232,1.67405,-1.64271,0.45181,-0.04312,0.81069,0.07690,0.57880,-0.49815,0.41568,0.14078,
1403637256388318976,1.62351,-1.59809,0.46292,-0.04357,0.80860,0.07909,0.58139,-0.51437,0.44085,0.07471,
1403637256488318976,1.57150,-1.55120,0.46770,-0.04148,0.80761,0.08000,0.58279,-0.52610,0.46376,0.01787,
1403637256588318976,1.51791,-1.50406,0.46631,-0.04169,0.80712,0.07814,0.58370,-0.54920,0.47308,-0.04853,
1403637256688318976,1.46255,-1.45485,0.45779,-0.04535,0.81221,0.07255,0.57706,-0.57051,0.49688,-0.11724,
1403637256788319232,1.40700,-1.40279,0.44601,-0.05407,0.81933,0.06291,0.56729,-0.56816,0.49030,-0.13989,
1403637256888318976,1.35392,-1.35192,0.43313,-0.05958,0.82091,0.05713,0.56506,-0.52888,0.47734,-0.15402,
1403637256988318976,1.30448,-1.30299,0.42017,-0.05907,0.81743,0.06236,0.56959,-0.50977,0.45869,-0.09346,
1403637257088318976,1.25453,-1.25810,0.41223,-0.05920,0.81357,0.07323,0.57379,-0.51716,0.43804,-0.03304,
1403637257188318976,1.20675,-1.21150,0.41169,-0.06023,0.81162,0.08216,0.57523,-0.50907,0.44474,0.03197,
1403637257288319232,1.15938,-1.16583,0.41715,-0.06226,0.81199,0.08938,0.57341,-0.49733,0.44879,0.09932,
1403637257388318976,1.11188,-1.12112,0.43009,-0.06284,0.81274,0.09650,0.57113,-0.48986,0.44940,0.13255,
1403637257488318976,1.06570,-1.07673,0.44311,-0.06385,0.81294,0.10103,0.56996,-0.47408,0.45811,0.09795,
1403637257588318976,1.01773,-1.03166,0.45019,-0.06355,0.81405,0.10493,0.56769,-0.47180,0.46278,0.02304,
1403637257688318976,0.97287,-0.98365,0.45096,-0.06637,0.81802,0.10493,0.56163,-0.45252,0.49470,-0.03692,
1403637257788319232,0.92863,-0.93444,0.44638,-0.07044,0.82108,0.10733,0.55618,-0.43063,0.50624,-0.08386,
1403637257888318976,0.88908,-0.88195,0.43813,-0.07589,0.82350,0.11256,0.55084,-0.39230,0.52074,-0.13283,
1403637257988318976,0.85407,-0.82618,0.42614,-0.08412,0.82373,0.12035,0.54764,-0.34228,0.53965,-0.15243,
1403637258088318976,0.82401,-0.76922,0.41262,-0.09574,0.82218,0.13179,0.54542,-0.28971,0.55442,-0.10925,
1403637258188318976,0.79912,-0.71229,0.40717,-0.10683,0.81537,0.14894,0.54915,-0.23472,0.56749,-0.01625,
1403637258288319232,0.78016,-0.65497,0.40781,-0.11404,0.80662,0.16541,0.55587,-0.18749,0.57328,-0.00338,
1403637258388318976,0.76168,-0.59676,0.40341,-0.12175,0.80048,0.17661,0.55966,-0.18364,0.57539,-0.07347,
1403637258488318976,0.73995,-0.53689,0.39070,-0.13317,0.79966,0.18031,0.55704,-0.18170,0.57568,-0.15258,
1403637258588318976,0.72137,-0.47842,0.37240,-0.14245,0.80125,0.18086,0.55226,-0.16046,0.55654,-0.17957,
1403637258688318976,0.70410,-0.42131,0.35295,-0.14498,0.79815,0.18236,0.55560,-0.14216,0.54195,-0.20302,
1403637258788319232,0.68784,-0.36672,0.33159,-0.14591,0.79572,0.18304,0.55861,-0.13671,0.50285,-0.23493,
1403637258888318976,0.67138,-0.31505,0.30991,-0.14734,0.79382,0.18211,0.56123,-0.14434,0.48402,-0.20863,
1403637258988318976,0.65598,-0.26681,0.29485,-0.14885,0.79416,0.18002,0.56102,-0.12092,0.45861,-0.11079,
1403637259088318976,0.64328,-0.22447,0.29073,-0.14868,0.79477,0.17830,0.56076,-0.09563,0.43967,0.00164,
1403637259188318976,0.63091,-0.18494,0.29908,-0.14924,0.79452,0.17702,0.56136,-0.10176,0.38983,0.11405,
1403637259288319232,0.61968,-0.15274,0.31553,-0.14973,0.79397,0.17521,0.56258,-0.10026,0.34995,0.14880,
1403637259388318976,0.60693,-0.12163,0.33070,-0.15036,0.79460,0.17308,0.56218,-0.10287,0.31735,0.11442,
1403637259488318976,0.59754,-0.09807,0.34184,-0.15777,0.79446,0.16657,0.56231,-0.10552,0.26367,0.07822,
1403637259588318976,0.58649,-0.07938,0.34986,-0.16165,0.79450,0.16314,0.56217,-0.09638,0.18834,0.05326,
1403637259688318976,0.57729,-0.06473,0.35399,-0.15814,0.79439,0.16457,0.56290,-0.07861,0.12884,0.01845,
1403637259788319232,0.56872,-0.05681,0.35532,-0.15126,0.79734,0.16897,0.55930,-0.07401,0.07780,-0.01454,
1403637259888318976,0.56105,-0.04985,0.35225,-0.14992,0.79759,0.16953,0.55914,-0.06581,0.05350,-0.04393,
1403637259988318976,0.55377,-0.04614,0.34611,-0.15371,0.79563,0.16679,0.56172,-0.05788,0.00884,-0.08473,
1403637260088318976,0.54776,-0.04703,0.33531,-0.14998,0.79348,0.16966,0.56490,-0.06350,-0.03065,-0.12893,
1403637260188318976,0.54147,-0.05138,0.31978,-0.14396,0.79382,0.17428,0.56458,-0.06794,-0.05560,-0.17171,
1403637260288319232,0.53478,-0.05779,0.30132,-0.13652,0.79405,0.18025,0.56423,-0.07953,-0.06825,-0.19217,
1403637260388318976,0.52645,-0.06525,0.28276,-0.12748,0.79240,0.18728,0.56638,-0.08865,-0.06845,-0.19650,
1403637260488318976,0.51770,-0.07043,0.26138,-0.12235,0.79264,0.19168,0.56569,-0.10275,-0.04254,-0.23200,
1403637260588318976,0.50756,-0.07289,0.23845,-0.12160,0.79933,0.19247,0.55609,-0.10593,-0.00406,-0.23521,
1403637260688318976,0.49702,-0.07084,0.21514,-0.12298,0.80383,0.19131,0.54967,-0.09245,0.04050,-0.22841,
1403637260788319232,0.48852,-0.06529,0.19317,-0.12623,0.80140,0.18952,0.55308,-0.08385,0.07263,-0.22034,
1403637260888318976,0.48090,-0.05726,0.17056,-0.13009,0.79656,0.18805,0.55965,-0.08582,0.08659,-0.23300,
1403637260988318976,0.47316,-0.04799,0.14825,-0.13184,0.79202,0.18743,0.56585,-0.09029,0.09110,-0.23422,
1403637261088318976,0.46327,-0.03782,0.12407,-0.13265,0.79376,0.18704,0.56336,-0.10731,0.09719,-0.24083,
1403637261188318976,0.45293,-0.02704,0.10058,-0.13045,0.80066,0.18837,0.55358,-0.10878,0.10872,-0.22473,
1403637261288319232,0.44390,-0.01437,0.08091,-0.12810,0.80622,0.18972,0.54554,-0.08530,0.12714,-0.16368,
1403637261388318976,0.43802,0.00055,0.06915,-0.12980,0.80273,0.18829,0.55075,-0.06097,0.16000,-0.09312,
1403637261488318976,0.43405,0.01697,0.06237,-0.13654,0.79867,0.18348,0.55662,-0.04768,0.15812,-0.06654,
1403637261588318976,0.43083,0.03255,0.05575,-0.13568,0.80371,0.18362,0.54948,-0.03264,0.15264,-0.05632,
1403637261688318976,0.42973,0.04834,0.05371,-0.13161,0.80945,0.18616,0.54113,0.01451,0.16543,0.01971,
1403637261788319232,0.43367,0.06594,0.05855,-0.13036,0.80712,0.18682,0.54467,0.06231,0.18545,0.09037,
1403637261888318976,0.44117,0.08554,0.06598,-0.13215,0.79999,0.18504,0.55526,0.07642,0.19637,0.06388,
1403637261988318976,0.44862,0.10400,0.06687,-0.13313,0.79534,0.18317,0.56228,0.06853,0.18418,-0.03830,
1403637262088318976,0.45580,0.12152,0.05798,-0.13653,0.79267,0.17946,0.56641,0.06329,0.17294,-0.13234,
1403637262188318976,0.46149,0.13714,0.04000,-0.14031,0.79273,0.17567,0.56659,0.05252,0.15376,-0.20159,
1403637262288319232,0.46586,0.15028,0.01471,-0.14306,0.79309,0.17236,0.56643,0.01817,0.04270,-0.12288,
1403637262388318976,0.46106,0.14357,0.01245,-0.14519,0.77960,0.17098,0.58472,-0.02696,-0.10356,-0.09963,
1403637262488318976,0.45835,0.13399,0.00423,-0.13402,0.79582,0.14058,0.57353,-0.04154,-0.09078,-0.15854,
1403637262588318976,0.45185,0.12734,0.01091,-0.14445,0.77864,0.13073,0.59646,-0.02664,-0.07668,-0.04043,
1403637262688318976,0.45480,0.12717,0.00963,-0.14021,0.78888,0.13267,0.58345,0.06135,0.06454,-0.01997,
1403637262788319232,0.45248,0.12589,0.01128,-0.14127,0.78690,0.13024,0.58641,-0.02525,-0.06135,0.04579,
1403637262888318976,0.45310,0.12739,0.01127,-0.14200,0.78795,0.13114,0.58462,-0.00335,-0.01590,-0.00413,
1403637262988318976,0.45285,0.12688,0.01134,-0.14182,0.78758,0.13097,0.58519,-0.00147,0.01045,-0.00272,
1403637263088318976,0.45287,0.12673,0.01132,-0.14130,0.78758,0.13123,0.58527,-0.00736,0.01240,-0.00120,
1403637263188318976,0.45276,0.12648,0.01138,-0.14094,0.78747,0.13135,0.58547,-0.00161,0.00709,-0.00392,
1403637263288319232,0.45273,0.12656,0.01133,-0.14123,0.78766,0.13125,0.58517,-0.00139,-0.00451,0.00307,
1403637263388318976,0.45276,0.12663,0.01134,-0.14155,0.78765,0.13118,0.58512,-0.00245,0.00438,-0.00041,
1403637263488318976,0.45271,0.12651,0.01132,-0.14125,0.78767,0.13132,0.58514,-0.00567,0.00018,0.00097,
1403637263588318976,0.45271,0.12653,0.01133,-0.14147,0.78770,0.13123,0.58506,-0.00153,-0.00277,0.00306,
1403637263688318976,0.45269,0.12653,0.01133,-0.14154,0.78776,0.13123,0.58496,-0.00008,-0.00311,0.00280,
1403637263788319232,0.45266,0.12664,0.01132,-0.14190,0.78775,0.13098,0.58494,-0.00318,-0.00585,0.00194,
1403637263888318976,0.45264,0.12661,0.01134,-0.14194,0.78777,0.13101,0.58490,-0.00232,0.00318,0.00069,
1403637263988318976,0.45267,0.12648,0.01134,-0.14164,0.78780,0.13119,0.58490,-0.00426,0.00241,0.00190,
1403637264088318976,0.45267,0.12649,0.01132,-0.14161,0.78783,0.13128,0.58484,-0.00497,0.00085,0.00097,
1403637264188318976,0.45267,0.12644,0.01131,-0.14156,0.78779,0.13128,0.58490,-0.00270,0.00039,-0.00009,
1403637264288319232,0.45270,0.12652,0.01130,-0.14175,0.78782,0.13120,0.58484,0.00063,-0.00225,0.00227,
1403637264388318976,0.45268,0.12649,0.01129,-0.14174,0.78785,0.13126,0.58478,0.00004,0.00124,-0.00057,
1403637264488318976,0.45275,0.12651,0.01127,-0.14164,0.78782,0.13125,0.58486,-0.00049,-0.00050,0.00241,
1403637264588318976,0.45275,0.12654,0.01127,-0.14170,0.78784,0.13123,0.58481,-0.00118,-0.00193,0.00049,
1403637264688318976,0.45270,0.12651,0.01131,-0.14174,0.78786,0.13121,0.58479,-0.00099,-0.00123,0.00181,
1403637264788319232,0.45272,0.12653,0.01132,-0.14181,0.78788,0.13119,0.58474,-0.00226,-0.00264,0.00177,
1403637264888318976,0.45274,0.12652,0.01134,-0.14176,0.78789,0.13121,0.58474,-0.00211,0.00142,0.00115,
1403637264988318976,0.45276,0.12651,0.01135,-0.14162,0.78791,0.13130,0.58473,-0.00224,0.00000,0.00344,
1403637265088318976,0.45276,0.12653,0.01136,-0.14164,0.78796,0.13133,0.58465,-0.00166,-0.00031,0.00053,
1403637265188318976,0.45276,0.12652,0.01136,-0.14161,0.78793,0.13130,0.58470,-0.00235,0.00092,0.00097,
1403637265288319232,0.45276,0.12649,0.01135,-0.14164,0.78796,0.13133,0.58465,-0.00210,-0.00096,0.00194,
1403637265388318976,0.45270,0.12653,0.01142,-0.14160,0.78797,0.13135,0.58464,-0.00178,0.00094,0.00132,
1403637265488318976,0.45274,0.12653,0.01140,-0.14162,0.78796,0.13134,0.58464,-0.00189,-0.00119,0.00153,
