1403638525527829504,0.05179,0.02799,-0.00153,-0.00569,0.83978,0.00913,0.54282,0.02775,0.04624,-0.63255,
1403638525627829504,0.09150,0.04935,-0.08165,-0.01350,0.85773,0.00877,0.51386,0.14226,0.08512,-0.65141,
1403638525727829504,0.01682,0.01357,-0.06267,-0.02825,0.85160,0.01691,0.52316,-0.02249,-0.00698,-0.34012,
1403638525827829504,0.01353,0.01597,-0.08514,-0.03877,0.84899,0.02246,0.52651,-0.01150,-0.00364,-0.22906,
1403638525927829504,0.00856,0.01543,-0.10269,-0.04163,0.84685,0.02865,0.52943,-0.03477,-0.08187,-0.12688,
1403638526027829504,0.00491,0.00470,-0.10770,-0.04849,0.84684,0.03840,0.52824,-0.02016,-0.19710,-0.02849,
1403638526127829504,0.00316,-0.01802,-0.10216,-0.05676,0.84872,0.04062,0.52422,-0.01231,-0.30102,0.05787,
1403638526227829504,0.00449,-0.05206,-0.09226,-0.05873,0.84795,0.03485,0.52566,-0.01190,-0.37507,0.12003,
1403638526327829504,0.00260,-0.09281,-0.07783,-0.05213,0.84310,0.02359,0.53470,-0.03856,-0.42650,0.13157,
1403638526427829504,-0.00623,-0.13863,-0.06385,-0.03988,0.83757,0.00624,0.54483,-0.07328,-0.47069,0.11444,
1403638526527829504,-0.01950,-0.18814,-0.05277,-0.02954,0.83321,-0.01198,0.55204,-0.09956,-0.52976,0.07793,
1403638526627829504,-0.03323,-0.24461,-0.04525,-0.02158,0.82688,-0.02513,0.56140,-0.12319,-0.60309,0.05596,
1403638526727829504,-0.05002,-0.30727,-0.03939,-0.01287,0.82224,-0.03415,0.56796,-0.15706,-0.65415,0.04129,
1403638526827829504,-0.06695,-0.37375,-0.03660,-0.00082,0.82005,-0.03849,0.57100,-0.16820,-0.65652,0.01578,
1403638526927829504,-0.08171,-0.43808,-0.03617,0.00190,0.82148,-0.04129,0.56874,-0.16345,-0.62261,0.00811,
1403638527027829504,-0.09662,-0.49836,-0.03566,0.00745,0.82577,-0.05071,0.56167,-0.13993,-0.58107,0.01152,
1403638527127829504,-0.10614,-0.55361,-0.03448,0.01372,0.82974,-0.06440,0.55425,-0.10499,-0.51501,0.03450,
1403638527227829504,-0.11338,-0.59993,-0.02997,0.02233,0.82948,-0.07878,0.55250,-0.05247,-0.40254,0.05379,
1403638527327829504,-0.11444,-0.63064,-0.02502,0.03716,0.82600,-0.09028,0.55515,0.00933,-0.22332,0.05625,
1403638527427829504,-0.11347,-0.64303,-0.02035,0.05324,0.82141,-0.09778,0.55937,0.05568,-0.02163,0.03548,
1403638527527829504,-0.10534,-0.63663,-0.01889,0.05958,0.81921,-0.10019,0.56152,0.11015,0.18188,0.01343,
1403638527627829504,-0.09153,-0.60973,-0.01937,0.05961,0.81926,-0.09935,0.56160,0.15282,0.36819,-0.00670,
1403638527727829504,-0.07348,-0.56804,-0.02195,0.05568,0.81972,-0.09256,0.56249,0.19550,0.48616,-0.01126,
1403638527827829504,-0.05298,-0.51543,-0.02223,0.04619,0.82204,-0.08706,0.56083,0.20535,0.56171,0.02033,
1403638527927829504,-0.03361,-0.45671,-0.01782,0.03283,0.82406,-0.08320,0.55940,0.19921,0.59769,0.04447,
1403638528027829504,-0.01347,-0.39809,-0.01477,0.02673,0.82304,-0.07709,0.56209,0.20051,0.60624,0.03067,
1403638528127829504,0.00618,-0.33937,-0.01610,0.01881,0.82218,-0.06971,0.56463,0.19704,0.58530,-0.01388,
1403638528227829504,0.02833,-0.28498,-0.02039,0.00940,0.82284,-0.06108,0.56491,0.26323,0.51226,-0.05316,
1403638528327829504,0.05760,-0.24153,-0.02667,-0.00082,0.82292,-0.05108,0.56586,0.33285,0.38615,-0.06835,
1403638528427829504,0.09244,-0.20806,-0.03347,-0.00197,0.82167,-0.04609,0.56809,0.37229,0.27104,-0.06445,
1403638528527829504,0.12972,-0.18600,-0.03991,0.00061,0.82216,-0.04644,0.56736,0.37736,0.19149,-0.05639,
1403638528627829504,0.16752,-0.16962,-0.04446,0.00086,0.82409,-0.05436,0.56385,0.37627,0.13526,-0.03753,
1403638528727829504,0.20134,-0.15888,-0.04378,0.00389,0.82403,-0.06085,0.56326,0.31203,0.06810,0.01043,
1403638528827829504,0.22445,-0.15447,-0.04124,0.00639,0.82270,-0.06722,0.56444,0.16042,0.04064,0.04744,
1403638528927829504,0.23268,-0.14978,-0.03526,0.00038,0.82156,-0.07531,0.56512,-0.01275,0.04507,0.10886,
1403638529027829504,0.22096,-0.14346,-0.01812,-0.00413,0.82182,-0.08039,0.56403,-0.18194,0.08082,0.15325,
1403638529127829504,0.19822,-0.13228,-0.00713,0.00684,0.82267,-0.07721,0.56321,-0.27826,0.14380,0.09711,
1403638529227829504,0.16651,-0.11531,-0.00280,0.02256,0.82413,-0.07002,0.56160,-0.33722,0.19218,-0.00462,
1403638529327829504,0.13051,-0.09729,-0.00684,0.03026,0.82740,-0.06486,0.55704,-0.35977,0.20003,-0.09768,
1403638529427829504,0.09528,-0.07762,-0.02277,0.03240,0.83496,-0.06179,0.54587,-0.30936,0.18484,-0.19933,
1403638529527829504,0.06738,-0.06026,-0.04649,0.02870,0.84596,-0.06046,0.52903,-0.24335,0.14812,-0.24592,
1403638529627829504,0.04461,-0.04761,-0.07089,0.03000,0.85320,-0.05760,0.51752,-0.16480,0.11924,-0.24441,
1403638529727829504,0.03039,-0.03462,-0.09402,0.03039,0.85336,-0.05599,0.51741,-0.09580,0.10975,-0.22973,
1403638529827829504,0.02171,-0.02506,-0.11518,0.02993,0.84721,-0.05702,0.52734,-0.04816,0.08853,-0.20185,
1403638529927829504,0.01925,-0.01781,-0.13330,0.03027,0.84232,-0.05740,0.53506,0.01482,0.05088,-0.14990,
1403638530027829504,0.02503,-0.01560,-0.14621,0.03088,0.84189,-0.05768,0.53567,0.09434,0.01459,-0.11816,
1403638530127829504,0.03628,-0.01559,-0.15631,0.03135,0.84392,-0.06001,0.53218,0.13280,-0.00958,-0.10040,
1403638530227829504,0.05070,-0.01726,-0.16666,0.03376,0.84426,-0.06590,0.53079,0.15442,-0.02141,-0.10311,
1403638530327829504,0.06547,-0.02033,-0.17737,0.03539,0.84333,-0.07208,0.53136,0.12931,-0.04017,-0.10081,
1403638530427829504,0.07833,-0.02462,-0.18694,0.03929,0.84259,-0.07638,0.53166,0.12095,-0.04480,-0.07877,
1403638530527829504,0.08851,-0.02924,-0.19415,0.03753,0.84223,-0.08072,0.53171,0.07796,-0.04949,-0.06143,
1403638530627829504,0.09461,-0.03380,-0.19986,0.03975,0.84336,-0.08350,0.52934,0.04571,-0.03461,-0.05850,
1403638530727829504,0.09854,-0.03688,-0.20572,0.04020,0.84698,-0.08611,0.52306,0.03597,-0.02763,-0.06219,
1403638530827829504,0.10179,-0.03949,-0.21140,0.04068,0.84886,-0.08717,0.51979,0.02754,-0.01216,-0.05123,
1403638530927829504,0.10373,-0.04067,-0.21550,0.03879,0.84792,-0.08681,0.52153,0.01443,-0.00120,-0.03159,
1403638531027829504,0.10470,-0.04071,-0.21852,0.03784,0.84514,-0.08671,0.52610,0.00629,0.00226,-0.03442,
1403638531127829504,0.10426,-0.03949,-0.21875,0.04043,0.84165,-0.08521,0.53173,0.00628,0.02259,0.00755,
1403638531227829504,0.10489,-0.03824,-0.21941,0.04252,0.84147,-0.08239,0.53229,0.00559,0.00985,-0.03256,
1403638531327829504,0.10513,-0.03664,-0.22039,0.04312,0.83816,-0.08236,0.53745,-0.00037,0.01437,0.00566,
1403638531427829504,0.10508,-0.03674,-0.22053,0.04360,0.83899,-0.08170,0.53621,-0.00397,-0.00517,-0.00153,
1403638531527829504,0.10479,-0.03679,-0.22057,0.04306,0.83821,-0.08217,0.53740,0.00399,-0.00287,-0.00113,
1403638531627829504,0.10465,-0.03692,-0.22063,0.04386,0.83837,-0.08131,0.53722,0.00069,0.00491,-0.00060,
1403638531727829504,0.10463,-0.03692,-0.22071,0.04381,0.83847,-0.08176,0.53700,0.00030,-0.00474,-0.00285,
1403638531827829504,0.10467,-0.03692,-0.22076,0.04394,0.83850,-0.08197,0.53691,0.00063,-0.00395,-0.00004,
1403638531927829504,0.10465,-0.03690,-0.22075,0.04395,0.83844,-0.08224,0.53695,0.00286,-0.00578,0.00183,
1403638532027829504,0.10470,-0.03687,-0.22082,0.04395,0.83841,-0.08244,0.53698,0.00038,-0.00308,-0.00161,
1403638532127829504,0.10469,-0.03699,-0.22079,0.04417,0.83838,-0.08265,0.53696,0.00035,-0.00074,-0.00043,
1403638532227829504,0.10471,-0.03700,-0.22086,0.04427,0.83841,-0.08249,0.53694,0.00289,0.00187,-0.00102,
1403638532327829504,0.10471,-0.03707,-0.22085,0.04459,0.83838,-0.08255,0.53695,-0.00010,0.00266,-0.00136,
1403638532427829504,0.10472,-0.03712,-0.22085,0.04469,0.83836,-0.08251,0.53698,0.00228,0.00196,-0.00065,
1403638532527829504,0.10472,-0.03717,-0.22087,0.04476,0.83834,-0.08260,0.53700,0.00017,0.00103,-0.00124,
1403638532627829504,0.10471,-0.03719,-0.22089,0.04490,0.83835,-0.08273,0.53695,0.00260,-0.00064,-0.00003,
1403638532727829504,0.10467,-0.03719,-0.22085,0.04498,0.83832,-0.08284,0.53697,0.00013,-0.00046,0.00009,
1403638532827829504,0.10472,-0.03721,-0.22086,0.04496,0.83831,-0.08292,0.53698,0.00111,-0.00018,-0.00051,
1403638532927829504,0.10473,-0.03720,-0.22088,0.04501,0.83832,-0.08287,0.53696,0.00196,-0.00095,0.00050,
1403638533027829504,0.10470,-0.03725,-0.22085,0.04511,0.83831,-0.08294,0.53696,-0.00034,-0.00015,-0.00058,
1403638533127829504,0.10469,-0.03722,-0.22086,0.04513,0.83829,-0.08296,0.53698,0.00210,-0.00039,-0.00025,
1403638533227829504,0.10468,-0.03728,-0.22090,0.04519,0.83827,-0.08300,0.53701,0.00052,-0.00079,0.00007,
1403638533327829504,0.10470,-0.03728,-0.22090,0.04530,0.83826,-0.08307,0.53700,0.00027,0.00020,-0.00066,
1403638533427829504,0.10474,-0.03728,-0.22094,0.04526,0.83825,-0.08310,0.53701,0.00278,0.00007,0.00002,
1403638533527829504,0.10475,-0.03729,-0.22092,0.04537,0.83823,-0.08314,0.53702,0.00033,0.00140,-0.00090,
1403638533627829504,0.10472,-0.03729,-0.22090,0.04544,0.83823,-0.08311,0.53703,0.00125,0.00103,0.00004,
1403638533727829504,0.10466,-0.03731,-0.22086,0.04550,0.83821,-0.08311,0.53705,0.00052,-0.00020,-0.00022,
1403638533827829504,0.10474,-0.03730,-0.22090,0.04544,0.83819,-0.08313,0.53709,0.00123,-0.00083,-0.00112,
1403638533927829504,0.10469,-0.03732,-0.22087,0.04545,0.83824,-0.08310,0.53702,-0.00179,-0.00633,-0.00039,
1403638534027829504,0.10473,-0.03734,-0.22090,0.04548,0.83820,-0.08321,0.53706,-0.00050,-0.00329,-0.00273,
1403638534127829504,0.10469,-0.03734,-0.22086,0.04552,0.83823,-0.08329,0.53699,0.00095,0.00212,-0.00067,
1403638534227829504,0.10474,-0.03729,-0.22085,0.04531,0.83820,-0.08324,0.53707,0.00015,0.00271,0.00122,
1403638534327829504,0.10480,-0.03727,-0.22083,0.04514,0.83820,-0.08318,0.53708,-0.00232,-0.00580,-0.00634,
1403638534427829504,0.10477,-0.03721,-0.22082,0.04502,0.83822,-0.08315,0.53708,0.00184,-0.00500,-0.00010,
1403638534527829504,0.10476,-0.03726,-0.22083,0.04513,0.83821,-0.08335,0.53706,-0.00228,-0.00044,0.00051,
1403638534627829504,0.10481,-0.03720,-0.22085,0.04488,0.83828,-0.08297,0.53702,0.00209,-0.00453,-0.00038,
1403638534727829504,0.10477,-0.03719,-0.22080,0.04477,0.83826,-0.08273,0.53710,-0.00291,-0.00578,-0.00029,
1403638534827829504,0.10476,-0.03718,-0.22080,0.04484,0.83824,-0.08282,0.53711,-0.00027,-0.00472,-0.00122,
1403638534927829504,0.10470,-0.03726,-0.22080,0.04509,0.83826,-0.08303,0.53702,-0.00243,-0.00603,-0.00066,
1403638535027829504,0.10469,-0.03724,-0.22079,0.04502,0.83826,-0.08297,0.53704,-0.00156,-0.00049,-0.00083,
1403638535127829504,0.10471,-0.03721,-0.22077,0.04498,0.83826,-0.08286,0.53705,0.00092,0.00000,-0.00233,
1403638535227829504,0.10472,-0.03721,-0.22076,0.04494,0.83821,-0.08282,0.53714,-0.00072,0.00045,-0.00019,
1403638535327829504,0.10474,-0.03720,-0.22079,0.04491,0.83822,-0.08283,0.53713,0.00076,-0.00064,0.00109,
1403638535427829504,0.10470,-0.03718,-0.22077,0.04492,0.83824,-0.08281,0.53710,-0.00012,-0.00122,0.00148,
1403638535527829504,0.10471,-0.03718,-0.22074,0.04487,0.83824,-0.08283,0.53710,0.00072,0.00111,-0.00059,
1403638535627829504,0.10476,-0.03716,-0.22078,0.04488,0.83826,-0.08279,0.53708,0.00134,0.00025,-0.00060,
1403638535727829504,0.10472,-0.03720,-0.22077,0.04484,0.83826,-0.08286,0.53707,-0.00105,-0.00124,-0.00040,
1403638535827829504,0.10473,-0.03715,-0.22076,0.04477,0.83825,-0.08280,0.53710,0.00063,0.00221,0.00020,
1403638535927829504,0.10471,-0.03714,-0.22074,0.04476,0.83823,-0.08277,0.53713,-0.00064,-0.00184,-0.00050,
1403638536027829504,0.10475,-0.03715,-0.22074,0.04472,0.83823,-0.08274,0.53714,-0.00061,-0.00076,-0.00087,
1403638536127829504,0.10475,-0.03713,-0.22074,0.04473,0.83823,-0.08276,0.53714,0.00069,-0.00068,0.00177,
1403638536227829504,0.10475,-0.03714,-0.22072,0.04467,0.83822,-0.08275,0.53716,0.00079,-0.00117,0.00070,
1403638536327829504,0.10471,-0.03715,-0.22071,0.04469,0.83818,-0.08276,0.53723,-0.00055,-0.00125,0.00012,
1403638536427829504,0.10476,-0.03713,-0.22073,0.04472,0.83818,-0.08279,0.53721,0.00005,0.00012,0.00061,
1403638536527829504,0.10472,-0.03713,-0.22071,0.04468,0.83819,-0.08273,0.53721,-0.00102,-0.00076,0.00069,
1403638536627829504,0.10474,-0.03711,-0.22073,0.04465,0.83815,-0.08280,0.53726,0.00037,-0.00170,-0.00091,
1403638536727829504,0.10472,-0.03715,-0.22070,0.04475,0.83817,-0.08272,0.53724,-0.00097,0.00070,-0.00067,
1403638536827829504,0.10470,-0.03716,-0.22068,0.04479,0.83816,-0.08277,0.53724,0.00161,0.00009,0.00056,
1403638536927829504,0.10474,-0.03718,-0.22070,0.04481,0.83814,-0.08275,0.53728,-0.00118,-0.00421,-0.00023,
1403638537027829504,0.10472,-0.03719,-0.22067,0.04476,0.83815,-0.08270,0.53727,-0.00144,-0.00295,-0.00057,
1403638537127829504,0.10471,-0.03714,-0.22069,0.04480,0.83817,-0.08266,0.53725,-0.00000,-0.00481,-0.00057,
1403638537227829504,0.10474,-0.03713,-0.22071,0.04481,0.83819,-0.08279,0.53719,0.00071,-0.00412,0.00030,
1403638537327829504,0.10473,-0.03713,-0.22067,0.04475,0.83820,-0.08282,0.53718,0.00077,-0.00171,-0.00009,
1403638537427829504,0.10468,-0.03715,-0.22068,0.04471,0.83819,-0.08281,0.53719,-0.00010,-0.00212,-0.00117,
1403638537527829504,0.10475,-0.03713,-0.22071,0.04470,0.83820,-0.08274,0.53719,-0.00284,-0.00278,-0.00002,
1403638537627829504,0.10475,-0.03709,-0.22069,0.04469,0.83822,-0.08266,0.53717,-0.00101,0.00153,-0.00089,
1403638537727829504,0.10474,-0.03714,-0.22071,0.04470,0.83826,-0.08269,0.53711,-0.00029,0.00270,0.00160,
1403638537827829504,0.10472,-0.03709,-0.22065,0.04468,0.83824,-0.08268,0.53715,0.00598,-0.00112,-0.00176,
1403638537927829504,0.10472,-0.03714,-0.22063,0.04480,0.83823,-0.08275,0.53713,-0.00500,-0.00019,0.00258,
1403638538027829504,0.10474,-0.03713,-0.22060,0.04473,0.83823,-0.08269,0.53715,0.00153,-0.00211,0.00275,
1403638538127829504,0.10470,-0.03712,-0.22056,0.04479,0.83818,-0.08266,0.53722,0.00099,-0.00146,0.00136,
1403638538227829504,0.10477,-0.03715,-0.22062,0.04490,0.83826,-0.08279,0.53707,0.00496,-0.00323,-0.00181,
1403638538327829504,0.10471,-0.03718,-0.22059,0.04491,0.83829,-0.08277,0.53704,-0.00002,-0.00106,0.00192,
1403638538427829504,0.10483,-0.03713,-0.22060,0.04485,0.83815,-0.08279,0.53725,-0.00021,0.00020,0.00511,
1403638538527829504,0.10475,-0.03714,-0.22049,0.04472,0.83812,-0.08281,0.53730,-0.00549,0.00068,-0.00170,
1403638538627829504,0.10469,-0.03719,-0.22045,0.04478,0.83796,-0.08294,0.53753,-0.00377,-0.00019,-0.00155,
1403638538727829504,0.10462,-0.03729,-0.22033,0.04479,0.83775,-0.08294,0.53786,-0.00262,-0.00121,0.00716,
1403638538827829504,0.10547,-0.03715,-0.22016,0.04441,0.83729,-0.08245,0.53869,0.01441,0.00423,0.00720,
1403638538927829504,0.10781,-0.03694,-0.21870,0.04452,0.83442,-0.08157,0.54324,0.02890,-0.00159,0.03845,
1403638539027829504,0.11188,-0.03711,-0.21552,0.04555,0.82969,-0.08199,0.55029,0.03839,-0.00330,0.03423,
1403638539127829504,0.12157,-0.03717,-0.21350,0.04322,0.82331,-0.08192,0.55998,0.10082,-0.00575,0.05421,
1403638539227829504,0.12897,-0.03855,-0.20026,0.04455,0.81857,-0.08169,0.56683,0.10032,-0.00850,0.15509,
1403638539327829504,0.13925,-0.03956,-0.18156,0.04384,0.81757,-0.08113,0.56839,0.09571,-0.01289,0.23567,
1403638539427829504,0.14910,-0.04092,-0.15516,0.04354,0.81917,-0.07994,0.56629,0.10286,-0.01636,0.29239,
1403638539527829504,0.15918,-0.04258,-0.12367,0.04307,0.82110,-0.07878,0.56368,0.10388,-0.01904,0.32708,
1403638539627829504,0.17043,-0.04464,-0.09189,0.04205,0.82172,-0.07784,0.56298,0.10857,-0.02178,0.27721,
1403638539727829504,0.18209,-0.04645,-0.06917,0.04133,0.82231,-0.07677,0.56232,0.12258,-0.01263,0.15653,
1403638539827829504,0.19451,-0.04818,-0.05693,0.04109,0.82387,-0.07547,0.56022,0.13667,-0.01543,0.09122,
1403638539927829504,0.20803,-0.04916,-0.04731,0.03987,0.82758,-0.07505,0.55488,0.15847,-0.00926,0.08360,
1403638540027829504,0.22551,-0.05025,-0.03905,0.03827,0.83305,-0.07572,0.54665,0.19596,-0.01929,0.08093,
1403638540127829504,0.24762,-0.05215,-0.03209,0.03778,0.83884,-0.07573,0.53775,0.25527,-0.02234,0.07031,
1403638540227829504,0.27742,-0.05476,-0.02122,0.03850,0.83873,-0.07468,0.53803,0.33547,-0.03142,0.10335,
1403638540327829504,0.31358,-0.05826,-0.01006,0.03936,0.83267,-0.07359,0.54744,0.38859,-0.03624,0.10183,
1403638540427829504,0.35468,-0.06162,-0.00215,0.03884,0.82828,-0.06952,0.55462,0.42611,-0.02774,0.08551,
1403638540527829504,0.39809,-0.06348,0.00573,0.03355,0.82799,-0.06101,0.55640,0.45309,-0.00671,0.06712,
1403638540627829504,0.44416,-0.06405,0.01329,0.02484,0.82849,-0.04724,0.55746,0.47978,0.00839,0.07524,
1403638540727829504,0.49278,-0.06339,0.01958,0.01766,0.82822,-0.02586,0.55952,0.50370,0.02292,0.07294,
1403638540827829504,0.54322,-0.05941,0.02600,0.00874,0.82824,0.00020,0.56031,0.51040,0.06100,0.04844,
1403638540927829504,0.59526,-0.04985,0.02941,-0.00309,0.82792,0.02836,0.56011,0.52579,0.11089,0.02949,
1403638541027829504,0.64814,-0.03574,0.03198,-0.01787,0.82665,0.05069,0.56015,0.52573,0.14957,0.00484,
1403638541127829504,0.70141,-0.01695,0.03072,-0.02993,0.82467,0.06681,0.56085,0.53152,0.18284,-0.03789,
1403638541227829504,0.75513,0.00416,0.02677,-0.03716,0.82399,0.07758,0.56003,0.53388,0.21505,-0.05562,
1403638541327829504,0.80929,0.02781,0.02460,-0.04087,0.82342,0.08334,0.55978,0.53603,0.26149,0.00755,
1403638541427829504,0.86282,0.05678,0.02817,-0.04283,0.82335,0.08428,0.55960,0.52522,0.29893,0.05991,
1403638541527829504,0.91656,0.08951,0.03845,-0.04044,0.82214,0.08450,0.56152,0.53946,0.34441,0.12411,
1403638541627829504,0.97385,0.12779,0.05686,-0.03997,0.82064,0.08607,0.56351,0.57214,0.41909,0.20188,
1403638541727829504,1.02880,0.17202,0.08072,-0.04755,0.81889,0.09060,0.56475,0.55786,0.46826,0.26182,
1403638541827829504,1.08366,0.22057,0.11321,-0.05947,0.81803,0.09678,0.56385,0.53286,0.50793,0.32944,
1403638541927829504,1.13302,0.27293,0.14646,-0.07204,0.81699,0.10872,0.56172,0.51890,0.53415,0.29423,
1403638542027829504,1.18240,0.32797,0.17292,-0.08554,0.81541,0.12452,0.55883,0.49744,0.54460,0.22143,
1403638542127829504,1.23146,0.38307,0.19317,-0.09913,0.81285,0.14358,0.55572,0.48479,0.55892,0.16489,
1403638542227829504,1.28078,0.44030,0.20845,-0.11486,0.80935,0.16409,0.55212,0.47764,0.56577,0.10962,
1403638542327829504,1.33181,0.49905,0.21913,-0.12843,0.80485,0.18694,0.54843,0.48572,0.58334,0.07905,
1403638542427829504,1.38270,0.55916,0.22717,-0.13761,0.79428,0.20715,0.55432,0.48081,0.58958,0.05741,
1403638542527829504,1.43419,0.61989,0.23097,-0.13679,0.78168,0.22602,0.56496,0.45378,0.59483,0.02542,
1403638542627829504,1.47989,0.68381,0.23525,-0.13286,0.77407,0.24033,0.57045,0.39112,0.64758,0.04956,
1403638542727829504,1.52102,0.75441,0.24670,-0.13555,0.77485,0.24376,0.56729,0.31823,0.70308,0.12149,
1403638542827829504,1.55461,0.82890,0.26565,-0.14431,0.77947,0.24005,0.56034,0.24796,0.73020,0.19847,
1403638542927829504,1.58262,0.90587,0.29063,-0.14991,0.78496,0.23591,0.55292,0.21789,0.75989,0.26945,
1403638543027829504,1.60389,0.98243,0.32281,-0.15269,0.78896,0.23259,0.54785,0.19130,0.77294,0.29363,
1403638543127829504,1.62333,1.05894,0.35249,-0.15459,0.79109,0.22913,0.54569,0.19478,0.78012,0.25032,
1403638543227829504,1.63961,1.13527,0.37683,-0.15403,0.79190,0.22742,0.54539,0.18929,0.78348,0.18691,
1403638543327829504,1.66231,1.21609,0.39285,-0.15367,0.79253,0.22476,0.54567,0.19184,0.78827,0.12807,
1403638543427829504,1.68470,1.29796,0.40529,-0.15449,0.79266,0.22593,0.54477,0.20058,0.80980,0.08881,
1403638543527829504,1.70782,1.38193,0.41466,-0.15824,0.79132,0.23300,0.54266,0.20358,0.82520,0.05600,
1403638543627829504,1.72751,1.46632,0.41927,-0.16344,0.78745,0.24863,0.53980,0.18906,0.83918,0.02151,
1403638543727829504,1.74946,1.55244,0.42183,-0.17246,0.78147,0.26801,0.53641,0.19001,0.87859,0.04989,
1403638543827829504,1.76999,1.63857,0.42856,-0.18220,0.77275,0.29118,0.53374,0.18680,0.89624,0.11185,
1403638543927829504,1.79143,1.73053,0.44399,-0.19626,0.76423,0.31185,0.52932,0.19156,0.93412,0.19474,
1403638544027829504,1.81269,1.82536,0.46597,-0.21082,0.75841,0.32625,0.52339,0.18877,0.94823,0.23087,
1403638544127829504,1.83660,1.92991,0.48181,-0.22241,0.75501,0.33528,0.51777,0.20636,0.97172,0.21080,
1403638544227829504,1.85494,2.01595,0.51115,-0.23215,0.75251,0.33984,0.51414,0.22469,0.96003,0.16315,
1403638544327829504,1.87505,2.10511,0.52449,-0.23699,0.75074,0.34318,0.51230,0.23029,0.94139,0.10268,
1403638544427829504,1.89538,2.19799,0.53598,-0.23848,0.75119,0.34457,0.51001,0.24382,0.94277,0.07228,
1403638544527829504,1.91904,2.29417,0.54598,-0.23777,0.75033,0.34487,0.51140,0.24782,0.95155,0.05687,
1403638544627829504,1.94494,2.39102,0.55610,-0.24173,0.74507,0.34431,0.51758,0.25857,0.96543,0.12388,
1403638544727829504,1.97029,2.48728,0.57304,-0.24501,0.74062,0.34466,0.52218,0.24495,0.94320,0.16635,
1403638544827829504,1.99359,2.58023,0.59334,-0.24410,0.74251,0.34671,0.51854,0.23918,0.92644,0.14516,
1403638544927829504,2.01642,2.66939,0.60707,-0.24323,0.74552,0.34811,0.51367,0.24677,0.92077,0.09619,
1403638545027829504,2.04168,2.75992,0.61331,-0.24456,0.74499,0.34833,0.51366,0.24948,0.91655,0.04378,
1403638545127829504,2.06722,2.85164,0.61585,-0.24547,0.74401,0.34879,0.51433,0.25192,0.90223,-0.01882,
1403638545227829504,2.09247,2.94050,0.61013,-0.24424,0.74441,0.35050,0.51317,0.25195,0.89742,-0.08051,
1403638545327829504,2.11871,3.02965,0.60009,-0.24463,0.74242,0.35101,0.51553,0.25258,0.88880,-0.12376,
1403638545427829504,2.14464,3.11990,0.58620,-0.24637,0.74148,0.35020,0.51659,0.23826,0.88296,-0.17777,
1403638545527829504,2.16995,3.21003,0.57078,-0.24948,0.74032,0.35367,0.51440,0.22579,0.88951,-0.13130,
1403638545627829504,2.19140,3.29598,0.56176,-0.25674,0.73717,0.36271,0.50903,0.21688,0.89267,-0.06697,
1403638545727829504,2.21290,3.38194,0.55741,-0.26532,0.73139,0.37717,0.50240,0.21727,0.88096,-0.00882,
1403638545827829504,2.23635,3.47239,0.56163,-0.27569,0.72164,0.39605,0.49636,0.21526,0.88327,0.06917,
1403638545927829504,2.25877,3.56199,0.57396,-0.28634,0.71079,0.41769,0.48818,0.20811,0.88344,0.14594,
1403638546027829504,2.28114,3.64934,0.59159,-0.29511,0.69933,0.43883,0.48092,0.21807,0.87255,0.18965,
1403638546127829504,2.30050,3.73364,0.60673,-0.30152,0.68928,0.45537,0.47605,0.20760,0.88631,0.13607,
1403638546227829504,2.31967,3.82233,0.61678,-0.30883,0.68321,0.46493,0.47084,0.19859,0.90115,0.06965,
1403638546327829504,2.33966,3.91559,0.62068,-0.31494,0.68014,0.46982,0.46636,0.19179,0.91875,0.01007,
1403638546427829504,2.35862,4.00845,0.61904,-0.31991,0.67971,0.47104,0.46235,0.18600,0.93406,-0.04960,
1403638546527829504,2.37659,4.10083,0.61268,-0.32117,0.67871,0.47293,0.46103,0.18724,0.95423,-0.05772,
1403638546627829504,2.39578,4.19631,0.61101,-0.32336,0.67519,0.47814,0.45927,0.17890,0.96038,0.00853,
1403638546727829504,2.41368,4.29365,0.61717,-0.32731,0.67049,0.48417,0.45704,0.18006,0.98622,0.11389,
1403638546827829504,2.43133,4.39365,0.63247,-0.32825,0.66638,0.49019,0.45596,0.17791,1.02782,0.21190,
1403638546927829504,2.44902,4.49694,0.65188,-0.32859,0.66348,0.49478,0.45499,0.16371,1.02140,0.17886,
1403638547027829504,2.46505,4.59969,0.66595,-0.32706,0.66062,0.49885,0.45580,0.15245,1.03343,0.11945,
1403638547127829504,2.47751,4.70202,0.67330,-0.32362,0.65811,0.50298,0.45736,0.12443,1.05364,0.05111,
1403638547227829504,2.48767,4.80683,0.67533,-0.32166,0.65691,0.50514,0.45808,0.08874,1.07288,0.01483,
1403638547327829504,2.49296,4.91220,0.67269,-0.32038,0.65611,0.50597,0.45921,0.04423,1.08999,-0.03532,
1403638547427829504,2.49431,5.01547,0.66465,-0.32616,0.65911,0.50203,0.45515,0.01155,1.09756,-0.07048,
1403638547527829504,2.49387,5.12603,0.65643,-0.33091,0.66235,0.49772,0.45174,-0.00468,1.11716,-0.10877,
1403638547627829504,2.49106,5.23679,0.64239,-0.33304,0.66460,0.49493,0.44993,-0.01246,1.13252,-0.16330,
1403638547727829504,2.48919,5.34504,0.62217,-0.33193,0.66473,0.49470,0.45082,-0.01926,1.14082,-0.20398,
1403638547827829504,2.48630,5.45935,0.60015,-0.32744,0.66276,0.49708,0.45437,-0.03564,1.15898,-0.24368,
1403638547927829504,2.48070,5.57472,0.57631,-0.32705,0.66258,0.49706,0.45492,-0.05859,1.17166,-0.23350,
1403638548027829504,2.47520,5.69589,0.55824,-0.32870,0.66194,0.49825,0.45336,-0.08342,1.20784,-0.15294,
1403638548127829504,2.46505,5.82001,0.54924,-0.33221,0.65945,0.50212,0.45015,-0.10192,1.24116,-0.07652,
1403638548227829504,2.45263,5.94373,0.54992,-0.33850,0.65445,0.50896,0.44506,-0.13387,1.24390,0.00689,
1403638548327829504,2.43826,6.06968,0.55746,-0.34637,0.64685,0.51915,0.43829,-0.15007,1.26292,0.11179,
1403638548427829504,2.42214,6.19427,0.57440,-0.35372,0.63775,0.53180,0.43052,-0.16569,1.27198,0.17943,
1403638548527829504,2.40687,6.32700,0.59160,-0.36162,0.62963,0.54071,0.42477,-0.16393,1.28388,0.14630,
1403638548627829504,2.39067,6.45634,0.60395,-0.36684,0.62267,0.54807,0.42111,-0.16153,1.29898,0.10115,
1403638548727829504,2.37558,6.58551,0.61242,-0.37056,0.61834,0.55291,0.41790,-0.15648,1.30525,0.07484,
1403638548827829504,2.36087,6.71255,0.62265,-0.37290,0.61558,0.55625,0.41545,-0.15997,1.32231,0.13437,
1403638548927829504,2.34637,6.84497,0.64131,-0.37465,0.61410,0.55768,0.41415,-0.15959,1.33478,0.20082,
1403638549027829504,2.33074,6.98061,0.66447,-0.37370,0.61357,0.55944,0.41341,-0.17462,1.32568,0.26202,
1403638549127829504,2.31612,7.11477,0.69451,-0.37580,0.61412,0.55792,0.41274,-0.17010,1.33321,0.31744,
1403638549227829504,2.29985,7.25013,0.73053,-0.37616,0.61419,0.55738,0.41304,-0.16250,1.36633,0.36010,
1403638549327829504,2.28464,7.38830,0.77200,-0.37766,0.61542,0.55547,0.41242,-0.16301,1.38306,0.41925,
1403638549427829504,2.26844,7.52758,0.81483,-0.38016,0.61654,0.55287,0.41194,-0.16300,1.39062,0.38998,
1403638549527829504,2.25290,7.67255,0.85131,-0.38095,0.61778,0.55128,0.41147,-0.15285,1.40271,0.33616,
1403638549627829504,2.23783,7.81453,0.88414,-0.38280,0.61695,0.54935,0.41359,-0.14622,1.40538,0.28912,
1403638549727829504,2.22601,7.95820,0.91356,-0.38165,0.61638,0.54926,0.41561,-0.12284,1.39713,0.28985,
1403638549827829504,2.21329,8.09810,0.94701,-0.38180,0.61798,0.54884,0.41365,-0.11215,1.42594,0.36356,
1403638549927829504,2.20375,8.23858,0.98687,-0.37995,0.61875,0.54971,0.41305,-0.09925,1.44854,0.42404,
1403638550027829504,2.19572,8.38363,1.03429,-0.38076,0.61963,0.54912,0.41176,-0.07329,1.48702,0.52213,
1403638550127829504,2.18961,8.52306,1.08901,-0.38213,0.62045,0.54865,0.40988,-0.05904,1.47865,0.60124,
1403638550227829504,2.18252,8.66982,1.15129,-0.38193,0.62025,0.54947,0.40927,-0.04806,1.46232,0.67866,
1403638550327829504,2.17769,8.81127,1.21738,-0.38144,0.61933,0.55037,0.40991,-0.03300,1.46277,0.71470,
1403638550427829504,2.17498,8.96092,1.28106,-0.38347,0.61888,0.54959,0.40974,-0.01902,1.46289,0.62696,
1403638550527829504,2.17269,9.10679,1.33745,-0.38616,0.62007,0.54802,0.40751,-0.00378,1.45671,0.55704,
1403638550627829504,2.17380,9.25304,1.38833,-0.39056,0.61925,0.54510,0.40849,0.03173,1.45055,0.49523,
1403638550727829504,2.17927,9.40078,1.43494,-0.39458,0.61802,0.54223,0.41029,0.06598,1.44139,0.45845,
1403638550827829504,2.18713,9.54121,1.47312,-0.39782,0.61567,0.53959,0.41417,0.09973,1.41325,0.41385,
1403638550927829504,2.19815,9.68049,1.51010,-0.40366,0.61098,0.53503,0.42132,0.12944,1.37444,0.36561,
1403638551027829504,2.21194,9.80777,1.53875,-0.40862,0.60759,0.53147,0.42591,0.15517,1.30704,0.32522,
1403638551127829504,2.22849,9.92795,1.56601,-0.41178,0.60657,0.52904,0.42735,0.18611,1.21396,0.32839,
1403638551227829504,2.24821,10.04322,1.60027,-0.41559,0.60694,0.52688,0.42579,0.22437,1.13382,0.38232,
1403638551327829504,2.27345,10.16523,1.64291,-0.41305,0.61142,0.52563,0.42341,0.27408,1.03946,0.41535,
1403638551427829504,2.30451,10.27268,1.68361,-0.40736,0.62158,0.51861,0.42278,0.34033,0.97609,0.36935,
1403638551527829504,2.34208,10.37305,1.71862,-0.40003,0.63588,0.50489,0.42511,0.40849,0.92314,0.31095,
1403638551627829504,2.38514,10.46726,1.74665,-0.39382,0.65152,0.48609,0.42912,0.47068,0.88105,0.25409,
1403638551727829504,2.43771,10.55943,1.77128,-0.38576,0.66588,0.46695,0.43561,0.55913,0.84337,0.20918,
1403638551827829504,2.49651,10.64063,1.78793,-0.37590,0.67844,0.44850,0.44415,0.63364,0.79274,0.17419,
1403638551927829504,2.56266,10.71682,1.80447,-0.36348,0.68467,0.43735,0.45590,0.69694,0.72145,0.20334,
1403638552027829504,2.63534,10.78774,1.82954,-0.35230,0.68620,0.43098,0.46826,0.74748,0.65701,0.28974,
1403638552127829504,2.70994,10.84924,1.85926,-0.34438,0.68887,0.42714,0.47372,0.77587,0.59408,0.32826,
1403638552227829504,2.78707,10.90404,1.89555,-0.33980,0.69360,0.42488,0.47216,0.80320,0.53877,0.38305,
1403638552327829504,2.86755,10.95471,1.93496,-0.33789,0.69613,0.42346,0.47107,0.82662,0.49945,0.37991,
1403638552427829504,2.95040,11.00049,1.97135,-0.34357,0.69435,0.41841,0.47410,0.85611,0.44485,0.32646,
1403638552527829504,3.03729,11.04006,2.00272,-0.35005,0.69065,0.41383,0.47876,0.88957,0.37378,0.27760,
1403638552627829504,3.12640,11.07321,2.02878,-0.35321,0.68723,0.41250,0.48251,0.91117,0.28193,0.20662,
1403638552727829504,3.21889,11.09696,2.04759,-0.35297,0.68661,0.41435,0.48196,0.94125,0.18991,0.15881,
1403638552827829504,3.31529,11.11344,2.06159,-0.35157,0.68571,0.41741,0.48163,0.96750,0.11098,0.11339,
1403638552927829504,3.41392,11.12225,2.07062,-0.34752,0.68457,0.42327,0.48107,0.98843,0.03775,0.06232,
1403638553027829504,3.51471,11.12345,2.07520,-0.34259,0.68255,0.42943,0.48202,0.99589,-0.02335,0.00875,
1403638553127829504,3.61460,11.12062,2.07561,-0.34291,0.67972,0.43200,0.48350,0.99010,-0.07038,-0.01321,
1403638553227829504,3.71790,11.11182,2.07454,-0.35087,0.67452,0.42857,0.48811,0.99547,-0.13244,-0.01321,
1403638553327829504,3.81888,11.09457,2.07515,-0.35550,0.66857,0.42736,0.49396,0.98888,-0.22740,0.04919,
1403638553427829504,3.91787,11.06570,2.08131,-0.35316,0.66341,0.43061,0.49973,0.96629,-0.33873,0.09177,
1403638553527829504,4.01528,11.02745,2.09425,-0.34976,0.65907,0.43422,0.50473,0.92201,-0.45165,0.15038,
1403638553627829504,4.10978,10.97803,2.11190,-0.34667,0.65622,0.43700,0.50816,0.86080,-0.58470,0.17241,
1403638553727829504,4.20047,10.91801,2.13698,-0.34513,0.65591,0.43885,0.50802,0.80087,-0.69693,0.26515,
1403638553827829504,4.28321,10.84973,2.16742,-0.34287,0.65737,0.44046,0.50626,0.75245,-0.75443,0.32330,
1403638553927829504,4.35944,10.77211,2.20394,-0.34078,0.65928,0.44148,0.50429,0.69832,-0.82889,0.32672,
1403638554027829504,4.43359,10.69217,2.23810,-0.34117,0.66399,0.44081,0.49840,0.67154,-0.88076,0.28590,
1403638554127829504,4.50200,10.60305,2.26653,-0.33889,0.66589,0.44241,0.49600,0.63808,-0.92373,0.23376,
1403638554227829504,4.57119,10.51525,2.28901,-0.33072,0.67147,0.44827,0.48867,0.61813,-0.93998,0.16399,
1403638554327829504,4.63128,10.41987,2.30445,-0.32395,0.67632,0.45327,0.48187,0.59012,-0.95791,0.12017,
1403638554427829504,4.69453,10.32725,2.31877,-0.32038,0.67903,0.45617,0.47769,0.57451,-0.93753,0.10466,
1403638554527829504,4.75135,10.23885,2.33028,-0.31867,0.68012,0.45735,0.47614,0.55616,-0.90993,0.07363,
1403638554627829504,4.80692,10.15105,2.33902,-0.32150,0.68204,0.45574,0.47304,0.54204,-0.89444,0.09086,
1403638554727829504,4.86113,10.06141,2.35109,-0.32716,0.68281,0.45191,0.47170,0.52948,-0.91440,0.12873,
1403638554827829504,4.91702,9.97489,2.36987,-0.33168,0.68356,0.44917,0.47009,0.55062,-0.88290,0.17719,
1403638554927829504,4.97244,9.88776,2.39126,-0.33499,0.68366,0.44656,0.47009,0.56182,-0.87443,0.18411,
1403638555027829504,5.02881,9.80255,2.41138,-0.33504,0.68528,0.44221,0.47179,0.57792,-0.88866,0.12442,
1403638555127829504,5.08780,9.71199,2.42219,-0.32880,0.68960,0.43707,0.47467,0.59467,-0.90803,0.06810,
1403638555227829504,5.14978,9.62508,2.42908,-0.32256,0.69610,0.42848,0.47729,0.60987,-0.91364,0.01668,
1403638555327829504,5.21411,9.53141,2.43125,-0.31648,0.70107,0.42129,0.48047,0.62714,-0.91662,-0.01181,
1403638555427829504,5.27599,9.44063,2.42954,-0.30843,0.70322,0.41818,0.48526,0.63481,-0.91274,-0.04194,
1403638555527829504,5.33738,9.35051,2.42455,-0.30524,0.70526,0.41435,0.48760,0.63614,-0.90991,-0.07140,
1403638555627829504,5.39759,9.25967,2.41976,-0.30277,0.70635,0.41263,0.48902,0.62967,-0.90086,-0.01136,
1403638555727829504,5.45687,9.16934,2.42275,-0.30301,0.70787,0.41107,0.48798,0.61889,-0.93147,0.08282,
1403638555827829504,5.51699,9.07932,2.43642,-0.30136,0.70847,0.41214,0.48723,0.61398,-0.94292,0.18647,
1403638555927829504,5.57738,8.98885,2.45434,-0.29987,0.70832,0.41365,0.48709,0.62969,-0.91023,0.20056,
1403638556027829504,5.64115,8.90450,2.47889,-0.29879,0.70730,0.41507,0.48803,0.64088,-0.87481,0.25202,
1403638556127829504,5.70503,8.81946,2.50306,-0.29773,0.70930,0.41607,0.48491,0.64073,-0.86632,0.19535,
1403638556227829504,5.77006,8.74022,2.51852,-0.29595,0.71392,0.41701,0.47836,0.65048,-0.84021,0.12611,
1403638556327829504,5.83537,8.66054,2.53200,-0.29519,0.71655,0.41745,0.47450,0.66723,-0.80579,0.09832,
1403638556427829504,5.90355,8.58974,2.54128,-0.29437,0.71855,0.41803,0.47146,0.69330,-0.75417,0.08164,
1403638556527829504,5.97307,8.51763,2.55032,-0.29188,0.72213,0.41911,0.46657,0.71983,-0.70531,0.08369,
1403638556627829504,6.04578,8.45463,2.56012,-0.29636,0.72505,0.41509,0.46278,0.74804,-0.65667,0.10049,
1403638556727829504,6.12317,8.39177,2.57401,-0.30392,0.72432,0.40896,0.46448,0.79169,-0.65017,0.19113,
1403638556827829504,6.20373,8.33205,2.59628,-0.30988,0.72128,0.40467,0.46902,0.84516,-0.63970,0.24485,
1403638556927829504,6.28812,8.27732,2.62599,-0.31431,0.71987,0.40117,0.47123,0.90222,-0.61607,0.29305,
1403638557027829504,6.37990,8.22030,2.65261,-0.31529,0.71866,0.40051,0.47299,0.94760,-0.61294,0.24184,
1403638557127829504,6.47887,8.16191,2.67182,-0.31272,0.71708,0.40284,0.47511,0.98749,-0.61311,0.16935,
1403638557227829504,6.57873,8.10171,2.68496,-0.31156,0.71580,0.40398,0.47682,1.02065,-0.61433,0.09996,
1403638557327829504,6.68179,8.04421,2.69180,-0.31023,0.71506,0.40524,0.47773,1.06017,-0.61365,0.06117,
1403638557427829504,6.79007,7.98329,2.69931,-0.30677,0.71326,0.40831,0.48004,1.08304,-0.61445,0.08351,
1403638557527829504,6.90102,7.92303,2.71073,-0.30100,0.71068,0.41285,0.48362,1.09737,-0.60928,0.16556,
1403638557627829504,7.01033,7.86289,2.72827,-0.29758,0.70866,0.41535,0.48654,1.08835,-0.59600,0.19407,
1403638557727829504,7.11798,7.80664,2.74989,-0.29645,0.70802,0.41601,0.48761,1.07551,-0.57115,0.22883,
1403638557827829504,7.22581,7.75133,2.77015,-0.29451,0.70772,0.41687,0.48848,1.06358,-0.55909,0.16605,
1403638557927829504,7.33323,7.69543,2.78294,-0.29187,0.70799,0.41859,0.48821,1.04968,-0.54660,0.09390,
1403638558027829504,7.43709,7.64117,2.78948,-0.29049,0.71072,0.41936,0.48438,1.02759,-0.52319,0.03146,
1403638558127829504,7.53857,7.58906,2.79030,-0.28880,0.71582,0.42000,0.47728,1.02705,-0.50427,-0.00508,
1403638558227829504,7.63986,7.54203,2.79402,-0.28630,0.72221,0.42080,0.46837,1.03143,-0.45531,0.05553,
1403638558327829504,7.74475,7.50008,2.80508,-0.28220,0.72416,0.42298,0.46588,1.06340,-0.36202,0.14858,
1403638558427829504,7.85127,7.46578,2.82556,-0.27617,0.72688,0.42643,0.46210,1.06402,-0.31610,0.23865,
1403638558527829504,7.95960,7.44003,2.85247,-0.27292,0.73029,0.42775,0.45740,1.07887,-0.22368,0.30803,
1403638558627829504,8.07111,7.42235,2.88638,-0.27776,0.73143,0.42365,0.45649,1.12164,-0.12797,0.38198,
1403638558727829504,8.18467,7.41548,2.92394,-0.28806,0.73166,0.41564,0.45711,1.16101,-0.04848,0.38040,
1403638558827829504,8.30249,7.41302,2.95781,-0.29339,0.73092,0.41135,0.45876,1.19814,-0.01221,0.30298,
1403638558927829504,8.42266,7.41559,2.98256,-0.29376,0.72789,0.41075,0.46386,1.24012,0.02089,0.23507,
1403638559027829504,8.54785,7.42117,3.00116,-0.29397,0.72273,0.41094,0.47156,1.26456,0.05110,0.15682,
1403638559127829504,8.67580,7.42965,3.01299,-0.29479,0.71887,0.41096,0.47691,1.27868,0.07683,0.08357,
1403638559227829504,8.80390,7.43784,3.01995,-0.29354,0.71573,0.41268,0.48089,1.28143,0.08611,0.02897,
1403638559327829504,8.93195,7.44817,3.01963,-0.29168,0.71341,0.41501,0.48346,1.27447,0.09980,-0.03337,
1403638559427829504,9.05834,7.45978,3.01370,-0.28743,0.71087,0.41897,0.48633,1.24073,0.10791,-0.08728,
1403638559527829504,9.17979,7.47312,3.00223,-0.28594,0.70903,0.42048,0.48859,1.21428,0.13026,-0.14213,
1403638559627829504,9.29959,7.48921,2.98696,-0.28611,0.70734,0.42120,0.49031,1.18818,0.15359,-0.17916,
1403638559727829504,9.41695,7.50594,2.97173,-0.28648,0.70645,0.42183,0.49084,1.13981,0.16669,-0.14123,
1403638559827829504,9.52961,7.52526,2.96122,-0.28778,0.70699,0.42184,0.48928,1.11045,0.20010,-0.08336,
1403638559927829504,9.64020,7.54837,2.95540,-0.28795,0.70799,0.41922,0.48999,1.09532,0.21710,-0.06860,
1403638560027829504,9.74880,7.56958,2.94598,-0.28464,0.71343,0.40944,0.49229,1.08023,0.21232,-0.13751,
1403638560127829504,9.86144,7.59105,2.93003,-0.27699,0.72171,0.39334,0.49768,1.07325,0.20914,-0.21036,
1403638560227829504,9.96985,7.61254,2.90733,-0.26491,0.73154,0.37312,0.50542,1.07472,0.21168,-0.24464,
1403638560327829504,10.07505,7.63372,2.88141,-0.25235,0.73963,0.34974,0.51667,1.05402,0.20106,-0.26077,
1403638560427829504,10.17708,7.65277,2.85232,-0.23988,0.74661,0.32459,0.52884,1.01504,0.18315,-0.29478,
1403638560527829504,10.27595,7.66889,2.81942,-0.22669,0.75359,0.29861,0.53996,0.97274,0.14750,-0.33667,
1403638560627829504,10.37044,7.68138,2.78224,-0.21613,0.76260,0.27009,0.54660,0.93143,0.10211,-0.39283,
1403638560727829504,10.46823,7.68830,2.74424,-0.20880,0.77156,0.24216,0.54996,0.90559,0.05929,-0.35235,
1403638560827829504,10.55993,7.68810,2.71250,-0.19823,0.77778,0.21885,0.55486,0.86706,-0.03303,-0.27169,
1403638560927829504,10.64724,7.68320,2.68876,-0.18765,0.78234,0.19592,0.56067,0.85873,-0.10037,-0.20049,
1403638561027829504,10.73444,7.67052,2.67337,-0.17421,0.78382,0.17602,0.56947,0.83638,-0.18185,-0.10785,
1403638561127829504,10.81741,7.65031,2.66520,-0.16224,0.78532,0.15662,0.57656,0.77528,-0.26292,-0.05734,
1403638561227829504,10.89353,7.62298,2.66262,-0.15272,0.78559,0.14102,0.58279,0.72177,-0.32943,0.02462,
1403638561327829504,10.96350,7.58636,2.66613,-0.14640,0.78658,0.13095,0.58541,0.65433,-0.40912,0.03705,
1403638561427829504,11.02749,7.54385,2.66896,-0.13465,0.79271,0.13105,0.57991,0.60513,-0.46744,-0.01011,
1403638561527829504,11.08792,7.49856,2.66696,-0.12217,0.79759,0.13569,0.57490,0.56865,-0.49091,-0.06318,
1403638561627829504,11.14452,7.45035,2.65858,-0.11539,0.80070,0.13918,0.57114,0.54158,-0.50384,-0.12014,
1403638561727829504,11.19548,7.40073,2.64702,-0.11379,0.80178,0.14125,0.56942,0.50863,-0.50556,-0.15971,
1403638561827829504,11.24448,7.34944,2.63104,-0.11222,0.80152,0.14296,0.56968,0.48231,-0.52007,-0.20814,
1403638561927829504,11.29034,7.29681,2.60675,-0.10776,0.80142,0.14175,0.57098,0.45520,-0.52774,-0.26410,
1403638562027829504,11.33428,7.24392,2.58066,-0.10209,0.80246,0.13418,0.57239,0.43369,-0.53582,-0.23223,
1403638562127829504,11.37216,7.18943,2.56376,-0.09430,0.80404,0.12412,0.57378,0.36735,-0.55161,-0.15997,
1403638562227829504,11.40829,7.13565,2.55065,-0.08707,0.80503,0.11575,0.57528,0.35718,-0.52211,-0.11192,
1403638562327829504,11.44124,7.08406,2.54254,-0.08077,0.80566,0.10585,0.57722,0.31806,-0.52196,-0.04651,
1403638562427829504,11.47025,7.03149,2.53871,-0.07352,0.80633,0.09181,0.57966,0.28897,-0.52545,-0.01934,
1403638562527829504,11.49818,6.97872,2.54054,-0.06428,0.80835,0.07377,0.58052,0.29117,-0.52796,0.06609,
1403638562627829504,11.52255,6.92610,2.54908,-0.05531,0.80917,0.05102,0.58273,0.26006,-0.54381,0.10781,
1403638562727829504,11.54409,6.87210,2.56085,-0.04610,0.81033,0.02584,0.58359,0.24060,-0.56801,0.11768,
1403638562827829504,11.56059,6.81467,2.57172,-0.03451,0.81059,0.00009,0.58459,0.18647,-0.60417,0.07598,
1403638562927829504,11.57224,6.75416,2.57733,-0.02059,0.81063,-0.02408,0.58470,0.14402,-0.63893,0.01912,
1403638563027829504,11.57858,6.69024,2.57507,-0.00830,0.80945,-0.04707,0.58524,0.09998,-0.66550,-0.03887,
1403638563127829504,11.58069,6.62430,2.56776,-0.00114,0.80830,-0.07132,0.58443,0.05025,-0.70935,-0.08335,
1403638563227829504,11.57733,6.55300,2.55586,0.01235,0.80557,-0.08718,0.58592,0.00239,-0.74854,-0.12942,
1403638563327829504,11.56952,6.47858,2.53959,0.02257,0.80032,-0.09783,0.59111,-0.05467,-0.78262,-0.16557,
1403638563427829504,11.55789,6.39764,2.51906,0.02686,0.79128,-0.10535,0.60171,-0.12708,-0.80994,-0.22854,
1403638563527829504,11.54029,6.31223,2.49538,0.03037,0.78901,-0.10767,0.60411,-0.22172,-0.85555,-0.23574,
1403638563627829504,11.51415,6.22426,2.47577,0.03361,0.79182,-0.10695,0.60038,-0.30465,-0.88535,-0.16305,
1403638563727829504,11.48009,6.13341,2.46289,0.03090,0.79474,-0.10771,0.59652,-0.38287,-0.92249,-0.10440,
1403638563827829504,11.44014,6.03720,2.45766,0.02700,0.79617,-0.10781,0.59477,-0.44163,-0.96396,-0.00305,
1403638563927829504,11.39161,5.93892,2.46139,0.02382,0.79563,-0.10663,0.59585,-0.50171,-1.01194,0.05461,
1403638564027829504,11.33891,5.83436,2.46835,0.02004,0.79539,-0.10448,0.59669,-0.57693,-1.05282,0.02474,
1403638564127829504,11.27826,5.72578,2.46879,0.01672,0.79549,-0.10113,0.59724,-0.63757,-1.10191,-0.02561,
1403638564227829504,11.21133,5.61347,2.46596,0.01645,0.79507,-0.09570,0.59870,-0.70059,-1.15433,-0.04934,
1403638564327829504,11.13855,5.49638,2.46596,0.01858,0.79443,-0.08932,0.60047,-0.75786,-1.18531,0.01647,
1403638564427829504,11.05821,5.37594,2.47035,0.01842,0.79267,-0.08524,0.60338,-0.83059,-1.22911,0.08238,
1403638564527829504,10.97226,5.25373,2.48372,0.01730,0.79280,-0.08296,0.60356,-0.92500,-1.25680,0.12304,
1403638564627829504,10.87542,5.12874,2.49608,0.01307,0.79481,-0.08386,0.60089,-0.99274,-1.28268,0.09401,
1403638564727829504,10.77218,5.00247,2.50636,0.00816,0.79594,-0.08727,0.59900,-1.06258,-1.31697,0.03880,
1403638564827829504,10.66304,4.86932,2.50821,0.00530,0.79591,-0.09029,0.59861,-1.11174,-1.35754,-0.03551,
1403638564927829504,10.54780,4.73211,2.49966,0.00325,0.79493,-0.09280,0.59956,-1.16545,-1.40009,-0.21591,
1403638565027829504,10.42783,4.59114,2.47045,0.00196,0.79485,-0.09385,0.59951,-1.21758,-1.44390,-0.37981,
1403638565127829504,10.30353,4.44331,2.42576,0.00104,0.79551,-0.09460,0.59850,-1.24073,-1.49537,-0.53248,
1403638565227829504,10.17795,4.29033,2.37031,0.00136,0.79642,-0.09426,0.59735,-1.27695,-1.55024,-0.60016,
1403638565327829504,10.04356,4.12882,2.31206,0.00362,0.79741,-0.09351,0.59614,-1.31922,-1.60415,-0.61306,
1403638565427829504,9.90823,3.96624,2.25238,0.00586,0.79843,-0.09232,0.59494,-1.36685,-1.64857,-0.61002,
1403638565527829504,9.76683,3.79739,2.19665,0.01150,0.79659,-0.09046,0.59760,-1.39855,-1.69761,-0.53417,
1403638565627829504,9.62402,3.62767,2.14961,0.02014,0.79535,-0.08685,0.59956,-1.45579,-1.71749,-0.44544,
1403638565727829504,9.47447,3.45384,2.10936,0.03216,0.79693,-0.08036,0.59784,-1.48839,-1.70984,-0.37684,
1403638565827829504,9.31845,3.28215,2.07498,0.03819,0.80009,-0.07790,0.59357,-1.55757,-1.68570,-0.30903,
1403638565927829504,9.15595,3.11236,2.04530,0.04391,0.80260,-0.07595,0.59003,-1.59577,-1.65451,-0.25993,
1403638566027829504,8.99263,2.95107,2.01422,0.04468,0.80372,-0.07706,0.58830,-1.61124,-1.60596,-0.32411,
1403638566127829504,8.82933,2.79382,1.97568,0.04516,0.80389,-0.07755,0.58797,-1.61775,-1.56233,-0.41204,
1403638566227829504,8.66356,2.63881,1.92882,0.04556,0.80365,-0.07748,0.58828,-1.64877,-1.52601,-0.48886,
1403638566327829504,8.50146,2.48807,1.87524,0.04482,0.80470,-0.07761,0.58688,-1.63695,-1.49115,-0.56433,
1403638566427829504,8.33940,2.34250,1.81284,0.04446,0.80463,-0.07649,0.58715,-1.62453,-1.45782,-0.63361,
1403638566527829504,8.17630,2.19880,1.74424,0.04238,0.80501,-0.07608,0.58683,-1.62099,-1.43017,-0.68528,
1403638566627829504,8.01440,2.05958,1.66855,0.03996,0.81163,-0.07531,0.57791,-1.62675,-1.39505,-0.78089,
1403638566727829504,7.85539,1.92454,1.58602,0.03779,0.82393,-0.07491,0.56045,-1.58086,-1.36932,-0.82153,
1403638566827829504,7.69970,1.79025,1.49949,0.03737,0.83368,-0.07238,0.54620,-1.51837,-1.34440,-0.85415,
1403638566927829504,7.55257,1.65773,1.40980,0.03655,0.83993,-0.07018,0.53689,-1.43421,-1.32825,-0.88948,
1403638567027829504,7.41379,1.52390,1.31975,0.03525,0.83977,-0.06888,0.53741,-1.33565,-1.31699,-0.87466,
1403638567127829504,7.28351,1.39384,1.23307,0.03804,0.82745,-0.06586,0.55636,-1.26198,-1.29490,-0.89631,
1403638567227829504,7.16224,1.26650,1.14258,0.04069,0.81640,-0.06347,0.57254,-1.21600,-1.27200,-0.93995,
1403638567327829504,7.04555,1.14321,1.04609,0.04445,0.81093,-0.06176,0.58018,-1.20230,-1.23133,-1.00294,
1403638567427829504,6.92917,1.02554,0.94982,0.04691,0.81049,-0.06191,0.58057,-1.20840,-1.19253,-0.94030,
1403638567527829504,6.81158,0.91215,0.85861,0.04860,0.81305,-0.06313,0.57672,-1.20240,-1.14531,-0.89913,
1403638567627829504,6.69522,0.80172,0.77672,0.05042,0.81687,-0.06437,0.57099,-1.17581,-1.10934,-0.80328,
1403638567727829504,6.58107,0.69391,0.70457,0.05270,0.82005,-0.06508,0.56612,-1.13886,-1.04889,-0.69743,
1403638567827829504,6.47246,0.59079,0.64243,0.05416,0.82410,-0.06564,0.56002,-1.09048,-0.99996,-0.61193,
1403638567927829504,6.36985,0.49218,0.58673,0.05163,0.82550,-0.06835,0.55787,-1.00997,-0.96212,-0.55183,
1403638568027829504,6.27046,0.39813,0.53795,0.05279,0.82614,-0.06846,0.55680,-0.94591,-0.92358,-0.47728,
1403638568127829504,6.17940,0.31023,0.50053,0.05568,0.82536,-0.06686,0.55786,-0.90630,-0.87398,-0.38912,
1403638568227829504,6.08771,0.22523,0.46992,0.05793,0.82467,-0.06582,0.55877,-0.87490,-0.82774,-0.30750,
1403638568327829504,6.00158,0.14589,0.44469,0.05878,0.82484,-0.06598,0.55842,-0.83163,-0.78113,-0.29811,
1403638568427829504,5.91844,0.07062,0.41486,0.05882,0.82605,-0.06655,0.55656,-0.79138,-0.73529,-0.35041,
1403638568527829504,5.84143,0.00145,0.37819,0.05972,0.82677,-0.06623,0.55542,-0.74264,-0.68354,-0.37943,
1403638568627829504,5.76724,-0.06475,0.34167,0.06023,0.82840,-0.06598,0.55297,-0.68394,-0.63437,-0.39893,
1403638568727829504,5.69962,-0.12647,0.30139,0.06188,0.82980,-0.06449,0.55086,-0.63244,-0.58461,-0.38080,
1403638568827829504,5.63496,-0.18335,0.26869,0.06002,0.82968,-0.06548,0.55113,-0.59160,-0.53145,-0.28892,
1403638568927829504,5.57994,-0.23282,0.24542,0.06111,0.82968,-0.06502,0.55106,-0.51188,-0.48435,-0.20101,
1403638569027829504,5.53184,-0.28015,0.22812,0.06119,0.82887,-0.06511,0.55225,-0.44842,-0.44711,-0.12627,
1403638569127829504,5.48640,-0.32468,0.21988,0.06273,0.82914,-0.06394,0.55182,-0.39601,-0.40679,-0.06420,
1403638569227829504,5.44684,-0.36318,0.21389,0.06468,0.83074,-0.06310,0.54928,-0.35418,-0.35075,-0.05942,
1403638569327829504,5.41297,-0.39694,0.20570,0.06577,0.83148,-0.06295,0.54805,-0.30823,-0.30213,-0.10740,
1403638569427829504,5.38533,-0.42631,0.19143,0.06687,0.83055,-0.06243,0.54937,-0.24112,-0.25924,-0.15799,
1403638569527829504,5.36294,-0.45242,0.17285,0.06702,0.82940,-0.06209,0.55114,-0.19341,-0.22158,-0.19027,
1403638569627829504,5.34594,-0.47125,0.15552,0.06675,0.82799,-0.06266,0.55322,-0.14907,-0.16595,-0.14647,
1403638569727829504,5.33270,-0.48448,0.14544,0.06773,0.82705,-0.06229,0.55455,-0.10992,-0.11037,-0.08820,
1403638569827829504,5.32363,-0.49387,0.14150,0.06776,0.82642,-0.06186,0.55553,-0.08639,-0.05703,-0.01152,
1403638569927829504,5.32064,-0.49682,0.14190,0.06910,0.82460,-0.06099,0.55816,-0.04891,-0.00963,0.01854,
1403638570027829504,5.31939,-0.49397,0.14462,0.06716,0.82332,-0.06218,0.56015,-0.01770,0.03493,-0.01249,
1403638570127829504,5.32047,-0.48758,0.14216,0.06371,0.82330,-0.06453,0.56031,0.00756,0.08180,-0.07951,
1403638570227829504,5.32212,-0.47858,0.13242,0.05777,0.82260,-0.06787,0.56159,0.02012,0.11020,-0.13558,
1403638570327829504,5.32567,-0.46730,0.11793,0.04908,0.82189,-0.07421,0.56266,0.04235,0.11681,-0.17581,
1403638570427829504,5.32947,-0.45621,0.09696,0.04554,0.82096,-0.08434,0.56289,0.05387,0.10172,-0.23717,
1403638570527829504,5.33485,-0.44775,0.07269,0.03936,0.81851,-0.10622,0.56321,0.05774,0.05699,-0.28935,
1403638570627829504,5.33824,-0.44639,0.04232,0.03534,0.81322,-0.13519,0.56493,0.04178,-0.02090,-0.34284,
1403638570727829504,5.34064,-0.45424,0.00750,0.04120,0.80382,-0.16227,0.57082,0.02635,-0.11956,-0.35701,
1403638570827829504,5.33900,-0.47158,-0.02765,0.05129,0.78990,-0.18861,0.58125,-0.03929,-0.21868,-0.37223,
1403638570927829504,5.32964,-0.49909,-0.06369,0.06572,0.77898,-0.21077,0.58690,-0.13699,-0.32290,-0.39192,
1403638571027829504,5.31044,-0.53509,-0.10256,0.08096,0.77119,-0.23141,0.58750,-0.23038,-0.40940,-0.42061,
1403638571127829504,5.28106,-0.57949,-0.14415,0.10061,0.77156,-0.24732,0.57742,-0.33266,-0.48362,-0.40005,
1403638571227829504,5.24159,-0.63098,-0.17844,0.12146,0.77359,-0.25593,0.56683,-0.40455,-0.55720,-0.29971,
1403638571327829504,5.19658,-0.68791,-0.20506,0.13941,0.77380,-0.26083,0.56015,-0.45967,-0.58835,-0.21036,
1403638571427829504,5.14785,-0.74851,-0.22106,0.14710,0.77145,-0.26669,0.55866,-0.50537,-0.61577,-0.11488,
1403638571527829504,5.09246,-0.81222,-0.22853,0.15300,0.76823,-0.26997,0.55994,-0.55499,-0.63953,-0.07749,
1403638571627829504,5.03302,-0.87770,-0.23780,0.15939,0.76659,-0.27676,0.55707,-0.60301,-0.65797,-0.13397,
1403638571727829504,4.96978,-0.94543,-0.25246,0.16603,0.76588,-0.28849,0.55013,-0.64618,-0.68232,-0.19658,
1403638571827829504,4.90264,-1.01605,-0.27183,0.17387,0.76363,-0.30372,0.54258,-0.67271,-0.70959,-0.23467,
1403638571927829504,4.83231,-1.09003,-0.29283,0.18087,0.75767,-0.32278,0.53762,-0.69769,-0.75139,-0.20341,
1403638572027829504,4.75901,-1.16692,-0.30740,0.18951,0.74999,-0.34202,0.53350,-0.74357,-0.79273,-0.11425,
1403638572127829504,4.68221,-1.24765,-0.31257,0.20026,0.74159,-0.35966,0.52970,-0.78934,-0.82628,-0.02970,
1403638572227829504,4.60050,-1.33053,-0.30996,0.21646,0.73513,-0.37422,0.52220,-0.83138,-0.83783,0.01688,
1403638572327829504,4.51738,-1.41748,-0.30644,0.22910,0.72989,-0.39168,0.51123,-0.84886,-0.87618,-0.01552,
1403638572427829504,4.43271,-1.50821,-0.30779,0.24211,0.72413,-0.40823,0.50037,-0.84825,-0.91308,-0.04560,
1403638572527829504,4.34880,-1.60285,-0.31144,0.25421,0.72007,-0.41876,0.49144,-0.83221,-0.95335,-0.05227,
1403638572627829504,4.26556,-1.70122,-0.31538,0.26241,0.71651,-0.42522,0.48676,-0.81570,-0.97926,-0.04184,
1403638572727829504,4.18358,-1.80369,-0.31447,0.26918,0.71606,-0.42788,0.48137,-0.79395,-1.03436,0.05196,
1403638572827829504,4.10410,-1.90987,-0.30530,0.27458,0.71823,-0.42730,0.47558,-0.76325,-1.06199,0.13284,
1403638572927829504,4.02968,-2.01980,-0.28951,0.27573,0.72015,-0.42689,0.47236,-0.70711,-1.09979,0.18137,
1403638573027829504,3.95850,-2.13177,-0.27305,0.27595,0.72267,-0.42587,0.46929,-0.66492,-1.12460,0.15222,
1403638573127829504,3.89186,-2.24644,-0.26307,0.27460,0.72497,-0.42442,0.46784,-0.61931,-1.15265,0.08181,
1403638573227829504,3.82690,-2.36539,-0.25668,0.27302,0.72599,-0.42263,0.46880,-0.57482,-1.17905,0.06771,
1403638573327829504,3.76895,-2.48630,-0.25004,0.27157,0.72715,-0.42064,0.46963,-0.52856,-1.21748,0.08261,
1403638573427829504,3.71427,-2.60820,-0.24163,0.27256,0.72808,-0.42111,0.46720,-0.49052,-1.23670,0.10619,
1403638573527829504,3.66820,-2.73694,-0.22779,0.27542,0.72797,-0.42105,0.46575,-0.42174,-1.28702,0.19488,
1403638573627829504,3.62676,-2.86637,-0.20593,0.27666,0.72756,-0.42146,0.46528,-0.36812,-1.31118,0.26825,
1403638573727829504,3.59096,-2.99851,-0.17942,0.28092,0.72673,-0.42341,0.46225,-0.30770,-1.34271,0.29414,
1403638573827829504,3.56277,-3.13203,-0.14832,0.29201,0.71938,-0.42713,0.46344,-0.26099,-1.34613,0.28060,
1403638573927829504,3.53831,-3.26903,-0.12252,0.30652,0.70639,-0.43507,0.46666,-0.20554,-1.35841,0.23393,
1403638574027829504,3.51822,-3.40411,-0.10288,0.31477,0.68717,-0.45222,0.47352,-0.18855,-1.32778,0.16491,
1403638574127829504,3.49755,-3.53633,-0.08708,0.32093,0.66441,-0.47394,0.48057,-0.20240,-1.29783,0.10856,
1403638574227829504,3.47222,-3.66661,-0.07503,0.32840,0.64200,-0.49635,0.48336,-0.25541,-1.25920,0.08977,
1403638574327829504,3.44445,-3.79144,-0.06795,0.33878,0.62524,-0.51666,0.47683,-0.30804,-1.22001,0.04529,
1403638574427829504,3.41073,-3.91475,-0.06530,0.35192,0.61249,-0.53441,0.46413,-0.36103,-1.18308,0.01161,
1403638574527829504,3.37662,-4.03004,-0.07486,0.36313,0.60019,-0.55082,0.45222,-0.40347,-1.14325,0.02635,
1403638574627829504,3.33261,-4.14952,-0.05963,0.37308,0.59026,-0.56101,0.44460,-0.44918,-1.12757,0.12136,
1403638574727829504,3.28722,-4.26490,-0.04611,0.38461,0.58713,-0.56512,0.43358,-0.45693,-1.09654,0.16983,
1403638574827829504,3.24098,-4.37493,-0.02864,0.39046,0.58911,-0.56812,0.42158,-0.45532,-1.07520,0.20078,
1403638574927829504,3.19524,-4.48145,-0.01293,0.38864,0.59107,-0.57296,0.41389,-0.45091,-1.06206,0.15322,
1403638575027829504,3.15198,-4.58507,-0.00412,0.38461,0.59162,-0.57675,0.41161,-0.44026,-1.05168,0.07701,
1403638575127829504,3.10813,-4.68848,0.00038,0.37755,0.58871,-0.58138,0.41579,-0.44940,-1.04666,0.02680,
1403638575227829504,3.06173,-4.79449,0.00142,0.37348,0.58644,-0.58304,0.42031,-0.47334,-1.05468,-0.01159,
1403638575327829504,3.00984,-4.90528,-0.00293,0.37010,0.58694,-0.58353,0.42193,-0.51626,-1.05938,-0.05832,
1403638575427829504,2.95643,-5.01041,-0.00970,0.36644,0.59198,-0.58350,0.41810,-0.53921,-1.06666,-0.09821,
1403638575527829504,2.90169,-5.11956,-0.02043,0.36490,0.59669,-0.58178,0.41515,-0.56258,-1.08820,-0.09063,
1403638575627829504,2.84376,-5.23296,-0.02734,0.36670,0.60371,-0.57768,0.40909,-0.58305,-1.13239,-0.03389,
1403638575727829504,2.78385,-5.35182,-0.02601,0.36876,0.61010,-0.57367,0.40336,-0.58935,-1.16713,0.05587,
1403638575827829504,2.72658,-5.47060,-0.01699,0.36924,0.61599,-0.57157,0.39688,-0.56161,-1.21132,0.14386,
1403638575927829504,2.66860,-5.60197,0.00268,0.36821,0.61793,-0.57059,0.39626,-0.53121,-1.28000,0.23592,
1403638576027829504,2.61577,-5.73504,0.03092,0.36839,0.61840,-0.56938,0.39709,-0.49959,-1.31933,0.32192,
1403638576127829504,2.56653,-5.87062,0.06454,0.36920,0.61817,-0.56870,0.39766,-0.47440,-1.36051,0.37551,
1403638576227829504,2.52130,-6.00880,0.09892,0.37163,0.61748,-0.56688,0.39906,-0.45077,-1.40204,0.33287,
1403638576327829504,2.47662,-6.15519,0.12804,0.37631,0.61869,-0.56378,0.39721,-0.41706,-1.44678,0.27617,
1403638576427829504,2.43558,-6.30571,0.15063,0.37956,0.62088,-0.56173,0.39357,-0.37553,-1.47944,0.21671,
1403638576527829504,2.39964,-6.45876,0.16879,0.38460,0.62490,-0.55819,0.38731,-0.32535,-1.52035,0.17023,
1403638576627829504,2.37121,-6.61222,0.18286,0.38792,0.62786,-0.55597,0.38238,-0.24907,-1.54525,0.11951,
1403638576727829504,2.34965,-6.77132,0.19340,0.39127,0.62727,-0.55343,0.38361,-0.16398,-1.58250,0.09343,
1403638576827829504,2.33686,-6.93160,0.19979,0.39653,0.62341,-0.54974,0.38974,-0.08496,-1.59491,0.04479,
1403638576927829504,2.32997,-7.09579,0.20062,0.39713,0.61783,-0.54961,0.39813,-0.01158,-1.59075,-0.01564,
1403638577027829504,2.33089,-7.25508,0.19831,0.39360,0.61282,-0.55233,0.40554,0.03807,-1.56812,-0.02121,
1403638577127829504,2.33585,-7.41389,0.20146,0.39085,0.60891,-0.55471,0.41080,0.07255,-1.56083,0.05265,
1403638577227829504,2.34361,-7.57031,0.21163,0.38873,0.60721,-0.55644,0.41299,0.10242,-1.54615,0.12006,
1403638577327829504,2.35364,-7.72520,0.22752,0.39234,0.60976,-0.55375,0.40942,0.12821,-1.54528,0.21260,
1403638577427829504,2.36787,-7.87878,0.25095,0.39801,0.61470,-0.54917,0.40267,0.16537,-1.53399,0.26089,
1403638577527829504,2.38859,-8.02995,0.27466,0.39841,0.61543,-0.54858,0.40197,0.23650,-1.52516,0.23147,
1403638577627829504,2.41543,-8.18118,0.29395,0.39573,0.61450,-0.55048,0.40344,0.28215,-1.49511,0.16215,
1403638577727829504,2.44587,-8.32841,0.30407,0.39348,0.61414,-0.55200,0.40410,0.32062,-1.48734,0.09087,
1403638577827829504,2.47945,-8.47739,0.30812,0.39106,0.61371,-0.55324,0.40542,0.35451,-1.48531,0.01708,
1403638577927829504,2.51686,-8.62088,0.30498,0.39104,0.61401,-0.55245,0.40604,0.39255,-1.47259,-0.00243,
1403638578027829504,2.55818,-8.76589,0.30769,0.39198,0.61427,-0.55109,0.40661,0.44367,-1.47368,0.05410,
1403638578127829504,2.60324,-8.90817,0.31453,0.38964,0.61271,-0.55166,0.41041,0.47544,-1.45865,0.11819,
1403638578227829504,2.65338,-9.05128,0.33293,0.38228,0.60728,-0.55649,0.41880,0.50189,-1.46863,0.19654,
1403638578327829504,2.70147,-9.18615,0.35233,0.37669,0.60356,-0.56026,0.42417,0.48572,-1.44887,0.18175,
1403638578427829504,2.74829,-9.31766,0.36625,0.37675,0.60274,-0.56080,0.42458,0.46104,-1.41465,0.11017,
1403638578527829504,2.79267,-9.45949,0.37455,0.37670,0.60215,-0.56129,0.42481,0.44620,-1.39798,0.05432,
1403638578627829504,2.83432,-9.59107,0.37932,0.37790,0.60133,-0.56100,0.42530,0.42088,-1.36626,0.02614,
1403638578727829504,2.87482,-9.72755,0.37925,0.38161,0.60305,-0.55874,0.42251,0.39501,-1.34742,-0.00791,
1403638578827829504,2.91526,-9.86050,0.37360,0.38646,0.60693,-0.55536,0.41697,0.41164,-1.32717,-0.04467,
1403638578927829504,2.95643,-9.98673,0.38390,0.39047,0.60850,-0.55280,0.41434,0.43111,-1.30659,-0.01712,
1403638579027829504,2.99760,-10.11103,0.36696,0.39216,0.60955,-0.55060,0.41413,0.45273,-1.30195,0.03826,
1403638579127829504,3.04158,-10.23418,0.37426,0.39259,0.60987,-0.54961,0.41457,0.48183,-1.30246,0.14312,
1403638579227829504,3.09139,-10.36050,0.38835,0.39247,0.60987,-0.54932,0.41505,0.51019,-1.24345,0.17917,
1403638579327829504,3.14184,-10.47837,0.40646,0.38962,0.60811,-0.55094,0.41817,0.52844,-1.23084,0.19346,
1403638579427829504,3.19490,-10.60190,0.42406,0.38246,0.60321,-0.55587,0.42529,0.52865,-1.21217,0.14471,
1403638579527829504,3.24393,-10.71797,0.43528,0.37783,0.59987,-0.55789,0.43147,0.51518,-1.18588,0.09825,
1403638579627829504,3.29456,-10.83780,0.44282,0.38026,0.59801,-0.54967,0.44233,0.49956,-1.15862,0.05139,
1403638579727829504,3.34031,-10.93864,0.44655,0.38201,0.60455,-0.53389,0.45116,0.49305,-1.09428,-0.00150,
1403638579827829504,3.38808,-11.04386,0.44353,0.37574,0.62106,-0.51476,0.45621,0.49088,-1.02481,-0.07281,
1403638579927829504,3.43733,-11.14126,0.43311,0.36160,0.64308,-0.49289,0.46125,0.50747,-0.97390,-0.12010,
1403638580027829504,3.48699,-11.23245,0.41985,0.34602,0.66230,-0.46422,0.47554,0.52364,-0.91485,-0.13825,
1403638580127829504,3.53764,-11.31807,0.40585,0.33051,0.67735,-0.42869,0.49818,0.52037,-0.81583,-0.16023,
1403638580227829504,3.59066,-11.39660,0.38702,0.30818,0.69523,-0.39297,0.51697,0.50873,-0.71244,-0.21806,
1403638580327829504,3.64080,-11.46225,0.36413,0.27990,0.71456,-0.36237,0.52891,0.47738,-0.62205,-0.27902,
1403638580427829504,3.68715,-11.52301,0.33671,0.25020,0.72941,-0.34264,0.53662,0.42012,-0.56933,-0.31004,
1403638580527829504,3.72788,-11.58023,0.30790,0.22933,0.73875,-0.32886,0.54176,0.38081,-0.53453,-0.31921,
1403638580627829504,3.76373,-11.63362,0.27760,0.21343,0.74762,-0.31578,0.54387,0.33465,-0.50244,-0.32038,
1403638580727829504,3.79483,-11.68319,0.25055,0.19971,0.75938,-0.30086,0.54125,0.29643,-0.48290,-0.25237,
1403638580827829504,3.82404,-11.73227,0.23127,0.19249,0.76819,-0.28861,0.53808,0.24778,-0.46658,-0.17028,
1403638580927829504,3.85237,-11.78195,0.22196,0.18845,0.77294,-0.28075,0.53687,0.25326,-0.46818,-0.05205,
1403638581027829504,3.87836,-11.82888,0.22533,0.18415,0.77427,-0.27905,0.53733,0.23629,-0.46596,0.02952,
1403638581127829504,3.90326,-11.87513,0.23361,0.18514,0.77484,-0.27727,0.53708,0.24812,-0.46989,0.10259,
1403638581227829504,3.93055,-11.92297,0.24872,0.18777,0.77512,-0.27676,0.53604,0.23783,-0.45285,0.12774,
1403638581327829504,3.95346,-11.96533,0.26113,0.19153,0.77467,-0.27733,0.53505,0.24115,-0.43732,0.12574,
1403638581427829504,3.97584,-12.00488,0.27583,0.19493,0.77279,-0.27809,0.53616,0.24595,-0.40296,0.14826,
1403638581527829504,3.99993,-12.04465,0.29753,0.19744,0.77139,-0.28030,0.53611,0.24736,-0.38815,0.21282,
1403638581627829504,4.02611,-12.08161,0.32177,0.20153,0.76897,-0.28123,0.53758,0.26047,-0.37290,0.21247,
1403638581727829504,4.05406,-12.11744,0.34208,0.20641,0.76437,-0.28064,0.54257,0.26444,-0.34175,0.14650,
1403638581827829504,4.08002,-12.15054,0.35440,0.20809,0.76266,-0.28188,0.54369,0.25700,-0.30512,0.08030,
1403638581927829504,4.11215,-12.18822,0.36381,0.21187,0.75604,-0.28089,0.55192,0.25366,-0.27027,0.05125,
1403638582027829504,4.13622,-12.21633,0.36886,0.21428,0.75266,-0.27990,0.55610,0.22249,-0.22397,0.03787,
1403638582127829504,4.16285,-12.24535,0.38120,0.21167,0.75896,-0.28266,0.54707,0.21628,-0.18409,0.13408,
1403638582227829504,4.18252,-12.26346,0.39793,0.20820,0.76484,-0.28544,0.53870,0.21171,-0.16005,0.23722,
1403638582327829504,4.20263,-12.28092,0.42704,0.21037,0.76349,-0.28355,0.54077,0.20991,-0.12864,0.36676,
1403638582427829504,4.22719,-12.30364,0.46602,0.21207,0.76113,-0.28196,0.54424,0.20366,-0.10738,0.43349,
1403638582527829504,4.24890,-12.31559,0.51119,0.21316,0.76015,-0.28087,0.54576,0.19604,-0.06558,0.54393,
1403638582627829504,4.26823,-12.32539,0.56459,0.21364,0.76004,-0.28029,0.54602,0.18729,-0.02364,0.61958,
1403638582727829504,4.28819,-12.33019,0.62838,0.21246,0.76270,-0.28136,0.54221,0.18736,0.00775,0.69500,
1403638582827829504,4.30772,-12.33040,0.69593,0.21172,0.76406,-0.28245,0.54001,0.18395,0.04324,0.69925,
1403638582927829504,4.32893,-12.32915,0.75949,0.21118,0.76540,-0.28358,0.53773,0.19168,0.07462,0.62538,
1403638583027829504,4.34722,-12.32010,0.81389,0.20995,0.76807,-0.28529,0.53348,0.18219,0.09668,0.54149,
1403638583127829504,4.36507,-12.30826,0.85993,0.20913,0.77005,-0.28658,0.53024,0.18714,0.11961,0.46085,
1403638583227829504,4.38587,-12.29346,0.89722,0.20809,0.77104,-0.28806,0.52841,0.21218,0.13198,0.39462,
1403638583327829504,4.40877,-12.27830,0.92754,0.20852,0.77105,-0.28787,0.52833,0.22686,0.14505,0.33252,
1403638583427829504,4.43116,-12.25979,0.95294,0.20821,0.77141,-0.28810,0.52780,0.24185,0.15471,0.31479,
1403638583527829504,4.45412,-12.23987,0.97887,0.20785,0.77202,-0.28816,0.52702,0.26160,0.17142,0.37232,
1403638583627829504,4.47414,-12.22144,0.99285,0.20862,0.77193,-0.28723,0.52735,0.26174,0.19855,0.42624,
1403638583727829504,4.50708,-12.20145,1.03460,0.20990,0.77199,-0.28653,0.52714,0.28492,0.22010,0.42591,
1403638583827829504,4.54232,-12.17905,1.07602,0.21048,0.77193,-0.28606,0.52724,0.30747,0.22741,0.36001,
1403638583927829504,4.57756,-12.15347,1.11298,0.21020,0.77122,-0.28610,0.52838,0.32843,0.24939,0.28789,
1403638584027829504,4.60343,-12.12759,1.12099,0.21128,0.77062,-0.28496,0.52944,0.33524,0.27652,0.22720,
1403638584127829504,4.63950,-12.09918,1.14166,0.21628,0.76401,-0.28125,0.53890,0.35108,0.30113,0.19746,
1403638584227829504,4.67031,-12.06921,1.14364,0.22151,0.75451,-0.27686,0.55226,0.34265,0.33619,0.13619,
1403638584327829504,4.70061,-12.03067,1.14414,0.22355,0.74875,-0.27515,0.56008,0.30783,0.40159,0.05379,
1403638584427829504,4.72663,-11.98396,1.13516,0.22361,0.74767,-0.27497,0.56159,0.26084,0.47080,-0.01199,
1403638584527829504,4.74817,-11.92929,1.12289,0.22321,0.74692,-0.27540,0.56253,0.22463,0.54087,-0.00163,
1403638584627829504,4.76638,-11.87230,1.12499,0.22271,0.74813,-0.27531,0.56116,0.18664,0.60432,0.08931,
1403638584727829504,4.78005,-11.80818,1.13341,0.22021,0.75172,-0.27666,0.55667,0.14739,0.67246,0.15096,
1403638584827829504,4.79082,-11.73808,1.14544,0.21505,0.75952,-0.28031,0.54617,0.12399,0.72109,0.18731,
1403638584927829504,4.79850,-11.66230,1.15372,0.20945,0.76504,-0.28493,0.53820,0.11870,0.73489,0.16707,
1403638585027829504,4.80952,-11.58577,1.15558,0.20764,0.76738,-0.28659,0.53468,0.12977,0.74173,0.09578,
1403638585127829504,4.81762,-11.51317,1.15901,0.20630,0.76740,-0.28776,0.53454,0.12538,0.75309,0.03157,
1403638585227829504,4.82860,-11.43899,1.16004,0.20630,0.76626,-0.28785,0.53612,0.12965,0.75141,-0.00763,
1403638585327829504,4.83536,-11.36674,1.15332,0.20763,0.76390,-0.28664,0.53961,0.12065,0.76246,-0.06082,
1403638585427829504,4.84718,-11.29025,1.14412,0.20765,0.76334,-0.28637,0.54054,0.11374,0.76495,-0.09223,
1403638585527829504,4.85579,-11.21449,1.13641,0.20786,0.76427,-0.28631,0.53918,0.13746,0.76559,-0.01190,
1403638585627829504,4.86863,-11.13798,1.13900,0.20687,0.76622,-0.28658,0.53664,0.12916,0.75755,0.06692,
1403638585727829504,4.87614,-11.06094,1.14824,0.20505,0.77004,-0.28772,0.53124,0.13461,0.76770,0.13278,
1403638585827829504,4.87905,-10.98574,1.16430,0.20161,0.77436,-0.29008,0.52494,0.16964,0.73182,0.21727,
1403638585927829504,4.89369,-10.91289,1.18903,0.19821,0.77646,-0.29281,0.52162,0.19349,0.71392,0.29555,
1403638586027829504,4.90513,-10.83580,1.21807,0.19857,0.77346,-0.29308,0.52577,0.20756,0.68910,0.31914,
1403638586127829504,4.91927,-10.75983,1.24610,0.20122,0.76955,-0.29262,0.53072,0.20716,0.68684,0.25458,
1403638586227829504,4.94162,-10.68894,1.26768,0.20341,0.76734,-0.29140,0.53376,0.20632,0.67833,0.19835,
1403638586327829504,4.95914,-10.61612,1.28262,0.20707,0.76414,-0.28951,0.53796,0.19219,0.68050,0.14426,
1403638586427829504,4.98069,-10.54856,1.29453,0.21516,0.76189,-0.28448,0.54065,0.19448,0.69076,0.10155,
1403638586527829504,4.99605,-10.47536,1.30182,0.22181,0.76111,-0.28019,0.54131,0.18625,0.72863,0.04512,
1403638586627829504,5.01417,-10.40227,1.30232,0.21927,0.76159,-0.28208,0.54068,0.18204,0.75870,-0.02223,
1403638586727829504,5.03185,-10.32418,1.29694,0.21573,0.76143,-0.28456,0.54103,0.18512,0.78448,-0.08535,
1403638586827829504,5.04983,-10.24544,1.28609,0.21259,0.76048,-0.28648,0.54259,0.18182,0.80572,-0.13941,
1403638586927829504,5.06923,-10.16124,1.27047,0.21266,0.75988,-0.28604,0.54364,0.16293,0.82664,-0.19386,
1403638587027829504,5.08632,-10.07577,1.25339,0.21190,0.75973,-0.28637,0.54396,0.15799,0.84343,-0.21358,
1403638587127829504,5.10184,-9.98716,1.23628,0.21119,0.75985,-0.28700,0.54374,0.15941,0.85289,-0.15792,
1403638587227829504,5.11641,-9.90120,1.22471,0.21081,0.76213,-0.28655,0.54093,0.14824,0.87719,-0.04970,
1403638587327829504,5.13400,-9.81192,1.21801,0.21041,0.76358,-0.28737,0.53861,0.14459,0.89260,0.00739,
1403638587427829504,5.14753,-9.72154,1.22160,0.20894,0.76422,-0.28836,0.53774,0.13851,0.89910,0.03208,
1403638587527829504,5.16438,-9.62579,1.22374,0.20780,0.76386,-0.28950,0.53808,0.14457,0.90702,-0.00357,
1403638587627829504,5.17806,-9.53536,1.22126,0.20682,0.76374,-0.29076,0.53794,0.14388,0.90200,-0.06163,
1403638587727829504,5.19607,-9.44170,1.21423,0.20718,0.76364,-0.29080,0.53792,0.14614,0.90356,-0.10980,
1403638587827829504,5.20924,-9.35112,1.20256,0.20645,0.76312,-0.29196,0.53831,0.14550,0.90150,-0.14900,
1403638587927829504,5.22137,-9.26216,1.18540,0.20612,0.76268,-0.29245,0.53880,0.13345,0.89674,-0.18669,
1403638588027829504,5.23667,-9.17149,1.16698,0.20597,0.76218,-0.29241,0.53959,0.13127,0.89360,-0.21093,
1403638588127829504,5.24983,-9.08284,1.14273,0.20923,0.76267,-0.29034,0.53875,0.12004,0.88449,-0.24769,
1403638588227829504,5.26221,-8.99925,1.11685,0.21537,0.76405,-0.28565,0.53689,0.11878,0.90694,-0.25829,
1403638588327829504,5.27630,-8.90848,1.09321,0.21612,0.76469,-0.28480,0.53612,0.14601,0.91832,-0.18741,
1403638588427829504,5.29190,-8.81884,1.07940,0.21596,0.76470,-0.28467,0.53625,0.16061,0.93021,-0.10483,
1403638588527829504,5.30556,-8.72470,1.07084,0.21384,0.76431,-0.28606,0.53691,0.14033,0.96889,-0.03056,
1403638588627829504,5.31877,-8.63024,1.07270,0.21154,0.76363,-0.28701,0.53828,0.12651,0.99569,0.04834,
1403638588727829504,5.33350,-8.53356,1.08036,0.20902,0.76179,-0.28882,0.54091,0.12340,1.00958,0.09545,
1403638588827829504,5.34734,-8.43636,1.08911,0.20830,0.76117,-0.28942,0.54173,0.11843,1.00743,0.04874,
1403638588927829504,5.36032,-8.33877,1.09410,0.20704,0.76082,-0.29100,0.54186,0.11059,1.00340,-0.01214,
1403638589027829504,5.37354,-8.24148,1.09047,0.20682,0.76086,-0.29165,0.54152,0.10231,1.00235,-0.09087,
1403638589127829504,5.38462,-8.14209,1.08052,0.20817,0.76115,-0.29119,0.54085,0.10201,0.99968,-0.13847,
1403638589227829504,5.39522,-8.04301,1.06660,0.20828,0.76088,-0.29107,0.54126,0.09381,1.00015,-0.17638,
1403638589327829504,5.40579,-7.94276,1.04956,0.20852,0.76021,-0.29116,0.54205,0.09142,0.99288,-0.19073,
1403638589427829504,5.41178,-7.84730,1.03536,0.20771,0.76034,-0.29139,0.54206,0.06695,1.00463,-0.15175,
1403638589527829504,5.41852,-7.74607,1.02493,0.20750,0.76067,-0.29149,0.54163,0.05485,1.00626,-0.08591,
1403638589627829504,5.42355,-7.64460,1.02449,0.20784,0.76053,-0.29122,0.54184,0.05407,1.01233,0.00069,
1403638589727829504,5.42844,-7.54439,1.02907,0.20707,0.76216,-0.29205,0.53940,0.04497,1.00848,0.08012,
1403638589827829504,5.43111,-7.44722,1.03845,0.20652,0.76296,-0.29288,0.53802,0.02402,1.00076,0.06134,
1403638589927829504,5.43347,-7.34843,1.04190,0.20752,0.76339,-0.29302,0.53694,0.02864,1.00088,0.00197,
1403638590027829504,5.43754,-7.24837,1.04150,0.20652,0.76292,-0.29444,0.53723,0.02368,1.00072,-0.04530,
1403638590127829504,5.44067,-7.14886,1.03533,0.20731,0.76231,-0.29472,0.53762,0.02683,0.99033,-0.08602,
1403638590227829504,5.44407,-7.05578,1.02639,0.20775,0.76153,-0.29491,0.53846,0.02367,0.97951,-0.13475,
1403638590327829504,5.44454,-6.95802,1.01276,0.20775,0.76118,-0.29508,0.53886,0.01573,0.97552,-0.16662,
1403638590427829504,5.44315,-6.86268,0.99423,0.20797,0.76218,-0.29535,0.53721,0.00615,0.97060,-0.18178,
1403638590527829504,5.44183,-6.77056,0.97781,0.20670,0.76233,-0.29598,0.53715,-0.00325,0.97077,-0.17517,
1403638590627829504,5.44039,-6.67365,0.96451,0.20572,0.76432,-0.29658,0.53435,0.00507,0.95137,-0.08883,
1403638590727829504,5.43963,-6.58682,0.96310,0.20340,0.76534,-0.29796,0.53301,0.01111,0.92591,0.01158,
1403638590827829504,5.43886,-6.49510,0.96439,0.20348,0.76641,-0.29770,0.53158,0.01985,0.89740,0.06927,
1403638590927829504,5.43986,-6.40622,0.97664,0.20262,0.76701,-0.29848,0.53062,0.02682,0.87788,0.14750,
1403638591027829504,5.44006,-6.31519,0.98957,0.20136,0.76772,-0.29969,0.52938,0.01227,0.87090,0.17487,
1403638591127829504,5.43863,-6.22320,1.00300,0.20030,0.77041,-0.30050,0.52541,0.01416,0.85434,0.11582,
1403638591227829504,5.44035,-6.13675,1.00948,0.19812,0.77523,-0.30257,0.51790,0.03122,0.82463,0.03858,
1403638591327829504,5.44335,-6.05231,1.00953,0.19413,0.78074,-0.30547,0.50936,0.07053,0.77714,-0.00188,
1403638591427829504,5.45144,-5.97663,1.00516,0.19123,0.78379,-0.30776,0.50436,0.12208,0.72097,-0.05364,
1403638591527829504,5.46514,-5.90718,0.99604,0.18787,0.78632,-0.31003,0.50029,0.17639,0.65658,-0.11245,
1403638591627829504,5.48513,-5.84938,0.98207,0.18554,0.78831,-0.31155,0.49707,0.23700,0.57906,-0.15696,
1403638591727829504,5.51112,-5.79821,0.96690,0.18555,0.78713,-0.31219,0.49854,0.29369,0.49257,-0.15890,
1403638591827829504,5.54103,-5.75840,0.95221,0.18726,0.78484,-0.31081,0.50235,0.33819,0.41294,-0.15179,
1403638591927829504,5.57803,-5.72579,0.94104,0.18886,0.78226,-0.30931,0.50668,0.38773,0.33725,-0.07428,
1403638592027829504,5.61905,-5.70046,0.94008,0.18968,0.77964,-0.30853,0.51088,0.44549,0.26552,0.01979,
1403638592127829504,5.66443,-5.68331,0.94578,0.18993,0.77813,-0.30706,0.51396,0.49046,0.19337,0.10040,
1403638592227829504,5.71280,-5.66855,0.96184,0.18668,0.77361,-0.30340,0.52405,0.50567,0.14831,0.22789,
1403638592327829504,5.76103,-5.65654,0.98730,0.18047,0.76927,-0.29628,0.53654,0.50416,0.11132,0.30628,
1403638592427829504,5.80995,-5.64615,1.02086,0.17005,0.76951,-0.28456,0.54587,0.47821,0.08356,0.38162,
1403638592527829504,5.85578,-5.63940,1.06247,0.15977,0.77560,-0.27037,0.54755,0.44114,0.03274,0.44142,
1403638592627829504,5.89756,-5.63742,1.11027,0.15277,0.78379,-0.25772,0.54399,0.41598,-0.00488,0.50222,
1403638592727829504,5.93638,-5.64080,1.16190,0.14667,0.79158,-0.24870,0.53855,0.40505,-0.04325,0.48051,
1403638592827829504,5.97530,-5.64840,1.20802,0.14099,0.79824,-0.24366,0.53250,0.41085,-0.08748,0.42821,
1403638592927829504,6.01287,-5.66053,1.24950,0.13883,0.80194,-0.23954,0.52938,0.41707,-0.13245,0.37816,
1403638593027829504,6.05298,-5.67726,1.28507,0.13763,0.80346,-0.23714,0.52847,0.44866,-0.18471,0.32790,
1403638593127829504,6.09892,-5.69852,1.31684,0.13724,0.80356,-0.23609,0.52888,0.48525,-0.23101,0.33441,
1403638593227829504,6.14829,-5.72572,1.35332,0.14047,0.80029,-0.23387,0.53396,0.51502,-0.28674,0.39542,
1403638593327829504,6.19864,-5.75651,1.39590,0.14874,0.79798,-0.22887,0.53734,0.54285,-0.31633,0.44954,
1403638593427829504,6.25112,-5.78787,1.44201,0.15918,0.79372,-0.22299,0.54309,0.53540,-0.30756,0.41468,
1403638593527829504,6.30482,-5.81638,1.48348,0.16486,0.79012,-0.22088,0.54748,0.55414,-0.28910,0.36065,
1403638593627829504,6.35872,-5.84289,1.51717,0.16792,0.78813,-0.22050,0.54957,0.55277,-0.25760,0.28425,
1403638593727829504,6.41440,-5.86669,1.54601,0.16997,0.78626,-0.22015,0.55175,0.55350,-0.21642,0.22451,
1403638593827829504,6.47025,-5.88637,1.56846,0.16954,0.77989,-0.22075,0.56062,0.55197,-0.16256,0.24925,
1403638593927829504,6.52292,-5.90125,1.59816,0.16471,0.77082,-0.21808,0.57546,0.50347,-0.11405,0.28261,
1403638594027829504,6.56864,-5.91009,1.62758,0.15672,0.77337,-0.21534,0.57530,0.44142,-0.06512,0.30801,
1403638594127829504,6.60686,-5.91484,1.66213,0.15079,0.77942,-0.21258,0.56972,0.36612,-0.02874,0.35020,
1403638594227829504,6.64060,-5.91631,1.69708,0.15036,0.78444,-0.20784,0.56467,0.33395,-0.01533,0.32861,
1403638594327829504,6.67089,-5.91493,1.72843,0.15071,0.78483,-0.20359,0.56558,0.29695,0.00924,0.30243,
1403638594427829504,6.69991,-5.91144,1.76219,0.15520,0.78385,-0.19711,0.56801,0.28012,0.04230,0.33657,
1403638594527829504,6.72469,-5.90248,1.79997,0.15371,0.78359,-0.19586,0.56920,0.22718,0.10973,0.40027,
1403638594627829504,6.74304,-5.88678,1.84544,0.14797,0.78390,-0.19838,0.56944,0.20228,0.14646,0.46224,
1403638594727829504,6.76208,-5.87222,1.89114,0.14412,0.78422,-0.20133,0.56894,0.17570,0.15512,0.42152,
1403638594827829504,6.77736,-5.85431,1.93436,0.14256,0.78452,-0.20300,0.56832,0.14796,0.17339,0.35940,
1403638594927829504,6.78974,-5.83518,1.96713,0.14230,0.78529,-0.20406,0.56695,0.10803,0.18774,0.27486,
1403638595027829504,6.80054,-5.81556,1.99514,0.14132,0.78671,-0.20576,0.56461,0.08728,0.19885,0.22010,
1403638595127829504,6.80873,-5.79495,2.01582,0.14094,0.78755,-0.20696,0.56309,0.06247,0.20096,0.15409,
1403638595227829504,6.81782,-5.77379,2.03030,0.14167,0.78798,-0.20728,0.56218,0.04199,0.20108,0.08079,
1403638595327829504,6.82367,-5.75073,2.03842,0.14205,0.78801,-0.20752,0.56196,0.02968,0.20850,0.03223,
1403638595427829504,6.82482,-5.72581,2.04140,0.14168,0.78778,-0.20834,0.56207,0.01111,0.21259,-0.01256,
1403638595527829504,6.82606,-5.70155,2.04265,0.14155,0.78847,-0.20812,0.56121,-0.00826,0.21933,-0.04344,
1403638595627829504,6.82683,-5.67964,2.04228,0.14199,0.78921,-0.20734,0.56036,-0.01506,0.21889,0.02868,
1403638595727829504,6.82558,-5.65550,2.04736,0.14604,0.78995,-0.20436,0.55936,-0.04328,0.23482,0.06743,
1403638595827829504,6.82367,-5.63056,2.05424,0.14861,0.79087,-0.20262,0.55802,-0.05120,0.25664,0.02963,
1403638595927829504,6.82489,-5.60406,2.05329,0.14990,0.79068,-0.20198,0.55818,-0.04519,0.26772,-0.12464,
1403638596027829504,6.82454,-5.57545,2.03925,0.15403,0.79066,-0.19928,0.55805,-0.03670,0.28706,-0.21129,
1403638596127829504,6.82309,-5.54439,2.01852,0.16401,0.79228,-0.19245,0.55530,-0.03559,0.33057,-0.22130,
1403638596227829504,6.82754,-5.50590,2.00781,0.17563,0.79510,-0.18389,0.55059,-0.02184,0.40208,-0.16201,
1403638596327829504,6.82911,-5.46193,1.99655,0.18625,0.79665,-0.17577,0.54750,0.02814,0.48386,-0.07630,
1403638596427829504,6.83950,-5.40454,2.00004,0.19299,0.79697,-0.17046,0.54638,0.06723,0.61170,0.02126,
1403638596527829504,6.85391,-5.33828,2.00743,0.19963,0.79704,-0.16475,0.54564,0.13588,0.72579,0.11177,
1403638596627829504,6.87364,-5.25877,2.02555,0.20681,0.79787,-0.15912,0.54343,0.20338,0.87128,0.19043,
1403638596727829504,6.89741,-5.16493,2.04875,0.21290,0.79870,-0.15423,0.54127,0.27735,1.02701,0.27266,
1403638596827829504,6.92756,-5.05599,2.08180,0.21694,0.79852,-0.15081,0.54088,0.34651,1.18715,0.35104,
1403638596927829504,6.96369,-4.92958,2.11825,0.21941,0.79757,-0.14875,0.54186,0.40388,1.35190,0.37669,
1403638597027829504,7.00733,-4.79005,2.15425,0.22110,0.79660,-0.14863,0.54263,0.46427,1.49484,0.30644,
1403638597127829504,7.05694,-4.63573,2.18394,0.22391,0.79506,-0.14737,0.54408,0.51951,1.63422,0.25240,
1403638597227829504,7.11206,-4.46354,2.20728,0.22448,0.79289,-0.14847,0.54672,0.57839,1.80340,0.19289,
1403638597327829504,7.17329,-4.27538,2.22405,0.22104,0.79064,-0.15218,0.55035,0.60596,1.94777,0.12490,
1403638597427829504,7.23885,-4.07331,2.23645,0.21523,0.78827,-0.15786,0.55442,0.64459,2.08949,0.08247,
1403638597527829504,7.30277,-3.85758,2.24311,0.20385,0.78317,-0.16663,0.56332,0.65008,2.20810,0.03564,
1403638597627829504,7.36863,-3.63236,2.24482,0.19498,0.77939,-0.17372,0.56953,0.63595,2.28614,-0.01319,
1403638597727829504,7.43190,-3.40078,2.24099,0.19462,0.77854,-0.17441,0.57060,0.61956,2.35235,-0.05690,
1403638597827829504,7.49378,-3.16130,2.23201,0.19957,0.78177,-0.16469,0.56735,0.61053,2.44294,-0.10795,
1403638597927829504,7.55446,-2.91264,2.21959,0.20343,0.78516,-0.15353,0.56442,0.59635,2.53653,-0.12434,
1403638598027829504,7.61619,-2.65254,2.20810,0.20118,0.78660,-0.14706,0.56495,0.61429,2.64785,-0.08729,
1403638598127829504,7.67970,-2.38017,2.20524,0.18586,0.78689,-0.15100,0.56873,0.59042,2.77176,-0.01541,
1403638598227829504,7.74101,-2.09905,2.20852,0.16512,0.78729,-0.16072,0.57190,0.56888,2.83565,0.03418,
1403638598327829504,7.79812,-1.81547,2.21222,0.15059,0.78933,-0.16823,0.57094,0.54470,2.83923,0.01677,
1403638598427829504,7.85351,-1.53218,2.21039,0.14325,0.79111,-0.17187,0.56929,0.52344,2.83290,-0.04242,
1403638598527829504,7.90524,-1.24923,2.20323,0.13934,0.79281,-0.17185,0.56789,0.49847,2.82307,-0.10357,
1403638598627829504,7.95350,-0.96831,2.18611,0.13445,0.79639,-0.16699,0.56551,0.47467,2.80541,-0.16749,
1403638598727829504,8.00218,-0.68807,2.16721,0.12832,0.79886,-0.15690,0.56634,0.46115,2.77749,-0.18381,
1403638598827829504,8.04782,-0.40968,2.15224,0.11962,0.80074,-0.14438,0.56892,0.45620,2.76745,-0.11766,
1403638598927829504,8.09384,-0.13311,2.14202,0.11037,0.80408,-0.12909,0.56974,0.41870,2.73943,-0.06576,
1403638599027829504,8.13612,0.14088,2.13591,0.09792,0.80672,-0.11369,0.57157,0.41300,2.72326,0.00790,
1403638599127829504,8.17778,0.41456,2.13670,0.08733,0.80892,-0.09572,0.57347,0.38830,2.72362,0.06327,
1403638599227829504,8.21655,0.68613,2.14272,0.07597,0.81153,-0.07739,0.57416,0.36896,2.70543,0.10682,
1403638599327829504,8.25239,0.95638,2.15436,0.06284,0.81461,-0.05949,0.57351,0.34655,2.70078,0.19273,
1403638599427829504,8.28683,1.22595,2.17342,0.05344,0.81844,-0.04341,0.57045,0.32911,2.67402,0.23869,
1403638599527829504,8.31978,1.49359,2.19395,0.04635,0.82135,-0.03245,0.56762,0.32517,2.64481,0.21050,
1403638599627829504,8.35128,1.75861,2.20668,0.04025,0.82333,-0.02724,0.56548,0.31527,2.62397,0.11833,
1403638599727829504,8.38242,2.01966,2.21105,0.03781,0.82475,-0.02400,0.56372,0.31340,2.59994,0.02867,
1403638599827829504,8.41785,2.27919,2.20769,0.03668,0.82532,-0.02488,0.56293,0.35102,2.57343,-0.03509,
1403638599927829504,8.45503,2.53657,2.19864,0.03379,0.82625,-0.02862,0.56157,0.36956,2.54293,-0.07642,
1403638600027829504,8.49454,2.79085,2.18491,0.02888,0.82516,-0.03500,0.56307,0.40485,2.51268,-0.12521,
1403638600127829504,8.53641,3.04052,2.16881,0.02040,0.82663,-0.04438,0.56062,0.42473,2.45897,-0.15780,
1403638600227829504,8.58042,3.28621,2.14861,0.00825,0.82861,-0.05626,0.55693,0.42511,2.37702,-0.20739,
1403638600327829504,8.62478,3.52107,2.12437,-0.00088,0.82965,-0.06582,0.55439,0.45829,2.27050,-0.21984,
1403638600427829504,8.67408,3.74625,2.10393,-0.00894,0.83025,-0.07430,0.55234,0.48105,2.14057,-0.16603,
1403638600527829504,8.72312,3.95605,2.09109,-0.01024,0.83070,-0.07723,0.55125,0.51257,1.98342,-0.06809,
1403638600627829504,8.77670,4.15313,2.08763,-0.00988,0.83197,-0.07866,0.54913,0.53616,1.84453,0.01928,
1403638600727829504,8.83319,4.33686,2.09145,-0.01053,0.83407,-0.08003,0.54572,0.57602,1.70173,0.07697,
1403638600827829504,8.89483,4.50338,2.10219,-0.00724,0.83823,-0.07721,0.53977,0.63732,1.55194,0.14891,
1403638600927829504,8.96160,4.65447,2.11571,0.00817,0.84219,-0.06509,0.53517,0.68546,1.44246,0.10941,
1403638601027829504,9.03405,4.79313,2.12458,0.02154,0.84375,-0.05399,0.53357,0.75862,1.37882,0.05062,
1403638601127829504,9.11487,4.92659,2.12880,0.02832,0.84295,-0.04810,0.53509,0.82264,1.32780,0.00814,
1403638601227829504,9.20079,5.05479,2.12994,0.03725,0.84047,-0.04055,0.53905,0.89817,1.29317,-0.02571,
1403638601327829504,9.29311,5.18208,2.12815,0.04406,0.83355,-0.03347,0.54966,0.96110,1.30367,-0.03161,
1403638601427829504,9.39137,5.31542,2.12862,0.03396,0.82933,-0.03070,0.55689,0.99737,1.32407,0.01093,
1403638601527829504,9.49195,5.44833,2.13524,0.02253,0.82562,-0.02087,0.56339,1.00908,1.32719,0.08439,
1403638601627829504,9.59268,5.58038,2.14821,0.01169,0.82319,-0.00365,0.56763,1.01424,1.32028,0.13509,
1403638601727829504,9.69166,5.71068,2.16762,-0.00041,0.82186,0.01968,0.56934,0.99596,1.32516,0.19683,
1403638601827829504,9.78803,5.84176,2.19317,-0.01384,0.81899,0.04780,0.57164,0.96605,1.35198,0.27138,
1403638601927829504,9.87966,5.97426,2.22391,-0.02799,0.81591,0.07582,0.57250,0.93354,1.35543,0.28648,
1403638602027829504,9.97084,6.11065,2.25186,-0.04106,0.81460,0.09607,0.57053,0.91169,1.35955,0.23432,
1403638602127829504,10.05782,6.24683,2.27307,-0.04925,0.81230,0.11154,0.57035,0.87965,1.36664,0.16541,
1403638602227829504,10.14232,6.38596,2.28799,-0.05456,0.80693,0.12868,0.57387,0.83847,1.40473,0.11263,
1403638602327829504,10.22332,6.52807,2.29896,-0.06777,0.79923,0.14533,0.57925,0.78780,1.44089,0.11192,
1403638602427829504,10.29945,6.67412,2.31575,-0.09917,0.78392,0.15397,0.59323,0.70925,1.46259,0.23500,
1403638602527829504,10.36405,6.82031,2.34336,-0.13349,0.76061,0.16042,0.61475,0.59523,1.40638,0.31248,
1403638602627829504,10.41451,6.95530,2.37792,-0.16206,0.74404,0.16941,0.62565,0.42844,1.27669,0.36239,
1403638602727829504,10.44418,7.07315,2.41420,-0.17730,0.73865,0.18669,0.62298,0.23952,1.11515,0.40984,
1403638602827829504,10.45639,7.17728,2.45582,-0.18564,0.73601,0.20818,0.61683,0.05788,0.97123,0.44078,
1403638602927829504,10.45023,7.26662,2.49990,-0.20020,0.73529,0.22648,0.60661,-0.10194,0.84575,0.46947,
1403638603027829504,10.43078,7.34383,2.54480,-0.22278,0.73452,0.24026,0.59425,-0.21547,0.72164,0.44251,
1403638603127829504,10.40173,7.40784,2.58656,-0.23991,0.72741,0.25467,0.59031,-0.30209,0.56951,0.37383,
1403638603227829504,10.36518,7.45852,2.61875,-0.24500,0.72761,0.27056,0.58083,-0.39066,0.42059,0.24535,
1403638603327829504,10.32069,7.49560,2.63862,-0.24018,0.74035,0.28651,0.55867,-0.45517,0.30080,0.14984,
1403638603427829504,10.27372,7.52800,2.65330,-0.23545,0.75193,0.29655,0.53965,-0.47006,0.23853,0.08931,
1403638603527829504,10.22578,7.55561,2.66488,-0.23392,0.75591,0.30125,0.53210,-0.46867,0.21605,0.06971,
1403638603627829504,10.17753,7.58032,2.67454,-0.23797,0.75012,0.30383,0.53701,-0.46442,0.18201,0.02534,
1403638603727829504,10.12857,7.59707,2.67737,-0.23456,0.74199,0.30942,0.54653,-0.48103,0.13111,-0.04929,
1403638603827829504,10.07666,7.61045,2.67316,-0.22780,0.73439,0.31546,0.55612,-0.52446,0.09626,-0.10666,
1403638603927829504,10.01956,7.62034,2.66236,-0.22045,0.72753,0.32063,0.56507,-0.59894,0.07517,-0.16434,
1403638604027829504,9.95556,7.62972,2.64271,-0.21459,0.72261,0.32356,0.57192,-0.69265,0.05436,-0.21217,
1403638604127829504,9.88222,7.63624,2.62340,-0.21090,0.71964,0.32563,0.57586,-0.79057,0.06904,-0.16325,
1403638604227829504,9.79705,7.63906,2.61038,-0.21422,0.72092,0.32407,0.57390,-0.91158,0.04876,-0.07973,
1403638604327829504,9.70040,7.64098,2.60413,-0.22144,0.72709,0.31983,0.56569,-1.01805,0.01834,-0.02113,
1403638604427829504,9.59514,7.63697,2.60364,-0.22442,0.73505,0.31806,0.55513,-1.08476,-0.02274,0.03061,
1403638604527829504,9.48468,7.63138,2.61154,-0.22198,0.74238,0.31966,0.54535,-1.11773,-0.03549,0.08917,
1403638604627829504,9.36898,7.62830,2.61581,-0.22090,0.74567,0.31983,0.54119,-1.14571,-0.04261,0.03226,
1403638604727829504,9.25525,7.61540,2.62048,-0.22544,0.74816,0.31716,0.53744,-1.15628,-0.06290,-0.00593,
1403638604827829504,9.13968,7.60584,2.61920,-0.22885,0.75035,0.31468,0.53439,-1.15453,-0.08830,-0.00908,
1403638604927829504,9.02366,7.59336,2.62158,-0.22756,0.75458,0.31535,0.52857,-1.15167,-0.11093,0.02783,
1403638605027829504,8.90785,7.58217,2.62795,-0.22514,0.76194,0.31686,0.51804,-1.13263,-0.11635,0.11178,
1403638605127829504,8.79691,7.56806,2.64365,-0.22280,0.76750,0.31848,0.50977,-1.09049,-0.11342,0.19529,
1403638605227829504,8.69069,7.55851,2.66296,-0.21997,0.76954,0.32038,0.50674,-1.01032,-0.06888,0.20643,
1403638605327829504,8.58983,7.55430,2.68054,-0.21506,0.76878,0.32372,0.50788,-0.94581,-0.03056,0.18093,
1403638605427829504,8.49483,7.55364,2.69471,-0.20764,0.76152,0.32930,0.51819,-0.91353,0.01593,0.13568,
1403638605527829504,8.40199,7.55864,2.70253,-0.20071,0.75166,0.33446,0.53185,-0.92270,0.05524,0.07670,
1403638605627829504,8.30508,7.56676,2.70431,-0.19390,0.74448,0.33948,0.54121,-0.95859,0.09850,0.02093,
1403638605727829504,8.20395,7.57955,2.70506,-0.19084,0.74127,0.34184,0.54520,-1.01743,0.14295,0.04501,
1403638605827829504,8.09724,7.59831,2.71419,-0.18934,0.74191,0.34263,0.54436,-1.09403,0.20698,0.14129,
1403638605927829504,7.98660,7.62365,2.73120,-0.18646,0.74149,0.34423,0.54492,-1.12049,0.29890,0.21362,
1403638606027829504,7.86666,7.65501,2.75165,-0.18232,0.74088,0.34603,0.54600,-1.19230,0.35728,0.19637,
1403638606127829504,7.74220,7.69145,2.76632,-0.17947,0.74092,0.34701,0.54627,-1.26202,0.41702,0.11862,
1403638606227829504,7.60750,7.73427,2.77425,-0.17633,0.74107,0.34847,0.54616,-1.33881,0.47386,0.04342,
1403638606327829504,7.47208,7.78591,2.77445,-0.17780,0.74488,0.34628,0.54188,-1.39863,0.54586,-0.05148,
1403638606427829504,7.32556,7.84026,2.76823,-0.18563,0.75466,0.33992,0.52961,-1.43623,0.60452,-0.10274,
1403638606527829504,7.17942,7.90328,2.75573,-0.19502,0.76476,0.33234,0.51640,-1.42664,0.65775,-0.16094,
1403638606627829504,7.03575,7.97139,2.73811,-0.20124,0.77072,0.33055,0.50619,-1.39473,0.72037,-0.20845,
1403638606727829504,6.89787,8.04350,2.71618,-0.20595,0.77255,0.33692,0.49723,-1.34319,0.77374,-0.24395,
1403638606827829504,6.76481,8.12292,2.68999,-0.21307,0.77073,0.34812,0.48928,-1.28662,0.83939,-0.26208,
1403638606927829504,6.64183,8.21133,2.66384,-0.22315,0.76559,0.36266,0.48223,-1.19669,0.92628,-0.21453,
1403638607027829504,6.52533,8.30767,2.64394,-0.23684,0.75825,0.37801,0.47547,-1.11461,0.99716,-0.10989,
1403638607127829504,6.41612,8.41035,2.63472,-0.25391,0.75131,0.38791,0.46967,-1.02551,1.05174,-0.02742,
1403638607227829504,6.31347,8.51798,2.63215,-0.26800,0.73911,0.39477,0.47545,-0.95601,1.08136,-0.02570,
1403638607327829504,6.22180,8.62652,2.62374,-0.28042,0.72741,0.39765,0.48385,-0.89178,1.08512,-0.09535,
1403638607427829504,6.13325,8.73569,2.60651,-0.28943,0.72084,0.39879,0.48743,-0.84995,1.08168,-0.18390,
1403638607527829504,6.04957,8.84339,2.58111,-0.29379,0.71989,0.39953,0.48562,-0.81262,1.04273,-0.27036,
1403638607627829504,5.97087,8.94643,2.55080,-0.29505,0.71862,0.40083,0.48566,-0.77166,1.01565,-0.30282,
1403638607727829504,5.89661,9.04635,2.51840,-0.29457,0.71619,0.40142,0.48905,-0.71503,0.99136,-0.33475,
1403638607827829504,5.82445,9.14472,2.48210,-0.29383,0.71669,0.40110,0.48901,-0.68985,0.96395,-0.37592,
1403638607927829504,5.75681,9.24055,2.44142,-0.29636,0.72075,0.39740,0.48452,-0.65245,0.94737,-0.42282,
1403638608027829504,5.69534,9.33312,2.39637,-0.29857,0.72227,0.39365,0.48396,-0.58619,0.92353,-0.45861,
1403638608127829504,5.64066,9.42384,2.34807,-0.29663,0.71966,0.39287,0.48965,-0.53423,0.88900,-0.50404,
1403638608227829504,5.58852,9.51004,2.29352,-0.29263,0.71572,0.39378,0.49705,-0.50788,0.84709,-0.55789,
1403638608327829504,5.53843,9.59053,2.23600,-0.29218,0.71064,0.39272,0.50536,-0.49424,0.80386,-0.59472,
1403638608427829504,5.48898,9.66772,2.17209,-0.29245,0.70701,0.39214,0.51072,-0.50265,0.75703,-0.67668,
1403638608527829504,5.43895,9.74133,2.10156,-0.29095,0.70880,0.39283,0.50856,-0.50101,0.70454,-0.72211,
1403638608627829504,5.38823,9.81094,2.03072,-0.29299,0.70791,0.39057,0.51037,-0.50084,0.65797,-0.68593,
1403638608727829504,5.33732,9.87188,1.96521,-0.29670,0.70497,0.38862,0.51377,-0.51590,0.57702,-0.63982,
1403638608827829504,5.28726,9.92512,1.90157,-0.29532,0.70770,0.38990,0.50982,-0.52138,0.51835,-0.59229,
1403638608927829504,5.23479,9.97382,1.84554,-0.29407,0.71156,0.39114,0.50419,-0.52560,0.45192,-0.50513,
1403638609027829504,5.18530,10.01822,1.79492,-0.29473,0.71520,0.39101,0.49874,-0.49842,0.41883,-0.44328,
1403638609127829504,5.13773,10.05810,1.75329,-0.29388,0.71671,0.39158,0.49661,-0.47871,0.38017,-0.37978,
1403638609227829504,5.09308,10.09645,1.71528,-0.30075,0.71643,0.38666,0.49676,-0.44881,0.33916,-0.38257,
1403638609327829504,5.04847,10.13068,1.67301,-0.30455,0.71671,0.38350,0.49649,-0.41723,0.28723,-0.46406,
1403638609427829504,5.00790,10.16048,1.62265,-0.30135,0.71676,0.38539,0.49691,-0.38505,0.24609,-0.52882,
1403638609527829504,4.97137,10.18505,1.56724,-0.29758,0.71689,0.38764,0.49724,-0.35922,0.21019,-0.59572,
1403638609627829504,4.93610,10.20913,1.50434,-0.29562,0.71696,0.38858,0.49757,-0.33646,0.19177,-0.64163,
1403638609727829504,4.90192,10.22553,1.43893,-0.29251,0.71591,0.39072,0.49924,-0.31904,0.16313,-0.65345,
1403638609827829504,4.87156,10.24215,1.37830,-0.29300,0.71696,0.39042,0.49769,-0.29294,0.15299,-0.57691,
1403638609927829504,4.84392,10.25376,1.32513,-0.29317,0.71654,0.39022,0.49834,-0.27428,0.10364,-0.50223,
1403638610027829504,4.81882,10.26224,1.27996,-0.29533,0.71526,0.38874,0.50007,-0.24517,0.08357,-0.40842,
1403638610127829504,4.79397,10.26626,1.24337,-0.29815,0.71229,0.38660,0.50428,-0.23658,0.03638,-0.35877,
1403638610227829504,4.77251,10.26542,1.20607,-0.29928,0.70947,0.38584,0.50815,-0.22575,-0.01732,-0.41208,
1403638610327829504,4.75057,10.26055,1.16122,-0.30043,0.70852,0.38467,0.50968,-0.21878,-0.06060,-0.47453,
1403638610427829504,4.72780,10.25057,1.10933,-0.30161,0.70809,0.38346,0.51049,-0.20909,-0.11667,-0.52060,
1403638610527829504,4.70660,10.23583,1.05298,-0.30098,0.70511,0.38358,0.51488,-0.21072,-0.18027,-0.55458,
1403638610627829504,4.68406,10.21368,0.99695,-0.30593,0.69780,0.38000,0.52448,-0.22710,-0.25679,-0.55295,
1403638610727829504,4.65885,10.18244,0.94124,-0.30628,0.69848,0.38030,0.52315,-0.26695,-0.35829,-0.53740,
1403638610827829504,4.63245,10.14391,0.89117,-0.30371,0.70598,0.38337,0.51223,-0.26364,-0.41856,-0.45550,
1403638610927829504,4.60781,10.10038,0.85027,-0.30237,0.70906,0.38584,0.50689,-0.23818,-0.45112,-0.38620,
1403638611027829504,4.58217,10.05102,0.81477,-0.30496,0.70802,0.38413,0.50808,-0.23813,-0.50095,-0.37209,
1403638611127829504,4.56130,9.99781,0.77723,-0.30739,0.70535,0.38356,0.51075,-0.23069,-0.55469,-0.43951,
1403638611227829504,4.53697,9.93967,0.72931,-0.30717,0.70480,0.38468,0.51081,-0.22674,-0.61077,-0.45201,
1403638611327829504,4.51227,9.87482,0.68544,-0.30435,0.70424,0.38715,0.51141,-0.23304,-0.68889,-0.39842,
1403638611427829504,4.48703,9.80269,0.64767,-0.29332,0.69996,0.39466,0.51795,-0.24209,-0.72125,-0.31870,
1403638611527829504,4.46204,9.72891,0.62042,-0.28238,0.69749,0.40205,0.52165,-0.28952,-0.75690,-0.26772,
1403638611627829504,4.43209,9.65212,0.59968,-0.27731,0.69947,0.40484,0.51956,-0.34546,-0.76058,-0.20644,
1403638611727829504,4.39773,9.57658,0.58086,-0.27953,0.70355,0.40300,0.51427,-0.38595,-0.75092,-0.23890,
1403638611827829504,4.35844,9.50050,0.55824,-0.28626,0.70913,0.39772,0.50696,-0.40596,-0.76144,-0.29229,
1403638611927829504,4.31804,9.42338,0.52786,-0.29032,0.71368,0.39390,0.50122,-0.39826,-0.76114,-0.32811,
1403638612027829504,4.28081,9.34597,0.49590,-0.29226,0.71623,0.39229,0.49769,-0.37265,-0.76012,-0.29775,
1403638612127829504,4.24149,9.26871,0.46575,-0.29371,0.71809,0.39044,0.49563,-0.36861,-0.77999,-0.23080,
1403638612227829504,4.20693,9.18918,0.44635,-0.29297,0.71859,0.39078,0.49507,-0.31718,-0.76017,-0.13004,
1403638612327829504,4.17542,9.10955,0.43112,-0.29243,0.71824,0.39113,0.49562,-0.29286,-0.77727,-0.08728,
1403638612427829504,4.14403,9.02806,0.41748,-0.29145,0.71713,0.39110,0.49781,-0.28050,-0.78264,-0.11811,
1403638612527829504,4.11532,8.94678,0.39852,-0.28927,0.71504,0.39118,0.50201,-0.27138,-0.79958,-0.19052,
1403638612627829504,4.08592,8.86408,0.37237,-0.28438,0.71338,0.39319,0.50558,-0.27028,-0.80110,-0.25764,
1403638612727829504,4.05678,8.78361,0.34015,-0.27991,0.71169,0.39441,0.50950,-0.27803,-0.79440,-0.32053,
1403638612827829504,4.02408,8.69908,0.30484,-0.27883,0.71061,0.39282,0.51281,-0.31610,-0.80558,-0.33479,
1403638612927829504,3.99091,8.61825,0.27399,-0.27963,0.71001,0.39050,0.51498,-0.34914,-0.80381,-0.28431,
1403638613027829504,3.95126,8.53561,0.24801,-0.27957,0.71239,0.38920,0.51271,-0.37458,-0.79585,-0.19927,
1403638613127829504,3.91221,8.45454,0.23248,-0.27987,0.71388,0.38822,0.51121,-0.39835,-0.80674,-0.12828,
1403638613227829504,3.87071,8.37313,0.22326,-0.27992,0.71549,0.38782,0.50923,-0.40972,-0.79493,-0.05877,
1403638613327829504,3.82938,8.29224,0.21933,-0.27892,0.71604,0.38832,0.50862,-0.41532,-0.78193,0.01880,
1403638613427829504,3.78452,8.20896,0.21795,-0.27819,0.71531,0.38885,0.50965,-0.43296,-0.78998,-0.01693,
1403638613527829504,3.74085,8.12840,0.21248,-0.27914,0.71502,0.38541,0.51214,-0.43595,-0.78260,-0.07602,
1403638613627829504,3.69773,8.04710,0.20149,-0.28096,0.71622,0.37921,0.51410,-0.44578,-0.78223,-0.13226,
1403638613727829504,3.65181,7.96513,0.18336,-0.28461,0.71488,0.37269,0.51869,-0.45701,-0.80197,-0.20824,
1403638613827829504,3.60569,7.87867,0.15651,-0.28421,0.71489,0.36536,0.52410,-0.46628,-0.84810,-0.27675,
1403638613927829504,3.55898,7.79012,0.12400,-0.27869,0.71858,0.35626,0.52826,-0.47577,-0.89909,-0.34190,
1403638614027829504,3.51120,7.69291,0.08638,-0.26804,0.72499,0.34519,0.53234,-0.48897,-0.94498,-0.37772,
1403638614127829504,3.46118,7.59134,0.04760,-0.25499,0.73382,0.33161,0.53527,-0.50188,-0.98637,-0.39405,
1403638614227829504,3.40968,7.48895,0.01136,-0.24138,0.74313,0.31767,0.53719,-0.51282,-1.00504,-0.32753,
1403638614327829504,3.36015,7.38537,-0.01901,-0.23158,0.75045,0.30603,0.53809,-0.53093,-1.00629,-0.28261,
1403638614427829504,3.30847,7.28306,-0.03912,-0.22638,0.75587,0.29597,0.53834,-0.53457,-1.00695,-0.18717,
1403638614527829504,3.25636,7.18116,-0.04989,-0.22352,0.75993,0.28758,0.53838,-0.54434,-1.02959,-0.09204,
1403638614627829504,3.20512,7.08054,-0.05205,-0.21999,0.76386,0.27734,0.53964,-0.51358,-1.02009,-0.02914,
1403638614727829504,3.15715,6.98020,-0.04376,-0.21775,0.77060,0.26268,0.53830,-0.49674,-1.03999,0.06893,
1403638614827829504,3.11130,6.87562,-0.02745,-0.21281,0.78042,0.24511,0.53440,-0.48263,-1.09571,0.16786,
1403638614927829504,3.06853,6.76405,-0.00566,-0.20223,0.78987,0.22701,0.53261,-0.40529,-1.11744,0.22642,
1403638615027829504,3.03126,6.64949,0.02027,-0.18766,0.79779,0.20596,0.53470,-0.35877,-1.16149,0.25783,
1403638615127829504,3.00100,6.53144,0.05139,-0.16693,0.80300,0.18439,0.54160,-0.30055,-1.20973,0.32721,
1403638615227829504,2.97516,6.41180,0.08996,-0.14203,0.80397,0.16328,0.55389,-0.26159,-1.22863,0.37042,
1403638615327829504,2.95068,6.29080,0.12767,-0.11938,0.80570,0.13909,0.56325,-0.25992,-1.22925,0.33532,
1403638615427829504,2.92916,6.16976,0.15948,-0.09831,0.80778,0.11312,0.57011,-0.24827,-1.21649,0.27664,
1403638615527829504,2.90524,6.04910,0.18399,-0.07862,0.81038,0.08747,0.57398,-0.25118,-1.20094,0.22385,
1403638615627829504,2.87963,5.93103,0.20327,-0.06323,0.81168,0.06618,0.57689,-0.26318,-1.17812,0.18488,
1403638615727829504,2.85301,5.81507,0.22173,-0.05315,0.81267,0.05122,0.57803,-0.27473,-1.15366,0.23794,
1403638615827829504,2.82560,5.70035,0.24792,-0.04647,0.81330,0.04025,0.57859,-0.29821,-1.15053,0.30937,
1403638615927829504,2.79585,5.58519,0.27737,-0.04135,0.81360,0.02757,0.57930,-0.31056,-1.15074,0.29620,
1403638616027829504,2.76595,5.46893,0.30195,-0.03328,0.81459,0.01571,0.57886,-0.32848,-1.15199,0.22269,
1403638616127829504,2.73511,5.35236,0.31839,-0.02367,0.81484,0.00312,0.57920,-0.33017,-1.15942,0.10680,
1403638616227829504,2.70265,5.23362,0.32018,-0.01418,0.81541,-0.01324,0.57856,-0.34101,-1.16381,-0.06552,
1403638616327829504,2.67119,5.11562,0.30541,-0.00199,0.81535,-0.03213,0.57807,-0.35180,-1.17318,-0.22580,
1403638616427829504,2.63900,4.99577,0.27987,0.01064,0.81503,-0.05095,0.57707,-0.34907,-1.17178,-0.30149,
1403638616527829504,2.60734,4.87887,0.24839,0.01977,0.81506,-0.06650,0.57521,-0.34550,-1.15922,-0.33389,
1403638616627829504,2.57475,4.76204,0.21406,0.02723,0.81749,-0.07756,0.57005,-0.35208,-1.15522,-0.35853,
1403638616727829504,2.54351,4.64690,0.17543,0.02821,0.82420,-0.08761,0.55878,-0.32383,-1.15385,-0.41178,
1403638616827829504,2.51723,4.53044,0.13373,0.02262,0.83137,-0.09721,0.54668,-0.26540,-1.17516,-0.42075,
1403638616927829504,2.49572,4.41209,0.09561,0.02206,0.83330,-0.10031,0.54319,-0.19211,-1.22667,-0.32221,
1403638617027829504,2.48035,4.28724,0.06801,0.02929,0.83032,-0.09542,0.54828,-0.12064,-1.26025,-0.22454,
1403638617127829504,2.46923,4.15752,0.04905,0.03653,0.82682,-0.08835,0.55428,-0.08191,-1.27843,-0.13602,
1403638617227829504,2.46181,4.02639,0.03612,0.03999,0.82698,-0.08270,0.55467,-0.03645,-1.28153,-0.07138,
1403638617327829504,2.45795,3.89556,0.02780,0.03898,0.83029,-0.07992,0.55019,-0.00382,-1.27077,-0.03697,
1403638617427829504,2.45878,3.76751,0.02681,0.03934,0.83454,-0.07649,0.54419,0.04755,-1.25045,0.04567,
1403638617527829504,2.46618,3.64295,0.03486,0.03907,0.83641,-0.07345,0.54176,0.10900,-1.23456,0.12407,
1403638617627829504,2.48047,3.52054,0.05134,0.03916,0.83609,-0.07067,0.54262,0.17188,-1.21249,0.20239,
1403638617727829504,2.50321,3.40236,0.07750,0.04113,0.83456,-0.06642,0.54535,0.25189,-1.19148,0.28877,
1403638617827829504,2.53193,3.28582,0.10890,0.04144,0.83455,-0.06374,0.54565,0.30262,-1.16885,0.34724,
1403638617927829504,2.56519,3.17277,0.14856,0.04000,0.83342,-0.06264,0.54761,0.35217,-1.13433,0.39854,
1403638618027829504,2.60415,3.06230,0.18687,0.03903,0.83307,-0.06145,0.54836,0.39803,-1.10567,0.34972,
1403638618127829504,2.64747,2.95024,0.21889,0.03687,0.83326,-0.06076,0.54829,0.44343,-1.09328,0.28496,
1403638618227829504,2.69493,2.84276,0.24436,0.03629,0.83306,-0.05956,0.54877,0.48169,-1.07560,0.21868,
1403638618327829504,2.74666,2.73820,0.26421,0.03659,0.83255,-0.05782,0.54971,0.51407,-1.04474,0.17399,
1403638618427829504,2.80093,2.63685,0.28198,0.03646,0.83252,-0.05670,0.54988,0.55604,-1.01737,0.14752,
1403638618527829504,2.86035,2.53733,0.29722,0.03582,0.83205,-0.05544,0.55076,0.59411,-0.99155,0.12997,
1403638618627829504,2.92258,2.44033,0.30973,0.03844,0.83160,-0.05729,0.55107,0.63572,-0.98350,0.11205,
1403638618727829504,2.98887,2.34757,0.32414,0.04272,0.83128,-0.05953,0.55101,0.67580,-0.94374,0.14666,
1403638618827829504,3.05920,2.25907,0.34394,0.04420,0.82984,-0.06328,0.55263,0.71358,-0.90030,0.21355,
1403638618927829504,3.13250,2.17400,0.36807,0.04916,0.82692,-0.06837,0.55599,0.74364,-0.88042,0.23072,
1403638619027829504,3.20837,2.08480,0.38981,0.05808,0.82186,-0.07950,0.56112,0.75578,-0.86487,0.16356,
1403638619127829504,3.28561,1.99750,0.40469,0.07226,0.81742,-0.09516,0.56351,0.75459,-0.83502,0.08489,
1403638619227829504,3.36224,1.91444,0.41193,0.08601,0.81263,-0.11673,0.56445,0.76207,-0.80762,0.00963,
1403638619327829504,3.43879,1.83369,0.41183,0.10138,0.80774,-0.14145,0.56327,0.74770,-0.78390,-0.08953,
1403638619427829504,3.51353,1.75565,0.40569,0.11450,0.80197,-0.16459,0.56271,0.74234,-0.74459,-0.11745,
1403638619527829504,3.58843,1.68284,0.39650,0.12273,0.79706,-0.18272,0.56235,0.75075,-0.70391,-0.13361,
1403638619627829504,3.66262,1.61367,0.38561,0.12537,0.79334,-0.19810,0.56183,0.74658,-0.67753,-0.16718,
1403638619727829504,3.73192,1.55252,0.36243,0.12015,0.78962,-0.21280,0.56283,0.70797,-0.66807,-0.19682,
1403638619827829504,3.80184,1.48727,0.34688,0.11816,0.78634,-0.22178,0.56438,0.67801,-0.67350,-0.21270,
1403638619927829504,3.86802,1.40823,0.33440,0.11810,0.78485,-0.22648,0.56459,0.63009,-0.72275,-0.21790,
1403638620027829504,3.92597,1.33457,0.31526,0.12059,0.78363,-0.22825,0.56505,0.57534,-0.75290,-0.20810,
1403638620127829504,3.98016,1.25941,0.29731,0.12421,0.78087,-0.22820,0.56809,0.51687,-0.77661,-0.13147,
1403638620227829504,4.02665,1.18061,0.28760,0.12701,0.77882,-0.22737,0.57062,0.45431,-0.79182,-0.06656,
1403638620327829504,4.06826,1.10234,0.28213,0.13099,0.78068,-0.22493,0.56815,0.38070,-0.79630,0.01484,
1403638620427829504,4.10295,1.02202,0.28670,0.13215,0.78200,-0.22312,0.56677,0.32554,-0.79717,0.07466,
1403638620527829504,4.13650,0.94188,0.29187,0.13279,0.78344,-0.22097,0.56548,0.29396,-0.80408,0.05366,
1403638620627829504,4.16622,0.86032,0.29324,0.13073,0.78567,-0.22029,0.56312,0.27116,-0.81200,-0.00106,
1403638620727829504,4.19286,0.78076,0.28889,0.12677,0.78883,-0.22106,0.55928,0.23706,-0.81132,-0.05853,
1403638620827829504,4.21652,0.70027,0.28059,0.12534,0.79201,-0.21978,0.55562,0.21669,-0.82754,-0.09619,
1403638620927829504,4.24003,0.61929,0.26937,0.13035,0.79425,-0.21404,0.55350,0.21421,-0.82526,-0.13042,
1403638621027829504,4.26339,0.53578,0.25415,0.13513,0.79385,-0.20811,0.55518,0.20899,-0.82542,-0.14885,
1403638621127829504,4.28475,0.45531,0.23969,0.13597,0.79291,-0.20509,0.55744,0.20283,-0.79969,-0.10830,
1403638621227829504,4.30562,0.37751,0.23345,0.13597,0.79148,-0.20260,0.56038,0.20825,-0.78722,-0.03289,
1403638621327829504,4.32687,0.30069,0.23505,0.13757,0.79216,-0.19966,0.56008,0.21212,-0.76966,0.03002,
1403638621427829504,4.34461,0.22639,0.23461,0.13756,0.79112,-0.19754,0.56230,0.17979,-0.73878,-0.03043,
1403638621527829504,4.36137,0.15787,0.22845,0.13877,0.78924,-0.19502,0.56552,0.17039,-0.69804,-0.08765,
1403638621627829504,4.37642,0.09061,0.21816,0.13883,0.78767,-0.19347,0.56822,0.14883,-0.66382,-0.13660,
1403638621727829504,4.38998,0.02827,0.20455,0.13925,0.78697,-0.19232,0.56947,0.12159,-0.62474,-0.17549,
1403638621827829504,4.39921,-0.03191,0.18611,0.14085,0.78477,-0.19061,0.57269,0.08103,-0.59343,-0.20246,
1403638621927829504,4.40438,-0.08717,0.16566,0.14252,0.78145,-0.18882,0.57739,0.04484,-0.54477,-0.22919,
1403638622027829504,4.40734,-0.13602,0.14335,0.14188,0.78004,-0.18872,0.57948,0.00426,-0.49456,-0.25845,
1403638622127829504,4.40526,-0.18156,0.11564,0.13920,0.78057,-0.19093,0.57868,-0.03330,-0.44367,-0.29791,
1403638622227829504,4.39848,-0.22279,0.08941,0.13683,0.78088,-0.19264,0.57826,-0.08367,-0.40895,-0.25885,
1403638622327829504,4.38628,-0.26002,0.06683,0.13459,0.78070,-0.19463,0.57837,-0.13761,-0.37879,-0.19128,
1403638622427829504,4.36792,-0.29512,0.05354,0.13687,0.78157,-0.19406,0.57685,-0.21676,-0.33832,-0.10098,
1403638622527829504,4.34449,-0.32722,0.05069,0.13969,0.78179,-0.19281,0.57630,-0.25233,-0.30756,-0.03663,
1403638622627829504,4.31798,-0.35532,0.05194,0.14466,0.78037,-0.19019,0.57786,-0.28760,-0.26550,0.04578,
1403638622727829504,4.28879,-0.37616,0.06729,0.14839,0.77265,-0.18822,0.58784,-0.33382,-0.21158,0.17772,
1403638622827829504,4.25500,-0.39367,0.08647,0.15091,0.76318,-0.18717,0.59980,-0.36875,-0.15577,0.22281,
1403638622927829504,4.21341,-0.40307,0.10971,0.15051,0.76329,-0.18843,0.59935,-0.45928,-0.07508,0.20044,
1403638623027829504,4.16185,-0.40534,0.12502,0.14743,0.76926,-0.19189,0.59133,-0.54246,-0.00950,0.13581,
1403638623127829504,4.10332,-0.40309,0.13351,0.14296,0.77473,-0.19583,0.58396,-0.60316,0.03801,0.08115,
1403638623227829504,4.03815,-0.39442,0.13816,0.13875,0.77754,-0.19897,0.58017,-0.66929,0.07482,0.02333,
1403638623327829504,3.96919,-0.38445,0.13696,0.13605,0.78082,-0.20099,0.57569,-0.70687,0.08592,-0.01550,
1403638623427829504,3.89768,-0.37524,0.13340,0.13595,0.78359,-0.20120,0.57186,-0.73937,0.10203,-0.04687,
1403638623527829504,3.82197,-0.36507,0.12775,0.13457,0.78406,-0.20204,0.57125,-0.76280,0.12174,-0.03300,
1403638623627829504,3.74430,-0.35293,0.12857,0.13740,0.78357,-0.20072,0.57171,-0.79646,0.13286,0.04251,
1403638623727829504,3.66217,-0.34025,0.13506,0.13899,0.78432,-0.20030,0.57044,-0.83755,0.14495,0.10285,
1403638623827829504,3.57874,-0.32533,0.14838,0.14059,0.78524,-0.20007,0.56886,-0.87136,0.17060,0.14695,
1403638623927829504,3.49236,-0.30786,0.16526,0.14206,0.78685,-0.20085,0.56600,-0.88515,0.18855,0.13027,
1403638624027829504,3.40679,-0.28986,0.17774,0.14220,0.78740,-0.20212,0.56473,-0.88756,0.20513,0.07325,
1403638624127829504,3.31915,-0.26998,0.18685,0.13994,0.78766,-0.20506,0.56388,-0.89459,0.21640,0.02517,
1403638624227829504,3.23173,-0.24981,0.19067,0.13741,0.78743,-0.20795,0.56376,-0.89719,0.21353,-0.01206,
1403638624327829504,3.14266,-0.22970,0.18971,0.13639,0.78658,-0.20988,0.56448,-0.89449,0.20806,-0.04143,
1403638624427829504,3.05465,-0.21002,0.18334,0.13632,0.78629,-0.21116,0.56443,-0.90421,0.20723,-0.09047,
1403638624527829504,2.96997,-0.19113,0.17371,0.13545,0.78315,-0.21324,0.56821,-0.90286,0.20448,-0.10875,
1403638624627829504,2.87877,-0.17213,0.16184,0.13375,0.77343,-0.21517,0.58105,-0.92970,0.20406,-0.13139,
1403638624727829504,2.78401,-0.15340,0.14884,0.13800,0.77629,-0.20851,0.57867,-0.98105,0.21227,-0.10455,
1403638624827829504,2.69142,-0.13511,0.14182,0.14069,0.78389,-0.19929,0.57097,-0.99667,0.22828,-0.02226,
1403638624927829504,2.58942,-0.11092,0.14282,0.13782,0.78861,-0.19421,0.56691,-1.01827,0.25765,0.04184,
1403638625027829504,2.49244,-0.08786,0.14838,0.13054,0.79022,-0.19266,0.56691,-1.01472,0.26160,0.03752,
1403638625127829504,2.39304,-0.06357,0.15173,0.12239,0.79120,-0.19338,0.56712,-1.01088,0.24998,-0.00163,
1403638625227829504,2.29139,-0.03997,0.15037,0.11830,0.79231,-0.19258,0.56671,-1.01182,0.24127,-0.03161,
1403638625327829504,2.18904,-0.01879,0.14654,0.11701,0.79267,-0.19115,0.56696,-1.01033,0.22270,-0.04603,
1403638625427829504,2.08668,0.00150,0.14473,0.11655,0.79262,-0.18994,0.56753,-1.00732,0.20384,0.01899,
1403638625527829504,1.98477,0.02096,0.15008,0.11653,0.79250,-0.18939,0.56788,-1.00597,0.19129,0.07547,
1403638625627829504,1.88197,0.03882,0.16079,0.11697,0.79394,-0.18922,0.56583,-1.00355,0.17241,0.13176,
1403638625727829504,1.77859,0.05624,0.17664,0.11562,0.79682,-0.19012,0.56175,-1.00954,0.16414,0.15634,
1403638625827829504,1.67360,0.07225,0.19216,0.11447,0.80114,-0.19132,0.55540,-0.99749,0.14660,0.11343,
1403638625927829504,1.57299,0.08656,0.20088,0.11559,0.80214,-0.19120,0.55377,-0.97476,0.12326,0.07994,
1403638626027829504,1.47343,0.09695,0.20485,0.11530,0.80285,-0.19215,0.55247,-0.96442,0.10901,0.01727,
1403638626127829504,1.37748,0.10615,0.20401,0.11355,0.80318,-0.19401,0.55170,-0.93134,0.08046,-0.01734,
1403638626227829504,1.28333,0.11430,0.19849,0.11516,0.80310,-0.19338,0.55170,-0.91612,0.05839,-0.06752,
1403638626327829504,1.18773,0.12084,0.18796,0.12163,0.80135,-0.18931,0.55426,-0.89858,0.04401,-0.09695,
1403638626427829504,1.09973,0.12541,0.17658,0.12738,0.79950,-0.18500,0.55709,-0.87440,0.05743,-0.13007,
1403638626527829504,1.01299,0.13119,0.16112,0.12869,0.80091,-0.18370,0.55519,-0.85285,0.06194,-0.14583,
1403638626627829504,0.92745,0.13943,0.14462,0.12739,0.80294,-0.18459,0.55225,-0.82463,0.07968,-0.15121,
1403638626727829504,0.84700,0.14599,0.13128,0.12544,0.80575,-0.18549,0.54830,-0.79218,0.08524,-0.11300,
1403638626827829504,0.77295,0.15291,0.12389,0.12352,0.80888,-0.18672,0.54368,-0.71559,0.06401,-0.01615,
1403638626927829504,0.70139,0.15946,0.12510,0.12332,0.81124,-0.18634,0.54032,-0.65182,0.05314,0.05932,
1403638627027829504,0.63406,0.16510,0.12738,0.12265,0.81135,-0.18616,0.54039,-0.60858,0.04832,0.03985,
1403638627127829504,0.57163,0.17008,0.12555,0.12195,0.81114,-0.18594,0.54092,-0.56646,0.03652,-0.00472,
1403638627227829504,0.51250,0.17298,0.12039,0.12134,0.81107,-0.18567,0.54126,-0.52849,0.02271,-0.04310,
1403638627327829504,0.45885,0.17667,0.10890,0.12398,0.81113,-0.18343,0.54134,-0.48401,0.02139,-0.08167,
1403638627427829504,0.41367,0.17810,0.09787,0.12515,0.81105,-0.18237,0.54155,-0.42825,0.00898,-0.11250,
1403638627527829504,0.37100,0.17878,0.08545,0.12483,0.81069,-0.18259,0.54208,-0.38961,0.00706,-0.12841,
1403638627627829504,0.33287,0.18013,0.07238,0.12818,0.80880,-0.18089,0.54469,-0.34886,0.00966,-0.13543,
1403638627727829504,0.29680,0.18038,0.05879,0.12927,0.80584,-0.18028,0.54901,-0.31737,0.01410,-0.14730,
1403638627827829504,0.26616,0.18239,0.04315,0.13054,0.80457,-0.17984,0.55072,-0.28827,0.02308,-0.15415,
1403638627927829504,0.23857,0.18596,0.02688,0.13120,0.80573,-0.17984,0.54885,-0.26189,0.04087,-0.16184,
1403638628027829504,0.20802,0.18877,0.01102,0.13212,0.80736,-0.17953,0.54633,-0.23913,0.05131,-0.14158,
1403638628127829504,0.18684,0.19448,-0.00318,0.13262,0.80832,-0.18007,0.54461,-0.20384,0.06427,-0.12637,
1403638628227829504,0.17052,0.20280,-0.01548,0.13304,0.80842,-0.18084,0.54411,-0.16184,0.07985,-0.10853,
1403638628327829504,0.15671,0.21072,-0.02519,0.13259,0.80904,-0.18190,0.54295,-0.11128,0.08857,-0.08035,
1403638628427829504,0.14814,0.22036,-0.03248,0.13013,0.80848,-0.18389,0.54370,-0.06946,0.10019,-0.06762,
1403638628527829504,0.14263,0.22944,-0.03611,0.12222,0.80227,-0.18993,0.55258,-0.04015,0.10074,-0.02248,
1403638628627829504,0.13802,0.23801,-0.03689,0.11647,0.79524,-0.19420,0.56241,-0.04889,0.08468,-0.01084,
1403638628727829504,0.13217,0.24576,-0.03691,0.11413,0.79461,-0.19588,0.56320,-0.06984,0.06069,-0.03580,
1403638628827829504,0.12217,0.25040,-0.04392,0.11763,0.79614,-0.19385,0.56103,-0.08349,0.03709,-0.09178,
1403638628927829504,0.11269,0.25426,-0.05468,0.12208,0.79636,-0.19137,0.56061,-0.08484,0.02290,-0.12055,
1403638629027829504,0.10382,0.25714,-0.06447,0.12698,0.79756,-0.18791,0.55899,-0.08385,0.02261,-0.09544,
1403638629127829504,0.09423,0.26043,-0.07148,0.13031,0.79902,-0.18527,0.55702,-0.07588,0.02739,-0.05651,
1403638629227829504,0.08532,0.26393,-0.07657,0.13185,0.80013,-0.18386,0.55552,-0.07456,0.04784,-0.03205,
1403638629327829504,0.07780,0.26990,-0.07847,0.13300,0.80104,-0.18328,0.55413,-0.06596,0.06353,-0.01622,
1403638629427829504,0.07192,0.27700,-0.08021,0.13219,0.80508,-0.18441,0.54806,-0.04705,0.07353,-0.01134,
1403638629527829504,0.06769,0.28533,-0.08085,0.12897,0.80956,-0.18725,0.54122,-0.00623,0.08336,0.00044,
1403638629627829504,0.06909,0.29288,-0.08042,0.12180,0.80955,-0.19274,0.54097,0.02954,0.07165,0.01000,
1403638629727829504,0.07416,0.29898,-0.07766,0.11204,0.80506,-0.20017,0.54704,0.05720,0.03814,0.03531,
1403638629827829504,0.08064,0.30142,-0.07555,0.10865,0.79883,-0.20310,0.55571,0.06769,0.00089,0.00053,
1403638629927829504,0.08624,0.30014,-0.07967,0.11420,0.79282,-0.20016,0.56421,0.04696,-0.03920,-0.08438,
1403638630027829504,0.09020,0.29612,-0.09293,0.12545,0.78745,-0.19264,0.57191,0.01799,-0.04542,-0.18693,
1403638630127829504,0.09097,0.29299,-0.11703,0.13194,0.78815,-0.18784,0.57108,0.00218,-0.01960,-0.28401,
1403638630227829504,0.08904,0.29173,-0.14840,0.13420,0.79240,-0.18596,0.56526,-0.03173,0.00045,-0.35047,
1403638630327829504,0.08452,0.29175,-0.18528,0.13590,0.79870,-0.18574,0.55597,-0.03577,0.02006,-0.40081,
1403638630427829504,0.09297,0.29403,-0.18647,0.12073,0.80438,-0.19247,0.54895,0.11839,-0.00786,0.17103,
1403638630527829504,0.10437,0.29320,-0.17723,0.13056,0.79538,-0.18468,0.56234,0.09773,0.00564,-0.02498,
1403638630627829504,0.11566,0.28990,-0.18697,0.13122,0.79482,-0.18493,0.56289,0.09060,-0.00342,-0.24774,
1403638630727829504,0.12580,0.29046,-0.19675,0.12026,0.82143,-0.17952,0.52780,0.04284,-0.01785,0.02106,
1403638630827829504,0.12602,0.28685,-0.17656,0.12510,0.81925,-0.18139,0.52940,-0.03054,0.02805,0.09584,
1403638630927829504,0.13552,0.27956,-0.19740,0.12361,0.82020,-0.17958,0.52890,-0.00413,0.00524,-0.01552,
1403638631027829504,0.13282,0.28082,-0.19519,0.12314,0.82050,-0.17980,0.52848,-0.00697,0.00520,-0.00223,
1403638631127829504,0.13178,0.28058,-0.19541,0.12280,0.82050,-0.18006,0.52846,0.01311,-0.00162,-0.00081,
1403638631227829504,0.13108,0.28068,-0.19515,0.12300,0.82053,-0.17988,0.52843,0.00574,0.00132,0.00341,
1403638631327829504,0.13128,0.28052,-0.19515,0.12302,0.82038,-0.17991,0.52865,0.00252,-0.00062,0.00302,
1403638631427829504,0.13115,0.28046,-0.19533,0.12325,0.82040,-0.17970,0.52865,0.00385,0.00185,0.00268,
1403638631527829504,0.13102,0.28045,-0.19539,0.12326,0.82046,-0.17974,0.52853,-0.00131,0.00379,-0.00095,
1403638631627829504,0.13096,0.28047,-0.19553,0.12349,0.82052,-0.17953,0.52846,0.00627,0.00153,0.00291,
