1403636861201666560,-0.01673,-0.01257,-0.05833,-0.00023,0.83461,-0.00269,0.55083,0.04851,-0.01337,0.61257,
1403636861301666560,-0.01322,-0.01492,0.00193,-0.00333,0.82115,-0.00028,0.57070,0.02845,-0.02172,0.56922,
1403636861401666304,-0.01128,-0.01952,0.05167,-0.01239,0.81005,0.00211,0.58623,0.02211,-0.02837,0.38183,
1403636861501666560,-0.00988,-0.02268,0.07638,-0.01254,0.80225,0.00058,0.59685,0.01359,-0.02285,0.06019,
1403636861601666560,-0.00912,-0.02407,0.07159,-0.00783,0.80226,-0.00174,0.59692,0.00628,-0.01098,-0.26523,
1403636861701666560,-0.00737,-0.02592,0.03811,-0.01127,0.80957,-0.00056,0.58691,-0.00524,0.00855,-0.48574,
1403636861801666560,-0.00861,-0.02521,-0.01606,-0.01157,0.81626,0.00204,0.57756,-0.02283,0.02096,-0.56228,
1403636861901666304,-0.01204,-0.02179,-0.07373,-0.01504,0.82432,0.00340,0.56591,-0.03824,0.04429,-0.57714,
1403636862001666560,-0.01533,-0.01670,-0.13180,-0.02099,0.83576,0.00311,0.54868,-0.04705,0.05891,-0.56809,
1403636862101666560,-0.01825,-0.01141,-0.18474,-0.02410,0.84595,-0.00010,0.53272,-0.03652,0.05041,-0.46958,
1403636862201666560,-0.02103,-0.00821,-0.22409,-0.02397,0.85224,-0.00161,0.52259,-0.02426,0.01273,-0.26413,
1403636862301666560,-0.02510,-0.00877,-0.23791,-0.01471,0.85925,0.00059,0.51135,-0.00645,-0.00763,0.02828,
1403636862401666304,-0.02645,-0.00906,-0.21802,-0.01434,0.86431,0.00414,0.50274,0.01637,-0.00768,0.36276,
1403636862501666560,-0.02621,-0.00918,-0.17096,-0.01827,0.86500,0.00859,0.50137,0.05709,-0.02772,0.56327,
1403636862601666560,-0.02046,-0.01221,-0.10858,-0.01425,0.86142,0.01309,0.50752,0.09492,-0.05049,0.67007,
1403636862701666560,-0.01221,-0.01533,-0.03967,-0.00936,0.85470,0.01379,0.51885,0.08319,-0.01709,0.70606,
1403636862801666560,-0.00452,-0.01697,0.03029,-0.01404,0.85065,0.00919,0.52547,0.07471,-0.02153,0.69769,
1403636862901666304,0.00070,-0.01897,0.09520,-0.01962,0.84670,0.00244,0.53170,0.03634,-0.01331,0.60003,
1403636863001666560,0.00113,-0.02068,0.14052,-0.02641,0.84048,0.00029,0.54119,-0.00720,-0.01529,0.28877,
1403636863101666560,-0.00355,-0.02269,0.14824,-0.02082,0.83172,0.00562,0.55477,-0.01430,-0.02054,-0.07819,
1403636863201666560,-0.00917,-0.02380,0.11999,-0.01460,0.82604,0.01258,0.56328,-0.01827,0.01347,-0.40387,
1403636863301666560,-0.01208,-0.02293,0.06721,-0.01162,0.82600,0.01755,0.56328,-0.02477,0.03424,-0.60182,
1403636863401666304,-0.01420,-0.02195,0.00356,-0.00830,0.82777,0.01856,0.56069,-0.03000,0.02737,-0.66178,
1403636863501666560,-0.01792,-0.01961,-0.06532,-0.00948,0.83249,0.01426,0.55377,-0.05191,0.03760,-0.70688,
1403636863601666560,-0.02390,-0.01650,-0.13299,-0.02281,0.83982,0.01193,0.54225,-0.07103,0.03045,-0.64438,
1403636863701666560,-0.02973,-0.01392,-0.19275,-0.03526,0.84821,0.01061,0.52837,-0.04974,0.01718,-0.50622,
1403636863801666560,-0.03344,-0.01318,-0.23081,-0.04033,0.85588,0.00795,0.51553,-0.02932,-0.00668,-0.22892,
1403636863901666304,-0.03634,-0.01459,-0.23609,-0.04069,0.86176,0.00900,0.50560,-0.01093,-0.02600,0.13757,
1403636864001666560,-0.03714,-0.01734,-0.20406,-0.04188,0.86304,0.01089,0.50328,0.01333,-0.02977,0.48644,
1403636864101666560,-0.03456,-0.02083,-0.14437,-0.04010,0.85956,0.01591,0.50921,0.04400,-0.04203,0.69616,
1403636864201666560,-0.03102,-0.02381,-0.07164,-0.02986,0.85591,0.01635,0.51600,0.06256,-0.02302,0.74129,
1403636864301666560,-0.02507,-0.02412,-0.00118,-0.02655,0.85295,0.01462,0.52111,0.05410,0.00612,0.66133,
1403636864401666304,-0.02065,-0.02342,0.06091,-0.02718,0.84904,0.01109,0.52752,0.04263,0.00167,0.56865,
1403636864501666560,-0.01642,-0.02237,0.11264,-0.02830,0.83947,0.00333,0.54266,0.03780,0.01227,0.41772,
1403636864601666560,-0.01316,-0.02101,0.14168,-0.03358,0.82754,-0.00157,0.56040,0.02084,0.00329,0.14347,
1403636864701666560,-0.01328,-0.02091,0.13766,-0.02897,0.82164,0.00247,0.56926,-0.00548,-0.00069,-0.20153,
1403636864801666560,-0.01419,-0.02118,0.10336,-0.02553,0.82447,0.00884,0.56525,-0.01383,0.01964,-0.46946,
1403636864901666304,-0.01575,-0.01940,0.04846,-0.02714,0.82934,0.01120,0.55798,-0.01739,0.01891,-0.59436,
1403636865001666560,-0.01654,-0.01799,-0.01307,-0.02156,0.83555,0.01116,0.54887,-0.01122,0.01207,-0.63192,
1403636865101666560,-0.01733,-0.01660,-0.07532,-0.02235,0.84234,0.01138,0.53836,-0.00582,0.01592,-0.59800,
1403636865201666560,-0.01918,-0.01309,-0.13059,-0.03687,0.84705,0.00237,0.53022,-0.01722,0.03356,-0.49833,
1403636865301666560,-0.02062,-0.01086,-0.17370,-0.05085,0.84857,-0.00333,0.52663,-0.01597,0.01063,-0.34817,
1403636865401666304,-0.02092,-0.00979,-0.20078,-0.05154,0.84938,-0.00268,0.52525,-0.00211,0.00371,-0.17965,
1403636865501666560,-0.02115,-0.00935,-0.20684,-0.04479,0.85446,0.00382,0.51756,0.01000,-0.00573,0.07486,
1403636865601666560,-0.02051,-0.00880,-0.18415,-0.04298,0.86050,0.01031,0.50753,0.01655,0.01435,0.36577,
1403636865701666560,-0.01863,-0.00660,-0.13693,-0.04655,0.85954,0.01278,0.50878,0.01824,0.02361,0.56153,
1403636865801666560,-0.01574,-0.00515,-0.07473,-0.04928,0.85276,0.01216,0.51983,0.04188,0.00054,0.66010,
1403636865901666304,-0.01160,-0.00578,-0.00655,-0.05026,0.84273,0.00831,0.53592,0.03202,-0.00937,0.69254,
1403636866001666560,-0.00904,-0.00721,0.06251,-0.05124,0.82943,0.00325,0.55625,0.01798,-0.01231,0.67475,
1403636866101666560,-0.00740,-0.00846,0.12485,-0.04692,0.81457,-0.00197,0.57817,-0.00211,-0.01122,0.55684,
1403636866201666560,-0.00906,-0.00957,0.16848,-0.04168,0.80499,-0.00179,0.59182,-0.02521,-0.00250,0.29640,
1403636866301666560,-0.01147,-0.00947,0.18102,-0.03498,0.80455,-0.00026,0.59285,-0.02424,0.00601,-0.03694,
1403636866401666304,-0.01273,-0.00910,0.16248,-0.02677,0.81090,0.00105,0.58457,-0.00000,0.00610,-0.32781,
1403636866501666560,-0.01299,-0.00929,0.11938,-0.02606,0.81725,0.00393,0.57568,-0.00311,0.00496,-0.54025,
1403636866601666560,-0.01292,-0.01136,0.06149,-0.02619,0.82290,0.00586,0.56755,0.00089,-0.02712,-0.58228,
1403636866701666560,-0.01418,-0.01497,0.00774,-0.02162,0.83038,0.00598,0.55674,-0.03195,-0.04246,-0.48146,
1403636866801666560,-0.01955,-0.01795,-0.03469,-0.02659,0.83578,0.01069,0.54831,-0.06783,-0.01703,-0.37947,
1403636866901666304,-0.02660,-0.01843,-0.07002,-0.03849,0.84135,0.01304,0.53896,-0.06883,0.00663,-0.32110,
1403636867001666560,-0.03447,-0.01781,-0.09731,-0.04656,0.84894,0.01217,0.52629,-0.07082,0.00177,-0.22063,
1403636867101666560,-0.04083,-0.01758,-0.11355,-0.04768,0.85484,0.01245,0.51655,-0.07152,-0.00049,-0.11433,
1403636867201666560,-0.04950,-0.01721,-0.12009,-0.05546,0.85758,0.01553,0.51111,-0.11051,0.02174,-0.03644,
1403636867301666560,-0.05949,-0.01610,-0.12077,-0.06468,0.85936,0.02194,0.50679,-0.08495,0.00179,0.02920,
1403636867401666304,-0.06624,-0.01642,-0.11646,-0.06447,0.86204,0.02422,0.50213,-0.06729,0.00142,0.06274,
1403636867501666560,-0.07306,-0.01620,-0.11013,-0.05928,0.86832,0.02421,0.49186,-0.08023,0.00348,0.05076,
1403636867601666560,-0.08235,-0.01682,-0.10802,-0.05438,0.88364,0.02850,0.46412,-0.10116,-0.00908,-0.01418,
1403636867701666560,-0.09307,-0.01748,-0.11206,-0.05400,0.90725,0.02922,0.41610,-0.11170,-0.01053,-0.05793,
1403636867801666560,-0.10385,-0.01895,-0.11783,-0.04959,0.93116,0.02626,0.36025,-0.08017,-0.02452,-0.04433,
1403636867901666304,-0.10888,-0.02007,-0.11937,-0.04340,0.94450,0.01643,0.32521,-0.01387,-0.00583,0.01594,
1403636868001666560,-0.10869,-0.01918,-0.11544,-0.04352,0.94490,0.01142,0.32426,0.01594,0.00701,0.06181,
1403636868101666560,-0.10868,-0.01827,-0.10988,-0.04589,0.93931,0.01177,0.33977,-0.00481,0.00547,0.05272,
1403636868201666560,-0.11155,-0.01696,-0.10653,-0.04873,0.93538,0.01256,0.35004,-0.03684,0.01114,0.01615,
1403636868301666560,-0.11719,-0.01491,-0.10536,-0.05132,0.93523,0.01138,0.35013,-0.07507,0.03684,-0.00105,
1403636868401666304,-0.12454,-0.00989,-0.10497,-0.05291,0.93632,0.00796,0.34705,-0.07970,0.05849,0.00171,
1403636868501666560,-0.13234,-0.00295,-0.10307,-0.05093,0.93381,0.00569,0.35408,-0.07279,0.05801,0.03662,
1403636868601666560,-0.13933,0.00310,-0.09782,-0.04726,0.93023,0.00110,0.36392,-0.06899,0.05086,0.05736,
1403636868701666560,-0.14659,0.00736,-0.09287,-0.04579,0.93043,-0.00106,0.36360,-0.08481,0.03666,0.02857,
1403636868801666560,-0.15462,0.01145,-0.09202,-0.04569,0.93311,0.00405,0.35666,-0.07776,0.03809,-0.00026,
1403636868901666304,-0.15970,0.01549,-0.09127,-0.04178,0.93405,0.00868,0.35458,-0.03218,0.04180,0.01689,
1403636869001666560,-0.16141,0.02022,-0.08976,-0.04415,0.93167,0.01065,0.36044,-0.00467,0.04051,0.01517,
1403636869101666560,-0.16173,0.02413,-0.08857,-0.04962,0.92966,0.01196,0.36487,-0.00865,0.03670,0.00718,
1403636869201666560,-0.16227,0.02747,-0.08983,-0.05231,0.92913,0.01426,0.36577,0.00494,0.02207,-0.01318,
1403636869301666560,-0.16102,0.02882,-0.09136,-0.05189,0.92936,0.01618,0.36515,0.01416,0.00948,-0.01544,
1403636869401666304,-0.15959,0.02963,-0.09262,-0.05288,0.92915,0.01689,0.36551,0.01371,-0.00218,-0.00903,
1403636869501666560,-0.15798,0.02797,-0.09356,-0.05256,0.92911,0.01661,0.36568,0.01664,-0.04812,-0.00723,
1403636869601666560,-0.15541,0.01942,-0.09473,-0.05140,0.92929,0.01558,0.36542,0.03081,-0.13143,-0.01422,
1403636869701666560,-0.15094,0.00084,-0.09603,-0.04926,0.93089,0.01439,0.36168,0.05250,-0.23474,-0.01579,
1403636869801666560,-0.14332,-0.02698,-0.09709,-0.04648,0.93195,0.01069,0.35943,0.09544,-0.32156,-0.00525,
1403636869901666304,-0.13150,-0.06325,-0.09721,-0.04276,0.93036,0.00352,0.36414,0.12997,-0.39604,0.00216,
1403636870001666560,-0.11769,-0.10597,-0.09754,-0.03946,0.92846,-0.00440,0.36930,0.14617,-0.45382,-0.01134,
1403636870101666560,-0.10255,-0.15343,-0.09935,-0.03576,0.92928,-0.01307,0.36740,0.15222,-0.49460,-0.01682,
1403636870201666560,-0.08683,-0.20437,-0.10013,-0.02913,0.93159,-0.01769,0.36190,0.15471,-0.51320,0.00290,
1403636870301666560,-0.07088,-0.25527,-0.10030,-0.02689,0.93115,-0.02180,0.36298,0.15640,-0.50625,0.00408,
1403636870401666304,-0.05583,-0.30576,-0.10105,-0.02151,0.92827,-0.02661,0.37034,0.14609,-0.49577,-0.01326,
1403636870501666560,-0.04348,-0.34990,-0.10510,-0.01898,0.92765,-0.03191,0.37160,0.09962,-0.38376,-0.05243,
1403636870601666560,-0.03393,-0.38653,-0.11157,-0.01683,0.93033,-0.03850,0.36432,0.07339,-0.35453,-0.05312,
1403636870701666560,-0.02773,-0.41604,-0.11567,-0.00841,0.93129,-0.04330,0.36160,0.07920,-0.27031,-0.02496,
1403636870801666560,-0.02167,-0.43476,-0.11865,-0.00941,0.92779,-0.04856,0.36980,0.05048,-0.15763,-0.05049,
1403636870901666304,-0.01925,-0.44651,-0.12278,-0.01141,0.92368,-0.05057,0.37964,0.01635,-0.09132,-0.04175,
1403636871001666560,-0.01866,-0.45083,-0.12769,-0.01651,0.92156,-0.05229,0.38435,-0.00226,-0.01347,-0.05174,
1403636871101666560,-0.01926,-0.45025,-0.13302,-0.01865,0.92429,-0.05591,0.37711,-0.01498,0.00104,-0.03798,
1403636871201666560,-0.02083,-0.44570,-0.13390,-0.01233,0.92814,-0.05839,0.36742,-0.02196,0.07388,0.02310,
1403636871301666560,-0.02321,-0.43381,-0.12991,-0.01121,0.92799,-0.05991,0.36759,-0.02960,0.15681,0.04295,
1403636871401666304,-0.02741,-0.41301,-0.12557,-0.01027,0.92763,-0.05578,0.36916,-0.04972,0.25722,0.03958,
1403636871501666560,-0.03270,-0.38127,-0.12215,-0.01175,0.92734,-0.05172,0.37044,-0.05905,0.36459,0.03011,
1403636871601666560,-0.03958,-0.34055,-0.11871,-0.01434,0.92790,-0.04949,0.36925,-0.07983,0.44931,0.04427,
1403636871701666560,-0.04793,-0.29193,-0.11411,-0.02250,0.92879,-0.04649,0.36698,-0.08430,0.52137,0.05670,
1403636871801666560,-0.05590,-0.23838,-0.10976,-0.03071,0.92901,-0.04179,0.36640,-0.07430,0.54272,0.03388,
1403636871901666304,-0.06296,-0.18254,-0.10743,-0.03398,0.92853,-0.03482,0.36804,-0.06073,0.57280,0.01770,
1403636872001666560,-0.06820,-0.12339,-0.10658,-0.04230,0.92620,-0.02905,0.37354,-0.04510,0.59913,0.00115,
1403636872101666560,-0.07243,-0.06434,-0.10751,-0.05162,0.92356,-0.02223,0.37932,-0.04468,0.56403,-0.01173,
1403636872201666560,-0.07751,-0.01075,-0.10998,-0.05559,0.92312,-0.01573,0.38014,-0.05651,0.50761,-0.03395,
1403636872301666560,-0.08476,0.03851,-0.11377,-0.06030,0.92542,-0.00799,0.37403,-0.07121,0.45057,-0.04816,
1403636872401666304,-0.09070,0.07825,-0.11786,-0.06451,0.92807,-0.00030,0.36678,-0.04946,0.33286,-0.03717,
1403636872501666560,-0.09364,0.10347,-0.11985,-0.06706,0.92878,0.00438,0.36448,-0.02433,0.17406,-0.00088,
1403636872601666560,-0.09489,0.11143,-0.11901,-0.06870,0.92750,0.00905,0.36734,-0.01240,0.02059,0.02309,
1403636872701666560,-0.09468,0.10784,-0.11737,-0.06724,0.92573,0.01174,0.37197,0.00665,-0.08209,0.02351,
1403636872801666560,-0.09292,0.09457,-0.11631,-0.06294,0.92593,0.01104,0.37226,0.02979,-0.19101,0.00335,
1403636872901666304,-0.08766,0.06779,-0.11737,-0.06041,0.92704,0.00587,0.37001,0.06579,-0.33709,-0.02055,
1403636873001666560,-0.07964,0.02719,-0.11987,-0.05509,0.92777,0.00004,0.36907,0.08409,-0.45859,-0.02981,
1403636873101666560,-0.07019,-0.02273,-0.12277,-0.05004,0.92782,-0.00549,0.36962,0.10080,-0.53244,-0.02718,
1403636873201666560,-0.05949,-0.07877,-0.12470,-0.04632,0.92860,-0.01300,0.36794,0.11250,-0.58802,-0.01409,
1403636873301666560,-0.04834,-0.13825,-0.12576,-0.04184,0.92923,-0.02169,0.36650,0.11197,-0.60933,-0.01121,
1403636873401666304,-0.03830,-0.19936,-0.12763,-0.03765,0.92966,-0.02890,0.36534,0.09383,-0.60258,-0.02665,
1403636873501666560,-0.02978,-0.25746,-0.13155,-0.03412,0.93037,-0.03528,0.36332,0.07062,-0.56951,-0.03985,
1403636873601666560,-0.02468,-0.31063,-0.13675,-0.02679,0.93196,-0.04253,0.35907,0.04066,-0.49533,-0.05624,
1403636873701666560,-0.02112,-0.35444,-0.14343,-0.02138,0.93318,-0.04874,0.35545,0.02501,-0.38708,-0.06373,
1403636873801666560,-0.01985,-0.38667,-0.14932,-0.02089,0.93416,-0.05011,0.35269,0.00648,-0.25293,-0.04142,
1403636873901666304,-0.02097,-0.40567,-0.15292,-0.02034,0.93397,-0.05283,0.35284,0.00059,-0.12632,-0.03307,
1403636874001666560,-0.02062,-0.41153,-0.15652,-0.01859,0.93321,-0.05576,0.35450,0.00235,-0.02137,-0.02270,
1403636874101666560,-0.01963,-0.40922,-0.15845,-0.01805,0.93317,-0.05671,0.35447,0.00422,0.05636,-0.00831,
1403636874201666560,-0.01998,-0.39965,-0.15724,-0.01832,0.93387,-0.05577,0.35277,-0.01141,0.14271,0.01706,
1403636874301666560,-0.02169,-0.37924,-0.15472,-0.01957,0.93490,-0.05108,0.35067,-0.01726,0.27624,0.02078,
1403636874401666304,-0.02337,-0.34458,-0.15295,-0.02532,0.93565,-0.04533,0.34908,-0.01739,0.41086,0.02393,
1403636874501666560,-0.02570,-0.29841,-0.15020,-0.03053,0.93506,-0.04007,0.35089,-0.02658,0.49080,0.03707,
1403636874601666560,-0.02931,-0.24462,-0.14681,-0.03313,0.93361,-0.03456,0.35509,-0.05071,0.57852,0.02654,
1403636874701666560,-0.03498,-0.18382,-0.14528,-0.03928,0.93259,-0.02711,0.35776,-0.05407,0.61485,0.00209,
1403636874801666560,-0.04004,-0.12307,-0.14641,-0.04522,0.93231,-0.02066,0.35822,-0.04875,0.60076,-0.02933,
1403636874901666304,-0.04470,-0.06634,-0.15011,-0.05412,0.93274,-0.01655,0.35607,-0.04152,0.53168,-0.03475,
1403636875001666560,-0.04722,-0.02003,-0.15251,-0.05956,0.93213,-0.01293,0.35695,-0.01172,0.40599,-0.02121,
1403636875101666560,-0.04520,0.01488,-0.15434,-0.05725,0.92734,-0.01800,0.36937,0.02535,0.29859,-0.01970,
1403636875201666560,-0.04418,0.04109,-0.15688,-0.04846,0.92016,-0.03461,0.38699,-0.01901,0.23755,-0.03418,
1403636875301666560,-0.04753,0.06203,-0.16036,-0.04103,0.91494,-0.05875,0.39717,-0.07422,0.19971,-0.04482,
1403636875401666304,-0.05828,0.07971,-0.16363,-0.04070,0.91287,-0.08556,0.39712,-0.15915,0.15469,-0.02992,
1403636875501666560,-0.08058,0.09086,-0.16586,-0.04406,0.91305,-0.10532,0.39153,-0.27354,0.06079,-0.01471,
1403636875601666560,-0.11312,0.09142,-0.16781,-0.04716,0.91375,-0.11992,0.38529,-0.35979,-0.05723,-0.00490,
1403636875701666560,-0.15094,0.07972,-0.16861,-0.04263,0.91282,-0.13295,0.38376,-0.38000,-0.18444,0.00071,
1403636875801666560,-0.19005,0.05724,-0.16978,-0.03090,0.91047,-0.14834,0.38482,-0.39416,-0.25504,-0.01197,
1403636875901666304,-0.22928,0.02867,-0.17079,-0.01822,0.90936,-0.16643,0.38083,-0.37380,-0.31831,0.00467,
1403636876001666560,-0.26498,-0.00715,-0.16945,-0.00271,0.90616,-0.18904,0.37833,-0.31419,-0.40825,0.03715,
1403636876101666560,-0.29158,-0.05182,-0.16515,0.01879,0.89970,-0.21146,0.38140,-0.19961,-0.47642,0.05489,
1403636876201666560,-0.30461,-0.10061,-0.16143,0.03622,0.89249,-0.23163,0.38536,-0.05658,-0.50244,0.03272,
1403636876301666560,-0.30364,-0.15237,-0.16073,0.04749,0.88852,-0.24806,0.38306,0.09143,-0.53622,-0.00766,
1403636876401666304,-0.29162,-0.20827,-0.16014,0.05692,0.88722,-0.26090,0.37621,0.22674,-0.57611,-0.01666,
1403636876501666560,-0.26180,-0.26603,-0.16161,0.06866,0.88584,-0.26578,0.37407,0.36651,-0.56558,0.00506,
1403636876601666560,-0.21844,-0.31943,-0.16108,0.07847,0.88319,-0.25993,0.38243,0.49477,-0.50021,0.03299,
1403636876701666560,-0.16488,-0.36065,-0.15764,0.08102,0.88188,-0.24670,0.39352,0.58151,-0.33773,0.04771,
1403636876801666560,-0.10724,-0.38459,-0.15315,0.07693,0.88389,-0.22635,0.40197,0.59055,-0.13181,0.04073,
1403636876901666304,-0.04816,-0.38619,-0.15070,0.06912,0.88712,-0.19974,0.41029,0.58507,0.09322,0.01820,
1403636877001666560,0.00909,-0.36522,-0.15151,0.05452,0.88955,-0.16957,0.42068,0.54419,0.29841,-0.00312,
1403636877101666560,0.05989,-0.32368,-0.15259,0.03431,0.89299,-0.13344,0.42847,0.46134,0.47958,0.00143,
1403636877201666560,0.10067,-0.26845,-0.15381,0.01003,0.89677,-0.09359,0.43237,0.34339,0.62985,0.00260,
1403636877301666560,0.12813,-0.20159,-0.15213,-0.01412,0.89936,-0.05676,0.43328,0.18743,0.70757,0.01152,
1403636877401666304,0.13823,-0.12999,-0.15055,-0.03548,0.90111,-0.02039,0.43165,0.01046,0.71925,0.00570,
1403636877501666560,0.13397,-0.05974,-0.15204,-0.05586,0.90306,0.01012,0.42574,-0.14815,0.66798,-0.02619,
1403636877601666560,0.10718,0.00252,-0.15471,-0.07357,0.90629,0.02963,0.41515,-0.31551,0.55426,-0.04120,
1403636877701666560,0.07057,0.05370,-0.15830,-0.08725,0.90989,0.04011,0.40359,-0.43018,0.42478,-0.03283,
1403636877801666560,0.02288,0.08929,-0.16108,-0.09434,0.91351,0.04037,0.39366,-0.51136,0.28332,-0.03217,
1403636877901666304,-0.02922,0.11222,-0.16497,-0.09306,0.91789,0.03130,0.38450,-0.53980,0.14162,-0.04980,
1403636878001666560,-0.08282,0.11919,-0.17035,-0.08443,0.92255,0.01701,0.37615,-0.54305,-0.00466,-0.06018,
1403636878101666560,-0.13232,0.10742,-0.17619,-0.06987,0.92540,-0.00325,0.37249,-0.48103,-0.17261,-0.06117,
1403636878201666560,-0.17552,0.08159,-0.18150,-0.05407,0.92533,-0.02842,0.37421,-0.41489,-0.32276,-0.04833,
1403636878301666560,-0.21186,0.04142,-0.18615,-0.04158,0.92349,-0.05503,0.37738,-0.33250,-0.44338,-0.04570,
1403636878401666304,-0.24028,-0.01074,-0.18900,-0.03089,0.92065,-0.08305,0.38021,-0.23350,-0.55933,-0.02027,
1403636878501666560,-0.25760,-0.07205,-0.19032,-0.01538,0.91790,-0.10889,0.38126,-0.10255,-0.63120,0.02694,
1403636878601666560,-0.25981,-0.13718,-0.18613,0.00255,0.91457,-0.13191,0.38229,0.04944,-0.65262,0.06522,
1403636878701666560,-0.25316,-0.20327,-0.17826,0.02113,0.91046,-0.14941,0.38510,0.17197,-0.64290,0.09162,
1403636878801666560,-0.22953,-0.26372,-0.16968,0.03679,0.90576,-0.16078,0.39037,0.27702,-0.57921,0.08779,
1403636878901666304,-0.19788,-0.31608,-0.16345,0.04366,0.90306,-0.16734,0.39315,0.33185,-0.49711,0.04733,
1403636879001666560,-0.15971,-0.36084,-0.15978,0.04421,0.90325,-0.16983,0.39158,0.38749,-0.39175,0.03469,
1403636879101666560,-0.11737,-0.39017,-0.15437,0.04283,0.90202,-0.17018,0.39442,0.45275,-0.23907,0.06989,
1403636879201666560,-0.07105,-0.40563,-0.14686,0.04064,0.89718,-0.16555,0.40745,0.47656,-0.09526,0.08756,
1403636879301666560,-0.02401,-0.40602,-0.13915,0.03839,0.89284,-0.15451,0.42130,0.45376,0.07232,0.08323,
1403636879401666304,0.01711,-0.38899,-0.13190,0.03201,0.89118,-0.13485,0.43196,0.38672,0.23887,0.06905,
1403636879501666560,0.05114,-0.35685,-0.12630,0.01850,0.89220,-0.10779,0.43821,0.28267,0.38738,0.05709,
1403636879601666560,0.07512,-0.31294,-0.12146,0.00213,0.89501,-0.08055,0.43871,0.16597,0.50039,0.06141,
1403636879701666560,0.08590,-0.25823,-0.11557,-0.01751,0.89681,-0.05967,0.43802,0.03518,0.58467,0.06434,
1403636879801666560,0.08423,-0.19899,-0.11010,-0.03536,0.89937,-0.04128,0.43379,-0.09946,0.59340,0.03377,
1403636879901666304,0.06873,-0.14275,-0.10858,-0.04706,0.90330,-0.02714,0.42555,-0.23628,0.52181,0.00988,
1403636880001666560,0.03840,-0.09735,-0.10762,-0.05410,0.90734,-0.01872,0.41649,-0.35465,0.36723,0.00642,
1403636880101666560,0.00039,-0.07051,-0.10631,-0.05667,0.91014,-0.01451,0.41015,-0.42007,0.14945,0.01343,
1403636880201666560,-0.04316,-0.06612,-0.10472,-0.05195,0.91072,-0.01883,0.40932,-0.44557,-0.06129,0.01640,
1403636880301666560,-0.09093,-0.07945,-0.10200,-0.03879,0.90890,-0.03478,0.41375,-0.46521,-0.19096,0.01375,
1403636880401666304,-0.13792,-0.10117,-0.09832,-0.01978,0.90593,-0.05640,0.41920,-0.47591,-0.22188,0.05560,
1403636880501666560,-0.18743,-0.11980,-0.09005,0.00001,0.90264,-0.07801,0.42326,-0.49168,-0.13622,0.09125,
1403636880601666560,-0.23633,-0.12696,-0.08089,0.01578,0.90139,-0.09615,0.42191,-0.48121,0.00500,0.08307,
1403636880701666560,-0.28190,-0.11790,-0.07354,0.02255,0.90360,-0.10772,0.41400,-0.42500,0.17007,0.06340,
1403636880801666560,-0.31897,-0.09398,-0.06825,0.02122,0.90654,-0.11268,0.40624,-0.31078,0.30057,0.03817,
1403636880901666304,-0.34189,-0.06075,-0.06633,0.01219,0.90765,-0.10843,0.40530,-0.15300,0.37017,0.02330,
1403636881001666560,-0.35043,-0.02365,-0.06412,0.00369,0.90525,-0.09744,0.41353,0.00419,0.37492,0.02885,
1403636881101666560,-0.34363,0.01386,-0.06219,-0.00383,0.90108,-0.08063,0.42607,0.13017,0.37361,0.01896,
1403636881201666560,-0.32520,0.04944,-0.06118,-0.01875,0.89802,-0.05959,0.43549,0.23630,0.33330,0.01478,
1403636881301666560,-0.29667,0.07743,-0.05898,-0.03518,0.89642,-0.03627,0.44031,0.33659,0.21717,0.03019,
1403636881401666304,-0.25900,0.09283,-0.05577,-0.04339,0.89550,-0.01619,0.44265,0.43358,0.06721,0.02675,
1403636881501666560,-0.21182,0.09214,-0.05401,-0.04320,0.89355,-0.00077,0.44688,0.50308,-0.09192,0.01723,
1403636881601666560,-0.16102,0.07575,-0.05305,-0.03933,0.89060,0.01197,0.45293,0.52208,-0.23964,-0.00426,
1403636881701666560,-0.10992,0.04496,-0.05501,-0.03521,0.88907,0.02331,0.45582,0.51173,-0.36981,-0.04293,
1403636881801666560,-0.06116,0.00334,-0.06038,-0.02943,0.89014,0.02737,0.45391,0.46683,-0.44592,-0.07161,
1403636881901666304,-0.01998,-0.04352,-0.06798,-0.02473,0.89177,0.01956,0.45140,0.35332,-0.48235,-0.09377,
1403636882001666560,0.00821,-0.09333,-0.07651,-0.02185,0.89299,0.00715,0.44949,0.22318,-0.49986,-0.09841,
1403636882101666560,0.02298,-0.14292,-0.08741,-0.01816,0.89248,-0.00517,0.45068,0.07472,-0.46880,-0.13299,
1403636882201666560,0.02307,-0.18622,-0.10170,-0.01198,0.89097,-0.01537,0.45365,-0.06769,-0.37252,-0.15235,
1403636882301666560,0.00980,-0.21607,-0.11677,-0.00552,0.88824,-0.02227,0.45881,-0.18196,-0.20945,-0.15529,
1403636882401666304,-0.01079,-0.22857,-0.13226,-0.00726,0.88598,-0.02262,0.46312,-0.21443,-0.02794,-0.15494,
1403636882501666560,-0.02921,-0.22390,-0.14831,-0.01649,0.88435,-0.01938,0.46612,-0.14838,0.11358,-0.14230,
1403636882601666560,-0.03703,-0.20846,-0.16096,-0.02718,0.88104,-0.01237,0.47209,-0.00726,0.18022,-0.11109,
1403636882701666560,-0.03034,-0.18861,-0.17128,-0.03890,0.87102,-0.00241,0.48971,0.13319,0.21347,-0.10697,
1403636882801666560,-0.01355,-0.16831,-0.18434,-0.05633,0.85479,0.01480,0.51569,0.20783,0.20361,-0.15770,
1403636882901666304,0.00846,-0.14905,-0.20304,-0.07283,0.83964,0.03463,0.53712,0.22216,0.19242,-0.21278,
1403636883001666560,0.02951,-0.13046,-0.22650,-0.09034,0.83287,0.05418,0.54334,0.19711,0.18480,-0.25118,
1403636883101666560,0.04878,-0.11388,-0.25053,-0.10227,0.83080,0.07277,0.54224,0.18528,0.15310,-0.23269,
1403636883201666560,0.06618,-0.09971,-0.27343,-0.10468,0.82557,0.08790,0.54750,0.16404,0.13211,-0.21827,
1403636883301666560,0.08024,-0.08738,-0.29414,-0.10823,0.81939,0.09791,0.55435,0.12170,0.10767,-0.18936,
1403636883401666304,0.09094,-0.07927,-0.31084,-0.11341,0.81580,0.10261,0.55775,0.09564,0.06799,-0.13756,
1403636883501666560,0.09831,-0.07465,-0.32107,-0.11857,0.81069,0.10781,0.56312,0.06477,0.03388,-0.07133,
1403636883601666560,0.10364,-0.07122,-0.32751,-0.12342,0.80355,0.11449,0.57094,0.05009,0.02825,-0.06049,
1403636883701666560,0.10815,-0.06885,-0.33292,-0.12607,0.80028,0.12265,0.57325,0.03501,0.01697,-0.03973,
1403636883801666560,0.11128,-0.06744,-0.33659,-0.12824,0.79957,0.12641,0.57293,0.02176,0.01469,-0.04484,
1403636883901666304,0.11362,-0.06688,-0.34116,-0.13589,0.79837,0.12722,0.57267,0.02019,0.00172,-0.03984,
1403636884001666560,0.11533,-0.06673,-0.34341,-0.13738,0.79563,0.13035,0.57542,0.00235,-0.00175,-0.00347,
1403636884101666560,0.11599,-0.06762,-0.34463,-0.14280,0.79130,0.13157,0.57978,0.00133,-0.01871,-0.01767,
1403636884201666560,0.11566,-0.06866,-0.34450,-0.14048,0.78774,0.13412,0.58459,-0.01145,-0.00172,0.00462,
1403636884301666560,0.11450,-0.06826,-0.34410,-0.13954,0.78540,0.13366,0.58806,-0.01000,0.01358,0.00913,
1403636884401666304,0.11415,-0.06792,-0.34411,-0.14055,0.78504,0.13301,0.58844,-0.00070,0.00060,-0.00335,
1403636884501666560,0.11410,-0.06818,-0.34405,-0.13963,0.78498,0.13358,0.58862,-0.00264,0.00536,-0.00331,
1403636884601666560,0.11403,-0.06808,-0.34404,-0.13990,0.78493,0.13330,0.58867,-0.00165,-0.00105,-0.00119,
1403636884701666560,0.11418,-0.06815,-0.34411,-0.13975,0.78522,0.13320,0.58834,-0.00261,0.00189,0.00244,
1403636884801666560,0.11420,-0.06822,-0.34412,-0.13949,0.78527,0.13318,0.58835,-0.00303,0.00189,0.00044,
1403636884901666304,0.11420,-0.06821,-0.34412,-0.13940,0.78533,0.13309,0.58831,-0.00175,-0.00063,0.00165,
1403636885001666560,0.11423,-0.06820,-0.34413,-0.13943,0.78545,0.13294,0.58819,0.00041,-0.00208,0.00113,
1403636885101666560,0.11416,-0.06819,-0.34414,-0.13954,0.78546,0.13281,0.58817,-0.00130,-0.00191,0.00220,
1403636885201666560,0.11416,-0.06817,-0.34414,-0.13952,0.78554,0.13271,0.58809,-0.00215,0.00102,0.00203,
1403636885301666560,0.11415,-0.06822,-0.34414,-0.13945,0.78557,0.13272,0.58807,-0.00188,0.00187,0.00273,
1403636885401666304,0.11414,-0.06824,-0.34417,-0.13935,0.78557,0.13266,0.58809,-0.00275,-0.00011,0.00147,
1403636885501666560,0.11416,-0.06824,-0.34418,-0.13932,0.78560,0.13259,0.58809,-0.00078,0.00042,0.00076,
1403636885601666560,0.11409,-0.06826,-0.34414,-0.13925,0.78562,0.13254,0.58809,-0.00208,-0.00059,0.00132,
1403636885701666560,0.11412,-0.06825,-0.34416,-0.13935,0.78572,0.13249,0.58795,-0.00068,0.00062,0.00128,
1403636885801666560,0.11411,-0.06825,-0.34415,-0.13927,0.78570,0.13250,0.58798,0.00012,0.00048,0.00155,
1403636885901666304,0.11410,-0.06822,-0.34417,-0.13932,0.78578,0.13245,0.58788,-0.00063,-0.00047,0.00080,
1403636886001666560,0.11410,-0.06825,-0.34420,-0.13939,0.78575,0.13243,0.58791,-0.00016,0.00264,-0.00116,
1403636886101666560,0.11408,-0.06825,-0.34419,-0.13919,0.78576,0.13247,0.58792,-0.00192,0.00318,0.00255,
1403636886201666560,0.11405,-0.06828,-0.34416,-0.13909,0.78579,0.13256,0.58789,-0.00192,0.00211,0.00213,
1403636886301666560,0.11409,-0.06827,-0.34419,-0.13905,0.78579,0.13255,0.58790,0.00087,0.00149,-0.00053,
1403636886401666304,0.11404,-0.06828,-0.34417,-0.13923,0.78577,0.13249,0.58789,-0.00023,-0.00190,0.00116,
1403636886501666560,0.11402,-0.06828,-0.34418,-0.13923,0.78578,0.13248,0.58789,0.00085,0.00036,0.00174,
1403636886601666560,0.11403,-0.06828,-0.34421,-0.13924,0.78579,0.13247,0.58788,-0.00027,0.00052,0.00109,
1403636886701666560,0.11397,-0.06828,-0.34418,-0.13923,0.78578,0.13251,0.58789,-0.00100,0.00062,0.00074,
1403636886801666560,0.11398,-0.06829,-0.34419,-0.13918,0.78578,0.13250,0.58789,-0.00061,-0.00031,0.00156,
1403636886901666304,0.11402,-0.06828,-0.34421,-0.13926,0.78583,0.13248,0.58782,-0.00053,0.00004,0.00145,
1403636887001666560,0.11399,-0.06826,-0.34422,-0.13920,0.78581,0.13253,0.58785,-0.00120,0.00119,0.00036,
1403636887101666560,0.11399,-0.06826,-0.34421,-0.13923,0.78582,0.13251,0.58782,-0.00120,0.00016,0.00179,
1403636887201666560,0.11403,-0.06826,-0.34423,-0.13925,0.78585,0.13245,0.58780,-0.00073,-0.00016,0.00046,
1403636887301666560,0.11398,-0.06829,-0.34423,-0.13928,0.78584,0.13246,0.58779,-0.00274,0.00022,0.00137,
1403636887401666304,0.11401,-0.06829,-0.34420,-0.13918,0.78588,0.13249,0.58777,-0.00227,0.00157,0.00251,
1403636887501666560,0.11398,-0.06828,-0.34422,-0.13919,0.78589,0.13250,0.58774,-0.00181,0.00029,0.00113,
1403636887601666560,0.11396,-0.06826,-0.34422,-0.13928,0.78586,0.13247,0.58777,-0.00073,-0.00027,0.00148,
1403636887701666560,0.11396,-0.06825,-0.34423,-0.13933,0.78588,0.13244,0.58774,-0.00021,-0.00068,0.00216,
1403636887801666560,0.11397,-0.06823,-0.34425,-0.13935,0.78590,0.13243,0.58771,0.00029,-0.00062,0.00066,
1403636887901666304,0.11396,-0.06822,-0.34422,-0.13934,0.78593,0.13245,0.58768,-0.00005,0.00074,0.00204,
1403636888001666560,0.11395,-0.06827,-0.34422,-0.13929,0.78596,0.13245,0.58764,-0.00097,0.00032,0.00048,
1403636888101666560,0.11394,-0.06825,-0.34423,-0.13929,0.78594,0.13245,0.58767,-0.00059,0.00051,0.00041,
1403636888201666560,0.11396,-0.06826,-0.34425,-0.13931,0.78595,0.13246,0.58764,-0.00013,0.00064,0.00071,
1403636888301666560,0.11397,-0.06825,-0.34426,-0.13930,0.78594,0.13247,0.58766,-0.00098,0.00070,0.00030,
1403636888401666304,0.11394,-0.06827,-0.34425,-0.13925,0.78597,0.13251,0.58763,-0.00129,0.00062,0.00144,
1403636888501666560,0.11393,-0.06827,-0.34425,-0.13925,0.78598,0.13249,0.58762,-0.00103,0.00019,0.00104,
1403636888601666560,0.11395,-0.06827,-0.34427,-0.13925,0.78594,0.13243,0.58768,0.00317,-0.00988,0.00011,
1403636888701666560,0.11390,-0.06819,-0.34421,-0.13938,0.78577,0.13262,0.58784,0.00420,-0.02359,0.00217,
1403636888801666560,0.11384,-0.06809,-0.34422,-0.13945,0.78573,0.13284,0.58782,0.00282,-0.00646,0.00516,
1403636888901666304,0.11388,-0.06809,-0.34429,-0.13952,0.78591,0.13251,0.58764,0.00025,-0.00354,0.00465,
1403636889001666560,0.11388,-0.06805,-0.34427,-0.13981,0.78575,0.13267,0.58775,0.00232,-0.00713,0.00250,
1403636889101666560,0.11390,-0.06812,-0.34424,-0.13954,0.78582,0.13243,0.58777,0.00223,-0.00347,0.00215,
1403636889201666560,0.11390,-0.06814,-0.34425,-0.13952,0.78585,0.13235,0.58776,-0.00253,0.00975,-0.00014,
1403636889301666560,0.11393,-0.06816,-0.34431,-0.13947,0.78589,0.13218,0.58775,-0.00243,0.00646,-0.00444,
1403636889401666304,0.11397,-0.06817,-0.34427,-0.13963,0.78582,0.13252,0.58773,-0.00092,-0.00202,-0.00043,
1403636889501666560,0.11389,-0.06818,-0.34426,-0.13933,0.78585,0.13247,0.58777,0.00193,0.00210,0.00063,
1403636889601666560,0.11394,-0.06824,-0.34422,-0.13912,0.78584,0.13236,0.58787,-0.00110,0.00169,-0.00188,
1403636889701666560,0.11393,-0.06822,-0.34423,-0.13918,0.78569,0.13253,0.58801,-0.00236,0.00893,-0.00025,
1403636889801666560,0.11388,-0.06820,-0.34425,-0.13930,0.78566,0.13264,0.58800,-0.00257,0.00368,0.00148,
1403636889901666304,0.11387,-0.06826,-0.34420,-0.13922,0.78576,0.13234,0.58795,-0.00408,0.00963,-0.00110,
1403636890001666560,0.11390,-0.06823,-0.34423,-0.13929,0.78580,0.13255,0.58784,-0.00404,0.01676,0.00177,
1403636890101666560,0.11390,-0.06835,-0.34421,-0.13897,0.78579,0.13183,0.58808,-0.00503,0.00430,-0.01070,
1403636890201666560,0.11389,-0.06820,-0.34413,-0.13928,0.78540,0.13237,0.58841,-0.00017,-0.01213,-0.00242,
1403636890301666560,0.11383,-0.06815,-0.34421,-0.13931,0.78568,0.13275,0.58794,-0.00020,0.00453,0.00757,
1403636890401666304,0.11379,-0.06825,-0.34425,-0.13886,0.78588,0.13213,0.58792,-0.00543,0.01089,-0.00534,
1403636890501666560,0.11387,-0.06825,-0.34418,-0.13889,0.78548,0.13194,0.58849,-0.00213,-0.00798,-0.00782,
1403636890601666560,0.11380,-0.06815,-0.34416,-0.13930,0.78536,0.13281,0.58836,0.00394,-0.00869,0.00856,
1403636890701666560,0.11381,-0.06817,-0.34423,-0.13925,0.78580,0.13280,0.58779,-0.00226,0.01382,0.00739,
1403636890801666560,0.11381,-0.06827,-0.34421,-0.13895,0.78576,0.13202,0.58808,-0.00486,0.00780,-0.00909,
1403636890901666304,0.11386,-0.06825,-0.34414,-0.13901,0.78551,0.13210,0.58838,-0.00287,0.00664,-0.00562,
1403636891001666560,0.11383,-0.06822,-0.34422,-0.13915,0.78555,0.13216,0.58829,-0.00079,0.00315,-0.00074,
1403636891101666560,0.11386,-0.06820,-0.34421,-0.13903,0.78558,0.13223,0.58826,-0.00292,0.00365,-0.00081,
1403636891201666560,0.11385,-0.06819,-0.34421,-0.13903,0.78555,0.13231,0.58828,-0.00170,0.00293,-0.00133,
1403636891301666560,0.11389,-0.06818,-0.34421,-0.13910,0.78558,0.13237,0.58822,-0.00090,0.00158,-0.00015,
1403636891401666304,0.11385,-0.06820,-0.34420,-0.13909,0.78552,0.13236,0.58830,-0.00065,-0.00023,0.00002,
1403636891501666560,0.11385,-0.06820,-0.34418,-0.13916,0.78553,0.13240,0.58825,-0.00092,0.00113,0.00115,
1403636891601666560,0.11384,-0.06822,-0.34418,-0.13914,0.78556,0.13238,0.58822,-0.00027,0.00062,0.00032,
1403636891701666560,0.11381,-0.06821,-0.34418,-0.13907,0.78556,0.13234,0.58826,-0.00082,0.00087,0.00016,
1403636891801666560,0.11382,-0.06817,-0.34419,-0.13916,0.78556,0.13236,0.58822,-0.00148,0.00151,0.00014,
1403636891901666304,0.11382,-0.06820,-0.34419,-0.13918,0.78555,0.13239,0.58823,-0.00147,0.00071,-0.00051,
1403636892001666560,0.11385,-0.06818,-0.34419,-0.13911,0.78556,0.13241,0.58823,-0.00020,0.00253,0.00098,
1403636892101666560,0.11383,-0.06821,-0.34421,-0.13917,0.78556,0.13243,0.58821,-0.00138,0.00155,0.00023,
1403636892201666560,0.11388,-0.06820,-0.34422,-0.13915,0.78555,0.13245,0.58822,0.00023,0.00096,-0.00042,
1403636892301666560,0.11390,-0.06828,-0.34422,-0.13880,0.78557,0.13259,0.58825,-0.00188,0.00595,-0.00043,
1403636892401666304,0.11386,-0.06825,-0.34418,-0.13894,0.78558,0.13230,0.58827,-0.00082,0.00394,-0.00276,
1403636892501666560,0.11388,-0.06818,-0.34421,-0.13902,0.78550,0.13237,0.58834,-0.00100,0.00323,-0.00206,
1403636892601666560,0.11382,-0.06821,-0.34419,-0.13908,0.78548,0.13242,0.58833,-0.00114,0.00235,-0.00077,
1403636892701666560,0.11383,-0.06824,-0.34419,-0.13907,0.78548,0.13248,0.58833,-0.00113,0.00220,-0.00168,
1403636892801666560,0.11385,-0.06818,-0.34418,-0.13906,0.78546,0.13258,0.58833,0.00034,0.00334,-0.00086,
1403636892901666304,0.11386,-0.06821,-0.34419,-0.13907,0.78557,0.13250,0.58821,-0.00114,0.00271,0.00097,
1403636893001666560,0.11386,-0.06821,-0.34420,-0.13903,0.78548,0.13257,0.58832,-0.00272,0.00295,-0.00032,
1403636893101666560,0.11385,-0.06821,-0.34418,-0.13902,0.78547,0.13257,0.58834,0.00019,0.00043,-0.00049,
1403636893201666560,0.11383,-0.06818,-0.34418,-0.13906,0.78550,0.13254,0.58830,-0.00115,0.00116,-0.00121,
1403636893301666560,0.11383,-0.06817,-0.34417,-0.13910,0.78550,0.13254,0.58828,-0.00229,0.00120,0.00078,
1403636893401666304,0.11388,-0.06820,-0.34419,-0.13912,0.78551,0.13256,0.58826,-0.00138,0.00163,0.00036,
1403636893501666560,0.11391,-0.06821,-0.34422,-0.13911,0.78550,0.13257,0.58827,-0.00010,0.00211,0.00075,
1403636893601666560,0.11388,-0.06820,-0.34420,-0.13907,0.78551,0.13255,0.58828,-0.00101,0.00093,-0.00046,
1403636893701666560,0.11386,-0.06823,-0.34417,-0.13910,0.78549,0.13261,0.58828,-0.00070,0.00017,-0.00030,
1403636893801666560,0.11386,-0.06819,-0.34418,-0.13913,0.78553,0.13255,0.58824,0.00029,0.00039,0.00059,
1403636893901666304,0.11383,-0.06819,-0.34419,-0.13918,0.78552,0.13250,0.58824,-0.00111,-0.00010,0.00064,
1403636894001666560,0.11382,-0.06816,-0.34419,-0.13918,0.78553,0.13245,0.58824,0.00013,0.00142,0.00029,
1403636894101666560,0.11386,-0.06818,-0.34421,-0.13915,0.78554,0.13248,0.58823,0.00010,0.00201,-0.00075,
1403636894201666560,0.11386,-0.06818,-0.34424,-0.13915,0.78550,0.13249,0.58828,0.00030,0.00112,-0.00142,
1403636894301666560,0.11381,-0.06817,-0.34421,-0.13917,0.78548,0.13248,0.58830,-0.00226,0.00098,-0.00033,
1403636894401666304,0.11386,-0.06818,-0.34420,-0.13916,0.78553,0.13250,0.58824,0.00012,-0.00081,-0.00134,
1403636894501666560,0.11383,-0.06815,-0.34424,-0.13921,0.78548,0.13250,0.58828,-0.00161,0.00068,-0.00110,
1403636894601666560,0.11391,-0.06796,-0.34409,-0.14008,0.78467,0.13332,0.58898,-0.00104,0.00023,-0.00025,
1403636894701666560,0.11389,-0.06794,-0.34406,-0.14007,0.78464,0.13333,0.58901,-0.00104,0.00082,0.00123,
1403636894801666560,0.11388,-0.06797,-0.34406,-0.14003,0.78468,0.13331,0.58898,-0.00124,0.00002,-0.00061,
1403636894901666304,0.11393,-0.06801,-0.34407,-0.13986,0.78466,0.13321,0.58907,-0.00093,-0.00071,-0.00044,
1403636895001666560,0.11396,-0.06797,-0.34408,-0.13986,0.78467,0.13330,0.58903,-0.00056,-0.00149,0.00018,
1403636895101666560,0.11398,-0.06796,-0.34411,-0.13996,0.78467,0.13324,0.58902,-0.00017,-0.00410,0.00061,
1403636895201666560,0.11397,-0.06793,-0.34409,-0.13993,0.78466,0.13315,0.58906,0.00047,-0.00255,-0.00028,
1403636895301666560,0.11396,-0.06796,-0.34408,-0.14000,0.78464,0.13320,0.58906,-0.00253,-0.00362,0.00171,
1403636895401666304,0.11391,-0.06798,-0.34405,-0.13992,0.78465,0.13328,0.58905,-0.00268,-0.00053,0.00057,
1403636895501666560,0.11392,-0.06801,-0.34405,-0.13997,0.78462,0.13330,0.58908,-0.00092,-0.00210,0.00069,
1403636895601666560,0.11393,-0.06795,-0.34406,-0.13994,0.78464,0.13327,0.58906,-0.00076,0.00037,0.00005,
1403636895701666560,0.11393,-0.06796,-0.34406,-0.13989,0.78461,0.13330,0.58911,-0.00259,0.00086,0.00009,
1403636895801666560,0.11394,-0.06797,-0.34403,-0.13983,0.78454,0.13336,0.58920,-0.00085,0.00047,-0.00096,
1403636895901666304,0.11394,-0.06797,-0.34401,-0.13983,0.78458,0.13348,0.58912,-0.00214,-0.00316,0.00122,
1403636896001666560,0.11395,-0.06798,-0.34398,-0.13983,0.78461,0.13354,0.58907,-0.00214,-0.00137,0.00129,
1403636896101666560,0.11413,-0.06803,-0.34408,-0.13998,0.78501,0.13353,0.58850,0.00115,0.00250,-0.00132,
1403636896201666560,0.11432,-0.06808,-0.34420,-0.14003,0.78575,0.13349,0.58751,-0.00276,-0.00132,0.00077,
1403636896301666560,0.11433,-0.06811,-0.34417,-0.13996,0.78562,0.13370,0.58765,-0.00197,0.00097,0.00553,
1403636896401666304,0.11421,-0.06809,-0.34412,-0.13997,0.78525,0.13375,0.58813,0.01038,0.00091,-0.00311,
1403636896501666560,0.11418,-0.06808,-0.34407,-0.13993,0.78505,0.13382,0.58840,-0.00551,-0.00092,-0.00003,
1403636896601666560,0.11416,-0.06810,-0.34402,-0.13987,0.78509,0.13382,0.58835,0.00160,0.00216,-0.00079,
1403636896701666560,0.11429,-0.06813,-0.34405,-0.13992,0.78536,0.13394,0.58795,0.00401,-0.00414,-0.00432,
1403636896801666560,0.11435,-0.06818,-0.34411,-0.14008,0.78563,0.13409,0.58752,0.00186,0.00503,0.00614,
1403636896901666304,0.11440,-0.06826,-0.34408,-0.13998,0.78556,0.13432,0.58758,0.00181,-0.00374,-0.00263,
1403636897001666560,0.11412,-0.06817,-0.34392,-0.14016,0.78506,0.13436,0.58821,-0.00206,-0.00111,0.00403,
1403636897101666560,0.11360,-0.06826,-0.34362,-0.14103,0.78448,0.13653,0.58827,-0.01848,-0.00813,-0.00194,
1403636897201666560,0.11230,-0.06858,-0.34379,-0.14272,0.78442,0.13927,0.58730,-0.01848,-0.01211,0.00421,
1403636897301666560,0.10990,-0.07161,-0.34438,-0.14196,0.78538,0.13816,0.58647,-0.03872,-0.04858,-0.01024,
1403636897401666304,0.10431,-0.07934,-0.34481,-0.13689,0.78893,0.13542,0.58354,-0.07341,-0.09981,-0.00657,
1403636897501666560,0.09497,-0.09116,-0.34537,-0.12896,0.79430,0.13361,0.57845,-0.09423,-0.13131,-0.01307,
1403636897601666560,0.08311,-0.10485,-0.34515,-0.11991,0.80254,0.13278,0.56915,-0.12715,-0.14758,0.02062,
1403636897701666560,0.06962,-0.12059,-0.34027,-0.10747,0.81283,0.13627,0.55605,-0.13441,-0.16260,0.07785,
1403636897801666560,0.05784,-0.13632,-0.32858,-0.09931,0.82076,0.14066,0.54470,-0.11049,-0.15043,0.14735,
1403636897901666304,0.04921,-0.14959,-0.31003,-0.09563,0.82590,0.14357,0.53678,-0.06961,-0.11532,0.21570,
1403636898001666560,0.04642,-0.15965,-0.28759,-0.09702,0.82057,0.14504,0.54425,-0.00467,-0.08372,0.19245,
1403636898101666560,0.04770,-0.16614,-0.27250,-0.10176,0.81440,0.14556,0.55246,0.00871,-0.06532,0.11497,
1403636898201666560,0.05060,-0.17111,-0.26039,-0.10510,0.81106,0.14726,0.55628,0.02847,-0.04467,0.12670,
1403636898301666560,0.05590,-0.17412,-0.24607,-0.10696,0.80998,0.14987,0.55681,0.05071,-0.02497,0.16205,
1403636898401666304,0.06229,-0.17530,-0.22795,-0.10912,0.80946,0.15294,0.55631,0.06886,-0.00232,0.19666,
1403636898501666560,0.06910,-0.17536,-0.20702,-0.11235,0.80953,0.15526,0.55492,0.08367,0.01007,0.21754,
1403636898601666560,0.07773,-0.17376,-0.18562,-0.11363,0.80933,0.15777,0.55423,0.09869,0.02223,0.20847,
1403636898701666560,0.08799,-0.17109,-0.16544,-0.11393,0.80940,0.16033,0.55333,0.10921,0.03863,0.18492,
1403636898801666560,0.10008,-0.16677,-0.14741,-0.11630,0.80917,0.16116,0.55294,0.12985,0.05424,0.16678,
1403636898901666304,0.11453,-0.16091,-0.13164,-0.11977,0.81012,0.16026,0.55107,0.14743,0.06646,0.14746,
1403636899001666560,0.13120,-0.15471,-0.11768,-0.12575,0.81129,0.15638,0.54913,0.18363,0.05916,0.11655,
1403636899101666560,0.15150,-0.15029,-0.10631,-0.12678,0.81144,0.14792,0.55101,0.22551,0.03202,0.10567,
1403636899201666560,0.17476,-0.14947,-0.09458,-0.11886,0.80986,0.13756,0.55774,0.24875,-0.00517,0.11387,
1403636899301666560,0.19933,-0.15072,-0.08303,-0.10873,0.80627,0.12072,0.56881,0.23437,-0.03585,0.10238,
1403636899401666304,0.22327,-0.15555,-0.07363,-0.09276,0.80429,0.10087,0.57822,0.23403,-0.06550,0.09445,
1403636899501666560,0.24443,-0.16267,-0.06650,-0.08238,0.80761,0.07910,0.57855,0.18409,-0.07963,0.06524,
1403636899601666560,0.26338,-0.17185,-0.06115,-0.07654,0.81432,0.06214,0.57198,0.18001,-0.10257,0.05695,
1403636899701666560,0.28319,-0.18368,-0.05545,-0.07176,0.81817,0.05041,0.56825,0.20383,-0.13426,0.06163,
1403636899801666560,0.30397,-0.19905,-0.05051,-0.06482,0.82110,0.04395,0.56539,0.21869,-0.16774,0.04713,
1403636899901666304,0.32636,-0.21732,-0.04744,-0.05525,0.82137,0.04351,0.56604,0.24267,-0.19018,0.02240,
1403636900001666560,0.35039,-0.23684,-0.04620,-0.04850,0.81802,0.04426,0.57143,0.25267,-0.19435,0.00224,
1403636900101666560,0.37461,-0.25625,-0.04579,-0.04631,0.81302,0.04441,0.57869,0.24428,-0.20137,0.02862,
1403636900201666560,0.39666,-0.27670,-0.03852,-0.04492,0.80930,0.04556,0.58390,0.21893,-0.20254,0.11690,
1403636900301666560,0.41537,-0.29754,-0.02287,-0.04401,0.80997,0.04775,0.58286,0.17872,-0.20443,0.20139,
1403636900401666304,0.43282,-0.31770,0.00022,-0.04621,0.81464,0.04992,0.57597,0.16172,-0.20065,0.25580,
1403636900501666560,0.44739,-0.33756,0.02499,-0.04734,0.81835,0.05315,0.57029,0.15746,-0.20424,0.23696,
1403636900601666560,0.46332,-0.35795,0.04640,-0.04956,0.82024,0.05510,0.56719,0.17244,-0.19799,0.18911,
1403636900701666560,0.47928,-0.37681,0.06122,-0.05135,0.82491,0.05644,0.56009,0.18349,-0.19849,0.11462,
1403636900801666560,0.49808,-0.39634,0.07056,-0.05494,0.82879,0.05664,0.55398,0.21304,-0.19890,0.06115,
1403636900901666304,0.52118,-0.41599,0.07483,-0.06306,0.82707,0.05273,0.55605,0.25230,-0.20249,0.01929,
1403636901001666560,0.54864,-0.43822,0.07440,-0.06834,0.82405,0.04975,0.56018,0.29180,-0.23766,-0.03413,
1403636901101666560,0.57791,-0.46547,0.07088,-0.07251,0.82253,0.04731,0.56210,0.30555,-0.28608,-0.06568,
1403636901201666560,0.60827,-0.49645,0.06455,-0.07342,0.82153,0.04637,0.56351,0.33226,-0.32956,-0.04940,
1403636901301666560,0.64078,-0.52971,0.06134,-0.06953,0.82081,0.04895,0.56484,0.31341,-0.37499,0.00040,
1403636901401666304,0.67630,-0.56782,0.06394,-0.06591,0.82035,0.05130,0.56573,0.37941,-0.39511,0.06037,
1403636901501666560,0.71428,-0.60806,0.07422,-0.06050,0.81962,0.05459,0.56708,0.38725,-0.41352,0.11017,
1403636901601666560,0.75120,-0.64997,0.08300,-0.05678,0.81894,0.05661,0.56824,0.38741,-0.41751,0.05257,
1403636901701666560,0.78971,-0.69134,0.08530,-0.05601,0.81706,0.05662,0.57103,0.38508,-0.41581,-0.02060,
1403636901801666560,0.82774,-0.73399,0.08067,-0.05715,0.81648,0.05582,0.57183,0.38759,-0.42477,-0.08393,
1403636901901666304,0.86501,-0.77621,0.07033,-0.05644,0.81638,0.05657,0.57196,0.37338,-0.42545,-0.13291,
1403636902001666560,0.90154,-0.82017,0.05682,-0.05517,0.81611,0.05796,0.57232,0.36309,-0.42312,-0.15251,
1403636902101666560,0.93737,-0.86385,0.04710,-0.05487,0.81547,0.05912,0.57316,0.37316,-0.42014,-0.08338,
1403636902201666560,0.97302,-0.90666,0.04294,-0.05422,0.81565,0.06019,0.57285,0.36028,-0.42475,-0.01991,
1403636902301666560,1.00529,-0.95129,0.04380,-0.05638,0.81604,0.05768,0.57234,0.35232,-0.42740,-0.03248,
1403636902401666304,1.03838,-0.99406,0.03371,-0.05671,0.81680,0.05553,0.57143,0.34153,-0.43781,-0.17000,
1403636902501666560,1.06712,-1.03846,0.01167,-0.05350,0.81784,0.05510,0.57030,0.33372,-0.44682,-0.26669,
1403636902601666560,1.09761,-1.08055,-0.01740,-0.04686,0.81795,0.05627,0.57061,0.33754,-0.43757,-0.25376,
1403636902701666560,1.12597,-1.12184,-0.03911,-0.04155,0.81717,0.05678,0.57209,0.32544,-0.42027,-0.17702,
1403636902801666560,1.15577,-1.16203,-0.05400,-0.04098,0.81670,0.05507,0.57296,0.30689,-0.39931,-0.10210,
1403636902901666304,1.18591,-1.19926,-0.06042,-0.04296,0.81450,0.05499,0.57596,0.30804,-0.37620,-0.02660,
1403636903001666560,1.21536,-1.23653,-0.06105,-0.04459,0.81452,0.05589,0.57571,0.26406,-0.36591,0.02941,
1403636903101666560,1.24360,-1.27239,-0.05381,-0.04680,0.81490,0.05695,0.57490,0.29818,-0.33835,0.13147,
1403636903201666560,1.27324,-1.30731,-0.03676,-0.04875,0.81567,0.05811,0.57352,0.28915,-0.33540,0.20581,
1403636903301666560,1.29971,-1.34137,-0.01374,-0.04893,0.81715,0.06057,0.57115,0.26432,-0.34177,0.24710,
1403636903401666304,1.32545,-1.37425,0.00853,-0.04723,0.81786,0.06362,0.56993,0.25652,-0.33205,0.18672,
1403636903501666560,1.34997,-1.40414,0.02409,-0.04666,0.81809,0.06522,0.56947,0.25276,-0.32521,0.11766,
1403636903601666560,1.37451,-1.43465,0.03371,-0.04731,0.81846,0.06607,0.56878,0.24307,-0.30844,0.04417,
1403636903701666560,1.39952,-1.46433,0.03505,-0.05087,0.82150,0.06434,0.56427,0.24925,-0.28817,-0.02686,
1403636903801666560,1.42600,-1.49283,0.03276,-0.05516,0.82403,0.06197,0.56044,0.27681,-0.28784,-0.02150,
1403636903901666304,1.45634,-1.52255,0.03522,-0.05959,0.82431,0.05916,0.55988,0.32795,-0.29370,0.07926,
1403636904001666560,1.48917,-1.55153,0.04552,-0.06321,0.82253,0.05666,0.56235,0.33191,-0.30596,0.15123,
1403636904101666560,1.52287,-1.58402,0.06344,-0.06568,0.82056,0.05471,0.56513,0.38216,-0.32569,0.22026,
1403636904201666560,1.55808,-1.61914,0.08817,-0.06837,0.82010,0.05252,0.56569,0.35874,-0.36560,0.26477,
1403636904301666560,1.59114,-1.65472,0.11502,-0.06796,0.81923,0.05171,0.56708,0.35043,-0.38785,0.24851,
1403636904401666304,1.62755,-1.69475,0.13928,-0.06594,0.81805,0.05168,0.56901,0.35548,-0.41685,0.19876,
1403636904501666560,1.66263,-1.73708,0.15800,-0.06273,0.81766,0.05267,0.56985,0.34726,-0.43862,0.14210,
1403636904601666560,1.69884,-1.78067,0.17151,-0.05864,0.81754,0.05398,0.57033,0.35081,-0.45002,0.10473,
1403636904701666560,1.73536,-1.82674,0.18334,-0.05423,0.81786,0.05504,0.57020,0.35510,-0.45610,0.09862,
1403636904801666560,1.77207,-1.87285,0.19295,-0.05057,0.81769,0.05566,0.57073,0.35104,-0.46056,0.07755,
1403636904901666304,1.80870,-1.91846,0.20077,-0.04626,0.81816,0.05664,0.57032,0.34952,-0.44997,0.03000,
1403636905001666560,1.84467,-1.96262,0.20224,-0.04307,0.81820,0.05662,0.57052,0.34247,-0.43998,-0.01917,
1403636905101666560,1.88128,-2.00633,0.20212,-0.04021,0.81779,0.05640,0.57134,0.34939,-0.42247,-0.00573,
1403636905201666560,1.91676,-2.04718,0.20374,-0.03781,0.81736,0.05566,0.57219,0.36991,-0.40971,0.04842,
1403636905301666560,1.95367,-2.08565,0.21128,-0.03479,0.81848,0.05546,0.57079,0.36543,-0.37685,0.09414,
1403636905401666304,1.98701,-2.12103,0.22428,-0.03322,0.82117,0.05492,0.56707,0.34527,-0.34093,0.16148,
1403636905501666560,2.02220,-2.15364,0.24268,-0.03305,0.82170,0.05999,0.56579,0.34970,-0.29513,0.19665,
1403636905601666560,2.05743,-2.18185,0.26029,-0.03308,0.82136,0.06652,0.56555,0.35865,-0.26720,0.14205,
1403636905701666560,2.09301,-2.20608,0.27053,-0.03768,0.82179,0.06897,0.56434,0.35756,-0.23123,0.06152,
1403636905801666560,2.13002,-2.22932,0.27389,-0.04308,0.82183,0.06973,0.56381,0.37335,-0.20730,-0.01722,
1403636905901666304,2.16779,-2.24936,0.26965,-0.04651,0.82254,0.07094,0.56234,0.37324,-0.18034,-0.08693,
1403636906001666560,2.20637,-2.26615,0.25940,-0.04854,0.82475,0.07243,0.55873,0.39198,-0.16555,-0.13077,
1403636906101666560,2.24555,-2.27809,0.24576,-0.04728,0.82665,0.07556,0.55562,0.41835,-0.13110,-0.14024,
1403636906201666560,2.28951,-2.28971,0.23559,-0.04815,0.82571,0.07684,0.55676,0.46084,-0.10504,-0.06664,
1403636906301666560,2.33807,-2.29852,0.23446,-0.05152,0.82038,0.07614,0.56437,0.47600,-0.07955,0.01475,
1403636906401666304,2.38454,-2.30595,0.23923,-0.05741,0.81666,0.07245,0.56966,0.46181,-0.06806,0.07138,
1403636906501666560,2.43085,-2.31274,0.24832,-0.06927,0.81605,0.06391,0.57024,0.46035,-0.08138,0.09241,
1403636906601666560,2.47615,-2.32148,0.25559,-0.07459,0.81902,0.05985,0.56575,0.44660,-0.11516,0.04577,
1403636906701666560,2.52132,-2.33478,0.25856,-0.06955,0.81908,0.06315,0.56594,0.45272,-0.14995,-0.00228,
1403636906801666560,2.56723,-2.34995,0.25551,-0.06132,0.81861,0.06891,0.56689,0.45619,-0.16956,-0.05924,
1403636906901666304,2.61466,-2.36501,0.24836,-0.05684,0.81890,0.07342,0.56637,0.45141,-0.15658,-0.07343,
1403636907001666560,2.66231,-2.38047,0.24517,-0.05491,0.81877,0.07699,0.56628,0.45880,-0.14270,-0.01102,
1403636907101666560,2.70971,-2.39321,0.24775,-0.05533,0.81927,0.07861,0.56530,0.46463,-0.13078,0.04872,
1403636907201666560,2.75852,-2.40491,0.25024,-0.05494,0.82212,0.08046,0.56092,0.47061,-0.11169,-0.01756,
1403636907301666560,2.80767,-2.41401,0.24536,-0.05680,0.82530,0.08090,0.55597,0.49760,-0.08944,-0.06754,
1403636907401666304,2.85919,-2.42132,0.23978,-0.06256,0.82654,0.07826,0.55389,0.51719,-0.07231,-0.03607,
1403636907501666560,2.91415,-2.42812,0.24008,-0.06851,0.82686,0.07513,0.55314,0.56228,-0.07600,0.05423,
1403636907601666560,2.97185,-2.43656,0.24928,-0.07354,0.82699,0.07205,0.55271,0.58763,-0.09212,0.14509,
1403636907701666560,3.03530,-2.44635,0.26587,-0.07654,0.82693,0.06998,0.55266,0.64051,-0.11779,0.20716,
1403636907801666560,3.10182,-2.46015,0.28786,-0.07830,0.82668,0.06882,0.55293,0.66718,-0.15358,0.22794,
1403636907901666304,3.17362,-2.47658,0.30237,-0.07863,0.82541,0.06878,0.55479,0.72033,-0.16761,0.09151,
1403636908001666560,3.24804,-2.49509,0.30491,-0.07308,0.82167,0.07359,0.56045,0.76629,-0.18372,-0.01576,
1403636908101666560,3.32579,-2.51464,0.30158,-0.06778,0.81819,0.07944,0.56539,0.76544,-0.19770,-0.01773,
1403636908201666560,3.39994,-2.53477,0.30292,-0.06681,0.81565,0.08293,0.56865,0.73004,-0.19057,0.03724,
1403636908301666560,3.46949,-2.55506,0.30708,-0.06702,0.81485,0.08571,0.56936,0.70143,-0.18991,0.02493,
1403636908401666304,3.53987,-2.57508,0.30750,-0.06803,0.81527,0.08782,0.56832,0.68797,-0.18641,-0.03685,
1403636908501666560,3.60993,-2.59505,0.30255,-0.06948,0.81624,0.08966,0.56647,0.68994,-0.17576,-0.08504,
1403636908601666560,3.68013,-2.61360,0.29409,-0.07074,0.81663,0.09146,0.56545,0.68780,-0.17205,-0.07737,
1403636908701666560,3.74996,-2.63339,0.29114,-0.07165,0.81791,0.09348,0.56316,0.67376,-0.18093,-0.00789,
1403636908801666560,3.81953,-2.65058,0.29556,-0.07431,0.82056,0.09333,0.55897,0.69466,-0.16824,0.07316,
1403636908901666304,3.89140,-2.66798,0.30949,-0.07588,0.82357,0.09313,0.55435,0.72631,-0.16550,0.16859,
1403636909001666560,3.96537,-2.68371,0.32899,-0.07791,0.82428,0.09274,0.55307,0.75727,-0.15487,0.22303,
1403636909101666560,4.04333,-2.70025,0.34930,-0.08044,0.82485,0.09067,0.55221,0.78090,-0.15640,0.18614,
1403636909201666560,4.12277,-2.71703,0.36510,-0.08102,0.82502,0.08975,0.55201,0.80754,-0.17321,0.12066,
1403636909301666560,4.20368,-2.73492,0.37516,-0.08114,0.82550,0.08878,0.55144,0.83478,-0.18209,0.07184,
1403636909401666304,4.28877,-2.75372,0.38072,-0.07966,0.82420,0.08872,0.55361,0.87307,-0.18696,0.03834,
1403636909501666560,4.37714,-2.77429,0.38258,-0.07649,0.82115,0.08943,0.55845,0.88563,-0.19087,-0.01978,
1403636909601666560,4.46613,-2.79365,0.37648,-0.07712,0.82004,0.08730,0.56032,0.88686,-0.19731,-0.08062,
1403636909701666560,4.55356,-2.81307,0.36695,-0.08033,0.81804,0.08345,0.56338,0.89066,-0.21396,-0.12485,
1403636909801666560,4.64258,-2.83460,0.35113,-0.07555,0.81320,0.08555,0.57069,0.88665,-0.23086,-0.18093,
1403636909901666304,4.73013,-2.85751,0.33243,-0.06229,0.80940,0.09403,0.57632,0.85789,-0.22174,-0.22336,
1403636910001666560,4.81147,-2.87773,0.30525,-0.05068,0.80427,0.10158,0.58332,0.80484,-0.18668,-0.27324,
1403636910101666560,4.89117,-2.89432,0.27724,-0.05207,0.80335,0.10096,0.58457,0.75311,-0.12717,-0.25798,
1403636910201666560,4.96753,-2.90519,0.25303,-0.06059,0.80843,0.09599,0.57755,0.75028,-0.08744,-0.20045,
1403636910301666560,5.03946,-2.91353,0.23860,-0.06594,0.81248,0.09326,0.57170,0.71083,-0.07190,-0.10333,
1403636910401666304,5.11131,-2.92188,0.23123,-0.06869,0.81519,0.09270,0.56759,0.69421,-0.06184,-0.01853,
1403636910501666560,5.18146,-2.92801,0.23040,-0.06979,0.81583,0.09386,0.56635,0.69297,-0.05525,0.02474,
1403636910601666560,5.24951,-2.93420,0.22989,-0.06891,0.81609,0.09579,0.56575,0.69369,-0.05037,-0.01122,
1403636910701666560,5.31645,-2.93949,0.22462,-0.06911,0.81618,0.09648,0.56547,0.68340,-0.03754,-0.08087,
1403636910801666560,5.38292,-2.94350,0.21246,-0.07055,0.81660,0.09580,0.56481,0.67530,-0.02858,-0.14561,
1403636910901666304,5.45067,-2.94647,0.19423,-0.07358,0.81723,0.09409,0.56380,0.67027,-0.01862,-0.19187,
1403636911001666560,5.51924,-2.94945,0.17760,-0.07917,0.81123,0.09069,0.57220,0.67780,-0.01754,-0.13485,
1403636911101666560,5.58387,-2.95313,0.16583,-0.08150,0.80389,0.08930,0.58236,0.66235,-0.03932,-0.11179,
1403636911201666560,5.64444,-2.95774,0.15809,-0.07877,0.80734,0.09126,0.57764,0.61103,-0.06656,-0.05836,
1403636911301666560,5.70242,-2.96445,0.15780,-0.07562,0.81274,0.09338,0.57010,0.57538,-0.07637,0.00166,
1403636911401666304,5.75785,-2.97225,0.16671,-0.07276,0.81422,0.09505,0.56809,0.52924,-0.07661,0.11125,
1403636911501666560,5.81202,-2.97946,0.18297,-0.07110,0.81485,0.09555,0.56731,0.52481,-0.06840,0.13915,
1403636911601666560,5.86674,-2.98547,0.19641,-0.07044,0.81529,0.09569,0.56674,0.51762,-0.05989,0.10468,
1403636911701666560,5.92187,-2.99071,0.20576,-0.07022,0.81531,0.09541,0.56677,0.52210,-0.06068,0.05528,
1403636911801666560,5.97915,-2.99506,0.20925,-0.07408,0.81578,0.09170,0.56621,0.52706,-0.05267,0.00703,
1403636911901666304,6.03594,-3.00078,0.20854,-0.08140,0.81822,0.08574,0.56262,0.53987,-0.06179,-0.07223,
1403636912001666560,6.09163,-3.00788,0.20028,-0.08418,0.81999,0.08276,0.56007,0.56391,-0.09032,-0.09952,
1403636912101666560,6.15249,-3.01649,0.18758,-0.08162,0.82007,0.08329,0.56025,0.58125,-0.10339,-0.12473,
1403636912201666560,6.21238,-3.02649,0.17798,-0.07885,0.81872,0.08516,0.56235,0.60725,-0.12023,-0.02650,
1403636912301666560,6.27257,-3.03866,0.17484,-0.07491,0.81705,0.08754,0.56494,0.60747,-0.12843,0.02777,
1403636912401666304,6.33234,-3.05169,0.17707,-0.07398,0.81713,0.08736,0.56498,0.62358,-0.12839,0.06648,
1403636912501666560,6.39588,-3.06449,0.17755,-0.07911,0.81742,0.08300,0.56451,0.62620,-0.14245,0.00347,
1403636912601666560,6.45808,-3.07895,0.17235,-0.07984,0.81780,0.08112,0.56413,0.63489,-0.15235,-0.05410,
1403636912701666560,6.51953,-3.09558,0.16077,-0.08447,0.81801,0.07678,0.56377,0.63770,-0.17642,-0.12436,
1403636912801666560,6.58112,-3.11500,0.14402,-0.08883,0.81765,0.07325,0.56409,0.64298,-0.21260,-0.15194,
1403636912901666304,6.64277,-3.13847,0.12578,-0.08554,0.81690,0.07499,0.56545,0.65148,-0.26047,-0.18585,
1403636913001666560,6.70339,-3.16506,0.10264,-0.07960,0.81327,0.07900,0.57098,0.63391,-0.28414,-0.23783,
1403636913101666560,6.75949,-3.19435,0.07735,-0.07552,0.81023,0.08193,0.57542,0.60889,-0.30138,-0.22985,
1403636913201666560,6.81612,-3.22440,0.05637,-0.07279,0.80768,0.08423,0.57901,0.57459,-0.30791,-0.17576,
1403636913301666560,6.87248,-3.25505,0.04296,-0.07169,0.80828,0.08535,0.57815,0.57282,-0.30787,-0.08827,
1403636913401666304,6.92534,-3.28648,0.03654,-0.07571,0.81187,0.08302,0.57292,0.55851,-0.31129,-0.00781,
1403636913501666560,6.97882,-3.31788,0.03617,-0.07975,0.81451,0.07983,0.56906,0.54508,-0.33411,0.01319,
1403636913601666560,7.03043,-3.35234,0.03306,-0.07643,0.81496,0.08156,0.56863,0.54022,-0.34597,-0.03605,
1403636913701666560,7.07801,-3.38678,0.02389,-0.07341,0.81529,0.08289,0.56837,0.52697,-0.35402,-0.08628,
1403636913801666560,7.12835,-3.42258,0.01191,-0.07205,0.81488,0.08364,0.56902,0.51544,-0.35329,-0.08907,
1403636913901666304,7.17492,-3.45611,0.00464,-0.07074,0.81427,0.08447,0.56993,0.51350,-0.34669,-0.02324,
1403636914001666560,7.22467,-3.49240,0.00499,-0.07003,0.81379,0.08546,0.57056,0.49219,-0.35628,0.07129,
1403636914101666560,7.27270,-3.53033,0.00944,-0.07298,0.81362,0.08348,0.57072,0.49445,-0.35259,0.08482,
1403636914201666560,7.31917,-3.56768,0.01456,-0.07494,0.81396,0.08191,0.57021,0.47630,-0.36491,0.03933,
1403636914301666560,7.36370,-3.60527,0.01485,-0.07312,0.81460,0.08255,0.56944,0.45645,-0.37134,-0.01429,
1403636914401666304,7.40613,-3.64218,0.01039,-0.06948,0.81362,0.08481,0.57097,0.43920,-0.37999,-0.03538,
1403636914501666560,7.45013,-3.67996,0.00989,-0.06672,0.81344,0.08642,0.57131,0.42998,-0.37495,0.03178,
1403636914601666560,7.49289,-3.71888,0.01572,-0.06571,0.81320,0.08660,0.57175,0.43479,-0.36684,0.10822,
1403636914701666560,7.53399,-3.75598,0.03001,-0.06549,0.81203,0.08637,0.57346,0.41732,-0.35864,0.17460,
1403636914801666560,7.57154,-3.79104,0.04604,-0.06424,0.81140,0.08627,0.57451,0.39415,-0.34494,0.15463,
1403636914901666304,7.60920,-3.82539,0.05717,-0.06327,0.81245,0.08580,0.57320,0.36862,-0.34492,0.07095,
1403636915001666560,7.64398,-3.85841,0.06253,-0.06242,0.81460,0.08523,0.57032,0.35565,-0.32684,0.00772,
1403636915101666560,7.68037,-3.88934,0.06227,-0.06120,0.81625,0.08516,0.56810,0.35443,-0.31856,-0.03699,
1403636915201666560,7.71594,-3.92130,0.05523,-0.06018,0.81860,0.08515,0.56481,0.35640,-0.29363,-0.10243,
1403636915301666560,7.75285,-3.94980,0.04387,-0.05896,0.82346,0.08512,0.55784,0.36872,-0.27258,-0.14742,
1403636915401666304,7.79181,-3.97632,0.02990,-0.05833,0.82713,0.08574,0.55237,0.39935,-0.25068,-0.15342,
1403636915501666560,7.83466,-4.00059,0.01804,-0.06180,0.82541,0.08334,0.55491,0.43936,-0.22960,-0.08964,
1403636915601666560,7.87941,-4.02238,0.01278,-0.07097,0.81992,0.07712,0.56280,0.48102,-0.21183,-0.00688,
1403636915701666560,7.92599,-4.04539,0.01478,-0.07914,0.81611,0.07193,0.56792,0.47216,-0.25152,0.04384,
1403636915801666560,7.97142,-4.07205,0.02395,-0.08080,0.81439,0.07129,0.57023,0.45752,-0.28275,0.12014,
1403636915901666304,8.01701,-4.10085,0.04119,-0.08108,0.81342,0.07187,0.57149,0.44270,-0.31251,0.21230,
1403636916001666560,8.07143,-4.14492,0.05649,-0.07528,0.81235,0.07656,0.57321,0.45042,-0.34795,0.15603,
1403636916101666560,8.10655,-4.17016,0.07466,-0.06670,0.81218,0.08299,0.57361,0.42689,-0.34605,0.11787,
1403636916201666560,8.14820,-4.20510,0.08261,-0.06260,0.81242,0.08680,0.57316,0.40467,-0.34000,0.07962,
1403636916301666560,8.18774,-4.23893,0.09204,-0.06437,0.81260,0.08630,0.57279,0.37487,-0.33049,0.12403,
1403636916401666304,8.22650,-4.27098,0.10715,-0.06346,0.81327,0.08676,0.57187,0.38032,-0.32927,0.16519,
1403636916501666560,8.26536,-4.30407,0.12090,-0.05676,0.81326,0.08259,0.57321,0.37300,-0.33030,0.10975,
1403636916601666560,8.30368,-4.33585,0.13019,-0.04652,0.81411,0.07283,0.57424,0.37556,-0.31032,0.06373,
1403636916701666560,8.34108,-4.36603,0.13387,-0.03794,0.81495,0.06231,0.57492,0.35478,-0.27811,0.01022,
1403636916801666560,8.37558,-4.39243,0.13202,-0.03283,0.81506,0.05314,0.57600,0.33676,-0.24482,-0.04486,
1403636916901666304,8.40769,-4.41512,0.12595,-0.02736,0.81542,0.04762,0.57626,0.31945,-0.22017,-0.07903,
1403636917001666560,8.43870,-4.43335,0.11536,-0.02433,0.81530,0.04378,0.57687,0.30972,-0.18456,-0.13231,
1403636917101666560,8.46868,-4.44951,0.09894,-0.02513,0.81571,0.03931,0.57658,0.29286,-0.15666,-0.18465,
1403636917201666560,8.49795,-4.46441,0.07839,-0.02674,0.81590,0.03367,0.57659,0.28188,-0.15633,-0.22529,
1403636917301666560,8.52411,-4.48023,0.05250,-0.02114,0.81557,0.02446,0.57775,0.25692,-0.16225,-0.27750,
1403636917401666304,8.55017,-4.49650,0.02224,-0.00826,0.81535,0.01063,0.57881,0.24894,-0.16696,-0.32982,
1403636917501666560,8.57644,-4.51186,-0.01265,0.00399,0.81536,-0.00621,0.57891,0.24167,-0.15155,-0.33934,
1403636917601666560,8.60158,-4.52492,-0.04464,0.01146,0.81470,-0.02065,0.57940,0.24373,-0.13000,-0.27348,
1403636917701666560,8.62347,-4.53558,-0.06862,0.01777,0.81356,-0.03112,0.58037,0.21878,-0.10845,-0.21185,
1403636917801666560,8.64276,-4.54379,-0.08431,0.02466,0.81277,-0.03931,0.58074,0.20083,-0.09103,-0.12129,
1403636917901666304,8.65926,-4.55139,-0.09027,0.03087,0.81184,-0.04523,0.58131,0.16580,-0.07003,-0.01697,
1403636918001666560,8.67333,-4.55617,-0.09271,0.03497,0.81236,-0.04908,0.58003,0.14550,-0.05180,-0.03505,
1403636918101666560,8.68608,-4.55996,-0.10034,0.03873,0.81334,-0.05043,0.57830,0.12436,-0.02903,-0.08794,
1403636918201666560,8.69656,-4.56208,-0.11125,0.04212,0.81473,-0.04972,0.57617,0.11881,-0.00637,-0.09625,
1403636918301666560,8.70707,-4.56162,-0.11849,0.04439,0.81568,-0.04827,0.57478,0.10505,0.01896,-0.02696,
1403636918401666304,8.71551,-4.55866,-0.12025,0.04433,0.82167,-0.04748,0.56625,0.09401,0.05184,0.02152,
1403636918501666560,8.72704,-4.55280,-0.11370,0.04401,0.82758,-0.04645,0.55768,0.13294,0.07879,0.11282,
1403636918601666560,8.74198,-4.54382,-0.09832,0.04361,0.82940,-0.04497,0.55514,0.19328,0.09963,0.20084,
1403636918701666560,8.76211,-4.53160,-0.07328,0.04100,0.82799,-0.04413,0.55750,0.22954,0.13064,0.28490,
1403636918801666560,8.78637,-4.51661,-0.04170,0.02840,0.82468,-0.05048,0.56262,0.26700,0.15064,0.34544,
1403636918901666304,8.81475,-4.50199,-0.00407,0.01603,0.81846,-0.05910,0.57129,0.27018,0.11539,0.37382,
1403636919001666560,8.84140,-4.49199,0.03515,0.01097,0.81317,-0.07050,0.57764,0.27717,0.06855,0.40100,
1403636919101666560,8.86854,-4.48840,0.07629,0.01008,0.81001,-0.07916,0.58096,0.25842,0.00151,0.43994,
1403636919201666560,8.89170,-4.49091,0.12032,0.01303,0.80816,-0.08432,0.58275,0.21092,-0.06672,0.44647,
1403636919301666560,8.91174,-4.49943,0.16505,0.01746,0.80753,-0.08734,0.58306,0.17636,-0.12335,0.42979,
1403636919401666304,8.92678,-4.51467,0.20319,0.02453,0.80685,-0.08988,0.58336,0.13826,-0.17247,0.35564,
1403636919501666560,8.93809,-4.53515,0.23536,0.03648,0.80685,-0.08723,0.58314,0.10557,-0.21098,0.30607,
1403636919601666560,8.94455,-4.55751,0.25947,0.04847,0.80699,-0.08328,0.58266,0.07521,-0.22126,0.23553,
1403636919701666560,8.94932,-4.57980,0.27709,0.05500,0.80618,-0.08127,0.58347,0.04736,-0.20820,0.16281,
1403636919801666560,8.95121,-4.60023,0.28797,0.05503,0.80529,-0.08256,0.58452,0.01541,-0.19822,0.09170,
1403636919901666304,8.95189,-4.61903,0.29282,0.05337,0.80459,-0.08414,0.58542,-0.00641,-0.18537,0.02321,
1403636920001666560,8.94795,-4.63749,0.29098,0.04894,0.80301,-0.08703,0.58754,-0.04995,-0.18081,-0.04888,
1403636920101666560,8.94103,-4.65686,0.28512,0.04306,0.80146,-0.09023,0.58963,-0.09356,-0.19160,-0.10128,
1403636920201666560,8.93047,-4.67727,0.27409,0.03786,0.80050,-0.09275,0.59091,-0.13916,-0.21298,-0.14858,
1403636920301666560,8.91473,-4.70056,0.25785,0.04313,0.80102,-0.08800,0.59056,-0.18204,-0.23547,-0.17569,
1403636920401666304,8.89354,-4.72561,0.23786,0.05171,0.80173,-0.08131,0.58987,-0.22013,-0.24078,-0.18215,
1403636920501666560,8.87109,-4.74898,0.22267,0.05660,0.80457,-0.07688,0.58613,-0.26268,-0.22502,-0.12466,
1403636920601666560,8.84283,-4.77065,0.21484,0.05769,0.80837,-0.07582,0.58092,-0.29570,-0.19741,-0.05184,
1403636920701666560,8.81286,-4.78929,0.21541,0.05769,0.81279,-0.07630,0.57464,-0.31109,-0.17588,0.03554,
1403636920801666560,8.78343,-4.80691,0.22308,0.05711,0.81662,-0.07737,0.56910,-0.29264,-0.16164,0.09990,
1403636920901666304,8.75546,-4.82110,0.23955,0.05602,0.81862,-0.07850,0.56618,-0.27914,-0.14699,0.19249,
1403636921001666560,8.73057,-4.83452,0.25990,0.05634,0.81910,-0.07900,0.56539,-0.25652,-0.12932,0.17540,
1403636921101666560,8.70696,-4.84724,0.27539,0.05624,0.81865,-0.07979,0.56593,-0.23627,-0.11776,0.11839,
1403636921201666560,8.68632,-4.85755,0.28552,0.05719,0.81714,-0.07977,0.56803,-0.21392,-0.10590,0.07283,
1403636921301666560,8.66579,-4.86633,0.28990,0.05812,0.81123,-0.07943,0.57638,-0.21461,-0.08904,0.01338,
1403636921401666304,8.64469,-4.87435,0.28826,0.05400,0.80674,-0.08258,0.58261,-0.22801,-0.06828,-0.04569,
1403636921501666560,8.62167,-4.88088,0.28154,0.04756,0.80515,-0.08747,0.58465,-0.25407,-0.06127,-0.10311,
1403636921601666560,8.59488,-4.88824,0.26835,0.04158,0.80795,-0.09223,0.58050,-0.28219,-0.07377,-0.16084,
1403636921701666560,8.56694,-4.89785,0.24892,0.03988,0.81710,-0.09428,0.56734,-0.28256,-0.09872,-0.21357,
1403636921801666560,8.54108,-4.91014,0.22752,0.04220,0.82610,-0.09360,0.55408,-0.24219,-0.13583,-0.20440,
1403636921901666304,8.51947,-4.92397,0.20735,0.04661,0.82675,-0.09212,0.55301,-0.18917,-0.15769,-0.19301,
1403636922001666560,8.50166,-4.93950,0.18812,0.05309,0.82079,-0.09076,0.56147,-0.15256,-0.17212,-0.19664,
1403636922101666560,8.48554,-4.95648,0.16818,0.06038,0.81450,-0.09172,0.56968,-0.14656,-0.16550,-0.19023,
1403636922201666560,8.46890,-4.97145,0.15190,0.06643,0.81145,-0.09447,0.57290,-0.15407,-0.14791,-0.12882,
1403636922301666560,8.45300,-4.98601,0.14219,0.07164,0.81524,-0.09743,0.56636,-0.13805,-0.13753,-0.06592,
1403636922401666304,8.43844,-4.99896,0.13732,0.07419,0.81861,-0.10143,0.56043,-0.12559,-0.12111,-0.05758,
1403636922501666560,8.42432,-5.01155,0.12858,0.07834,0.82151,-0.10769,0.55442,-0.10150,-0.11642,-0.10830,
1403636922601666560,8.41478,-5.02306,0.11543,0.08460,0.82195,-0.11681,0.55100,-0.05661,-0.10902,-0.14458,
1403636922701666560,8.40945,-5.03414,0.10001,0.09274,0.81593,-0.12375,0.55708,-0.01868,-0.09211,-0.16755,
1403636922801666560,8.40612,-5.04263,0.08441,0.09539,0.80592,-0.13158,0.56928,-0.01752,-0.06390,-0.14463,
1403636922901666304,8.40194,-5.04856,0.07361,0.09181,0.79858,-0.14060,0.57800,-0.04232,-0.04920,-0.09888,
1403636923001666560,8.39521,-5.05330,0.06915,0.08649,0.79381,-0.14886,0.58329,-0.07307,-0.05686,-0.04629,
1403636923101666560,8.38477,-5.05978,0.06675,0.08814,0.79277,-0.15416,0.58308,-0.12498,-0.07805,-0.05744,
1403636923201666560,8.36965,-5.06898,0.05951,0.09454,0.79364,-0.16202,0.57875,-0.16522,-0.09456,-0.12524,
1403636923301666560,8.34998,-5.08035,0.04460,0.10569,0.79764,-0.16855,0.56938,-0.19996,-0.10561,-0.17899,
1403636923401666304,8.32923,-5.09156,0.02656,0.11443,0.80318,-0.17380,0.55822,-0.20642,-0.10165,-0.21784,
1403636923501666560,8.30952,-5.10253,0.00424,0.11899,0.80910,-0.17915,0.54690,-0.18058,-0.09521,-0.25256,
1403636923601666560,8.29427,-5.11318,-0.01601,0.12012,0.81501,-0.18374,0.53625,-0.12344,-0.11046,-0.16650,
1403636923701666560,8.28671,-5.12547,-0.02625,0.12204,0.81776,-0.18589,0.53086,-0.04785,-0.13397,-0.06469,
1403636923801666560,8.28669,-5.13886,-0.02447,0.12394,0.81717,-0.18644,0.53114,0.03528,-0.14653,0.04035,
1403636923901666304,8.29282,-5.15354,-0.02114,0.12478,0.81731,-0.18623,0.53080,0.09362,-0.15013,0.01726,
1403636924001666560,8.30499,-5.16993,-0.02035,0.12612,0.81757,-0.18467,0.53063,0.15754,-0.15485,-0.03270,
1403636924101666560,8.32440,-5.18690,-0.02618,0.12707,0.81713,-0.18352,0.53149,0.22961,-0.16537,-0.08545,
1403636924201666560,8.34996,-5.20504,-0.03587,0.12800,0.81619,-0.18145,0.53341,0.28485,-0.17705,-0.12169,
1403636924301666560,8.38077,-5.22345,-0.04656,0.12730,0.81505,-0.18061,0.53560,0.34234,-0.17412,-0.08701,
1403636924401666304,8.41853,-5.24089,-0.05131,0.12073,0.81280,-0.18414,0.53932,0.39568,-0.17801,-0.01851,
1403636924501666560,8.42781,-5.29207,-0.03420,0.11058,0.80717,-0.18540,0.54943,0.40995,-0.29080,0.08956,
1403636924601666560,8.50539,-5.28350,-0.03497,0.10669,0.80062,-0.19161,0.55759,0.46224,-0.24679,0.08854,
1403636924701666560,8.54911,-5.31016,-0.02711,0.10148,0.79579,-0.19413,0.56456,0.44313,-0.27863,0.04568,
1403636924801666560,8.58989,-5.33943,-0.02408,0.09601,0.79070,-0.19558,0.57213,0.40205,-0.31913,-0.01482,
1403636924901666304,8.62695,-5.37356,-0.02908,0.09534,0.78653,-0.19632,0.57770,0.34541,-0.36561,-0.09869,
1403636925001666560,8.65681,-5.41280,-0.04244,0.10013,0.78490,-0.20182,0.57721,0.27237,-0.41545,-0.18235,
1403636925101666560,8.67989,-5.45536,-0.06392,0.11223,0.78617,-0.20343,0.57267,0.21066,-0.44148,-0.24524,
1403636925201666560,8.69766,-5.49838,-0.08997,0.12807,0.79039,-0.20071,0.56444,0.18315,-0.44571,-0.28695,
1403636925301666560,8.71360,-5.54184,-0.12039,0.13784,0.79707,-0.20018,0.55281,0.17555,-0.43280,-0.32933,
1403636925401666304,8.73332,-5.58764,-0.15434,0.14206,0.80525,-0.20208,0.53904,0.19887,-0.42840,-0.35326,
1403636925501666560,8.75706,-5.63133,-0.18659,0.14330,0.81084,-0.20494,0.52915,0.25075,-0.43299,-0.30910,
1403636925601666560,8.78554,-5.67512,-0.21278,0.14316,0.81585,-0.20758,0.52039,0.33106,-0.43294,-0.20656,
1403636925701666560,8.82284,-5.71913,-0.22931,0.14259,0.81883,-0.20979,0.51495,0.42113,-0.44543,-0.12461,
1403636925801666560,8.86986,-5.76562,-0.23548,0.14436,0.81940,-0.20960,0.51363,0.51419,-0.46007,-0.02213,
1403636925901666304,8.92752,-5.81329,-0.23229,0.14693,0.81338,-0.20804,0.52301,0.61605,-0.46614,0.07439,
1403636926001666560,8.99328,-5.86055,-0.22445,0.15202,0.80303,-0.20406,0.53888,0.67437,-0.46653,0.08192,
1403636926101666560,9.06188,-5.90572,-0.21974,0.15075,0.79133,-0.20410,0.55625,0.67976,-0.43576,0.00244,
1403636926201666560,9.13022,-5.94978,-0.22330,0.14451,0.78306,-0.20682,0.56848,0.65850,-0.41247,-0.07960,
1403636926301666560,9.19504,-5.99071,-0.23399,0.13825,0.77867,-0.20959,0.57500,0.60786,-0.39737,-0.14983,
1403636926401666304,9.25372,-6.02963,-0.25288,0.13136,0.77599,-0.21226,0.57926,0.54799,-0.38720,-0.20575,
1403636926501666560,9.30447,-6.06714,-0.27465,0.12763,0.77621,-0.21297,0.57953,0.46840,-0.38281,-0.21833,
1403636926601666560,9.34836,-6.10465,-0.29546,0.12996,0.77987,-0.20960,0.57531,0.41487,-0.39154,-0.15731,
1403636926701666560,9.38489,-6.14345,-0.30834,0.13284,0.78314,-0.20632,0.57139,0.35644,-0.37986,-0.07505,
1403636926801666560,9.41574,-6.18154,-0.31299,0.13225,0.78637,-0.21099,0.56535,0.31808,-0.39052,0.00235,
1403636926901666304,9.44436,-6.22119,-0.31138,0.13236,0.78706,-0.22216,0.56005,0.28238,-0.41911,0.04455,
1403636927001666560,9.46913,-6.26418,-0.30963,0.13715,0.78398,-0.23681,0.55722,0.25747,-0.45664,0.01114,
1403636927101666560,9.49103,-6.30777,-0.31281,0.14791,0.77933,-0.25227,0.55419,0.22437,-0.48282,-0.04622,
1403636927201666560,9.50908,-6.35504,-0.32065,0.16072,0.77318,-0.27029,0.55073,0.18294,-0.50206,-0.10147,
1403636927301666560,9.52310,-6.40397,-0.33536,0.17670,0.76702,-0.28781,0.54555,0.14892,-0.51247,-0.16557,
1403636927401666304,9.53531,-6.45334,-0.35554,0.19118,0.76690,-0.29987,0.53421,0.13599,-0.50725,-0.22557,
1403636927501666560,9.54865,-6.50283,-0.37980,0.19924,0.77162,-0.30974,0.51861,0.15160,-0.51183,-0.24578,
1403636927601666560,9.56480,-6.55361,-0.40402,0.20334,0.77621,-0.31808,0.50494,0.19310,-0.53130,-0.20992,
1403636927701666560,9.58736,-6.60840,-0.42096,0.20782,0.77771,-0.32268,0.49785,0.26415,-0.57295,-0.10936,
1403636927801666560,9.61629,-6.66841,-0.42882,0.20880,0.77673,-0.32654,0.49646,0.32978,-0.60428,-0.02353,
1403636927901666304,9.65142,-6.73082,-0.43150,0.20950,0.77513,-0.32799,0.49771,0.39240,-0.64878,-0.02475,
1403636928001666560,9.69327,-6.79752,-0.43568,0.21041,0.77343,-0.32813,0.49987,0.44018,-0.67611,-0.05487,
1403636928101666560,9.73990,-6.86602,-0.44305,0.21298,0.77024,-0.32586,0.50515,0.48977,-0.70435,-0.08503,
1403636928201666560,9.79214,-6.93838,-0.45323,0.21536,0.76372,-0.32317,0.51566,0.52909,-0.72304,-0.11845,
1403636928301666560,9.84588,-7.01084,-0.46642,0.21482,0.75597,-0.32195,0.52793,0.53189,-0.72193,-0.15977,
1403636928401666304,9.89910,-7.08219,-0.48306,0.21568,0.75053,-0.31962,0.53668,0.51929,-0.70902,-0.21240,
1403636928501666560,9.94962,-7.15404,-0.50216,0.21801,0.74856,-0.31676,0.54017,0.48066,-0.68746,-0.17869,
1403636928601666560,9.99712,-7.22272,-0.51809,0.21877,0.75097,-0.31508,0.53750,0.45624,-0.66369,-0.12839,
1403636928701666560,10.04179,-7.28887,-0.52804,0.21808,0.75692,-0.31482,0.52952,0.44537,-0.64062,-0.06256,
1403636928801666560,10.08613,-7.35354,-0.53097,0.21743,0.76246,-0.31471,0.52185,0.45968,-0.63861,0.01267,
1403636928901666304,10.13113,-7.41686,-0.52458,0.21749,0.76464,-0.31465,0.51867,0.47173,-0.63181,0.11159,
1403636929001666560,10.17934,-7.47927,-0.50787,0.21888,0.75868,-0.31364,0.52738,0.49197,-0.61777,0.21031,
1403636929101666560,10.22755,-7.54050,-0.48141,0.21502,0.74949,-0.31624,0.54039,0.48368,-0.60835,0.28445,
1403636929201666560,10.27099,-7.59863,-0.45218,0.21003,0.74462,-0.31928,0.54725,0.44020,-0.58905,0.30019,
1403636929301666560,10.31272,-7.65891,-0.42428,0.20388,0.74401,-0.32291,0.54828,0.39944,-0.58226,0.25961,
1403636929401666304,10.34796,-7.71570,-0.40313,0.20283,0.74466,-0.32272,0.54790,0.33651,-0.58940,0.19517,
1403636929501666560,10.37766,-7.77473,-0.38720,0.20560,0.74735,-0.31959,0.54503,0.28566,-0.59374,0.13976,
1403636929601666560,10.40343,-7.83369,-0.37795,0.21187,0.75050,-0.31416,0.54145,0.25816,-0.59131,0.08829,
1403636929701666560,10.42625,-7.88945,-0.37438,0.21794,0.75284,-0.30904,0.53873,0.23558,-0.56466,0.03117,
1403636929801666560,10.44837,-7.94384,-0.37613,0.22096,0.75448,-0.30631,0.53676,0.22425,-0.53313,-0.02946,
1403636929901666304,10.46821,-7.99087,-0.38255,0.21984,0.75336,-0.30676,0.53853,0.22319,-0.49132,-0.04264,
1403636930001666560,10.48772,-8.03958,-0.38353,0.21571,0.75158,-0.30919,0.54129,0.20388,-0.46777,0.01366,
1403636930101666560,10.50610,-8.08677,-0.37693,0.21298,0.75161,-0.31090,0.54136,0.18262,-0.45371,0.12392,
1403636930201666560,10.52213,-8.13106,-0.36412,0.20981,0.75100,-0.31363,0.54186,0.17075,-0.45005,0.16979,
1403636930301666560,10.53384,-8.17393,-0.34544,0.20686,0.75199,-0.31589,0.54031,0.13550,-0.44924,0.22216,
1403636930401666304,10.54392,-8.21754,-0.31998,0.20945,0.75192,-0.31450,0.54022,0.09957,-0.44692,0.24229,
1403636930501666560,10.55066,-8.26180,-0.29923,0.21511,0.75286,-0.31091,0.53876,0.06876,-0.43039,0.17011,
1403636930601666560,10.55488,-8.30178,-0.28607,0.21749,0.75274,-0.30918,0.53897,0.05546,-0.40916,0.09765,
1403636930701666560,10.56012,-8.34131,-0.27798,0.21337,0.75108,-0.31196,0.54132,0.03906,-0.37763,0.04150,
1403636930801666560,10.56152,-8.37925,-0.27630,0.20562,0.74899,-0.31708,0.54424,0.00856,-0.37457,-0.01069,
1403636930901666304,10.55990,-8.41776,-0.27822,0.20128,0.74650,-0.32146,0.54670,-0.03994,-0.38847,-0.05704,
1403636931001666560,10.55503,-8.45872,-0.28507,0.19758,0.74181,-0.33203,0.54812,-0.09573,-0.40835,-0.10243,
1403636931101666560,10.54104,-8.50100,-0.29448,0.20472,0.73726,-0.33919,0.54725,-0.16975,-0.43792,-0.07178,
1403636931201666560,10.52273,-8.54525,-0.29880,0.22085,0.73370,-0.33834,0.54630,-0.23724,-0.42680,-0.00158,
1403636931301666560,10.49904,-8.58729,-0.29649,0.23407,0.72865,-0.33722,0.54825,-0.27388,-0.40268,0.06589,
1403636931401666304,10.47133,-8.62613,-0.28894,0.24406,0.72742,-0.33597,0.54629,-0.32150,-0.35076,0.10702,
1403636931501666560,10.43935,-8.66040,-0.27634,0.25484,0.72990,-0.33240,0.54020,-0.35349,-0.29550,0.15774,
1403636931601666560,10.40556,-8.68716,-0.25946,0.26517,0.73287,-0.32790,0.53392,-0.35236,-0.22074,0.15907,
1403636931701666560,10.37348,-8.70623,-0.24460,0.27074,0.73340,-0.32580,0.53167,-0.33228,-0.13526,0.09212,
1403636931801666560,10.34240,-8.71660,-0.23831,0.26055,0.73414,-0.33425,0.53050,-0.32742,-0.06414,0.01584,
1403636931901666304,10.31062,-8.72223,-0.23750,0.25128,0.73566,-0.34155,0.52821,-0.32702,-0.02538,-0.03696,
1403636932001666560,10.28075,-8.72513,-0.24211,0.24631,0.73591,-0.34588,0.52739,-0.33110,-0.00668,-0.08425,
1403636932101666560,10.25068,-8.72605,-0.25236,0.24613,0.73318,-0.34646,0.53088,-0.32854,0.01227,-0.13854,
1403636932201666560,10.21785,-8.72489,-0.26387,0.24877,0.73031,-0.34552,0.53421,-0.34592,0.03194,-0.10755,
1403636932301666560,10.18439,-8.72126,-0.27045,0.25935,0.72872,-0.33995,0.53492,-0.35003,0.06551,-0.04072,
1403636932401666304,10.15018,-8.71086,-0.27116,0.26903,0.72859,-0.33559,0.53307,-0.35669,0.13646,0.03015,
1403636932501666560,10.11600,-8.69442,-0.26428,0.27397,0.72684,-0.33777,0.53157,-0.36321,0.21486,0.09469,
1403636932601666560,10.07987,-8.67035,-0.25006,0.27655,0.72340,-0.34897,0.52766,-0.36964,0.28871,0.17606,
1403636932701666560,10.04373,-8.64014,-0.22839,0.27773,0.71653,-0.36507,0.52553,-0.36121,0.32986,0.24614,
1403636932801666560,10.00851,-8.60468,-0.19944,0.28194,0.71056,-0.37673,0.52315,-0.36917,0.38817,0.29956,
1403636932901666304,9.97225,-8.56327,-0.16760,0.28578,0.70728,-0.38684,0.51812,-0.36718,0.43463,0.27162,
1403636933001666560,9.93624,-8.51784,-0.14628,0.28854,0.70560,-0.39510,0.51260,-0.36067,0.45255,0.13905,
1403636933101666560,9.89861,-8.47017,-0.14027,0.29346,0.70198,-0.40443,0.50748,-0.36257,0.48603,0.00077,
1403636933201666560,9.86185,-8.41942,-0.14614,0.29319,0.70237,-0.41437,0.49902,-0.36536,0.52061,-0.10235,
1403636933301666560,9.82570,-8.36623,-0.15955,0.28798,0.71020,-0.42474,0.48196,-0.34619,0.52312,-0.15176,
1403636933401666304,9.79279,-8.31572,-0.17360,0.28243,0.71418,-0.43171,0.47308,-0.30737,0.47711,-0.13750,
1403636933501666560,9.76316,-8.27045,-0.18733,0.28404,0.71132,-0.43188,0.47626,-0.27291,0.43277,-0.15464,
1403636933601666560,9.73756,-8.23029,-0.20088,0.28784,0.70697,-0.42900,0.48302,-0.24485,0.40555,-0.09485,
1403636933701666560,9.71357,-8.19237,-0.20911,0.29157,0.70332,-0.42514,0.48947,-0.22519,0.37318,-0.04862,
1403636933801666560,9.69251,-8.15985,-0.20878,0.29464,0.70032,-0.42089,0.49558,-0.21187,0.36221,0.02974,
1403636933901666304,9.67152,-8.12349,-0.20365,0.29449,0.69651,-0.42036,0.50144,-0.21951,0.37163,0.07106,
1403636934001666560,9.64944,-8.08908,-0.19345,0.29524,0.69279,-0.42584,0.50154,-0.23180,0.36181,0.09077,
1403636934101666560,9.62397,-8.05169,-0.18869,0.30129,0.68629,-0.43626,0.49790,-0.27261,0.36899,-0.03437,
1403636934201666560,9.59643,-8.01416,-0.19854,0.31310,0.67704,-0.45002,0.49099,-0.28731,0.37679,-0.17068,
1403636934301666560,9.56715,-7.97687,-0.21824,0.32592,0.66551,-0.46649,0.48296,-0.29875,0.38530,-0.22109,
1403636934401666304,9.53678,-7.93604,-0.23834,0.33521,0.64984,-0.48766,0.47700,-0.30928,0.41457,-0.21282,
1403636934501666560,9.50284,-7.89406,-0.25453,0.34316,0.63346,-0.51008,0.46987,-0.33927,0.41524,-0.13336,
1403636934601666560,9.46777,-7.85144,-0.26283,0.35514,0.61842,-0.52935,0.45958,-0.37440,0.42769,-0.03276,
1403636934701666560,9.42859,-7.80705,-0.26190,0.36494,0.60695,-0.54579,0.44782,-0.40751,0.45364,0.06345,
1403636934801666560,9.38645,-7.76079,-0.25264,0.37343,0.60363,-0.55572,0.43285,-0.41843,0.45158,0.14191,
1403636934901666304,9.34266,-7.71496,-0.23745,0.37860,0.60329,-0.56218,0.42031,-0.40907,0.44132,0.22243,
1403636935001666560,9.30070,-7.67250,-0.21376,0.38123,0.60300,-0.56542,0.41395,-0.39405,0.41006,0.29415,
1403636935101666560,9.26192,-7.63445,-0.18172,0.38571,0.60047,-0.56338,0.41625,-0.36831,0.37093,0.36760,
1403636935201666560,9.22358,-7.59853,-0.14604,0.38692,0.59594,-0.56084,0.42498,-0.35649,0.36288,0.34738,
1403636935301666560,9.18861,-7.56343,-0.11337,0.38522,0.59417,-0.55950,0.43072,-0.35480,0.36033,0.28016,
1403636935401666304,9.15142,-7.52824,-0.09048,0.38195,0.59435,-0.55861,0.43454,-0.36704,0.36630,0.19553,
1403636935501666560,9.11276,-7.49198,-0.07308,0.38013,0.59540,-0.55699,0.43676,-0.38596,0.36810,0.13706,
1403636935601666560,9.07337,-7.45552,-0.06357,0.37857,0.59659,-0.55564,0.43821,-0.40882,0.38803,0.05582,
1403636935701666560,9.03102,-7.41918,-0.06286,0.37788,0.59794,-0.55378,0.43932,-0.43279,0.39345,-0.02113,
1403636935801666560,8.98781,-7.38222,-0.06773,0.37438,0.60370,-0.55461,0.43335,-0.44875,0.37771,-0.09487,
1403636935901666304,8.94280,-7.34545,-0.08004,0.36986,0.60959,-0.55676,0.42616,-0.46067,0.35788,-0.16917,
1403636936001666560,8.89591,-7.31183,-0.09820,0.36010,0.61612,-0.56273,0.41720,-0.46894,0.31992,-0.20997,
1403636936101666560,8.84927,-7.28555,-0.11898,0.35517,0.61998,-0.56553,0.41189,-0.46773,0.24940,-0.22677,
1403636936201666560,8.80155,-7.26716,-0.14068,0.35785,0.62057,-0.56394,0.41087,-0.46825,0.16563,-0.21521,
1403636936301666560,8.75361,-7.25490,-0.15687,0.36422,0.61773,-0.56021,0.41464,-0.47572,0.12744,-0.14754,
1403636936401666304,8.71073,-7.24934,-0.16770,0.37059,0.61302,-0.55695,0.42033,-0.45983,0.08524,-0.07816,
1403636936501666560,8.67006,-7.24769,-0.16895,0.37641,0.60793,-0.55395,0.42647,-0.44471,0.06185,-0.00807,
1403636936601666560,8.63298,-7.25137,-0.16566,0.37975,0.60441,-0.55352,0.42906,-0.43216,0.01962,0.01082,
1403636936701666560,8.59480,-7.25543,-0.16766,0.38068,0.60268,-0.55493,0.42885,-0.41870,0.00617,-0.05182,
1403636936801666560,8.55322,-7.25592,-0.17613,0.38282,0.60210,-0.55507,0.42757,-0.42211,0.00351,-0.10019,
1403636936901666304,8.51517,-7.26010,-0.18424,0.38538,0.60297,-0.55471,0.42451,-0.40207,-0.01898,-0.05624,
1403636937001666560,8.47518,-7.26045,-0.18735,0.38736,0.60378,-0.55425,0.42215,-0.38963,-0.00494,0.02426,
1403636937101666560,8.43939,-7.26271,-0.18178,0.38776,0.60373,-0.55509,0.42075,-0.36502,0.00430,0.08207,
1403636937201666560,8.40237,-7.26357,-0.17120,0.38523,0.60114,-0.55785,0.42311,-0.34701,-0.00560,0.11233,
1403636937301666560,8.36769,-7.26603,-0.16175,0.38472,0.60024,-0.55922,0.42306,-0.34759,-0.01889,0.07464,
1403636937401666304,8.33322,-7.26793,-0.15800,0.38531,0.59921,-0.55977,0.42325,-0.34306,-0.02074,0.00658,
1403636937501666560,8.29898,-7.26944,-0.16126,0.38577,0.59853,-0.56026,0.42313,-0.33604,-0.01946,-0.05344,
1403636937601666560,8.26670,-7.27249,-0.16925,0.38734,0.59812,-0.56021,0.42236,-0.33166,-0.01884,-0.10298,
1403636937701666560,8.23543,-7.27474,-0.18266,0.39253,0.60061,-0.55772,0.41730,-0.31601,-0.02323,-0.15438,
1403636937801666560,8.20675,-7.27713,-0.20121,0.39861,0.60276,-0.55437,0.41288,-0.27841,-0.03444,-0.19698,
1403636937901666304,8.18278,-7.27946,-0.22361,0.40631,0.59953,-0.55029,0.41553,-0.24203,-0.02572,-0.23575,
1403636938001666560,8.15964,-7.27849,-0.25067,0.41511,0.59621,-0.54533,0.41813,-0.19304,0.01472,-0.27880,
1403636938101666560,8.14419,-7.27416,-0.28124,0.42115,0.59046,-0.54373,0.42232,-0.15050,0.07238,-0.32731,
1403636938201666560,8.13059,-7.26341,-0.31371,0.42120,0.58148,-0.54900,0.42788,-0.10342,0.13018,-0.31288,
1403636938301666560,8.12147,-7.24604,-0.34216,0.41665,0.57247,-0.55705,0.43403,-0.08234,0.20021,-0.25023,
1403636938401666304,8.11204,-7.21826,-0.36355,-0.40102,-0.56243,0.57181,-0.44258,-0.10636,0.29320,-0.19792,
1403636938501666560,8.09855,-7.18737,-0.37719,-0.38596,-0.55647,0.58561,-0.44547,-0.17903,0.31993,-0.09784,
1403636938601666560,8.07566,-7.15210,-0.38211,-0.37899,-0.55665,0.59315,-0.44123,-0.26950,0.33352,-0.03345,
1403636938701666560,8.04636,-7.11630,-0.37909,-0.37754,-0.55678,0.59606,-0.43838,-0.35828,0.33438,0.04764,
1403636938801666560,8.00787,-7.08139,-0.37352,-0.38158,-0.55963,0.59513,-0.43247,-0.43498,0.34254,0.08301,
1403636938901666304,7.96039,-7.04522,-0.36767,-0.38861,-0.56637,0.59119,-0.42273,-0.48442,0.35652,0.07776,
1403636939001666560,7.90930,-7.00722,-0.36354,-0.39357,-0.57288,0.58832,-0.41327,-0.51085,0.35817,0.04128,
1403636939101666560,7.85636,-6.97032,-0.36345,-0.39588,-0.57563,0.58641,-0.40994,-0.51380,0.34195,-0.01677,
1403636939201666560,7.80321,-6.93595,-0.36734,-0.39790,-0.57528,0.58386,-0.41211,-0.51615,0.32246,-0.06873,
1403636939301666560,7.75132,-6.90403,-0.37648,-0.39887,-0.57488,0.58180,-0.41464,-0.51298,0.31679,-0.11057,
1403636939401666304,7.69886,-6.87044,-0.38832,-0.39902,-0.57593,0.57954,-0.41620,-0.51763,0.32277,-0.09928,
1403636939501666560,7.64475,-6.83336,-0.39316,0.40099,0.57612,-0.57570,0.41936,-0.52158,0.34825,-0.02678,
1403636939601666560,7.59169,-6.79917,-0.39157,0.40580,0.57468,-0.56999,0.42446,-0.51444,0.35003,0.06410,
1403636939701666560,7.53795,-6.76078,-0.38361,0.40710,0.57155,-0.56770,0.43048,-0.52215,0.40417,0.09463,
1403636939801666560,7.48257,-6.71707,-0.37519,0.40854,0.57138,-0.56625,0.43126,-0.52639,0.44067,0.04940,
1403636939901666304,7.42900,-6.67185,-0.37530,0.40597,0.57155,-0.56834,0.43071,-0.52769,0.48201,-0.03064,
1403636940001666560,7.37243,-6.61928,-0.38189,-0.40463,-0.56779,0.57382,-0.42967,-0.55305,0.51915,-0.09256,
1403636940101666560,7.31636,-6.56610,-0.39383,-0.40542,-0.56398,0.58076,-0.42458,-0.56795,0.54613,-0.15392,
1403636940201666560,7.25549,-6.50878,-0.41059,-0.40359,-0.56058,0.58813,-0.42067,-0.57636,0.56282,-0.18772,
1403636940301666560,7.19285,-6.45063,-0.42943,-0.40438,-0.55734,0.59239,-0.41824,-0.59690,0.56785,-0.21322,
1403636940401666304,7.13031,-6.39261,-0.45182,-0.40629,-0.55390,0.59528,-0.41686,-0.61861,0.58265,-0.24198,
1403636940501666560,7.06505,-6.33263,-0.47448,-0.40755,-0.55142,0.59785,-0.41522,-0.63369,0.60088,-0.21235,
1403636940601666560,6.99795,-6.27208,-0.49278,-0.40459,-0.55245,0.60276,-0.40962,-0.65899,0.61468,-0.14249,
1403636940701666560,6.92976,-6.21089,-0.50270,-0.40390,-0.55650,0.60540,-0.40084,-0.67525,0.60334,-0.04820,
1403636940801666560,6.85933,-6.15240,-0.50607,-0.40245,-0.56019,0.60728,-0.39424,-0.68595,0.58307,0.02236,
1403636940901666304,6.78806,-6.09490,-0.50115,-0.40312,-0.56308,0.60731,-0.38938,-0.68488,0.55813,0.09038,
1403636941001666560,6.71868,-6.04225,-0.48801,-0.40511,-0.56313,0.60582,-0.38955,-0.67319,0.50320,0.16413,
1403636941101666560,6.65029,-5.99380,-0.46853,-0.40830,-0.56209,0.60349,-0.39134,-0.67033,0.47020,0.21539,
1403636941201666560,6.58314,-5.94756,-0.44656,-0.41035,-0.56120,0.60136,-0.39375,-0.65566,0.45175,0.22629,
1403636941301666560,6.51815,-5.90200,-0.42442,-0.41289,-0.55967,0.59828,-0.39793,-0.64236,0.44263,0.19918,
1403636941401666304,6.45295,-5.85879,-0.40747,-0.41431,-0.56038,0.59491,-0.40049,-0.62978,0.44151,0.14447,
1403636941501666560,6.38891,-5.81265,-0.39674,-0.41488,-0.56152,0.59184,-0.40286,-0.61829,0.44834,0.08427,
1403636941601666560,6.32660,-5.76710,-0.39077,-0.41395,-0.56400,0.59006,-0.40297,-0.60970,0.45621,0.03786,
1403636941701666560,6.26461,-5.72088,-0.39013,-0.41293,-0.56607,0.58881,-0.40293,-0.59205,0.46089,-0.00622,
1403636941801666560,6.20380,-5.67559,-0.38992,-0.41108,-0.56756,0.58830,-0.40347,-0.57493,0.43870,0.04525,
1403636941901666304,6.14298,-5.62903,-0.38446,-0.40848,-0.56903,0.58860,-0.40360,-0.57342,0.45394,0.10139,
1403636942001666560,6.08525,-5.58375,-0.37247,-0.40558,-0.56925,0.58972,-0.40459,-0.57026,0.45026,0.15821,
1403636942101666560,6.02515,-5.53733,-0.35666,-0.40369,-0.56799,0.59055,-0.40704,-0.58241,0.44414,0.18630,
1403636942201666560,5.96670,-5.49082,-0.33956,-0.40314,-0.56608,0.59110,-0.40943,-0.58240,0.45584,0.14157,
1403636942301666560,5.90562,-5.44340,-0.32858,-0.40213,-0.56386,0.59263,-0.41126,-0.59628,0.46028,0.07559,
1403636942401666304,5.84606,-5.39874,-0.32356,-0.40025,-0.56043,0.59527,-0.41397,-0.60755,0.46142,0.00555,
1403636942501666560,5.78316,-5.35402,-0.32583,-0.39801,-0.55829,0.59848,-0.41439,-0.63190,0.45340,-0.05160,
1403636942601666560,5.71877,-5.30938,-0.33266,-0.39543,-0.55854,0.60181,-0.41169,-0.66077,0.45066,-0.09784,
1403636942701666560,5.65081,-5.26412,-0.34409,-0.39506,-0.56128,0.60350,-0.40580,-0.69053,0.43911,-0.13507,
1403636942801666560,5.58179,-5.22048,-0.35694,-0.39652,-0.56279,0.60385,-0.40176,-0.70452,0.41638,-0.11192,
1403636942901666304,5.51144,-5.18050,-0.36261,-0.40290,-0.56194,0.60084,-0.40112,-0.71029,0.39566,-0.02162,
1403636943001666560,5.44069,-5.14235,-0.36082,-0.40754,-0.56106,0.59871,-0.40082,-0.70416,0.37539,0.07207,
1403636943101666560,5.37067,-5.10328,-0.35141,-0.41241,-0.55944,0.59658,-0.40129,-0.70493,0.37307,0.12403,
1403636943201666560,5.30160,-5.06498,-0.34026,-0.41427,-0.55684,0.59661,-0.40294,-0.68688,0.38121,0.09578,
1403636943301666560,5.23412,-5.02628,-0.33340,-0.41637,-0.55594,0.59669,-0.40191,-0.67471,0.39154,0.03258,
1403636943401666304,5.16654,-4.98649,-0.33323,-0.41890,-0.55432,0.59681,-0.40134,-0.65508,0.40572,-0.03088,
1403636943501666560,5.10081,-4.94630,-0.33902,-0.42076,-0.55334,0.59704,-0.40039,-0.64022,0.41510,-0.08564,
1403636943601666560,5.03580,-4.90501,-0.35021,-0.42310,-0.55295,0.59647,-0.39932,-0.62939,0.43287,-0.13446,
1403636943701666560,4.97172,-4.86202,-0.36586,-0.42506,-0.55217,0.59581,-0.39931,-0.61671,0.44682,-0.19310,
1403636943801666560,4.90874,-4.81622,-0.38769,-0.42626,-0.55238,0.59570,-0.39789,-0.58670,0.46635,-0.24438,
1403636943901666304,4.85045,-4.76888,-0.41525,-0.42001,-0.55687,0.59604,-0.39777,-0.55251,0.48324,-0.31188,
1403636944001666560,4.79385,-4.72150,-0.44897,-0.40572,-0.56856,0.59777,-0.39344,-0.54249,0.47425,-0.34831,
1403636944101666560,4.73905,-4.67523,-0.48251,-0.39189,-0.58076,0.59989,-0.38635,-0.52883,0.43812,-0.30353,
1403636944201666560,4.68564,-4.63600,-0.50746,-0.38403,-0.58911,0.59930,-0.38251,-0.51713,0.35919,-0.21321,
1403636944301666560,4.63439,-4.60569,-0.52196,-0.38123,-0.59189,0.59695,-0.38469,-0.50831,0.26510,-0.10303,
1403636944401666304,4.58447,-4.58434,-0.52701,-0.38440,-0.59010,0.59168,-0.39234,-0.49538,0.19120,-0.02231,
1403636944501666560,4.53669,-4.56705,-0.52627,0.39515,0.58833,-0.58196,0.39881,-0.48093,0.13968,0.05294,
1403636944601666560,4.49194,-4.55297,-0.51956,0.40918,0.58856,-0.57026,0.40121,-0.44020,0.15241,0.07892,
1403636944701666560,4.45267,-4.53943,-0.50844,0.41695,0.59218,-0.56076,0.40127,-0.36776,0.14897,0.12423,
1403636944801666560,4.41963,-4.52544,-0.49325,0.41191,0.59257,-0.55897,0.40834,-0.31253,0.16547,0.16423,
1403636944901666304,4.39142,-4.50932,-0.47203,0.40644,0.59233,-0.55864,0.41457,-0.27074,0.17384,0.22223,
1403636945001666560,4.36795,-4.49065,-0.45129,0.40318,0.59204,-0.55817,0.41878,-0.24195,0.18357,0.15067,
1403636945101666560,4.34589,-4.46951,-0.44339,0.40212,0.59282,-0.55662,0.42076,-0.21604,0.20849,0.01326,
1403636945201666560,4.32729,-4.44650,-0.44625,0.40120,0.59395,-0.55568,0.42129,-0.19617,0.24681,-0.05584,
1403636945301666560,4.30996,-4.42131,-0.45199,0.40061,0.59424,-0.55517,0.42211,-0.17470,0.26222,-0.02212,
1403636945401666304,4.29514,-4.39403,-0.45103,0.40078,0.59494,-0.55501,0.42119,-0.15159,0.28508,0.05655,
1403636945501666560,4.28277,-4.36416,-0.44427,0.40103,0.59428,-0.55557,0.42113,-0.12731,0.30804,0.07077,
1403636945601666560,4.27166,-4.33151,-0.44114,0.39711,0.59517,-0.55979,0.41799,-0.10952,0.32874,0.00384,
1403636945701666560,4.26278,-4.29901,-0.44562,0.38977,0.60060,-0.56676,0.40761,-0.08795,0.32176,-0.07016,
1403636945801666560,4.25788,-4.26807,-0.45569,0.38273,0.60668,-0.57309,0.39627,-0.05732,0.28188,-0.13051,
1403636945901666304,4.25403,-4.24294,-0.46894,0.38018,0.60697,-0.57643,0.39342,-0.02700,0.21622,-0.13705,
1403636946001666560,4.25326,-4.22334,-0.48484,0.38834,0.60192,-0.57204,0.39956,0.00915,0.16847,-0.17353,
1403636946101666560,4.25505,-4.20725,-0.50574,0.39536,0.59693,-0.56863,0.40499,0.03758,0.14972,-0.24303,
1403636946201666560,4.25843,-4.19170,-0.53361,0.39775,0.59374,-0.56879,0.40713,0.05420,0.13353,-0.30354,
1403636946301666560,4.26434,-4.17580,-0.56751,0.40263,0.59076,-0.56680,0.40942,0.06824,0.14006,-0.35732,
1403636946401666304,4.27291,-4.15993,-0.60754,0.40587,0.58746,-0.56639,0.41154,0.09368,0.15401,-0.43098,
1403636946501666560,4.28336,-4.14325,-0.65364,0.40686,0.58541,-0.56767,0.41171,0.11367,0.16706,-0.47211,
1403636946601666560,4.29554,-4.12460,-0.69979,0.40851,0.58387,-0.56831,0.41139,0.12922,0.19675,-0.44468,
1403636946701666560,4.31013,-4.10349,-0.74269,0.40242,0.58102,-0.57400,0.41352,0.15752,0.21451,-0.39622,
1403636946801666560,4.32463,-4.08125,-0.77712,-0.38845,-0.57243,0.58476,-0.42365,0.13550,0.22301,-0.31647,
1403636946901666304,4.33636,-4.05985,-0.80664,-0.37914,-0.56732,0.59187,-0.42905,0.08566,0.21891,-0.30958,
1403636947001666560,4.34172,-4.03804,-0.83997,-0.36786,-0.56065,0.59986,-0.43648,0.00480,0.21485,-0.35509,
1403636947101666560,4.33748,-4.01875,-0.87393,-0.36546,-0.56097,0.60184,-0.43536,-0.10243,0.18596,-0.35088,
1403636947201666560,4.32348,-3.99951,-0.90889,-0.37270,-0.57233,0.59783,-0.41968,-0.18559,0.19304,-0.30319,
1403636947301666560,4.30356,-3.98137,-0.93788,-0.37653,-0.58753,0.59574,-0.39765,-0.22181,0.14288,-0.23481,
1403636947401666304,4.28247,-3.97236,-0.95846,0.37508,0.59699,-0.59659,0.38339,-0.20992,0.05886,-0.14590,
1403636947501666560,4.26286,-3.97358,-0.96732,-0.37499,-0.59691,0.59742,-0.38231,-0.19710,-0.05821,-0.03953,
1403636947601666560,4.24249,-3.98397,-0.96570,-0.37912,-0.58968,0.59577,-0.39193,-0.20648,-0.12918,0.04603,
1403636947701666560,4.22158,-4.00071,-0.95858,-0.38604,-0.58784,0.59116,-0.39491,-0.20654,-0.18826,0.04517,
1403636947801666560,4.20174,-4.02138,-0.95449,0.39284,0.59056,-0.58611,0.39164,-0.19371,-0.22464,-0.00819,
1403636947901666304,4.18448,-4.04616,-0.95548,0.40237,0.59552,-0.57867,0.38549,-0.16117,-0.27135,-0.05107,
1403636948001666560,4.17171,-4.07308,-0.96400,0.40269,0.59687,-0.57757,0.38469,-0.10469,-0.28743,-0.11527,
1403636948101666560,4.16483,-4.10250,-0.97666,0.39519,0.59751,-0.58190,0.38497,-0.06507,-0.31254,-0.15589,
1403636948201666560,4.16094,-4.13586,-0.99261,0.39589,0.59930,-0.58004,0.38427,-0.02531,-0.34738,-0.18628,
1403636948301666560,4.16124,-4.17287,-1.01138,0.39781,0.60077,-0.57707,0.38446,0.01362,-0.38359,-0.20732,
1403636948401666304,4.16586,-4.21292,-1.03273,0.40029,0.60309,-0.57334,0.38384,0.05992,-0.41787,-0.22905,
1403636948501666560,4.17441,-4.25679,-1.05726,0.40641,0.60739,-0.56641,0.38091,0.11105,-0.45007,-0.23801,
1403636948601666560,4.19099,-4.30173,-1.08108,0.41865,0.61270,-0.55511,0.37575,0.20500,-0.46731,-0.24723,
1403636948701666560,4.21883,-4.34831,-1.10346,0.42526,0.61359,-0.54805,0.37725,0.33502,-0.46977,-0.18226,
1403636948801666560,4.25839,-4.39584,-1.11656,0.41681,0.60667,-0.55281,0.39066,0.44505,-0.46547,-0.10587,
1403636948901666304,4.30635,-4.44262,-1.12281,0.40722,0.59771,-0.55823,0.40657,0.50981,-0.46143,-0.03746,
1403636949001666560,4.35781,-4.48770,-1.12450,0.39792,0.58773,-0.56304,0.42334,0.51047,-0.44018,-0.04447,
1403636949101666560,4.40839,-4.53092,-1.13199,0.39573,0.58531,-0.56286,0.42895,0.48818,-0.42195,-0.09390,
1403636949201666560,4.45622,-4.56909,-1.14446,0.39670,0.58720,-0.56080,0.42817,0.46973,-0.39593,-0.14361,
1403636949301666560,4.50326,-4.60285,-1.16177,0.39694,0.58902,-0.55966,0.42694,0.46699,-0.34380,-0.19159,
1403636949401666304,4.54973,-4.63436,-1.18219,0.39394,0.58714,-0.56079,0.43081,0.45061,-0.31620,-0.23401,
1403636949501666560,4.59471,-4.66320,-1.20619,0.39143,0.58513,-0.56187,0.43441,0.43042,-0.27922,-0.25034,
1403636949601666560,4.63866,-4.68557,-1.22924,0.38826,0.58317,-0.56360,0.43763,0.40235,-0.25517,-0.20010,
1403636949701666560,4.67850,-4.70685,-1.24463,0.38481,0.58590,-0.56621,0.43364,0.36750,-0.22734,-0.12450,
1403636949801666560,4.71379,-4.72780,-1.25401,0.38250,0.59158,-0.56775,0.42589,0.34045,-0.19415,-0.06288,
1403636949901666304,4.74698,-4.74442,-1.25894,0.37699,0.59586,-0.57173,0.41946,0.31162,-0.19321,-0.03301,
1403636950001666560,4.77797,-4.76438,-1.25914,0.37257,0.59792,-0.57510,0.41586,0.29194,-0.23952,0.01596,
1403636950101666560,4.80565,-4.78838,-1.25460,0.36869,0.59930,-0.57837,0.41278,0.27493,-0.27826,0.02927,
1403636950201666560,4.83081,-4.81663,-1.25271,0.37076,0.60150,-0.57760,0.40879,0.25458,-0.31840,-0.02131,
1403636950301666560,4.85528,-4.84904,-1.25583,0.37535,0.60238,-0.57500,0.40697,0.23827,-0.35316,-0.06019,
1403636950401666304,4.87979,-4.88630,-1.26251,0.38210,0.60175,-0.57075,0.40760,0.24680,-0.38277,-0.09585,
1403636950501666560,4.90455,-4.92484,-1.27331,0.39148,0.60135,-0.56442,0.40810,0.25588,-0.39920,-0.13100,
1403636950601666560,4.93077,-4.96380,-1.28468,0.40092,0.60252,-0.55752,0.40671,0.28519,-0.39934,-0.11348,
1403636950701666560,4.96054,-5.00214,-1.29305,0.40237,0.60139,-0.55605,0.40896,0.32610,-0.38293,-0.06633,
1403636950801666560,4.99384,-5.04021,-1.29579,0.40003,0.59735,-0.55694,0.41590,0.36242,-0.35906,0.00518,
1403636950901666304,5.03023,-5.07683,-1.29156,0.39711,0.59524,-0.55802,0.42025,0.37136,-0.33873,0.08375,
1403636951001666560,5.06768,-5.11308,-1.28203,0.39572,0.59432,-0.55818,0.42263,0.37872,-0.33505,0.15431,
1403636951101666560,5.10635,-5.14731,-1.26725,0.38999,0.59131,-0.56177,0.42741,0.37262,-0.29344,0.18592,
1403636951201666560,5.14398,-5.17972,-1.25600,0.38143,0.59223,-0.56783,0.42585,0.34864,-0.29026,0.10799,
1403636951301666560,5.17754,-5.21309,-1.25249,0.37733,0.59759,-0.57096,0.41776,0.32680,-0.30393,0.01308,
1403636951401666304,5.20964,-5.24554,-1.25422,0.37363,0.60309,-0.57358,0.40949,0.31481,-0.33974,-0.03307,
1403636951501666560,5.24009,-5.28327,-1.26069,0.37321,0.60592,-0.57404,0.40504,0.30633,-0.37499,-0.06771,
1403636951601666560,5.27063,-5.32407,-1.26980,0.37524,0.60740,-0.57283,0.40265,0.30937,-0.41675,-0.09116,
1403636951701666560,5.30160,-5.36910,-1.27905,0.37992,0.60681,-0.57001,0.40315,0.31676,-0.45731,-0.08675,
1403636951801666560,5.33249,-5.41999,-1.28382,0.38482,0.60436,-0.56671,0.40682,0.32921,-0.53853,0.01368,
1403636951901666304,5.36623,-5.47452,-1.28061,0.39161,0.60410,-0.56184,0.40748,0.34101,-0.53432,0.06098,
1403636952001666560,5.40173,-5.52877,-1.27634,0.39730,0.60526,-0.55778,0.40582,0.37362,-0.54423,0.04170,
1403636952101666560,5.44207,-5.58227,-1.27401,0.39969,0.60366,-0.55645,0.40768,0.41115,-0.53329,-0.01260,
1403636952201666560,5.48361,-5.63535,-1.27750,0.39895,0.59990,-0.55694,0.41325,0.42788,-0.52212,-0.06945,
1403636952301666560,5.52515,-5.68702,-1.28681,0.39552,0.59430,-0.55892,0.42188,0.44018,-0.50272,-0.12364,
1403636952401666304,5.57003,-5.73453,-1.30209,0.39329,0.58933,-0.56051,0.42878,0.42704,-0.47133,-0.18147,
1403636952501666560,5.61156,-5.78117,-1.32201,0.39576,0.58940,-0.55822,0.42938,0.41364,-0.44752,-0.22735,
1403636952601666560,5.65408,-5.82359,-1.34491,0.39907,0.59151,-0.55542,0.42704,0.40732,-0.40155,-0.22245,
1403636952701666560,5.69499,-5.86096,-1.36470,0.40047,0.59238,-0.55411,0.42624,0.41214,-0.35857,-0.16442,
1403636952801666560,5.73654,-5.89650,-1.38159,0.39707,0.59582,-0.55651,0.42146,0.41478,-0.31061,-0.14737,
1403636952901666304,5.78071,-5.93077,-1.39502,0.39140,0.59815,-0.56083,0.41772,0.42586,-0.31760,-0.14094,
1403636953001666560,5.82349,-5.96480,-1.41171,0.38178,0.59797,-0.56820,0.41693,0.42250,-0.32192,-0.19902,
1403636953101666560,5.86588,-6.00120,-1.43506,0.37418,0.59542,-0.57387,0.41969,0.40522,-0.34278,-0.24829,
1403636953201666560,5.90497,-6.03698,-1.46155,0.37148,0.59482,-0.57599,0.42004,0.36757,-0.36440,-0.28927,
1403636953301666560,5.94077,-6.07593,-1.48963,0.37187,0.59558,-0.57555,0.41922,0.33514,-0.39057,-0.26152,
1403636953401666304,5.97324,-6.11769,-1.51209,0.37575,0.59702,-0.57235,0.41808,0.30715,-0.41379,-0.18701,
1403636953501666560,6.00215,-6.16072,-1.52817,0.38283,0.59913,-0.56669,0.41634,0.28441,-0.40270,-0.10973,
1403636953601666560,6.02994,-6.20545,-1.53828,0.38688,0.60149,-0.56294,0.41428,0.28347,-0.43417,-0.06964,
1403636953701666560,6.06066,-6.25110,-1.54038,0.38795,0.60723,-0.56081,0.40775,0.30362,-0.42685,0.00580,
1403636953801666560,6.09198,-6.29760,-1.53517,0.39112,0.61257,-0.55719,0.40165,0.33623,-0.46023,0.11092,
1403636953901666304,6.12998,-6.34838,-1.52232,0.39144,0.61343,-0.55553,0.40232,0.39727,-0.49313,0.17116,
1403636954001666560,6.17213,-6.39869,-1.50536,0.38837,0.61183,-0.55704,0.40563,0.43250,-0.50258,0.16497,
1403636954101666560,6.21664,-6.45028,-1.49274,0.38727,0.61047,-0.55762,0.40793,0.45382,-0.50144,0.11707,
1403636954201666560,6.26534,-6.50384,-1.48424,0.38655,0.60946,-0.55815,0.40940,0.48741,-0.52970,0.07442,
1403636954301666560,6.31469,-6.55882,-1.47781,0.38525,0.61037,-0.55931,0.40769,0.51359,-0.56591,0.10088,
1403636954401666304,6.36901,-6.61608,-1.46929,0.38309,0.61086,-0.56186,0.40548,0.54481,-0.57651,0.13682,
1403636954501666560,6.42288,-6.67485,-1.45225,0.38162,0.61018,-0.56437,0.40440,0.55815,-0.59723,0.18794,
1403636954601666560,6.47809,-6.73757,-1.43545,0.38405,0.60991,-0.56475,0.40195,0.57085,-0.63727,0.14041,
1403636954701666560,6.53574,-6.80362,-1.43091,0.38818,0.60679,-0.56464,0.40287,0.58520,-0.66280,-0.02933,
1403636954801666560,6.59585,-6.86925,-1.43971,0.39310,0.60093,-0.56448,0.40708,0.60289,-0.67316,-0.13477,
1403636954901666304,6.65621,-6.93536,-1.45678,0.39736,0.59528,-0.56482,0.41076,0.62142,-0.66797,-0.20567,
1403636955001666560,6.73141,-7.00904,-1.46756,0.40149,0.59118,-0.56599,0.41106,0.64399,-0.64386,-0.22382,
1403636955101666560,6.77919,-7.06170,-1.50566,0.40391,0.58986,-0.56750,0.40849,0.62950,-0.60707,-0.21427,
1403636955201666560,6.84284,-7.12256,-1.52399,0.40681,0.58870,-0.56919,0.40492,0.65064,-0.61549,-0.13069,
1403636955301666560,6.90653,-7.18168,-1.53409,0.40874,0.58508,-0.57201,0.40425,0.66727,-0.60853,-0.06592,
1403636955401666304,6.97353,-7.24079,-1.53879,0.41138,0.58238,-0.57397,0.40269,0.68760,-0.58106,-0.02305,
1403636955501666560,7.04164,-7.29845,-1.54362,0.41317,0.58111,-0.57555,0.40043,0.70303,-0.57785,-0.08284,
1403636955601666560,7.11028,-7.35428,-1.55643,0.41420,0.57952,-0.57700,0.39958,0.71953,-0.55380,-0.14644,
1403636955701666560,7.18329,-7.40803,-1.57160,0.41539,0.57847,-0.57808,0.39831,0.73723,-0.53379,-0.14778,
1403636955801666560,7.25764,-7.46097,-1.58230,-0.41621,-0.57800,0.57869,-0.39725,0.75653,-0.52717,-0.09651,
1403636955901666304,7.33152,-7.51079,-1.58374,-0.41309,-0.57528,0.58200,-0.39961,0.77570,-0.52131,-0.00344,
1403636956001666560,7.40791,-7.56059,-1.57909,-0.40595,-0.56906,0.58827,-0.40659,0.76918,-0.51254,0.07628,
1403636956101666560,7.47889,-7.60887,-1.56548,-0.39857,-0.56127,0.59470,-0.41526,0.72242,-0.48129,0.14730,
1403636956201666560,7.54392,-7.65045,-1.55074,-0.39489,-0.55750,0.59839,-0.41856,0.66464,-0.45087,0.11513,
1403636956301666560,7.60684,-7.69364,-1.54344,-0.39670,-0.55796,0.59855,-0.41599,0.60466,-0.43351,0.04177,
1403636956401666304,7.66540,-7.73660,-1.54322,-0.40607,-0.56392,0.59345,-0.40610,0.56944,-0.41587,-0.01957,
1403636956501666560,7.71941,-7.77461,-1.54738,-0.41382,-0.56859,0.58726,-0.40072,0.57426,-0.39671,-0.06651,
1403636956601666560,7.77653,-7.81413,-1.55656,-0.41421,-0.56967,0.57975,-0.40963,0.58934,-0.36674,-0.12299,
1403636956701666560,7.83611,-7.85039,-1.57112,-0.40315,-0.57117,0.57412,-0.42616,0.60060,-0.32866,-0.16742,
1403636956801666560,7.89498,-7.88262,-1.58539,0.38547,0.57967,-0.56697,0.44038,0.55591,-0.29232,-0.11745,
1403636956901666304,7.94959,-7.91127,-1.59393,0.36847,0.59585,-0.55380,0.44999,0.49926,-0.25965,-0.03946,
1403636957001666560,7.99834,-7.93929,-1.59431,0.35870,0.61550,-0.53265,0.45692,0.44303,-0.23449,0.03969,
1403636957101666560,8.04365,-7.96448,-1.58747,0.35098,0.63618,-0.50781,0.46284,0.42503,-0.21389,0.11778,
1403636957201666560,8.08590,-7.98661,-1.57505,0.34157,0.65529,-0.48507,0.46758,0.40551,-0.18506,0.16423,
1403636957301666560,8.12490,-8.00626,-1.55866,0.33118,0.66788,-0.46937,0.47323,0.38739,-0.17296,0.14373,
1403636957401666304,8.16319,-8.02357,-1.54741,0.32244,0.67617,-0.45829,0.47832,0.37625,-0.15267,0.06904,
1403636957501666560,8.20101,-8.04009,-1.54419,0.31596,0.68062,-0.45184,0.48246,0.38341,-0.14546,-0.01000,
1403636957601666560,8.23783,-8.05422,-1.54783,0.30935,0.68386,-0.44664,0.48698,0.37504,-0.13768,-0.07454,
1403636957701666560,8.27326,-8.06797,-1.55965,0.30113,0.68868,-0.43886,0.49238,0.37263,-0.12750,-0.15382,
1403636957801666560,8.30978,-8.08033,-1.57775,0.28750,0.69704,-0.42732,0.49887,0.37089,-0.11320,-0.20320,
1403636957901666304,8.34494,-8.09154,-1.59864,0.26981,0.70876,-0.40896,0.50756,0.35268,-0.10525,-0.22284,
1403636958001666560,8.37743,-8.10211,-1.61751,0.25116,0.72211,-0.38528,0.51675,0.31638,-0.09609,-0.16763,
1403636958101666560,8.40616,-8.11382,-1.62966,0.23311,0.73549,-0.36037,0.52426,0.29184,-0.12238,-0.06915,
1403636958201666560,8.43547,-8.12760,-1.63077,0.21797,0.74639,-0.33980,0.52908,0.26951,-0.14749,0.04379,
1403636958301666560,8.45942,-8.14190,-1.62258,0.20606,0.75436,-0.32040,0.53463,0.22565,-0.13270,0.12495,
1403636958401666304,8.48049,-8.15577,-1.60791,0.19801,0.76270,-0.30272,0.53613,0.18124,-0.14448,0.19912,
1403636958501666560,8.50127,-8.17112,-1.58967,0.19279,0.76825,-0.29133,0.53642,0.16787,-0.14928,0.18027,
1403636958601666560,8.52147,-8.18846,-1.57637,0.19018,0.77081,-0.28479,0.53719,0.17119,-0.16250,0.12544,
1403636958701666560,8.54247,-8.20720,-1.56758,0.19027,0.77183,-0.28121,0.53759,0.17686,-0.18274,0.07616,
1403636958801666560,8.56163,-8.22584,-1.56234,0.19068,0.77204,-0.28044,0.53753,0.18898,-0.18705,0.03763,
1403636958901666304,8.58459,-8.24605,-1.56251,0.19247,0.77252,-0.28132,0.53574,0.20108,-0.20611,-0.02088,
1403636959001666560,8.60482,-8.26588,-1.56673,0.19517,0.77209,-0.28256,0.53474,0.21117,-0.20433,-0.07753,
1403636959101666560,8.62658,-8.28496,-1.57633,0.19593,0.77206,-0.28536,0.53302,0.22246,-0.19332,-0.14662,
1403636959201666560,8.64894,-8.30450,-1.59162,0.19689,0.77133,-0.28762,0.53250,0.24277,-0.20387,-0.18608,
1403636959301666560,8.67607,-8.32422,-1.61265,0.20246,0.77115,-0.28681,0.53111,0.25873,-0.20496,-0.23047,
1403636959401666304,8.70208,-8.34263,-1.63992,0.20836,0.77159,-0.28491,0.52921,0.28348,-0.18239,-0.29283,
1403636959501666560,8.72999,-8.35886,-1.67176,0.21246,0.76992,-0.28356,0.53073,0.30562,-0.15354,-0.32664,
1403636959601666560,8.76212,-8.37406,-1.70294,0.20916,0.76415,-0.28712,0.53842,0.31904,-0.13579,-0.28363,
1403636959701666560,8.79171,-8.38500,-1.72764,0.20695,0.76364,-0.29026,0.53831,0.31259,-0.12089,-0.22147,
1403636959801666560,8.82265,-8.39487,-1.74346,0.20523,0.76461,-0.29300,0.53610,0.31705,-0.10710,-0.11782,
1403636959901666304,8.85145,-8.40164,-1.75120,0.20452,0.76535,-0.29515,0.53413,0.29873,-0.08357,-0.05322,
1403636960001666560,8.88005,-8.40937,-1.75086,0.20385,0.76558,-0.29620,0.53348,0.28861,-0.07585,0.01056,
1403636960101666560,8.90908,-8.41635,-1.74523,0.20421,0.76525,-0.29621,0.53380,0.31393,-0.09014,0.06763,
1403636960201666560,8.93759,-8.42243,-1.73643,0.20697,0.76603,-0.29442,0.53262,0.31041,-0.08375,0.02846,
1403636960301666560,8.96739,-8.42680,-1.73278,0.21530,0.76845,-0.28855,0.52903,0.33616,-0.07485,-0.02877,
1403636960401666304,8.99972,-8.42911,-1.73438,0.22018,0.76799,-0.28466,0.52980,0.37142,-0.04957,-0.05837,
1403636960501666560,9.03566,-8.42820,-1.74005,0.22176,0.76668,-0.27843,0.53432,0.39490,0.00527,-0.09522,
1403636960601666560,9.07292,-8.42290,-1.74865,0.22213,0.76697,-0.27037,0.53788,0.41017,0.06596,-0.13081,
1403636960701666560,9.11280,-8.41342,-1.76451,0.21483,0.76656,-0.26849,0.54236,0.41970,0.11903,-0.17491,
1403636960801666560,9.14988,-8.39677,-1.78119,0.20053,0.76845,-0.27047,0.54416,0.41157,0.16519,-0.21510,
1403636960901666304,9.18825,-8.37724,-1.80103,0.18608,0.77302,-0.26353,0.54623,0.41111,0.18968,-0.21066,
1403636961001666560,9.22737,-8.35579,-1.81825,0.17256,0.77912,-0.24657,0.54990,0.40799,0.20874,-0.15334,
1403636961101666560,9.26541,-8.33291,-1.82964,0.15677,0.78503,-0.22599,0.55505,0.38915,0.22095,-0.08771,
1403636961201666560,9.30146,-8.30815,-1.83580,0.13967,0.79110,-0.20360,0.55964,0.35609,0.23395,-0.03001,
1403636961301666560,9.33656,-8.28317,-1.83441,0.12435,0.79667,-0.18128,0.56303,0.35235,0.22184,0.05264,
1403636961401666304,9.37018,-8.25943,-1.82316,0.11310,0.80025,-0.16253,0.56604,0.32329,0.22852,0.13548,
1403636961501666560,9.40054,-8.23451,-1.80537,0.10329,0.80287,-0.14987,0.56769,0.30028,0.23224,0.21649,
1403636961601666560,9.43222,-8.20957,-1.78053,0.09319,0.80499,-0.13720,0.56963,0.29081,0.24235,0.27749,
1403636961701666560,9.46231,-8.18407,-1.74920,0.08219,0.80660,-0.12300,0.57228,0.28652,0.24227,0.35402,
1403636961801666560,9.49065,-8.15830,-1.71465,0.07185,0.80836,-0.10697,0.57441,0.27006,0.24463,0.32987,
1403636961901666304,9.51774,-8.13177,-1.68512,0.06202,0.81096,-0.08916,0.57494,0.26433,0.25880,0.26703,
1403636962001666560,9.54414,-8.10403,-1.66238,0.04876,0.81261,-0.07117,0.57639,0.25044,0.26782,0.19787,
1403636962101666560,9.56908,-8.07627,-1.64474,0.03552,0.81496,-0.05220,0.57607,0.23484,0.28192,0.17217,
1403636962201666560,9.59086,-8.04855,-1.62579,0.02144,0.81589,-0.03251,0.57690,0.21562,0.27711,0.21754,
1403636962301666560,9.61213,-8.01864,-1.60112,0.00871,0.81541,-0.01063,0.57871,0.19349,0.29459,0.28048,
1403636962401666304,9.63197,-7.98679,-1.57008,-0.00594,0.81493,0.01052,0.57944,0.19162,0.31160,0.34273,
1403636962501666560,9.64876,-7.95474,-1.53247,-0.01768,0.81418,0.03393,0.57935,0.16751,0.31941,0.39940,
1403636962601666560,9.66372,-7.92114,-1.49204,-0.02691,0.81301,0.06002,0.57852,0.14800,0.34150,0.39768,
1403636962701666560,9.67690,-7.88566,-1.45487,-0.03265,0.81084,0.08438,0.57824,0.12079,0.36829,0.34053,
1403636962801666560,9.68689,-7.84687,-1.42406,-0.03780,0.80893,0.10115,0.57790,0.09170,0.39726,0.26325,
1403636962901666304,9.69529,-7.80330,-1.39844,-0.04461,0.80724,0.10870,0.57840,0.05665,0.44683,0.19401,
1403636963001666560,9.70156,-7.75487,-1.37899,-0.05518,0.80382,0.10770,0.58244,0.02994,0.47997,0.16038,
1403636963101666560,9.70555,-7.70385,-1.36396,-0.06206,0.79835,0.10478,0.58976,-0.00551,0.49585,0.10312,
1403636963201666560,9.70460,-7.65321,-1.35497,-0.06400,0.79802,0.10198,0.59048,-0.04690,0.50804,0.04337,
1403636963301666560,9.69962,-7.60098,-1.35175,-0.06795,0.80242,0.09602,0.58504,-0.08322,0.50835,-0.00160,
1403636963401666304,9.69130,-7.54918,-1.35301,-0.07051,0.80566,0.08955,0.58131,-0.10392,0.49871,-0.02737,
1403636963501666560,9.68017,-7.49808,-1.35690,-0.06646,0.80716,0.08766,0.57999,-0.13804,0.48500,-0.01337,
1403636963601666560,9.66572,-7.44731,-1.35580,-0.06215,0.80764,0.08578,0.58008,-0.18543,0.46745,0.02222,
1403636963701666560,9.65127,-7.39690,-1.34992,-0.05770,0.80826,0.08358,0.58000,-0.16028,0.48275,0.11088,
1403636963801666560,9.63368,-7.34637,-1.33345,-0.05492,0.80885,0.08117,0.57979,-0.19783,0.48148,0.17458,
1403636963901666304,9.61451,-7.29643,-1.31012,-0.05251,0.80839,0.07949,0.58088,-0.21141,0.48375,0.25851,
1403636964001666560,9.59227,-7.24635,-1.28219,-0.05160,0.80808,0.07821,0.58157,-0.24494,0.48451,0.31215,
1403636964101666560,9.56813,-7.19491,-1.24874,-0.05065,0.80764,0.07823,0.58226,-0.26718,0.49512,0.35129,
1403636964201666560,9.54314,-7.14265,-1.21627,-0.05003,0.80615,0.07885,0.58430,-0.29383,0.49940,0.29910,
1403636964301666560,9.51335,-7.09107,-1.18978,-0.04878,0.80623,0.08071,0.58403,-0.31999,0.51225,0.22491,
1403636964401666304,9.48268,-7.03678,-1.17156,-0.04834,0.80559,0.08218,0.58475,-0.33838,0.52946,0.16636,
1403636964501666560,9.44846,-6.98157,-1.15628,-0.04701,0.80513,0.08556,0.58502,-0.35977,0.54935,0.12562,
1403636964601666560,9.41366,-6.92379,-1.14819,-0.04453,0.80375,0.09469,0.58569,-0.38976,0.58144,0.08293,
1403636964701666560,9.37466,-6.86259,-1.14468,-0.04716,0.80267,0.10716,0.58482,-0.41752,0.62345,0.02742,
1403636964801666560,9.33373,-6.79755,-1.14719,-0.05147,0.80014,0.12389,0.58462,-0.45174,0.67156,-0.01573,
1403636964901666304,9.28740,-6.72744,-1.14924,-0.06827,0.79594,0.13875,0.58529,-0.51264,0.71443,0.02704,
1403636965001666560,9.23493,-6.65162,-1.14359,-0.08436,0.79023,0.15802,0.58605,-0.56503,0.76750,0.08010,
1403636965101666560,9.17719,-6.57276,-1.13063,-0.10063,0.78757,0.17538,0.58211,-0.60956,0.78022,0.15990,
1403636965201666560,9.11560,-6.49335,-1.11078,-0.11225,0.78896,0.18949,0.57361,-0.64169,0.79483,0.22501,
1403636965301666560,9.05094,-6.41357,-1.08596,-0.11741,0.79658,0.20101,0.55792,-0.64804,0.80838,0.26528,
1403636965401666304,8.98643,-6.33006,-1.05593,-0.11804,0.80803,0.20931,0.53790,-0.63323,0.83784,0.34045,
1403636965501666560,8.92692,-6.24444,-1.01535,-0.12290,0.81611,0.20979,0.52426,-0.55440,0.89246,0.44883,
1403636965601666560,8.87942,-6.15437,-0.96230,-0.13431,0.81172,0.20256,0.53107,-0.44333,0.93365,0.58062,
1403636965701666560,8.83862,-6.06105,-0.90035,-0.14849,0.80127,0.19174,0.54695,-0.37988,0.93153,0.58430,
1403636965801666560,8.80086,-5.96856,-0.84538,-0.15398,0.79404,0.18564,0.55797,-0.36197,0.89696,0.49672,
1403636965901666304,8.76151,-5.87984,-0.80012,-0.14499,0.78963,0.18903,0.56544,-0.37639,0.84937,0.41329,
1403636966001666560,8.72088,-5.79515,-0.76340,-0.13615,0.78759,0.19279,0.56921,-0.39088,0.83264,0.34474,
1403636966101666560,8.67764,-5.71181,-0.73389,-0.13130,0.78621,0.19405,0.57182,-0.41878,0.82666,0.27601,
1403636966201666560,8.63481,-5.63033,-0.71099,-0.12845,0.78591,0.19374,0.57299,-0.45452,0.81828,0.19816,
1403636966301666560,8.58887,-5.55017,-0.69720,-0.12759,0.78520,0.19236,0.57462,-0.47791,0.81836,0.13278,
1403636966401666304,8.54102,-5.46961,-0.68983,-0.13713,0.78605,0.18380,0.57405,-0.51241,0.80737,0.05846,
1403636966501666560,8.49051,-5.39352,-0.68827,-0.15261,0.78773,0.17076,0.57187,-0.51714,0.76164,0.00875,
1403636966601666560,8.43956,-5.32342,-0.69268,-0.15620,0.78807,0.16574,0.57190,-0.51709,0.68099,-0.05063,
1403636966701666560,8.38721,-5.26160,-0.70212,-0.14505,0.78804,0.17066,0.57343,-0.53340,0.61929,-0.08386,
1403636966801666560,8.33235,-5.20274,-0.70947,-0.13712,0.78684,0.17391,0.57605,-0.54890,0.57477,-0.02651,
1403636966901666304,8.27641,-5.14656,-0.70889,-0.13778,0.78730,0.17161,0.57596,-0.56975,0.54043,0.05440,
1403636967001666560,8.21819,-5.09373,-0.70257,-0.13998,0.78771,0.16879,0.57569,-0.58130,0.49350,0.07552,
1403636967101666560,8.15845,-5.04529,-0.69969,-0.13477,0.78734,0.17105,0.57677,-0.60061,0.45713,0.01679,
1403636967201666560,8.09645,-5.00023,-0.70342,-0.13027,0.78714,0.17315,0.57746,-0.62688,0.43182,-0.05659,
1403636967301666560,8.03302,-4.95708,-0.71155,-0.12832,0.78731,0.17346,0.57757,-0.64424,0.41181,-0.09427,
1403636967401666304,7.96679,-4.91485,-0.71957,-0.12564,0.78641,0.17448,0.57907,-0.67168,0.40065,-0.04589,
1403636967501666560,7.89704,-4.87417,-0.72005,-0.12581,0.78617,0.17348,0.57966,-0.69733,0.39608,0.03219,
1403636967601666560,7.82372,-4.83611,-0.71342,-0.12364,0.78570,0.17368,0.58070,-0.75575,0.37396,0.08585,
1403636967701666560,7.74597,-4.79704,-0.70891,-0.12123,0.78595,0.17395,0.58080,-0.78362,0.37105,-0.00939,
1403636967801666560,7.66700,-4.75914,-0.71889,-0.12131,0.78577,0.17322,0.58125,-0.81047,0.37475,-0.17981,
1403636967901666304,7.58564,-4.72205,-0.74387,-0.12115,0.78516,0.17319,0.58211,-0.84593,0.36529,-0.29375,
1403636968001666560,7.50067,-4.68523,-0.77772,-0.12148,0.78484,0.17308,0.58250,-0.87306,0.36130,-0.36436,
1403636968101666560,7.41258,-4.65077,-0.81584,-0.12385,0.78411,0.17242,0.58318,-0.90926,0.34824,-0.38418,
1403636968201666560,7.32406,-4.61774,-0.85549,-0.12643,0.78505,0.17077,0.58185,-0.93088,0.32699,-0.35145,
1403636968301666560,7.22869,-4.58620,-0.88575,-0.12616,0.78587,0.17118,0.58068,-0.98803,0.29902,-0.26048,
1403636968401666304,7.13059,-4.55371,-0.90983,-0.12560,0.78690,0.17136,0.57935,-1.00802,0.28588,-0.18289,
1403636968501666560,7.02946,-4.52461,-0.92389,-0.12620,0.78792,0.17060,0.57806,-1.03290,0.26509,-0.09599,
1403636968601666560,6.92692,-4.49338,-0.93261,-0.12419,0.78751,0.17155,0.57876,-1.03634,0.26292,-0.03103,
1403636968701666560,6.82094,-4.46561,-0.93303,-0.11821,0.78698,0.17544,0.57958,-1.07250,0.25819,-0.01677,
1403636968801666560,6.71470,-4.43528,-0.93857,-0.11399,0.78661,0.17801,0.58014,-1.08503,0.27876,-0.06807,
1403636968901666304,6.60363,-4.40628,-0.94230,-0.11655,0.78710,0.17573,0.57966,-1.11780,0.29611,-0.01664,
1403636969001666560,6.49417,-4.37631,-0.93882,-0.11867,0.78771,0.17396,0.57893,-1.13012,0.30639,0.07227,
1403636969101666560,6.37891,-4.34535,-0.92787,-0.12328,0.78869,0.17068,0.57762,-1.16629,0.29857,0.12736,
1403636969201666560,6.26319,-4.31606,-0.91389,-0.12344,0.79352,0.17028,0.57105,-1.17916,0.28570,0.17873,
1403636969301666560,6.14608,-4.28831,-0.89266,-0.12301,0.80017,0.17011,0.56183,-1.18786,0.27159,0.23731,
1403636969401666304,6.03076,-4.25997,-0.86545,-0.12000,0.80443,0.17130,0.55602,-1.14144,0.28691,0.30108,
1403636969501666560,5.92113,-4.23070,-0.83720,-0.11763,0.80702,0.17170,0.55264,-1.10161,0.29749,0.25526,
1403636969601666560,5.81501,-4.19970,-0.81394,-0.11622,0.80867,0.17125,0.55065,-1.06020,0.31290,0.19519,
1403636969701666560,5.71279,-4.16626,-0.79728,-0.11578,0.80859,0.17023,0.55118,-1.01685,0.32621,0.13807,
1403636969801666560,5.61368,-4.13307,-0.78463,-0.11489,0.80870,0.17025,0.55119,-0.98237,0.34839,0.09298,
1403636969901666304,5.51922,-4.09803,-0.77899,-0.11537,0.80904,0.16939,0.55086,-0.93509,0.36106,0.03498,
1403636970001666560,5.42853,-4.06195,-0.77710,-0.11759,0.80660,0.16812,0.55435,-0.88813,0.37429,0.00759,
1403636970101666560,5.34497,-4.02495,-0.78119,-0.11873,0.80042,0.16809,0.56301,-0.86387,0.37910,-0.04408,
1403636970201666560,5.25896,-3.98678,-0.78882,-0.11978,0.79573,0.16786,0.56946,-0.86232,0.38083,-0.05989,
1403636970301666560,5.17578,-3.94996,-0.79604,-0.12026,0.79426,0.16820,0.57131,-0.87125,0.37057,-0.07983,
1403636970401666304,5.09121,-3.91448,-0.80498,-0.11937,0.79870,0.16910,0.56500,-0.86040,0.37209,-0.08181,
1403636970501666560,5.00488,-3.87613,-0.81127,-0.11910,0.80445,0.16997,0.55659,-0.84385,0.37695,-0.05839,
1403636970601666560,4.92251,-3.83728,-0.81278,-0.11795,0.80906,0.17156,0.54961,-0.80432,0.39747,-0.01672,
1403636970701666560,4.84300,-3.79525,-0.80716,-0.11646,0.81280,0.17372,0.54370,-0.75082,0.42393,0.08939,
1403636970801666560,4.77174,-3.75192,-0.79612,-0.11598,0.81651,0.17517,0.53775,-0.69774,0.44610,0.12917,
1403636970901666304,4.70515,-3.70429,-0.78584,-0.11479,0.82148,0.17666,0.52989,-0.61874,0.48282,0.08347,
1403636971001666560,4.64595,-3.65444,-0.78077,-0.11877,0.82355,0.17464,0.52645,-0.53649,0.51775,0.03458,
1403636971101666560,4.59688,-3.60166,-0.78074,-0.12876,0.82106,0.16775,0.53022,-0.45178,0.53150,-0.02092,
1403636971201666560,4.55622,-3.54888,-0.78589,-0.14115,0.81617,0.15931,0.53719,-0.38247,0.51747,-0.08354,
1403636971301666560,4.51928,-3.50010,-0.79446,-0.15335,0.81123,0.15070,0.54377,-0.32164,0.46058,-0.13089,
1403636971401666304,4.48935,-3.45766,-0.80763,-0.16132,0.80891,0.14545,0.54634,-0.27194,0.38698,-0.17438,
1403636971501666560,4.46551,-3.42170,-0.82621,-0.15840,0.80798,0.14783,0.54793,-0.21716,0.31531,-0.21564,
1403636971601666560,4.44688,-3.39372,-0.84918,-0.15126,0.80460,0.15370,0.55328,-0.17553,0.25129,-0.24623,
1403636971701666560,4.43235,-3.37120,-0.87643,-0.14140,0.79882,0.16165,0.56193,-0.14964,0.20932,-0.29071,
1403636971801666560,4.41852,-3.35097,-0.90727,-0.13930,0.79395,0.16428,0.56855,-0.14381,0.18060,-0.32670,
1403636971901666304,4.40586,-3.33412,-0.93835,-0.13966,0.79173,0.16520,0.57129,-0.15722,0.14277,-0.29693,
1403636972001666560,4.39119,-3.32181,-0.96442,-0.13968,0.79176,0.16619,0.57095,-0.14897,0.11510,-0.21291,
1403636972101666560,4.37558,-3.31162,-0.98206,-0.13819,0.79165,0.16727,0.57116,-0.18817,0.07413,-0.16969,
1403636972201666560,4.35713,-3.30568,-0.99455,-0.13964,0.79513,0.16600,0.56632,-0.20342,0.04868,-0.10861,
1403636972301666560,4.33827,-3.30219,-0.99867,-0.14145,0.80076,0.16443,0.55833,-0.18407,0.02216,-0.03685,
1403636972401666304,4.32167,-3.30431,-0.99107,-0.13880,0.80295,0.16598,0.55539,-0.13117,0.00621,0.07075,
1403636972501666560,4.31128,-3.30475,-0.97902,-0.13535,0.80198,0.16776,0.55710,-0.10296,-0.00528,0.13752,
1403636972601666560,4.30104,-3.30587,-0.96210,-0.13263,0.80016,0.16870,0.56008,-0.09155,-0.02163,0.21309,
1403636972701666560,4.29015,-3.30918,-0.94233,-0.12930,0.79804,0.17011,0.56346,-0.10363,-0.02917,0.16092,
1403636972801666560,4.27990,-3.31413,-0.92711,-0.12860,0.79806,0.16995,0.56363,-0.10188,-0.03161,0.10118,
1403636972901666304,4.26837,-3.31824,-0.91825,-0.12723,0.79855,0.16955,0.56337,-0.10897,-0.03606,0.03964,
1403636973001666560,4.25843,-3.32399,-0.91707,-0.12198,0.80184,0.16391,0.56153,-0.10149,-0.05603,-0.02808,
1403636973101666560,4.24871,-3.33009,-0.92201,-0.11545,0.80603,0.15387,0.55975,-0.09522,-0.06143,-0.06872,
1403636973201666560,4.23904,-3.33709,-0.93056,-0.10977,0.80859,0.14552,0.55943,-0.09162,-0.05610,-0.11786,
1403636973301666560,4.23084,-3.34294,-0.94433,-0.10420,0.80887,0.13961,0.56159,-0.08630,-0.05254,-0.16638,
1403636973401666304,4.22352,-3.34855,-0.96243,-0.10011,0.80935,0.13536,0.56268,-0.06626,-0.03809,-0.20513,
1403636973501666560,4.21808,-3.35252,-0.98454,-0.09789,0.81001,0.13194,0.56293,-0.05267,-0.02626,-0.23507,
1403636973601666560,4.21367,-3.35531,-1.01010,-0.09547,0.80836,0.13008,0.56615,-0.04796,-0.01489,-0.26484,
1403636973701666560,4.21000,-3.35701,-1.03740,-0.09424,0.80665,0.12918,0.56899,-0.04931,-0.00542,-0.25151,
1403636973801666560,4.20549,-3.35822,-1.05876,-0.09285,0.80363,0.12974,0.57335,-0.04970,-0.00102,-0.16924,
1403636973901666304,4.19928,-3.35898,-1.07266,-0.09289,0.80253,0.13023,0.57477,-0.05873,0.00465,-0.09695,
1403636974001666560,4.19270,-3.35882,-1.07914,-0.09507,0.80416,0.12791,0.57266,-0.10193,-0.00318,-0.05950,
1403636974101666560,4.18440,-3.35980,-1.08229,-0.09409,0.80815,0.11995,0.56891,-0.07739,-0.01490,-0.03107,
1403636974201666560,4.17722,-3.36291,-1.08574,-0.08498,0.81291,0.10625,0.56627,-0.05501,-0.03956,-0.07303,
1403636974301666560,4.17046,-3.36853,-1.09485,-0.06843,0.81555,0.08889,0.56772,-0.03337,-0.05051,-0.12727,
1403636974401666304,4.16663,-3.37239,-1.10974,-0.05041,0.81687,0.06707,0.57069,-0.03993,-0.04399,-0.17136,
1403636974501666560,4.16352,-3.37549,-1.12917,-0.03206,0.81627,0.04197,0.57525,-0.05071,-0.03701,-0.22342,
1403636974601666560,4.15784,-3.37920,-1.15240,-0.01261,0.81510,0.01621,0.57895,-0.05158,-0.02930,-0.25017,
1403636974701666560,4.15165,-3.38198,-1.17617,0.00483,0.81641,-0.00967,0.57738,-0.07940,-0.02230,-0.20998,
1403636974801666560,4.14271,-3.38371,-1.19388,0.01839,0.81899,-0.03528,0.57243,-0.09231,-0.00861,-0.14094,
1403636974901666304,4.13492,-3.38469,-1.20382,0.02583,0.82201,-0.06196,0.56551,-0.07484,-0.00856,-0.05400,
1403636975001666560,4.12965,-3.38762,-1.20541,0.03389,0.82349,-0.08566,0.55980,-0.05654,-0.03463,0.02318,
1403636975101666560,4.12939,-3.39402,-1.19901,0.04643,0.82114,-0.10331,0.55938,-0.00388,-0.07335,0.06973,
1403636975201666560,4.13192,-3.40242,-1.19483,0.06045,0.81562,-0.11287,0.56425,0.02362,-0.09114,0.02920,
1403636975301666560,4.13592,-3.41232,-1.19483,0.07195,0.80995,-0.11710,0.57017,0.03207,-0.08753,-0.02879,
1403636975401666304,4.13986,-3.42097,-1.20103,0.07865,0.80674,-0.11888,0.57346,0.02279,-0.07883,-0.09181,
1403636975501666560,4.14183,-3.42838,-1.21316,0.08089,0.80771,-0.11984,0.57157,0.01747,-0.06276,-0.14065,
1403636975601666560,4.14449,-3.43412,-1.22398,0.08171,0.81174,-0.11915,0.56587,0.03198,-0.04970,-0.07335,
1403636975701666560,4.14855,-3.43950,-1.22670,0.08063,0.81497,-0.11721,0.56177,0.04078,-0.04065,0.00973,
1403636975801666560,4.15498,-3.44302,-1.22123,0.07912,0.81730,-0.11532,0.55899,0.07988,-0.04004,0.08486,
1403636975901666304,4.16668,-3.44786,-1.21100,0.08247,0.81834,-0.11916,0.55617,0.12681,-0.04774,0.09969,
1403636976001666560,4.17859,-3.45287,-1.20477,0.08667,0.81542,-0.13175,0.55697,0.13840,-0.05288,0.04921,
1403636976101666560,4.19171,-3.45888,-1.20234,0.08995,0.80691,-0.15197,0.56365,0.14343,-0.05883,0.01028,
1403636976201666560,4.20502,-3.46808,-1.20441,0.09183,0.79699,-0.17740,0.57001,0.12356,-0.09466,-0.04216,
1403636976301666560,4.21484,-3.48036,-1.21278,0.09900,0.78853,-0.20320,0.57195,0.08569,-0.14386,-0.08829,
1403636976401666304,4.22144,-3.49769,-1.22483,0.11215,0.78115,-0.22757,0.57047,0.04257,-0.19681,-0.15133,
1403636976501666560,4.22316,-3.52085,-1.24161,0.13209,0.77613,-0.24657,0.56513,0.00029,-0.24623,-0.18122,
1403636976601666560,4.22095,-3.54540,-1.26338,0.15473,0.77411,-0.25635,0.55776,-0.02406,-0.25513,-0.23970,
1403636976701666560,4.21747,-3.57057,-1.29031,0.17106,0.77250,-0.26273,0.55223,-0.03347,-0.25447,-0.29437,
1403636976801666560,4.21492,-3.59511,-1.32307,0.17818,0.77147,-0.27017,0.54781,-0.03333,-0.24202,-0.36061,
1403636976901666304,4.21013,-3.61957,-1.35870,0.17718,0.77372,-0.27777,0.54112,-0.02926,-0.24862,-0.33387,
1403636977001666560,4.20807,-3.64448,-1.38580,0.17463,0.77446,-0.28278,0.53829,-0.01404,-0.25789,-0.23084,
1403636977101666560,4.20666,-3.67124,-1.40431,0.17238,0.77550,-0.28486,0.53642,0.00213,-0.29874,-0.11913,
1403636977201666560,4.20531,-3.70126,-1.41408,0.16936,0.77673,-0.28517,0.53543,0.00047,-0.31876,-0.05157,
1403636977301666560,4.20467,-3.73551,-1.41913,0.16774,0.77747,-0.28311,0.53596,0.01134,-0.35661,-0.02456,
1403636977401666304,4.20662,-3.77313,-1.42474,0.16859,0.77557,-0.27837,0.54091,0.01321,-0.38148,-0.06613,
1403636977501666560,4.20779,-3.81253,-1.43492,0.17146,0.77278,-0.27220,0.54711,0.01092,-0.39230,-0.12214,
1403636977601666560,4.20860,-3.85206,-1.45015,0.17228,0.77008,-0.26859,0.55241,0.00124,-0.39108,-0.17975,
1403636977701666560,4.20801,-3.89229,-1.47177,0.17292,0.76914,-0.26781,0.55390,-0.01936,-0.40156,-0.24317,
1403636977801666560,4.20535,-3.93346,-1.49783,0.16883,0.76900,-0.27517,0.55174,-0.03533,-0.40833,-0.27939,
1403636977901666304,4.20013,-3.97438,-1.52575,0.16649,0.76868,-0.28120,0.54986,-0.04700,-0.42443,-0.26870,
1403636978001666560,4.19405,-4.01946,-1.54980,0.17111,0.76678,-0.28162,0.55086,-0.08018,-0.43379,-0.17996,
1403636978101666560,4.18515,-4.06406,-1.56557,0.17817,0.76679,-0.27976,0.54956,-0.07505,-0.45409,-0.09433,
1403636978201666560,4.17539,-4.11159,-1.57473,0.18156,0.76829,-0.27946,0.54651,-0.10165,-0.45208,-0.02903,
1403636978301666560,4.16326,-4.15661,-1.57673,0.18389,0.77070,-0.27938,0.54236,-0.11151,-0.44021,0.02418,
1403636978401666304,4.15207,-4.20404,-1.57316,0.18436,0.77376,-0.28022,0.53738,-0.09367,-0.43947,0.11815,
1403636978501666560,4.14241,-4.25092,-1.56336,0.18397,0.77923,-0.28172,0.52877,-0.07772,-0.43640,0.11243,
1403636978601666560,4.13622,-4.30008,-1.55812,0.18226,0.78435,-0.28427,0.52035,-0.04169,-0.45245,0.05600,
1403636978701666560,4.13458,-4.34963,-1.55738,0.18169,0.78754,-0.28573,0.51491,0.01187,-0.47549,-0.00081,
1403636978801666560,4.13899,-4.39959,-1.56125,0.18136,0.78953,-0.28659,0.51149,0.07867,-0.50754,-0.04801,
1403636978901666304,4.15075,-4.45213,-1.56798,0.18275,0.78636,-0.28576,0.51632,0.14068,-0.54817,-0.07485,
1403636979001666560,4.16748,-4.50808,-1.57876,0.18775,0.77876,-0.28219,0.52787,0.18172,-0.56029,-0.11766,
1403636979101666560,4.18749,-4.56117,-1.59563,0.19217,0.77107,-0.27900,0.53914,0.20017,-0.54181,-0.21419,
1403636979201666560,4.20877,-4.61591,-1.62023,0.19353,0.76824,-0.27773,0.54333,0.21042,-0.51962,-0.27872,
1403636979301666560,4.23000,-4.66700,-1.64958,0.19118,0.77335,-0.27916,0.53615,0.21108,-0.49935,-0.25850,
1403636979401666304,4.25314,-4.71605,-1.67220,0.18906,0.77938,-0.28043,0.52743,0.24753,-0.48968,-0.19458,
1403636979501666560,4.27942,-4.76607,-1.68580,0.18569,0.78328,-0.28271,0.52160,0.26589,-0.47861,-0.11967,
1403636979601666560,4.30911,-4.81631,-1.69317,0.18488,0.78506,-0.28401,0.51850,0.32510,-0.50499,-0.05418,
1403636979701666560,4.34473,-4.86761,-1.69164,0.18683,0.78616,-0.28423,0.51600,0.37003,-0.51816,0.00487,
1403636979801666560,4.38534,-4.91411,-1.68260,0.18857,0.78477,-0.28516,0.51698,0.42557,-0.53380,0.08605,
1403636979901666304,4.43054,-4.96471,-1.66949,0.19241,0.77936,-0.28509,0.52374,0.47957,-0.54348,0.09522,
1403636980001666560,4.47954,-5.01814,-1.66023,0.19681,0.77548,-0.28471,0.52804,0.50078,-0.52948,0.04279,
1403636980101666560,4.52967,-5.06860,-1.65736,0.19927,0.77348,-0.28518,0.52981,0.51285,-0.51709,-0.01424,
1403636980201666560,4.58220,-5.11906,-1.65983,0.19996,0.77190,-0.28669,0.53103,0.53485,-0.50869,-0.06206,
1403636980301666560,4.63689,-5.16971,-1.66881,0.19944,0.76908,-0.28855,0.53431,0.54182,-0.49074,-0.11195,
1403636980401666304,4.69215,-5.21803,-1.68215,0.19918,0.76453,-0.28911,0.54059,0.55294,-0.47146,-0.16802,
1403636980501666560,4.74779,-5.26468,-1.70136,0.19801,0.76075,-0.28986,0.54591,0.54937,-0.45229,-0.20868,
1403636980601666560,4.80118,-5.30752,-1.72296,0.19403,0.75827,-0.29138,0.54998,0.52279,-0.42893,-0.21809,
1403636980701666560,4.85278,-5.35070,-1.74212,0.19302,0.75748,-0.29075,0.55175,0.50942,-0.43519,-0.14630,
1403636980801666560,4.90109,-5.39297,-1.75541,0.19525,0.76129,-0.28773,0.54729,0.49039,-0.42378,-0.08981,
1403636980901666304,4.94589,-5.43083,-1.76079,0.19634,0.76713,-0.28520,0.54003,0.49626,-0.42608,-0.00145,
1403636981001666560,4.99116,-5.46690,-1.76112,0.19812,0.77058,-0.28265,0.53579,0.50446,-0.40657,-0.00139,
1403636981101666560,5.03467,-5.49770,-1.76268,0.19758,0.76971,-0.28277,0.53717,0.50548,-0.37017,-0.05715,
1403636981201666560,5.08183,-5.53036,-1.76980,0.19230,0.76661,-0.28716,0.54117,0.50535,-0.34761,-0.11133,
1403636981301666560,5.12780,-5.56115,-1.78051,0.18298,0.76051,-0.29541,0.54853,0.48636,-0.34385,-0.13366,
1403636981401666304,5.17031,-5.59295,-1.79526,0.17735,0.75647,-0.30107,0.55286,0.43925,-0.35155,-0.18219,
1403636981501666560,5.20557,-5.62290,-1.81386,0.18435,0.75877,-0.29886,0.54861,0.38586,-0.35741,-0.18983,
1403636981601666560,5.24230,-5.65782,-1.83074,0.19589,0.76447,-0.29354,0.53948,0.36846,-0.36091,-0.14407,
1403636981701666560,5.27780,-5.69128,-1.83996,0.20345,0.76864,-0.29103,0.53207,0.37308,-0.34831,-0.04986,
1403636981801666560,5.31387,-5.72382,-1.84045,0.20678,0.77167,-0.29170,0.52600,0.38273,-0.32925,0.02001,
1403636981901666304,5.35550,-5.75698,-1.83402,0.20725,0.77571,-0.29411,0.51848,0.43140,-0.32679,0.10139,
1403636982001666560,5.40022,-5.78957,-1.82389,0.20363,0.78043,-0.29904,0.50994,0.47519,-0.33157,0.08209,
1403636982101666560,5.44976,-5.82291,-1.81814,0.19871,0.78433,-0.30414,0.50283,0.53373,-0.35731,0.04852,
1403636982201666560,5.50549,-5.86013,-1.81558,0.19395,0.78525,-0.30848,0.50061,0.58901,-0.37836,0.00568,
1403636982301666560,5.56601,-5.90157,-1.81601,0.18821,0.78210,-0.31263,0.50513,0.63810,-0.43334,-0.03209,
1403636982401666304,5.63184,-5.94873,-1.82036,0.18701,0.77540,-0.31316,0.51547,0.67372,-0.49547,-0.03966,
1403636982501666560,5.69930,-6.00033,-1.82129,0.18847,0.76668,-0.31085,0.52920,0.68401,-0.54839,0.03015,
1403636982601666560,5.76576,-6.05538,-1.81580,0.19156,0.76271,-0.30707,0.53599,0.68553,-0.58931,0.07434,
1403636982701666560,5.83592,-6.11656,-1.80908,0.18895,0.76335,-0.30683,0.53614,0.66358,-0.60532,0.07425,
1403636982801666560,5.90131,-6.17674,-1.80018,0.18859,0.76745,-0.30470,0.53162,0.64216,-0.61849,0.06436,
1403636982901666304,5.96525,-6.23885,-1.79413,0.19014,0.77095,-0.30276,0.52709,0.63877,-0.63657,0.01084,
1403636983001666560,6.03116,-6.30343,-1.79307,0.19293,0.77071,-0.30033,0.52781,0.65508,-0.65144,-0.04211,
1403636983101666560,6.09779,-6.36929,-1.79809,0.19611,0.76722,-0.29774,0.53317,0.65930,-0.65707,-0.09996,
1403636983201666560,6.16526,-6.43517,-1.80906,0.20091,0.76562,-0.29452,0.53547,0.65260,-0.65282,-0.15572,
1403636983301666560,6.23083,-6.49954,-1.82518,0.20499,0.76456,-0.29217,0.53672,0.65074,-0.63816,-0.18927,
1403636983401666304,6.29674,-6.56346,-1.84501,0.20757,0.76371,-0.29121,0.53745,0.64345,-0.61938,-0.22516,
1403636983501666560,6.36346,-6.62653,-1.86393,0.20761,0.76346,-0.29247,0.53712,0.63974,-0.58905,-0.18269,
1403636983601666560,6.42770,-6.68383,-1.87784,0.20850,0.76549,-0.29347,0.53331,0.63361,-0.55223,-0.12027,
1403636983701666560,6.49216,-6.74032,-1.88358,0.20786,0.76897,-0.29578,0.52725,0.65451,-0.54770,-0.01843,
1403636983801666560,6.55921,-6.79595,-1.88148,0.20881,0.77172,-0.29688,0.52222,0.67199,-0.53714,0.06343,
1403636983901666304,6.62678,-6.84805,-1.87244,0.20862,0.77389,-0.29869,0.51803,0.69364,-0.51699,0.11271,
1403636984001666560,6.69920,-6.90135,-1.85800,0.20808,0.77480,-0.30119,0.51544,0.73406,-0.52339,0.17059,
1403636984101666560,6.77797,-6.95957,-1.84042,0.20785,0.77540,-0.30334,0.51335,0.76802,-0.54205,0.15416,
1403636984201666560,6.85751,-7.01512,-1.82767,0.21045,0.77280,-0.30327,0.51626,0.79605,-0.53883,0.09883,
1403636984301666560,6.94060,-7.06995,-1.82117,0.21369,0.76864,-0.30272,0.52143,0.83185,-0.53472,0.01869,
1403636984401666304,7.02476,-7.12468,-1.82283,0.21515,0.76573,-0.30310,0.52488,0.85168,-0.52809,-0.05932,
1403636984501666560,7.11292,-7.17958,-1.83197,0.21752,0.76329,-0.30257,0.52776,0.86307,-0.50943,-0.12593,
1403636984601666560,7.20090,-7.23051,-1.84454,0.21847,0.76243,-0.30214,0.52885,0.87881,-0.48911,-0.10928,
1403636984701666560,7.28909,-7.27935,-1.85218,0.21898,0.76219,-0.30136,0.52942,0.86983,-0.45328,-0.04887,
1403636984801666560,7.37808,-7.32525,-1.85373,0.21613,0.76084,-0.30257,0.53184,0.87667,-0.43459,-0.00262,
1403636984901666304,7.46600,-7.36889,-1.85081,0.21095,0.75968,-0.30578,0.53374,0.84735,-0.40598,0.03418,
1403636985001666560,7.55269,-7.41054,-1.84153,0.20953,0.75889,-0.30665,0.53493,0.82352,-0.38580,0.08422,
1403636985101666560,7.64043,-7.45363,-1.83074,0.21077,0.75944,-0.30617,0.53394,0.81982,-0.38648,0.06720,
1403636985201666560,7.72603,-7.49305,-1.82856,0.21336,0.76070,-0.30488,0.53184,0.81294,-0.36271,-0.05258,
1403636985301666560,7.81235,-7.53081,-1.83832,0.21571,0.76069,-0.30392,0.53146,0.83028,-0.35225,-0.16700,
1403636985401666304,7.89882,-7.56740,-1.85490,0.21526,0.76226,-0.30033,0.53144,0.84570,-0.32517,-0.14962,
1403636985501666560,7.99273,-7.60407,-1.86429,0.21274,0.76668,-0.29113,0.53121,0.87171,-0.30520,-0.06495,
1403636985601666560,8.08000,-7.63371,-1.86743,0.21021,0.76920,-0.28194,0.53354,0.87680,-0.27601,0.00592,
1403636985701666560,8.17185,-7.66208,-1.86366,0.21049,0.77092,-0.27330,0.53543,0.88775,-0.24150,0.07997,
1403636985801666560,8.26481,-7.68688,-1.85398,0.21024,0.77024,-0.26671,0.53981,0.89392,-0.19256,0.11838,
1403636985901666304,8.35668,-7.70469,-1.84083,0.21258,0.76113,-0.25974,0.55499,0.90033,-0.14536,0.10914,
1403636986001666560,8.44600,-7.71519,-1.83432,0.21592,0.75051,-0.25323,0.57095,0.85043,-0.07085,0.01269,
1403636986101666560,8.53053,-7.71787,-1.83664,0.21630,0.75024,-0.25096,0.57217,0.80732,0.01918,-0.08754,
1403636986201666560,8.60923,-7.71160,-1.84721,0.21106,0.75840,-0.25422,0.56183,0.75737,0.10096,-0.14004,
1403636986301666560,8.68428,-7.69778,-1.86293,0.20660,0.76774,-0.25768,0.54908,0.74380,0.16028,-0.16281,
1403636986401666304,8.76025,-7.67880,-1.87864,0.20218,0.77238,-0.26082,0.54270,0.74287,0.20855,-0.17740,
1403636986501666560,8.83470,-7.65482,-1.89519,0.19459,0.77315,-0.26600,0.54187,0.75135,0.23292,-0.14618,
1403636986601666560,8.90818,-7.62968,-1.90485,0.18772,0.77204,-0.27025,0.54377,0.72459,0.25912,-0.04707,
1403636986701666560,8.98043,-7.60325,-1.90482,0.18276,0.77123,-0.27358,0.54494,0.71024,0.26023,0.03627,
1403636986801666560,9.05288,-7.57791,-1.89589,0.17743,0.76990,-0.27716,0.54677,0.69434,0.24464,0.13095,
1403636986901666304,9.12172,-7.55379,-1.87873,0.17655,0.76854,-0.27825,0.54841,0.66268,0.22459,0.22112,
1403636987001666560,9.18759,-7.53242,-1.85303,0.17944,0.76788,-0.27714,0.54895,0.63031,0.20195,0.29476,
1403636987101666560,9.24871,-7.51123,-1.82198,0.18516,0.76758,-0.27475,0.54868,0.59830,0.21405,0.30337,
1403636987201666560,9.30839,-7.48902,-1.79401,0.18823,0.76641,-0.27455,0.54937,0.56966,0.21518,0.24956,
1403636987301666560,9.36422,-7.46766,-1.77094,0.18961,0.76469,-0.27537,0.55088,0.54820,0.22196,0.17524,
1403636987401666304,9.41922,-7.44423,-1.75583,0.18950,0.76337,-0.27460,0.55313,0.53198,0.24194,0.11981,
1403636987501666560,9.47071,-7.42039,-1.74393,0.19082,0.76178,-0.26900,0.55759,0.50247,0.25901,0.08122,
1403636987601666560,9.52119,-7.39344,-1.73726,0.19375,0.75980,-0.26304,0.56212,0.46602,0.29113,0.04432,
1403636987701666560,9.56676,-7.36313,-1.73435,0.19387,0.75915,-0.25963,0.56453,0.42173,0.33121,0.02339,
1403636987801666560,9.60860,-7.32819,-1.72776,0.19121,0.75943,-0.25796,0.56583,0.38004,0.36822,0.08212,
1403636987901666304,9.64489,-7.28981,-1.71433,0.18604,0.76024,-0.25891,0.56602,0.32895,0.40170,0.14444,
1403636988001666560,9.67690,-7.24915,-1.69641,0.17685,0.76226,-0.26339,0.56418,0.28667,0.41675,0.17111,
1403636988101666560,9.70150,-7.20813,-1.68117,0.16771,0.76449,-0.26936,0.56113,0.24014,0.41250,0.11963,
1403636988201666560,9.72327,-7.16798,-1.67017,0.16179,0.76508,-0.27402,0.55980,0.19585,0.38739,0.07580,
1403636988301666560,9.74053,-7.13070,-1.66272,0.15906,0.76114,-0.27687,0.56454,0.14627,0.35584,0.07459,
1403636988401666304,9.75219,-7.09659,-1.65299,0.16057,0.75464,-0.27650,0.57296,0.07094,0.32536,0.12607,
1403636988501666560,9.75473,-7.06375,-1.63609,0.16424,0.75055,-0.27389,0.57852,-0.03783,0.32271,0.19908,
1403636988601666560,9.74842,-7.03156,-1.61236,0.16498,0.74834,-0.27302,0.58157,-0.14331,0.31833,0.23936,
1403636988701666560,9.73456,-6.99936,-1.58904,0.16478,0.74724,-0.27314,0.58299,-0.21751,0.31178,0.21010,
1403636988801666560,9.71191,-6.96887,-1.57062,0.16616,0.74562,-0.27209,0.58515,-0.29945,0.30477,0.15805,
1403636988901666304,9.67906,-6.93784,-1.55793,0.16577,0.74312,-0.27216,0.58841,-0.38972,0.30322,0.11063,
1403636989001666560,9.63685,-6.90724,-1.55058,0.16514,0.74051,-0.27284,0.59155,-0.49887,0.30306,0.04065,
1403636989101666560,9.58422,-6.87626,-1.54809,0.16481,0.73867,-0.27371,0.59353,-0.60559,0.29929,0.01750,
1403636989201666560,9.51946,-6.84486,-1.54670,0.16486,0.73869,-0.27457,0.59310,-0.71912,0.30352,0.01546,
1403636989301666560,9.44332,-6.81448,-1.54413,0.17032,0.74512,-0.27263,0.58435,-0.80058,0.28181,0.05809,
1403636989401666304,9.36095,-6.78440,-1.53520,0.17624,0.75519,-0.27054,0.57047,-0.86765,0.28093,0.13775,
1403636989501666560,9.27248,-6.75465,-1.51802,0.17747,0.76295,-0.27107,0.55941,-0.90591,0.29064,0.20960,
1403636989601666560,9.18064,-6.72352,-1.49536,0.18008,0.76675,-0.27021,0.55376,-0.90916,0.28959,0.24429,
1403636989701666560,9.08819,-6.69072,-1.47552,0.18438,0.76990,-0.26768,0.54918,-0.90740,0.29905,0.19319,
1403636989801666560,8.99605,-6.65736,-1.46220,0.18613,0.77134,-0.26665,0.54707,-0.89919,0.31738,0.12209,
1403636989901666304,8.90600,-6.62470,-1.45241,0.18579,0.76978,-0.26668,0.54937,-0.89287,0.32103,0.08161,
1403636990001666560,8.81382,-6.58903,-1.44711,0.18606,0.76494,-0.26636,0.55615,-0.89526,0.34297,0.05590,
1403636990101666560,8.72343,-6.55469,-1.43906,0.18743,0.76099,-0.26511,0.56168,-0.90901,0.36216,0.10676,
1403636990201666560,8.62991,-6.51562,-1.42499,0.18892,0.76086,-0.26376,0.56198,-0.93136,0.38453,0.16557,
1403636990301666560,8.53594,-6.47634,-1.40586,0.18908,0.76440,-0.26267,0.55762,-0.95938,0.41239,0.23593,
1403636990401666304,8.43846,-6.43222,-1.38049,0.18897,0.76788,-0.26143,0.55345,-0.95192,0.43517,0.25216,
1403636990501666560,8.34353,-6.38774,-1.35852,0.18551,0.77075,-0.26178,0.55045,-0.94180,0.45407,0.19768,
1403636990601666560,8.25108,-6.34035,-1.34207,0.18406,0.77250,-0.26128,0.54872,-0.93312,0.46069,0.13828,
1403636990701666560,8.15853,-6.29474,-1.33255,0.18313,0.77482,-0.26014,0.54631,-0.91926,0.46166,0.06553,
1403636990801666560,8.06822,-6.24838,-1.33032,0.18312,0.77611,-0.25883,0.54510,-0.90378,0.47462,-0.00495,
1403636990901666304,7.97911,-6.20246,-1.33434,0.18219,0.77648,-0.25843,0.54507,-0.87980,0.47859,-0.06840,
1403636991001666560,7.89336,-6.15748,-1.34273,0.18268,0.77661,-0.25764,0.54509,-0.85485,0.47218,-0.09896,
1403636991101666560,7.80954,-6.11136,-1.35395,0.18358,0.77620,-0.25736,0.54551,-0.83589,0.46981,-0.14196,
1403636991201666560,7.72947,-6.06619,-1.36465,0.18476,0.77642,-0.25748,0.54474,-0.81349,0.47177,-0.09406,
1403636991301666560,7.64895,-6.01800,-1.37124,0.18461,0.77677,-0.25832,0.54389,-0.82463,0.50147,-0.04370,
1403636991401666304,7.57016,-5.97006,-1.36832,0.18454,0.77729,-0.25959,0.54256,-0.79708,0.49918,0.06480,
1403636991501666560,7.49345,-5.92195,-1.35758,0.18563,0.77753,-0.26056,0.54138,-0.75280,0.48483,0.17405,
1403636991601666560,7.42106,-5.87544,-1.33777,0.18358,0.77665,-0.26394,0.54171,-0.71592,0.47086,0.24259,
1403636991701666560,7.34800,-5.82694,-1.31421,0.17762,0.77480,-0.27086,0.54292,-0.69689,0.46385,0.29902,
1403636991801666560,7.27393,-5.78014,-1.28695,0.17290,0.77289,-0.27719,0.54398,-0.68603,0.43284,0.32828,
1403636991901666304,7.20050,-5.73662,-1.25941,0.17025,0.77181,-0.28213,0.54380,-0.69616,0.39675,0.28023,
1403636992001666560,7.12656,-5.69561,-1.24078,0.17295,0.77137,-0.28315,0.54305,-0.69765,0.36404,0.20362,
1403636992101666560,7.05407,-5.65938,-1.22605,0.18240,0.77012,-0.27919,0.54378,-0.70038,0.33482,0.14102,
1403636992201666560,6.98401,-5.62440,-1.21996,0.18945,0.76714,-0.27644,0.54697,-0.70107,0.33461,0.07472,
1403636992301666560,6.91610,-5.59075,-1.21581,0.19301,0.76609,-0.27584,0.54751,-0.69663,0.33964,0.03029,
1403636992401666304,6.84617,-5.55618,-1.21754,0.19454,0.76801,-0.27712,0.54362,-0.68725,0.34563,-0.00866,
1403636992501666560,6.77829,-5.52140,-1.21593,0.19485,0.77077,-0.27930,0.53846,-0.67774,0.35412,0.05589,
1403636992601666560,6.70927,-5.48589,-1.20760,0.19649,0.77236,-0.28038,0.53501,-0.65421,0.35314,0.13182,
1403636992701666560,6.64726,-5.45133,-1.19161,0.19780,0.77279,-0.28164,0.53324,-0.61744,0.35151,0.17798,
1403636992801666560,6.58451,-5.41384,-1.17572,0.19949,0.77332,-0.28250,0.53139,-0.58335,0.35056,0.13752,
1403636992901666304,6.52784,-5.37847,-1.16547,0.20253,0.77309,-0.28242,0.53061,-0.54082,0.35094,0.07947,
1403636993001666560,6.47253,-5.34125,-1.16284,0.20445,0.77114,-0.28287,0.53248,-0.51103,0.35690,0.02435,
1403636993101666560,6.42326,-5.30508,-1.16262,0.20207,0.76710,-0.28466,0.53823,-0.46923,0.37494,-0.00039,
1403636993201666560,6.37570,-5.26694,-1.16096,0.19517,0.76525,-0.28205,0.54474,-0.45384,0.39357,0.04865,
1403636993301666560,6.32834,-5.22609,-1.15533,0.18695,0.76682,-0.27355,0.54973,-0.43537,0.39685,0.11677,
1403636993401666304,6.28235,-5.18550,-1.13908,0.17715,0.77021,-0.26061,0.55450,-0.44770,0.40833,0.20170,
1403636993501666560,6.23458,-5.14392,-1.11727,0.16554,0.77496,-0.24492,0.55862,-0.47098,0.42134,0.25482,
1403636993601666560,6.18704,-5.10183,-1.08856,0.15431,0.78034,-0.22812,0.56145,-0.48388,0.42948,0.27757,
1403636993701666560,6.13798,-5.05949,-1.05959,0.14419,0.78576,-0.21514,0.56170,-0.49436,0.42157,0.25229,
1403636993801666560,6.08885,-5.01773,-1.03635,0.13770,0.78972,-0.20556,0.56137,-0.49182,0.41134,0.18890,
1403636993901666304,6.03929,-4.97641,-1.01965,0.13510,0.79226,-0.19711,0.56144,-0.49571,0.41266,0.12935,
1403636994001666560,5.99064,-4.93509,-1.00884,0.13324,0.79053,-0.19186,0.56612,-0.48759,0.41411,0.08027,
1403636994101666560,5.94179,-4.89403,-1.00222,0.13559,0.78609,-0.18663,0.57345,-0.50090,0.42736,0.04361,
1403636994201666560,5.89022,-4.85041,-1.00057,0.13719,0.78122,-0.18330,0.58076,-0.52192,0.45364,-0.00290,
1403636994301666560,5.83650,-4.80346,-1.00303,0.13815,0.77669,-0.18196,0.58699,-0.55487,0.48409,-0.03792,
1403636994401666304,5.77768,-4.75466,-1.00929,0.13946,0.77427,-0.18084,0.59021,-0.61081,0.52251,-0.07408,
1403636994501666560,5.71419,-4.70037,-1.01619,0.13954,0.77490,-0.18152,0.58916,-0.66492,0.56665,-0.05220,
1403636994601666560,5.64527,-4.64171,-1.01793,0.13508,0.77787,-0.18526,0.58510,-0.69947,0.59257,0.01895,
1403636994701666560,5.57297,-4.57966,-1.01314,0.12783,0.78296,-0.19144,0.57791,-0.74444,0.62187,0.07538,
1403636994801666560,5.49675,-4.51689,-1.00201,0.11780,0.78787,-0.19965,0.57055,-0.75789,0.61761,0.12822,
1403636994901666304,5.42014,-4.45666,-0.98975,0.11045,0.78932,-0.20592,0.56777,-0.77568,0.58417,0.10499,
1403636995001666560,5.34257,-4.40054,-0.98079,0.11055,0.78756,-0.20669,0.56992,-0.79029,0.54353,0.05791,
1403636995101666560,5.26313,-4.34747,-0.97695,0.11787,0.78477,-0.20127,0.57422,-0.80175,0.52524,0.03093,
1403636995201666560,5.18307,-4.29559,-0.97415,0.12425,0.78235,-0.19595,0.57800,-0.81805,0.51823,0.07275,
1403636995301666560,5.09936,-4.24349,-0.96450,0.12775,0.78117,-0.19217,0.58010,-0.85943,0.52994,0.15405,
1403636995401666304,5.01206,-4.19073,-0.94749,0.12949,0.78377,-0.18915,0.57720,-0.88111,0.54264,0.21117,
1403636995501666560,4.92148,-4.13584,-0.92370,0.12823,0.78849,-0.18879,0.57114,-0.91392,0.56399,0.27832,
1403636995601666560,4.82936,-4.07964,-0.89323,0.12728,0.79026,-0.18872,0.56892,-0.91836,0.56102,0.31639,
1403636995701666560,4.73869,-4.02319,-0.86362,0.12503,0.79015,-0.19042,0.56901,-0.91888,0.57689,0.27224,
1403636995801666560,4.64747,-3.96839,-0.83966,0.12035,0.78995,-0.19413,0.56905,-0.92464,0.56060,0.19329,
1403636995901666304,4.55592,-3.91507,-0.82320,0.11292,0.79078,-0.19991,0.56741,-0.92642,0.52944,0.13466,
1403636996001666560,4.46687,-3.86549,-0.81328,0.10925,0.79168,-0.20323,0.56569,-0.92802,0.49399,0.07674,
1403636996101666560,4.37482,-3.81878,-0.80757,0.11419,0.79373,-0.20020,0.56292,-0.92520,0.44857,0.04348,
1403636996201666560,4.28560,-3.77401,-0.80145,0.11957,0.79507,-0.19692,0.56106,-0.92017,0.42604,0.07915,
1403636996301666560,4.19746,-3.73339,-0.78873,0.12339,0.79602,-0.19335,0.56014,-0.88714,0.41196,0.16877,
1403636996401666304,4.11475,-3.69370,-0.76706,0.12123,0.79729,-0.18898,0.56029,-0.84440,0.39998,0.26580,
1403636996501666560,4.02926,-3.65285,-0.73774,0.11695,0.79946,-0.17984,0.56111,-0.83129,0.40814,0.31284,
1403636996601666560,3.94945,-3.61164,-0.70260,0.11018,0.80273,-0.16722,0.56171,-0.80766,0.41247,0.36165,
1403636996701666560,3.87144,-3.57025,-0.67231,0.10029,0.80667,-0.15134,0.56243,-0.79632,0.41613,0.23532,
1403636996801666560,3.79348,-3.52932,-0.65695,0.08772,0.81067,-0.13368,0.56325,-0.77854,0.41847,0.08024,
1403636996901666304,3.71493,-3.48726,-0.65368,0.07224,0.81422,-0.11577,0.56430,-0.76345,0.41530,0.00084,
1403636997001666560,3.63844,-3.44519,-0.65579,0.05705,0.81728,-0.09637,0.56525,-0.73528,0.40466,-0.05678,
1403636997101666560,3.56630,-3.40542,-0.66180,0.04371,0.81995,-0.07851,0.56534,-0.71280,0.38153,-0.10120,
1403636997201666560,3.49921,-3.36817,-0.67437,0.03372,0.82190,-0.06582,0.56481,-0.67817,0.35734,-0.14459,
1403636997301666560,3.43656,-3.33433,-0.68917,0.02796,0.82312,-0.05607,0.56441,-0.64948,0.32840,-0.14623,
1403636997401666304,3.37544,-3.30243,-0.69935,0.02511,0.82410,-0.04985,0.56369,-0.61106,0.31048,-0.05293,
1403636997501666560,3.31884,-3.27264,-0.70137,0.02410,0.82394,-0.04691,0.56422,-0.55907,0.28971,0.02153,
1403636997601666560,3.26763,-3.24329,-0.69656,0.02391,0.82468,-0.04673,0.56317,-0.51902,0.27836,0.10422,
1403636997701666560,3.21911,-3.21623,-0.68271,0.02553,0.82505,-0.04696,0.56252,-0.46616,0.26599,0.16770,
1403636997801666560,3.17418,-3.19012,-0.66104,0.02828,0.82615,-0.04775,0.56070,-0.40930,0.26431,0.24741,
1403636997901666304,3.13671,-3.16410,-0.63243,0.03040,0.82631,-0.04936,0.56023,-0.36348,0.25612,0.29619,
1403636998001666560,3.10117,-3.13889,-0.59735,0.03148,0.82612,-0.05156,0.56025,-0.32563,0.24131,0.37858,
1403636998101666560,3.07185,-3.11577,-0.55649,0.03231,0.82618,-0.05368,0.55991,-0.28875,0.24223,0.40423,
1403636998201666560,3.04679,-3.09354,-0.51603,0.03138,0.82471,-0.05671,0.56183,-0.25418,0.23777,0.35321,
1403636998301666560,3.02401,-3.07192,-0.48294,0.03229,0.82514,-0.05796,0.56102,-0.22113,0.22112,0.29770,
1403636998401666304,3.00720,-3.05126,-0.45533,0.03210,0.82475,-0.05957,0.56143,-0.17434,0.21255,0.23435,
1403636998501666560,2.99167,-3.03056,-0.43092,0.03156,0.82437,-0.06150,0.56181,-0.14155,0.19759,0.26452,
1403636998601666560,2.98053,-3.01237,-0.40166,0.03338,0.82114,-0.06115,0.56646,-0.13220,0.18263,0.31845,
1403636998701666560,2.96913,-2.99532,-0.36250,0.03719,0.81307,-0.05922,0.57794,-0.13017,0.18025,0.38949,
1403636998801666560,2.95985,-2.97960,-0.32031,0.04058,0.80796,-0.05800,0.58497,-0.15009,0.17148,0.40739,
1403636998901666304,2.94781,-2.96288,-0.28100,0.04612,0.80658,-0.05449,0.58680,-0.17075,0.18320,0.34725,
1403636999001666560,2.93211,-2.94391,-0.24794,0.04977,0.80704,-0.05282,0.58602,-0.18877,0.21039,0.28694,
1403636999101666560,2.91490,-2.92093,-0.22167,0.05260,0.80735,-0.05137,0.58548,-0.20322,0.24307,0.22626,
1403636999201666560,2.89679,-2.89432,-0.20177,0.05415,0.80908,-0.05113,0.58296,-0.20818,0.27432,0.15856,
1403636999301666560,2.87770,-2.86645,-0.18791,0.05283,0.81072,-0.05251,0.58068,-0.20978,0.30460,0.10462,
1403636999401666304,2.85590,-2.83524,-0.17785,0.04804,0.81114,-0.05624,0.58016,-0.20658,0.32826,0.06634,
1403636999501666560,2.83495,-2.80213,-0.17341,0.04519,0.81072,-0.05849,0.58075,-0.21025,0.33452,0.03181,
1403636999601666560,2.81382,-2.76713,-0.17237,0.04381,0.80846,-0.06007,0.58383,-0.22323,0.34493,-0.00228,
1403636999701666560,2.78929,-2.73201,-0.17531,0.04340,0.80655,-0.06100,0.58640,-0.25044,0.35655,-0.04950,
1403636999801666560,2.76262,-2.69609,-0.18056,0.04353,0.80613,-0.06179,0.58689,-0.28208,0.35463,-0.07058,
1403636999901666304,2.73373,-2.65908,-0.18878,0.04528,0.80631,-0.06109,0.58658,-0.31326,0.36482,-0.10045,
1403637000001666560,2.70024,-2.62110,-0.19563,0.04947,0.80635,-0.05856,0.58644,-0.35392,0.38036,-0.05163,
1403637000101666560,2.66425,-2.58093,-0.19728,0.05163,0.80741,-0.05681,0.58497,-0.39231,0.40218,0.00300,
1403637000201666560,2.62621,-2.53797,-0.19047,0.05068,0.80908,-0.05703,0.58273,-0.40978,0.42571,0.07032,
1403637000301666560,2.58777,-2.49368,-0.17949,0.04932,0.81049,-0.05794,0.58079,-0.40088,0.44286,0.07068,
1403637000401666304,2.54906,-2.44843,-0.17259,0.04716,0.80983,-0.05934,0.58175,-0.41671,0.44105,0.03649,
1403637000501666560,2.51043,-2.40170,-0.16978,0.04917,0.80989,-0.05804,0.58163,-0.42103,0.45717,0.00181,
1403637000601666560,2.46851,-2.35348,-0.16791,0.04980,0.81003,-0.05765,0.58142,-0.43755,0.48539,0.02861,
1403637000701666560,2.42669,-2.30359,-0.16059,0.04777,0.80904,-0.05922,0.58281,-0.43739,0.49712,0.09739,
1403637000801666560,2.38618,-2.25358,-0.14490,0.04771,0.80844,-0.05976,0.58359,-0.43445,0.50766,0.18451,
1403637000901666304,2.34124,-2.20228,-0.12871,0.04709,0.80845,-0.06079,0.58351,-0.44598,0.51684,0.14517,
1403637001001666560,2.29438,-2.15030,-0.11831,0.04731,0.80811,-0.06171,0.58387,-0.46867,0.52505,0.08154,
1403637001101666560,2.24709,-2.09708,-0.11403,0.04704,0.80788,-0.06251,0.58413,-0.48623,0.53244,0.03225,
1403637001201666560,2.19684,-2.04392,-0.11279,0.04608,0.80709,-0.06375,0.58517,-0.51415,0.53433,0.03106,
1403637001301666560,2.14403,-1.98950,-0.10635,0.04526,0.80718,-0.06474,0.58500,-0.54559,0.53978,0.11155,
1403637001401666304,2.09000,-1.93604,-0.09189,0.04286,0.80840,-0.06696,0.58324,-0.55466,0.53271,0.19246,
1403637001501666560,2.03439,-1.88248,-0.07142,0.04274,0.81136,-0.06817,0.57898,-0.54886,0.52004,0.23018,
1403637001601666560,1.97938,-1.83028,-0.05242,0.04313,0.81279,-0.06942,0.57680,-0.55669,0.51325,0.19227,
1403637001701666560,1.92247,-1.77910,-0.03776,0.04354,0.81292,-0.07014,0.57649,-0.55960,0.50004,0.13636,
1403637001801666560,1.86686,-1.72735,-0.02859,0.04313,0.81196,-0.07163,0.57769,-0.56336,0.50248,0.06893,
1403637001901666304,1.80958,-1.67808,-0.02553,0.04407,0.81349,-0.07169,0.57546,-0.56425,0.49039,0.01444,
1403637002001666560,1.75282,-1.63031,-0.02765,0.04453,0.81434,-0.07172,0.57422,-0.55844,0.49124,-0.02948,
1403637002101666560,1.69696,-1.58186,-0.03274,0.04492,0.81499,-0.07197,0.57323,-0.55352,0.48399,-0.06423,
1403637002201666560,1.64169,-1.53539,-0.04213,0.04465,0.81515,-0.07209,0.57301,-0.54788,0.47925,-0.10791,
1403637002301666560,1.58927,-1.49017,-0.05492,0.04606,0.81520,-0.07125,0.57294,-0.54285,0.46588,-0.10964,
1403637002401666304,1.53478,-1.44509,-0.06412,0.04795,0.81577,-0.06957,0.57217,-0.52769,0.46410,-0.04719,
1403637002501666560,1.48193,-1.40026,-0.06512,0.04955,0.81530,-0.06831,0.57286,-0.50128,0.46517,0.03508,
1403637002601666560,1.43389,-1.35637,-0.05744,0.05230,0.81508,-0.06629,0.57317,-0.49468,0.46916,0.13024,
1403637002701666560,1.38230,-1.30836,-0.04285,0.05360,0.81539,-0.06629,0.57260,-0.50201,0.47620,0.16482,
1403637002801666560,1.33222,-1.26022,-0.02982,0.05380,0.81511,-0.06730,0.57287,-0.49057,0.48637,0.12529,
1403637002901666304,1.28295,-1.21084,-0.02203,0.05085,0.81437,-0.07075,0.57376,-0.48812,0.49504,0.05289,
1403637003001666560,1.23362,-1.16120,-0.02127,0.05056,0.81455,-0.07235,0.57334,-0.47848,0.49830,-0.01585,
1403637003101666560,1.18643,-1.11194,-0.02607,0.05049,0.81478,-0.07412,0.57279,-0.46620,0.49752,-0.06559,
1403637003201666560,1.13937,-1.06407,-0.03631,0.05116,0.81429,-0.07516,0.57330,-0.46429,0.48635,-0.11227,
1403637003301666560,1.09292,-1.01638,-0.04805,0.05120,0.81313,-0.07664,0.57473,-0.45843,0.48960,-0.09451,
1403637003401666304,1.04738,-0.96731,-0.05490,0.05123,0.81177,-0.07766,0.57652,-0.44596,0.48477,-0.02981,
1403637003501666560,1.00226,-0.91730,-0.05418,0.05085,0.81044,-0.07914,0.57822,-0.44119,0.47980,0.05975,
1403637003601666560,0.95704,-0.86880,-0.04610,0.05028,0.81063,-0.08047,0.57782,-0.45003,0.48014,0.12940,
1403637003701666560,0.91083,-0.82035,-0.03283,0.05024,0.81078,-0.08127,0.57750,-0.45761,0.47566,0.13848,
1403637003801666560,0.86395,-0.77437,-0.02430,0.04864,0.81118,-0.08175,0.57700,-0.47172,0.46781,0.07335,
1403637003901666304,0.81786,-0.72861,-0.01907,0.04994,0.81314,-0.07968,0.57443,-0.46140,0.45320,0.02631,
1403637004001666560,0.77303,-0.68355,-0.02121,0.05038,0.81595,-0.07716,0.57072,-0.45525,0.44650,-0.05076,
1403637004101666560,0.72304,-0.63789,-0.03118,0.05085,0.81813,-0.07480,0.56787,-0.44532,0.44243,-0.10901,
1403637004201666560,0.68267,-0.59466,-0.04238,0.05118,0.81949,-0.07305,0.56612,-0.41570,0.44173,-0.10931,
1403637004301666560,0.63845,-0.55310,-0.04882,0.04887,0.81966,-0.07245,0.56615,-0.38045,0.43705,-0.00938,
1403637004401666304,0.60002,-0.50938,-0.04616,0.04663,0.81843,-0.07412,0.56790,-0.34565,0.42204,0.06200,
1403637004501666560,0.56217,-0.46589,-0.03190,0.04686,0.81404,-0.07534,0.57399,-0.33167,0.41281,0.20132,
1403637004601666560,0.52637,-0.42364,-0.00748,0.04666,0.81150,-0.07819,0.57722,-0.37482,0.41469,0.28846,
1403637004701666560,0.48967,-0.38378,0.02114,0.03850,0.81051,-0.08724,0.57791,-0.37710,0.39367,0.26796,
1403637004801666560,0.45327,-0.34549,0.04184,0.03197,0.80967,-0.09513,0.57824,-0.37109,0.36119,0.14574,
1403637004901666304,0.41536,-0.30942,0.04662,0.03039,0.81221,-0.09915,0.57408,-0.37795,0.31634,-0.02599,
1403637005001666560,0.37740,-0.28030,0.03678,0.03361,0.81646,-0.09924,0.56781,-0.36464,0.26324,-0.13606,
1403637005101666560,0.34300,-0.25730,0.02087,0.04183,0.81663,-0.09529,0.56770,-0.34392,0.21972,-0.15875,
1403637005201666560,0.30955,-0.23769,0.00197,0.04899,0.81571,-0.09129,0.56910,-0.32823,0.19901,-0.19512,
1403637005301666560,0.27636,-0.21928,-0.02043,0.05240,0.81776,-0.08896,0.56622,-0.31856,0.18749,-0.23799,
1403637005401666304,0.24453,-0.20049,-0.04497,0.05325,0.81882,-0.08718,0.56489,-0.29655,0.18317,-0.23202,
1403637005501666560,0.21427,-0.18072,-0.06719,0.05511,0.81600,-0.08316,0.56938,-0.27938,0.19140,-0.21747,
1403637005601666560,0.18501,-0.15968,-0.08340,0.05323,0.81522,-0.08209,0.57083,-0.27531,0.20432,-0.12706,
1403637005701666560,0.15768,-0.14011,-0.09070,0.04653,0.81929,-0.08445,0.56522,-0.25672,0.20070,-0.02011,
1403637005801666560,0.13373,-0.12259,-0.08397,0.04337,0.82091,-0.08529,0.56298,-0.23340,0.17326,0.10195,
1403637005901666304,0.11434,-0.10706,-0.07160,0.04680,0.81944,-0.08190,0.56535,-0.20062,0.16207,0.10979,
1403637006001666560,0.09566,-0.09171,-0.06191,0.04952,0.81708,-0.07985,0.56882,-0.18858,0.15358,0.06663,
1403637006101666560,0.07765,-0.07610,-0.05639,0.04776,0.81505,-0.08099,0.57171,-0.18491,0.15376,0.03339,
1403637006201666560,0.05899,-0.05926,-0.05322,0.04680,0.81503,-0.08130,0.57177,-0.18167,0.15555,0.01935,
1403637006301666560,0.04151,-0.04359,-0.05157,0.04387,0.81913,-0.08335,0.56583,-0.17496,0.14660,-0.00618,
1403637006401666304,0.02614,-0.02972,-0.05198,0.04106,0.82549,-0.08513,0.55644,-0.14807,0.13317,-0.01784,
1403637006501666560,0.01507,-0.01782,-0.05427,0.03474,0.82786,-0.08942,0.55267,-0.09863,0.10583,-0.02983,
1403637006601666560,0.00877,-0.00986,-0.05561,0.03134,0.82347,-0.08712,0.55975,-0.05225,0.06439,-0.01801,
1403637006701666560,0.00545,-0.00448,-0.05848,0.02991,0.81913,-0.07650,0.56770,-0.02471,0.04548,-0.04436,
1403637006801666560,0.00380,-0.00097,-0.06467,0.02443,0.81572,-0.06229,0.57457,-0.02082,0.03274,-0.07912,
1403637006901666304,0.00249,0.00171,-0.07392,0.01285,0.81656,-0.04639,0.57526,-0.00889,0.03059,-0.09822,
1403637007001666560,0.00080,0.00331,-0.08358,0.00298,0.81880,-0.02435,0.57356,-0.02198,0.01246,-0.08786,
1403637007101666560,-0.00171,0.00381,-0.09270,-0.00477,0.81827,-0.00537,0.57479,-0.01888,-0.00269,-0.09122,
1403637007201666560,-0.00415,0.00318,-0.10223,-0.01113,0.81671,0.00901,0.57688,-0.01755,-0.00876,-0.08353,
1403637007301666560,-0.00686,0.00236,-0.11113,-0.01216,0.81205,0.02107,0.58308,-0.03388,-0.00519,-0.08843,
1403637007401666304,-0.01192,0.00242,-0.12052,-0.01285,0.80898,0.02807,0.58703,-0.06530,0.01139,-0.10928,
1403637007501666560,-0.01993,0.00414,-0.13163,-0.01477,0.81050,0.03066,0.58475,-0.09147,0.02280,-0.11284,
1403637007601666560,-0.03049,0.00722,-0.14404,-0.01630,0.81509,0.03090,0.57828,-0.11302,0.04285,-0.14460,
1403637007701666560,-0.04261,0.01195,-0.15812,-0.01640,0.82331,0.02989,0.56657,-0.11496,0.06182,-0.13736,
1403637007801666560,-0.05267,0.01838,-0.17047,-0.01458,0.82694,0.02953,0.56133,-0.07818,0.07758,-0.09931,
1403637007901666304,-0.05973,0.02683,-0.17983,-0.01771,0.82190,0.02510,0.56880,-0.04750,0.09658,-0.07879,
1403637008001666560,-0.06558,0.03610,-0.18798,-0.02326,0.81515,0.01853,0.57849,-0.05208,0.08691,-0.06958,
1403637008101666560,-0.07338,0.04405,-0.19610,-0.01994,0.81689,0.01756,0.57618,-0.08264,0.07632,-0.09179,
1403637008201666560,-0.08173,0.05200,-0.20412,-0.01575,0.82611,0.01712,0.56304,-0.07285,0.08043,-0.06310,
1403637008301666560,-0.08736,0.05997,-0.20812,-0.01099,0.83236,0.01754,0.55385,-0.03388,0.08356,-0.01918,
1403637008401666304,-0.08882,0.06912,-0.20805,-0.00839,0.83259,0.01687,0.55357,0.01920,0.09750,0.04035,
1403637008501666560,-0.08573,0.07992,-0.20322,-0.01106,0.82503,0.01275,0.56484,0.05369,0.10905,0.06235,
1403637008601666560,-0.08023,0.09087,-0.19768,-0.01340,0.81876,0.00865,0.57392,0.05349,0.10863,0.03354,
1403637008701666560,-0.07472,0.10124,-0.19622,-0.01807,0.81647,0.00342,0.57709,0.04986,0.10896,-0.00822,
1403637008801666560,-0.06946,0.10933,-0.20012,-0.03039,0.81961,-0.00701,0.57207,0.04518,0.07862,-0.04148,
1403637008901666304,-0.06347,0.11288,-0.20851,-0.03855,0.82347,-0.01367,0.56588,0.06919,0.01649,-0.09259,
1403637009001666560,-0.05663,0.11011,-0.21981,-0.03523,0.82388,-0.01289,0.56553,0.08420,-0.06028,-0.12200,
1403637009101666560,-0.04842,0.10240,-0.23395,-0.02307,0.82293,-0.00582,0.56764,0.08601,-0.10600,-0.14929,
1403637009201666560,-0.03884,0.09082,-0.24929,-0.01116,0.82225,0.00155,0.56902,0.10539,-0.12735,-0.16928,
1403637009301666560,-0.02787,0.07834,-0.26696,0.00495,0.82263,0.01216,0.56843,0.14620,-0.11757,-0.17327,
1403637009401666304,-0.01682,0.06862,-0.28152,-0.00872,0.81856,0.01365,0.57420,0.05358,-0.08845,-0.04775,
1403637009501666560,-0.01600,0.05999,-0.28418,-0.02198,0.80952,0.02830,0.58600,0.03706,-0.02398,-0.06618,
1403637009601666560,-0.01785,0.05429,-0.28978,-0.06319,0.78666,0.01848,0.61387,-0.11455,-0.06197,0.23016,
1403637009701666560,-0.02821,0.04839,-0.29019,-0.05202,0.79173,0.00540,0.60862,-0.01649,0.03514,0.16894,
1403637009801666560,-0.02992,0.04849,-0.29060,-0.05160,0.79126,0.00234,0.60929,-0.01542,0.03186,0.01110,
1403637009901666304,-0.02933,0.04942,-0.29377,-0.05187,0.79140,0.00305,0.60909,-0.01310,0.02874,-0.00501,
1403637010001666560,-0.03046,0.04839,-0.29352,-0.05228,0.79135,0.00309,0.60911,-0.01531,0.00721,-0.00486,
1403637010101666560,-0.03120,0.04800,-0.29379,-0.05320,0.79153,0.00272,0.60880,-0.01616,-0.00126,-0.00489,
1403637010201666560,-0.03220,0.04718,-0.29340,-0.05353,0.79153,0.00262,0.60877,-0.01894,-0.00263,-0.00415,
1403637010301666560,-0.03266,0.04701,-0.29317,-0.05390,0.79177,0.00248,0.60842,-0.02021,-0.00624,-0.00087,
1403637010401666304,-0.03295,0.04674,-0.29301,-0.05388,0.79175,0.00245,0.60847,-0.01908,-0.00313,-0.00497,
1403637010501666560,-0.03323,0.04646,-0.29307,-0.05394,0.79185,0.00238,0.60832,-0.01926,-0.00795,-0.00150,
1403637010601666560,-0.03318,0.04642,-0.29300,-0.05408,0.79191,0.00230,0.60823,-0.02120,-0.01027,-0.00083,
