1403638132595097088,-0.02012,-0.01624,-0.05365,-0.11364,0.79130,0.07339,0.59628,0.03373,0.05775,0.47375,
1403638132695097088,-0.01582,-0.00736,-0.01499,-0.10712,0.79761,0.06028,0.59051,0.04162,0.10826,0.28528,
1403638132795097088,-0.01529,0.00464,0.01278,-0.10846,0.80707,0.05857,0.57745,0.01114,0.11087,0.16391,
1403638132895097088,-0.01925,0.01073,0.02372,-0.12600,0.79964,0.05657,0.58438,-0.00559,0.05367,0.00614,
1403638132995096832,-0.02470,0.00909,0.02116,-0.15288,0.78866,0.06709,0.59173,0.01842,-0.01345,-0.13716,
1403638133095097088,-0.02675,-0.00655,0.00355,-0.16408,0.78779,0.09453,0.58611,0.05351,-0.12163,-0.22703,
1403638133195097088,-0.02033,-0.02941,-0.02264,-0.17013,0.78859,0.10708,0.58113,0.08990,-0.23748,-0.24631,
1403638133295097088,-0.01028,-0.06105,-0.04883,-0.17112,0.78859,0.10694,0.58086,0.10613,-0.33912,-0.26620,
1403638133395097088,0.00082,-0.09873,-0.07594,-0.16492,0.79368,0.10891,0.57533,0.10235,-0.40417,-0.25971,
1403638133495096832,0.00989,-0.13992,-0.09861,-0.14582,0.80001,0.09661,0.57392,0.07320,-0.45228,-0.21445,
1403638133595097088,0.01526,-0.18376,-0.11952,-0.13547,0.80644,0.07351,0.57088,0.02749,-0.43910,-0.20343,
1403638133695097088,0.01282,-0.22543,-0.14029,-0.12823,0.81434,0.05260,0.56359,-0.01486,-0.39003,-0.18792,
1403638133795097088,0.00868,-0.26102,-0.15868,-0.11002,0.82027,0.03626,0.56012,0.01560,-0.30291,-0.17734,
1403638133895097088,0.00632,-0.28964,-0.17417,-0.08527,0.82326,0.02451,0.56069,0.06744,-0.14802,-0.14510,
1403638133995096832,0.00937,-0.30295,-0.18212,-0.06674,0.82006,0.01291,0.56822,0.14479,0.07639,-0.05040,
1403638134095097088,0.01917,-0.29612,-0.18318,-0.05381,0.81903,0.01247,0.57109,0.19358,0.24117,-0.01096,
1403638134195097088,0.03971,-0.27086,-0.18334,-0.04747,0.81893,0.01637,0.57169,0.24686,0.33221,0.04688,
1403638134295097088,0.06410,-0.23154,-0.17579,-0.05212,0.81124,0.00672,0.58234,0.26506,0.42135,0.05519,
1403638134395097088,0.08814,-0.18732,-0.17217,-0.05840,0.81312,0.00031,0.57916,0.24170,0.47394,0.02307,
1403638134495096832,0.10886,-0.14122,-0.16724,-0.06595,0.81448,-0.00294,0.57642,0.18547,0.46674,0.04201,
1403638134595097088,0.12609,-0.09288,-0.16168,-0.08046,0.81300,-0.00511,0.57665,0.11000,0.47357,0.05117,
1403638134695097088,0.13170,-0.04789,-0.15609,-0.08183,0.81607,-0.00587,0.57210,0.03476,0.46856,0.06390,
1403638134795097088,0.13427,-0.00348,-0.15009,-0.08231,0.82199,0.00027,0.56352,0.01793,0.43862,0.10407,
1403638134895097088,0.13316,0.03470,-0.13991,-0.07547,0.82333,0.00162,0.56252,-0.01278,0.36238,0.12363,
1403638134995096832,0.13101,0.06701,-0.13332,-0.07500,0.81948,-0.00065,0.56818,-0.03421,0.29685,0.04355,
1403638135095097088,0.12838,0.09398,-0.13326,-0.06988,0.82295,0.00649,0.56376,-0.03520,0.21215,-0.02509,
1403638135195097088,0.12343,0.10813,-0.13986,-0.06623,0.82656,0.01312,0.55879,-0.05339,0.05957,-0.07513,
1403638135295097088,0.11879,0.10778,-0.15132,-0.06230,0.82873,0.01473,0.55597,-0.05355,-0.11082,-0.10347,
1403638135395097088,0.11467,0.10143,-0.16621,-0.05948,0.82766,0.01150,0.55795,-0.07034,-0.20919,-0.10531,
1403638135495096832,0.10305,0.07418,-0.17303,-0.04607,0.83018,0.00971,0.55550,-0.07216,-0.28999,-0.09154,
1403638135595097088,0.10241,0.05313,-0.18241,-0.03847,0.83605,0.01013,0.54720,-0.03681,-0.38419,-0.00285,
1403638135695097088,0.09816,0.01557,-0.18230,-0.03321,0.83341,-0.00084,0.55165,-0.06140,-0.42347,-0.01715,
1403638135795097088,0.08598,-0.02284,-0.18693,-0.03424,0.83148,-0.01549,0.55428,-0.12409,-0.37937,-0.04696,
1403638135895097088,0.07109,-0.05752,-0.18944,-0.02263,0.83647,-0.01130,0.54742,-0.16535,-0.34970,0.00734,
1403638135995096832,0.05459,-0.09023,-0.18221,-0.00995,0.84160,-0.00675,0.53998,-0.14749,-0.37586,0.14343,
1403638136095097088,0.03936,-0.13041,-0.16220,-0.00096,0.83515,-0.01407,0.54985,-0.11937,-0.45496,0.18413,
1403638136195097088,0.02436,-0.18061,-0.14917,-0.00428,0.82576,-0.02883,0.56327,-0.14628,-0.48270,0.06771,
1403638136295097088,0.00909,-0.22819,-0.14927,0.00213,0.82371,-0.03451,0.56595,-0.14431,-0.44692,-0.06014,
1403638136395097088,-0.00532,-0.26632,-0.15810,0.01220,0.82579,-0.03544,0.56273,-0.12474,-0.31358,-0.10580,
1403638136495096832,-0.01691,-0.28845,-0.16424,0.01905,0.82850,-0.03774,0.55839,-0.07522,-0.11789,-0.03132,
1403638136595097088,-0.02168,-0.28896,-0.16072,0.01372,0.82981,-0.04849,0.55577,-0.01729,0.09930,0.07897,
1403638136695097088,-0.02098,-0.26936,-0.14935,-0.00015,0.82860,-0.05047,0.55756,0.01118,0.27342,0.12980,
1403638136795097088,-0.01980,-0.23662,-0.13280,-0.01675,0.82765,-0.04701,0.55903,0.03806,0.39476,0.14361,
1403638136895097088,-0.01760,-0.19485,-0.12025,-0.04136,0.82023,-0.05012,0.56833,0.04800,0.44826,0.04417,
1403638136995096832,-0.01455,-0.15082,-0.12315,-0.06044,0.81033,-0.05462,0.58028,0.03573,0.44000,-0.12980,
1403638137095097088,-0.01288,-0.10913,-0.14481,-0.06701,0.81013,-0.04899,0.58035,0.00792,0.37979,-0.28603,
1403638137195097088,-0.01329,-0.07345,-0.17943,-0.06315,0.81699,-0.03508,0.57210,-0.01877,0.31670,-0.37481,
1403638137295097088,-0.01572,-0.04576,-0.21902,-0.05845,0.82461,-0.02051,0.56231,-0.03741,0.23488,-0.39011,
1403638137395097088,-0.01944,-0.02688,-0.25932,-0.05524,0.82935,-0.01288,0.55584,-0.04484,0.14732,-0.38473,
1403638137495096832,-0.02224,-0.01131,-0.29581,-0.04403,0.83688,-0.00367,0.54560,-0.02947,0.11088,-0.34654,
1403638137595097088,-0.02232,-0.00283,-0.32789,-0.02853,0.84462,0.00847,0.53453,-0.00685,0.06379,-0.26751,
1403638137695097088,-0.02195,0.00350,-0.35318,-0.02029,0.84541,0.00856,0.53366,-0.01125,0.03155,-0.19469,
1403638137795097088,-0.02572,0.00629,-0.37202,-0.01743,0.84504,0.00295,0.53441,-0.02162,0.01781,-0.15930,
1403638137895097088,-0.02817,0.00830,-0.38630,-0.01037,0.85037,0.00701,0.52604,-0.01463,0.01757,-0.11994,
1403638137995096832,-0.03000,0.01061,-0.39616,-0.00344,0.85825,0.01547,0.51299,-0.00165,0.02245,-0.06997,
1403638138095097088,-0.02988,0.01248,-0.40179,-0.00167,0.85824,0.01891,0.51290,0.01004,0.00187,-0.01636,
1403638138195097088,-0.03059,0.01143,-0.40282,-0.00536,0.85115,0.00967,0.52480,-0.00154,-0.00234,-0.03992,
1403638138295097088,-0.03062,0.01113,-0.40435,-0.00799,0.84759,0.00647,0.53055,-0.00639,0.00611,0.01195,
1403638138395097088,-0.03160,0.01149,-0.40424,-0.00809,0.84306,0.00541,0.53773,-0.01651,-0.00312,-0.00903,
1403638138495096832,-0.03199,0.01123,-0.40434,-0.00707,0.84278,0.00621,0.53817,-0.00135,-0.00066,-0.00463,
1403638138595097088,-0.03192,0.01135,-0.40453,-0.00735,0.84265,0.00608,0.53838,0.00002,-0.00316,-0.00070,
1403638138695097088,-0.03186,0.01158,-0.40466,-0.00800,0.84260,0.00533,0.53845,0.00281,-0.00642,0.00041,
1403638138795097088,-0.03173,0.01156,-0.40465,-0.00798,0.84258,0.00585,0.53848,0.00013,-0.00498,-0.00126,
1403638138895097088,-0.03157,0.01198,-0.40478,-0.00929,0.84241,0.00475,0.53873,0.00477,0.00974,0.00368,
1403638138995096832,-0.03161,0.01189,-0.40477,-0.00902,0.84244,0.00514,0.53870,-0.00032,0.01472,-0.00215,
1403638139095097088,-0.03159,0.01179,-0.40481,-0.00878,0.84242,0.00543,0.53872,0.00037,0.01289,-0.00157,
1403638139195097088,-0.03159,0.01173,-0.40484,-0.00854,0.84235,0.00562,0.53884,0.00274,0.00805,0.00001,
1403638139295097088,-0.03159,0.01172,-0.40487,-0.00842,0.84232,0.00562,0.53888,0.00040,0.00144,-0.00010,
1403638139395097088,-0.03128,0.01179,-0.40488,-0.00861,0.84231,0.00549,0.53890,0.00194,-0.00287,0.00029,
1403638139495096832,-0.03128,0.01183,-0.40491,-0.00880,0.84229,0.00539,0.53893,0.00202,-0.00289,0.00044,
1403638139595097088,-0.03127,0.01185,-0.40494,-0.00885,0.84225,0.00532,0.53899,0.00062,-0.00207,0.00022,
1403638139695097088,-0.03128,0.01186,-0.40495,-0.00889,0.84223,0.00532,0.53902,0.00181,-0.00116,0.00008,
1403638139795097088,-0.03126,0.01186,-0.40496,-0.00898,0.84222,0.00532,0.53904,0.00020,-0.00007,-0.00069,
1403638139895097088,-0.03126,0.01186,-0.40495,-0.00891,0.84218,0.00538,0.53909,0.00107,0.00169,0.00025,
1403638139995096832,-0.03126,0.01184,-0.40496,-0.00898,0.84218,0.00545,0.53909,0.00164,0.00098,0.00065,
1403638140095097088,-0.03124,0.01184,-0.40496,-0.00902,0.84215,0.00549,0.53914,0.00067,0.00051,-0.00049,
1403638140195097088,-0.03125,0.01184,-0.40497,-0.00906,0.84213,0.00548,0.53918,0.00250,0.00015,0.00075,
1403638140295097088,-0.03125,0.01184,-0.40500,-0.00905,0.84210,0.00547,0.53921,0.00032,0.00047,-0.00051,
1403638140395097088,-0.03124,0.01184,-0.40501,-0.00905,0.84209,0.00543,0.53923,0.00118,-0.00051,-0.00050,
1403638140495096832,-0.03125,0.01185,-0.40502,-0.00904,0.84209,0.00540,0.53924,0.00042,0.00017,0.00089,
1403638140595097088,-0.03124,0.01184,-0.40501,-0.00913,0.84205,0.00548,0.53930,0.00086,0.00051,-0.00052,
1403638140695097088,-0.03124,0.01184,-0.40503,-0.00908,0.84203,0.00550,0.53932,0.00178,-0.00074,0.00042,
1403638140795097088,-0.03124,0.01184,-0.40504,-0.00909,0.84202,0.00549,0.53935,0.00037,-0.00013,-0.00035,
1403638140895097088,-0.03124,0.01185,-0.40503,-0.00915,0.84200,0.00551,0.53937,0.00146,0.00011,0.00095,
1403638140995096832,-0.03123,0.01186,-0.40503,-0.00920,0.84199,0.00557,0.53939,0.00182,0.00002,-0.00002,
1403638141095097088,-0.03123,0.01187,-0.40503,-0.00920,0.84195,0.00557,0.53945,0.00011,0.00004,-0.00093,
1403638141195097088,-0.03123,0.01186,-0.40504,-0.00925,0.84194,0.00557,0.53946,0.00124,-0.00006,-0.00008,
1403638141295097088,-0.03123,0.01186,-0.40505,-0.00920,0.84194,0.00558,0.53946,0.00094,0.00015,-0.00043,
1403638141395097088,-0.03123,0.01186,-0.40505,-0.00923,0.84192,0.00559,0.53950,0.00052,-0.00024,0.00057,
1403638141495096832,-0.03122,0.01186,-0.40505,-0.00928,0.84191,0.00562,0.53950,0.00085,0.00053,-0.00007,
1403638141595097088,-0.03122,0.01186,-0.40504,-0.00926,0.84190,0.00565,0.53953,0.00062,0.00062,-0.00014,
1403638141695097088,-0.03122,0.01185,-0.40504,-0.00926,0.84191,0.00566,0.53951,0.00150,0.00086,0.00015,
1403638141795097088,-0.03121,0.01186,-0.40504,-0.00928,0.84190,0.00569,0.53953,0.00133,-0.00048,0.00026,
1403638141895097088,-0.03121,0.01186,-0.40504,-0.00930,0.84188,0.00570,0.53955,0.00090,-0.00018,0.00003,
1403638141995096832,-0.03124,0.01187,-0.40502,-0.00931,0.84188,0.00572,0.53956,0.00053,0.00862,0.00077,
1403638142095097088,-0.03124,0.01189,-0.40501,-0.00929,0.84190,0.00574,0.53953,0.00068,0.00400,-0.00045,
1403638142195097088,-0.03126,0.01186,-0.40501,-0.00915,0.84188,0.00550,0.53956,0.00018,-0.00855,0.00062,
1403638142295097088,-0.03126,0.01175,-0.40500,-0.00879,0.84191,0.00515,0.53952,0.00004,0.00180,-0.00164,
1403638142395097088,-0.03128,0.01182,-0.40498,-0.00871,0.84196,0.00524,0.53945,0.00098,0.02130,-0.00014,
1403638142495096832,-0.03128,0.01187,-0.40498,-0.00898,0.84202,0.00537,0.53934,0.00099,0.01414,-0.00270,
1403638142595097088,-0.03124,0.01194,-0.40498,-0.00948,0.84200,0.00584,0.53936,-0.00028,0.01016,-0.00119,
1403638142695097088,-0.03126,0.01195,-0.40495,-0.00916,0.84211,0.00571,0.53920,-0.00099,-0.00094,-0.00072,
1403638142795097088,-0.03127,0.01184,-0.40492,-0.00868,0.84216,0.00542,0.53913,-0.00143,0.00016,0.00068,
1403638142895097088,-0.03126,0.01184,-0.40490,-0.00875,0.84216,0.00559,0.53913,0.00209,-0.00008,-0.00162,
1403638142995096832,-0.03125,0.01191,-0.40489,-0.00882,0.84213,0.00594,0.53917,0.00097,0.01283,0.00238,
1403638143095097088,-0.03124,0.01189,-0.40489,-0.00882,0.84217,0.00598,0.53910,0.00008,0.01056,0.00258,
1403638143195097088,-0.03127,0.01188,-0.40489,-0.00887,0.84221,0.00585,0.53905,0.00063,0.00408,0.00063,
1403638143295097088,-0.03125,0.01186,-0.40492,-0.00881,0.84219,0.00569,0.53907,-0.00013,-0.00161,-0.00174,
1403638143395097088,-0.03127,0.01188,-0.40490,-0.00870,0.84220,0.00565,0.53907,0.00019,-0.00007,0.00121,
1403638143495096832,-0.03127,0.01188,-0.40489,-0.00868,0.84220,0.00567,0.53907,0.00084,-0.00061,-0.00060,
1403638143595097088,-0.03127,0.01184,-0.40488,-0.00856,0.84221,0.00551,0.53905,0.00137,-0.00289,0.00107,
1403638143695097088,-0.03125,0.01186,-0.40489,-0.00873,0.84219,0.00555,0.53908,0.00054,-0.00265,0.00001,
1403638143795097088,-0.03126,0.01186,-0.40487,-0.00879,0.84219,0.00561,0.53909,0.00065,0.00027,0.00120,
1403638143895097088,-0.03126,0.01187,-0.40486,-0.00887,0.84218,0.00557,0.53910,-0.00004,-0.00146,-0.00071,
1403638143995096832,-0.03126,0.01187,-0.40486,-0.00885,0.84216,0.00557,0.53913,0.00055,0.00023,0.00048,
1403638144095097088,-0.03126,0.01186,-0.40485,-0.00888,0.84219,0.00557,0.53908,0.00121,-0.00118,0.00021,
1403638144195097088,-0.03126,0.01186,-0.40485,-0.00886,0.84216,0.00559,0.53913,0.00115,0.00134,0.00018,
1403638144295097088,-0.03125,0.01186,-0.40485,-0.00891,0.84214,0.00565,0.53916,0.00022,0.00166,-0.00074,
1403638144395097088,-0.03123,0.01186,-0.40487,-0.00892,0.84213,0.00563,0.53918,0.00080,-0.00105,-0.00062,
1403638144495096832,-0.03124,0.01185,-0.40486,-0.00884,0.84214,0.00557,0.53916,0.00129,-0.00129,-0.00054,
1403638144595097088,-0.03124,0.01185,-0.40486,-0.00893,0.84214,0.00558,0.53916,0.00167,0.00102,0.00113,
1403638144695097088,-0.03123,0.01187,-0.40483,-0.00905,0.84206,0.00574,0.53927,-0.00100,-0.00138,-0.00048,
1403638144795097088,-0.03125,0.01188,-0.40484,-0.00902,0.84209,0.00565,0.53922,-0.00032,-0.00307,-0.00106,
1403638144895097088,-0.03125,0.01187,-0.40484,-0.00896,0.84213,0.00563,0.53917,-0.00098,-0.00171,0.00004,
1403638144995096832,-0.03124,0.01186,-0.40482,-0.00892,0.84210,0.00566,0.53922,0.00060,-0.00069,-0.00039,
1403638145095097088,-0.03125,0.01186,-0.40482,-0.00897,0.84211,0.00565,0.53920,-0.00036,-0.00340,0.00061,
1403638145195097088,-0.03123,0.01187,-0.40480,-0.00899,0.84209,0.00571,0.53923,-0.00006,-0.00016,0.00157,
1403638145295097088,-0.03123,0.01186,-0.40480,-0.00906,0.84210,0.00574,0.53921,-0.00009,-0.00063,0.00050,
1403638145395097088,-0.03127,0.01185,-0.40477,-0.00899,0.84209,0.00574,0.53923,-0.00299,-0.00388,0.00091,
1403638145495096832,-0.03126,0.01186,-0.40474,-0.00906,0.84207,0.00578,0.53926,-0.00012,0.00348,0.00073,
1403638145595097088,-0.03124,0.01185,-0.40473,-0.00911,0.84208,0.00583,0.53924,0.00199,0.00196,0.00249,
1403638145695097088,-0.03122,0.01185,-0.40472,-0.00909,0.84206,0.00582,0.53928,0.00015,0.00254,-0.00291,
1403638145795097088,-0.03124,0.01186,-0.40472,-0.00901,0.84210,0.00587,0.53921,0.00043,0.00242,0.00116,
1403638145895097088,-0.03124,0.01186,-0.40472,-0.00901,0.84209,0.00584,0.53924,-0.00004,-0.00016,-0.00075,
1403638145995096832,-0.03124,0.01186,-0.40472,-0.00903,0.84210,0.00581,0.53922,-0.00089,-0.00065,-0.00037,
1403638146095097088,-0.03123,0.01186,-0.40470,-0.00905,0.84214,0.00587,0.53916,-0.00332,-0.00146,-0.00000,
1403638146195097088,-0.03124,0.01186,-0.40470,-0.00900,0.84209,0.00582,0.53922,-0.00077,0.00032,-0.00016,
1403638146295097088,-0.03123,0.01187,-0.40469,-0.00886,0.84214,0.00574,0.53915,-0.00019,-0.00105,-0.00119,
1403638146395097088,-0.03123,0.01186,-0.40467,-0.00884,0.84216,0.00578,0.53913,-0.00161,0.00035,0.00095,
1403638146495096832,-0.03124,0.01186,-0.40466,-0.00884,0.84219,0.00573,0.53907,0.00017,-0.00138,-0.00264,
1403638146595097088,-0.03124,0.01187,-0.40466,-0.00876,0.84217,0.00572,0.53911,-0.00653,-0.00068,-0.00136,
1403638146695097088,-0.03124,0.01186,-0.40463,-0.00872,0.84221,0.00571,0.53904,-0.00052,-0.00075,0.00320,
1403638146795097088,-0.03126,0.01187,-0.40468,-0.00869,0.84217,0.00567,0.53911,-0.00084,0.00214,0.00038,
1403638146895097088,-0.03123,0.01187,-0.40463,-0.00854,0.84225,0.00572,0.53899,-0.00263,0.00123,-0.00055,
1403638146995096832,-0.03124,0.01188,-0.40461,-0.00858,0.84233,0.00573,0.53887,-0.00163,-0.00067,0.00155,
1403638147095097088,-0.03122,0.01200,-0.40464,-0.00888,0.84234,0.00594,0.53884,0.00257,0.00157,0.00225,
1403638147195097088,-0.03119,0.01202,-0.40466,-0.00883,0.84245,0.00605,0.53867,-0.00335,-0.00234,0.00115,
1403638147295097088,-0.03121,0.01204,-0.40463,-0.00901,0.84239,0.00598,0.53877,-0.00439,-0.00184,-0.00138,
1403638147395097088,-0.03119,0.01205,-0.40460,-0.00898,0.84228,0.00600,0.53893,-0.00088,-0.00037,0.00091,
1403638147495096832,-0.03122,0.01193,-0.40440,-0.00920,0.84182,0.00619,0.53965,-0.00165,-0.00308,0.00618,
1403638147595097088,-0.03119,0.01194,-0.40425,-0.00983,0.84139,0.00605,0.54031,0.00542,-0.00181,0.00259,
1403638147695097088,-0.03074,0.01199,-0.40436,-0.01027,0.84149,0.00688,0.54013,0.00923,0.00278,0.00541,
1403638147795097088,-0.02879,0.01183,-0.40329,-0.00990,0.83940,0.00610,0.54339,0.03716,-0.00460,0.01877,
1403638147895097088,-0.02366,0.01121,-0.39919,-0.00803,0.83261,0.00263,0.55379,0.07078,-0.00234,0.07580,
1403638147995096832,-0.01464,0.01112,-0.38893,-0.00814,0.82625,-0.00000,0.56324,0.09391,0.00255,0.13577,
1403638148095097088,-0.00399,0.01099,-0.37087,-0.00810,0.82111,0.00038,0.57071,0.11165,-0.00134,0.21837,
1403638148195097088,0.00768,0.01074,-0.34360,-0.00789,0.81815,0.00323,0.57495,0.10765,-0.00370,0.33091,
1403638148295097088,0.01809,0.01068,-0.30186,-0.00971,0.81769,0.00599,0.57555,0.09580,-0.00112,0.49222,
1403638148395097088,0.02751,0.01112,-0.25151,-0.01147,0.81721,0.00899,0.57615,0.08080,0.00538,0.46199,
1403638148495096832,0.03595,0.01195,-0.21697,-0.01123,0.82081,0.01240,0.57095,0.07307,0.01523,0.21691,
1403638148595097088,0.04502,0.01361,-0.20670,-0.01067,0.82462,0.01509,0.56538,0.07577,0.02571,-0.02072,
1403638148695097088,0.05454,0.01583,-0.21384,-0.01086,0.82807,0.01737,0.56025,0.10492,0.04065,-0.11224,
1403638148795097088,0.06916,0.02066,-0.21736,-0.01171,0.83035,0.01819,0.55682,0.12938,0.05499,-0.03164,
1403638148895097088,0.08312,0.02692,-0.21489,-0.01280,0.83092,0.01945,0.55590,0.16073,0.06725,0.06121,
1403638148995096832,0.10227,0.03266,-0.19868,-0.01364,0.82888,0.02021,0.55890,0.18699,0.07714,0.20552,
1403638149095097088,0.11900,0.04023,-0.17383,-0.01471,0.82500,0.02170,0.56452,0.20944,0.08925,0.32075,
1403638149195097088,0.13974,0.05068,-0.14584,-0.01586,0.82270,0.02242,0.56781,0.22399,0.10596,0.31413,
1403638149295097088,0.16202,0.06041,-0.11485,-0.01790,0.82147,0.02095,0.56958,0.21505,0.10932,0.27807,
1403638149395097088,0.18323,0.07128,-0.08838,-0.01877,0.82014,0.02070,0.57147,0.20795,0.11587,0.23029,
1403638149495096832,0.20638,0.08120,-0.06616,-0.01816,0.81928,0.02105,0.57272,0.20434,0.11607,0.17518,
1403638149595097088,0.22526,0.08839,-0.04905,-0.01747,0.81900,0.02250,0.57308,0.19263,0.11821,0.10378,
1403638149695097088,0.24526,0.09863,-0.03865,-0.02011,0.81880,0.02707,0.57308,0.18794,0.12774,0.05581,
1403638149795097088,0.26646,0.10885,-0.02683,-0.02254,0.81852,0.03183,0.57315,0.18656,0.13214,0.01013,
1403638149895097088,0.28614,0.12135,-0.02192,-0.02488,0.81815,0.03528,0.57338,0.17772,0.12970,-0.02721,
1403638149995096832,0.30937,0.13376,-0.01404,-0.02407,0.81826,0.03839,0.57306,0.17549,0.13456,-0.06404,
1403638150095097088,0.32943,0.14976,-0.02080,-0.01768,0.81783,0.04468,0.57345,0.17231,0.16079,-0.12400,
1403638150195097088,0.35112,0.16796,-0.02753,-0.00994,0.81757,0.05056,0.57352,0.17142,0.19650,-0.17195,
1403638150295097088,0.37233,0.19071,-0.04089,-0.00600,0.81843,0.05279,0.57215,0.16971,0.25426,-0.22881,
1403638150395097088,0.39346,0.21897,-0.05690,-0.00815,0.82266,0.05189,0.56610,0.16504,0.32151,-0.23315,
1403638150495096832,0.41602,0.25549,-0.06579,-0.01852,0.82840,0.05188,0.55742,0.18390,0.38185,-0.14488,
1403638150595097088,0.43956,0.29397,-0.07141,-0.02613,0.83172,0.05623,0.55172,0.22771,0.41574,-0.03284,
1403638150695097088,0.46753,0.33580,-0.06201,-0.03227,0.83169,0.06041,0.55101,0.26241,0.42785,0.05227,
1403638150795097088,0.49866,0.37809,-0.04781,-0.03616,0.83010,0.06717,0.55237,0.31827,0.45315,0.13478,
1403638150895097088,0.53431,0.42472,-0.03177,-0.04057,0.82689,0.07630,0.55568,0.34875,0.46694,0.12307,
1403638150995096832,0.57228,0.47389,-0.02002,-0.04523,0.82206,0.08433,0.56130,0.36093,0.49219,0.07050,
1403638151095097088,0.61254,0.52882,-0.01324,-0.05096,0.81901,0.09630,0.56333,0.36167,0.52304,0.01628,
1403638151195097088,0.64965,0.58454,-0.01345,-0.06045,0.81537,0.11339,0.56451,0.35591,0.55975,-0.05943,
1403638151295097088,0.68622,0.64323,-0.01903,-0.07440,0.81362,0.13209,0.56129,0.35596,0.58434,-0.09561,
1403638151395097088,0.72164,0.70357,-0.02611,-0.08987,0.81075,0.15227,0.55805,0.34206,0.61673,-0.06283,
1403638151495096832,0.75403,0.76398,-0.02890,-0.10644,0.80694,0.17183,0.55497,0.32772,0.62945,-0.00468,
1403638151595097088,0.78560,0.82566,-0.02593,-0.11934,0.80339,0.18844,0.55209,0.32972,0.63241,0.06880,
1403638151695097088,0.81716,0.88955,-0.01588,-0.12829,0.79992,0.20073,0.55079,0.32827,0.64565,0.13548,
1403638151795097088,0.84973,0.95607,0.00231,-0.13305,0.79845,0.20925,0.54863,0.31744,0.66087,0.21368,
1403638151895097088,0.88198,1.02457,0.02802,-0.13614,0.79759,0.21410,0.54725,0.32696,0.67402,0.28130,
1403638151995096832,0.91504,1.09530,0.05701,-0.13602,0.79730,0.21792,0.54619,0.34202,0.70660,0.27643,
1403638152095097088,0.94692,1.16786,0.08287,-0.13631,0.79748,0.21899,0.54542,0.32845,0.72530,0.22597,
1403638152195097088,0.97994,1.24042,0.10313,-0.13574,0.79741,0.21938,0.54551,0.33277,0.74442,0.16486,
1403638152295097088,1.01035,1.31651,0.11614,-0.13360,0.79676,0.22089,0.54638,0.33033,0.76574,0.09474,
1403638152395097088,1.03996,1.39523,0.12302,-0.13011,0.79640,0.22205,0.54728,0.31540,0.80102,0.01547,
1403638152495096832,1.06818,1.47652,0.12102,-0.12685,0.79673,0.22302,0.54717,0.30770,0.84498,-0.04615,
1403638152595097088,1.09428,1.56108,0.11333,-0.12739,0.79673,0.22267,0.54719,0.28875,0.87898,-0.07372,
1403638152695097088,1.12079,1.64974,0.10497,-0.13266,0.79861,0.22118,0.54379,0.28018,0.92031,-0.05542,
1403638152795097088,1.14799,1.74251,0.10368,-0.14051,0.79676,0.22447,0.54319,0.30281,0.96950,0.03593,
1403638152895097088,1.17353,1.83730,0.11146,-0.15254,0.79208,0.23056,0.54422,0.30460,0.98433,0.11898,
1403638152995096832,1.19828,1.93250,0.12642,-0.16354,0.78701,0.24166,0.54357,0.29369,0.97827,0.16407,
1403638153095097088,1.22252,2.02636,0.14705,-0.17179,0.78623,0.25400,0.53648,0.28854,0.96805,0.19807,
1403638153195097088,1.24482,2.11853,0.16839,-0.17713,0.78584,0.26402,0.53045,0.29974,0.96526,0.17479,
1403638153295097088,1.27144,2.21356,0.18530,-0.18051,0.78417,0.27261,0.52742,0.30867,0.97535,0.12546,
1403638153395097088,1.29970,2.30991,0.19705,-0.18687,0.78133,0.28307,0.52391,0.31144,0.98666,0.08130,
1403638153495096832,1.32919,2.40702,0.20787,-0.18924,0.77626,0.29944,0.52148,0.31301,1.00064,0.10790,
1403638153595097088,1.35835,2.50629,0.22457,-0.19204,0.77034,0.31785,0.51833,0.31024,1.04208,0.17935,
1403638153695097088,1.38368,2.61033,0.24695,-0.20082,0.76304,0.33438,0.51539,0.29221,1.09516,0.19371,
1403638153795097088,1.40839,2.71930,0.26687,-0.21384,0.75536,0.34667,0.51334,0.28467,1.12922,0.15374,
1403638153895097088,1.43554,2.83316,0.28225,-0.22414,0.74867,0.35530,0.51285,0.27091,1.14707,0.09778,
1403638153995096832,1.46149,2.95070,0.29249,-0.23347,0.74336,0.35877,0.51399,0.25464,1.16299,0.02738,
1403638154095097088,1.48821,3.07132,0.29585,-0.23867,0.73955,0.36068,0.51577,0.24247,1.17323,-0.02322,
1403638154195097088,1.51485,3.19588,0.29585,-0.24075,0.73462,0.36148,0.52125,0.22290,1.17950,-0.06323,
1403638154295097088,1.53991,3.32097,0.29154,-0.24076,0.73077,0.36177,0.52643,0.20095,1.18626,-0.08890,
1403638154395097088,1.56234,3.44633,0.28444,-0.24344,0.72598,0.35864,0.53392,0.17205,1.18497,-0.10855,
1403638154495096832,1.57878,3.56759,0.27152,-0.24585,0.72293,0.35542,0.53909,0.12062,1.16568,-0.14202,
1403638154595097088,1.59156,3.69305,0.26359,-0.24690,0.72435,0.35491,0.53703,0.04454,1.13803,-0.07804,
1403638154695097088,1.59250,3.80514,0.25953,-0.24936,0.72654,0.35958,0.52977,-0.00346,1.12176,-0.00337,
1403638154795097088,1.59068,3.92218,0.26569,-0.24815,0.72692,0.36937,0.52305,-0.04309,1.10578,0.06354,
1403638154895097088,1.58233,4.03250,0.27820,-0.24718,0.72486,0.37853,0.51980,-0.07481,1.11880,0.14695,
1403638154995096832,1.56991,4.14241,0.29760,-0.24875,0.72057,0.38784,0.51815,-0.13835,1.11575,0.21413,
1403638155095097088,1.55064,4.25246,0.32315,-0.25490,0.71445,0.39750,0.51632,-0.19835,1.11661,0.25204,
1403638155195097088,1.52664,4.36482,0.34749,-0.26323,0.70856,0.40446,0.51485,-0.23048,1.12264,0.22491,
1403638155295097088,1.49792,4.47389,0.36560,-0.27062,0.70190,0.40904,0.51651,-0.28208,1.10809,0.15057,
1403638155395097088,1.46403,4.58340,0.37621,-0.27636,0.69419,0.41566,0.51861,-0.33740,1.09436,0.08224,
1403638155495096832,1.42413,4.68585,0.38026,-0.28146,0.68672,0.42498,0.51825,-0.40669,1.07258,0.01601,
1403638155595097088,1.37889,4.78975,0.37802,-0.29529,0.68079,0.43159,0.51289,-0.47611,1.04435,-0.03941,
1403638155695097088,1.32654,4.88549,0.37297,-0.31364,0.67152,0.43919,0.50775,-0.53291,0.99570,-0.08002,
1403638155795097088,1.27040,4.97682,0.36347,-0.32827,0.66239,0.45153,0.49960,-0.57744,0.93515,-0.13158,
1403638155895097088,1.21048,5.06006,0.34925,-0.34084,0.65469,0.46741,0.48656,-0.61711,0.86439,-0.14080,
1403638155995096832,1.14728,5.13929,0.33652,-0.34963,0.64869,0.48826,0.46751,-0.64476,0.80067,-0.10474,
1403638156095097088,1.08261,5.21399,0.33180,-0.35727,0.64145,0.51028,0.44779,-0.64736,0.76454,0.00381,
1403638156195097088,1.01728,5.28473,0.33618,-0.36837,0.63248,0.52585,0.43330,-0.63284,0.76033,0.08595,
1403638156295097088,0.95361,5.35614,0.34642,-0.37560,0.62411,0.54153,0.41971,-0.61503,0.76235,0.12713,
1403638156395097088,0.89236,5.42680,0.35543,-0.38135,0.61814,0.55303,0.40822,-0.58565,0.74902,0.07141,
1403638156495096832,0.83393,5.50100,0.35842,-0.38474,0.61453,0.56051,0.40019,-0.55148,0.77186,0.00175,
1403638156595097088,0.77962,5.57728,0.35463,-0.38771,0.61127,0.56436,0.39691,-0.51852,0.80307,-0.05665,
1403638156695097088,0.72985,5.65708,0.34403,-0.38824,0.61036,0.56620,0.39517,-0.49626,0.83450,-0.11886,
1403638156795097088,0.68267,5.74217,0.32917,-0.38800,0.60983,0.56680,0.39535,-0.45360,0.87302,-0.15579,
1403638156895097088,0.63596,5.83095,0.31348,-0.38688,0.61047,0.56655,0.39581,-0.43466,0.88782,-0.16971,
1403638156995096832,0.59551,5.92131,0.29826,-0.38493,0.61228,0.56528,0.39673,-0.40829,0.93398,-0.10403,
1403638157095097088,0.55514,6.02003,0.29236,-0.38224,0.61544,0.56455,0.39550,-0.37143,0.99391,-0.03869,
1403638157195097088,0.51742,6.12258,0.29271,-0.37777,0.61891,0.56477,0.39405,-0.35089,1.03570,0.02597,
1403638157295097088,0.48020,6.22714,0.29950,-0.37885,0.61916,0.56364,0.39423,-0.33811,1.06778,0.10078,
1403638157395097088,0.44936,6.33733,0.30985,-0.37823,0.61495,0.56628,0.39762,-0.32017,1.12190,0.09880,
1403638157495096832,0.41922,6.44994,0.31851,-0.38015,0.60897,0.56865,0.40160,-0.32609,1.16062,0.05208,
1403638157595097088,0.38679,6.56621,0.32285,-0.38639,0.59987,0.57280,0.40344,-0.33196,1.18827,0.00735,
1403638157695097088,0.34987,6.68578,0.32185,-0.39402,0.58569,0.58057,0.40577,-0.35560,1.18783,0.00403,
1403638157795097088,0.31430,6.80243,0.32605,-0.40182,0.57050,0.59232,0.40278,-0.38223,1.18507,0.06975,
1403638157895097088,0.27728,6.91913,0.33693,-0.41377,0.55653,0.60356,0.39343,-0.40884,1.17776,0.15690,
1403638157995096832,0.23848,7.03285,0.35339,-0.42338,0.54406,0.61422,0.38403,-0.40764,1.15273,0.17678,
1403638158095097088,0.19904,7.14323,0.36825,-0.43186,0.53824,0.62184,0.37029,-0.40324,1.13306,0.12726,
1403638158195097088,0.15998,7.25222,0.37807,-0.43995,0.53442,0.62542,0.36013,-0.38030,1.11995,0.06317,
1403638158295097088,0.12277,7.36130,0.38245,-0.44335,0.52950,0.62891,0.35714,-0.35807,1.11217,0.01757,
1403638158395097088,0.08461,7.47620,0.38257,-0.44231,0.52560,0.63265,0.35758,-0.34332,1.10341,-0.01668,
1403638158495096832,0.04759,7.59086,0.37755,-0.44031,0.52079,0.63543,0.36211,-0.33670,1.08052,-0.06827,
1403638158595097088,0.01210,7.70075,0.37024,-0.43867,0.51810,0.63645,0.36614,-0.35118,1.07306,-0.08579,
1403638158695097088,-0.02751,7.81123,0.36112,-0.43973,0.51874,0.63462,0.36716,-0.38380,1.05563,-0.08826,
1403638158795097088,-0.06728,7.91960,0.35419,-0.44039,0.52350,0.63300,0.36239,-0.39660,1.04060,-0.06770,
1403638158895097088,-0.10922,8.03274,0.35098,-0.43876,0.53003,0.63212,0.35635,-0.40162,1.05159,0.01056,
1403638158995096832,-0.15009,8.13824,0.36076,-0.43629,0.53506,0.63231,0.35149,-0.38650,1.04081,0.09907,
1403638159095097088,-0.18802,8.25142,0.37447,-0.42884,0.54111,0.63584,0.34497,-0.37252,1.07779,0.15544,
1403638159195097088,-0.22265,8.36102,0.38735,-0.41873,0.54778,0.64131,0.33663,-0.36549,1.12069,0.11515,
1403638159295097088,-0.25694,8.48444,0.39706,-0.41965,0.54826,0.63934,0.33845,-0.35074,1.20780,0.09941,
1403638159395097088,-0.28942,8.61258,0.40586,-0.43435,0.54290,0.62865,0.34843,-0.33039,1.25980,0.06443,
1403638159495096832,-0.32105,8.74213,0.41736,-0.45329,0.53581,0.61474,0.35990,-0.30155,1.26247,0.11328,
1403638159595097088,-0.34620,8.87105,0.43580,-0.47341,0.53426,0.59985,0.36142,-0.24159,1.21571,0.18624,
1403638159695097088,-0.36495,8.99452,0.46156,-0.48705,0.53501,0.58955,0.35913,-0.14602,1.17357,0.26809,
1403638159795097088,-0.37201,9.11038,0.49353,-0.49012,0.53393,0.58751,0.35991,-0.02494,1.08795,0.35002,
1403638159895097088,-0.36715,9.21604,0.53317,-0.48358,0.52768,0.59293,0.36897,0.07859,1.01601,0.44789,
1403638159995096832,-0.35554,9.30868,0.58107,-0.47427,0.52165,0.60039,0.37747,0.13413,0.89061,0.53922,
1403638160095097088,-0.33770,9.38970,0.63666,-0.46748,0.51995,0.60617,0.37905,0.17088,0.79499,0.58749,
1403638160195097088,-0.31754,9.45784,0.69904,-0.45716,0.52334,0.61488,0.37289,0.18442,0.75609,0.69299,
1403638160295097088,-0.29689,9.52659,0.76950,-0.44500,0.52938,0.62460,0.36278,0.20159,0.71719,0.75779,
1403638160395097088,-0.27527,9.58758,0.84234,-0.43616,0.53255,0.63146,0.35695,0.20443,0.70155,0.78807,
1403638160495096832,-0.25461,9.65138,0.91345,-0.43381,0.53423,0.63320,0.35421,0.20162,0.71456,0.73946,
1403638160595097088,-0.23519,9.72540,0.98419,-0.43250,0.53497,0.63400,0.35327,0.18873,0.74294,0.68457,
1403638160695097088,-0.21634,9.79795,1.04952,-0.43269,0.53530,0.63359,0.35327,0.17596,0.76470,0.65083,
1403638160795097088,-0.19849,9.86862,1.10828,-0.44125,0.53580,0.62691,0.35384,0.19695,0.77746,0.61216,
1403638160895097088,-0.17690,9.95079,1.17073,-0.45266,0.53834,0.61261,0.36056,0.22960,0.77346,0.58482,
1403638160995096832,-0.14940,10.01975,1.22522,-0.45665,0.54341,0.59830,0.37177,0.29034,0.72799,0.53206,
1403638161095097088,-0.11630,10.08974,1.27723,-0.45292,0.55309,0.58566,0.38205,0.33858,0.66303,0.50291,
1403638161195097088,-0.07761,10.15244,1.32476,-0.44080,0.56607,0.57536,0.39271,0.38910,0.60806,0.45789,
1403638161295097088,-0.03488,10.21450,1.36961,-0.42585,0.58279,0.56282,0.40280,0.42332,0.59627,0.45186,
1403638161395097088,0.01065,10.27056,1.41345,-0.40967,0.60006,0.55186,0.40933,0.43890,0.54008,0.42069,
1403638161495096832,0.05676,10.32750,1.45489,-0.39348,0.61439,0.54621,0.41151,0.44834,0.53682,0.39473,
1403638161595097088,0.10312,10.38248,1.49148,-0.38378,0.62425,0.54067,0.41316,0.46267,0.54266,0.33636,
1403638161695097088,0.14883,10.43830,1.52168,-0.38043,0.63185,0.53432,0.41295,0.47338,0.55101,0.28468,
1403638161795097088,0.19703,10.49574,1.54761,-0.38152,0.63566,0.52718,0.41529,0.50144,0.56123,0.24445,
1403638161895097088,0.24897,10.55313,1.56889,-0.38146,0.63735,0.51894,0.42305,0.53647,0.56091,0.19762,
1403638161995096832,0.30398,10.60962,1.58721,-0.37800,0.64132,0.51171,0.42893,0.55843,0.54652,0.19181,
1403638162095097088,0.36151,10.66592,1.60876,-0.37526,0.64500,0.50674,0.43171,0.58963,0.55772,0.26160,
1403638162195097088,0.42165,10.71995,1.63574,-0.37344,0.65057,0.50333,0.42891,0.60991,0.53074,0.31692,
1403638162295097088,0.48425,10.77310,1.66438,-0.37188,0.65492,0.50109,0.42625,0.65027,0.53569,0.29302,
1403638162395097088,0.55214,10.82811,1.69019,-0.37453,0.65731,0.49737,0.42461,0.70180,0.54522,0.25401,
1403638162495096832,0.62360,10.88033,1.70780,-0.37581,0.65611,0.49562,0.42736,0.74674,0.52539,0.21100,
1403638162595097088,0.70035,10.93308,1.72980,-0.37251,0.65409,0.49829,0.43024,0.79430,0.52269,0.25868,
1403638162695097088,0.78094,10.98208,1.75324,-0.36863,0.65143,0.50219,0.43307,0.82115,0.49509,0.31784,
1403638162795097088,0.86444,11.03223,1.78858,-0.36670,0.65278,0.50328,0.43142,0.84452,0.47776,0.37605,
1403638162895097088,0.95145,11.08122,1.82717,-0.36806,0.65643,0.49746,0.43148,0.88423,0.47627,0.46014,
1403638162995096832,1.04252,11.13110,1.87613,-0.37376,0.65657,0.48822,0.43688,0.92843,0.46947,0.49325,
1403638163095097088,1.13954,11.18088,1.91794,-0.37846,0.65560,0.47881,0.44463,0.96833,0.43886,0.32938,
1403638163195097088,1.24029,11.22693,1.94181,-0.37285,0.65975,0.47298,0.44946,1.00347,0.39506,0.14406,
1403638163295097088,1.34719,11.26835,1.95150,-0.36113,0.66539,0.46795,0.45592,1.04295,0.36997,0.04570,
1403638163395097088,1.45782,11.30731,1.95638,-0.34883,0.67150,0.45980,0.46474,1.06727,0.34265,0.01793,
1403638163495096832,1.56906,11.34365,1.95877,-0.33903,0.67885,0.44978,0.47108,1.07592,0.32841,0.03921,
1403638163595097088,1.67800,11.37775,1.96678,-0.33268,0.68475,0.44178,0.47464,1.06596,0.29681,0.12161,
1403638163695097088,1.78440,11.40860,1.98294,-0.32752,0.68759,0.43720,0.47835,1.06392,0.27529,0.21518,
1403638163795097088,1.88889,11.43694,2.00913,-0.32476,0.68896,0.43429,0.48089,1.05065,0.24698,0.31219,
1403638163895097088,1.99239,11.46124,2.04326,-0.32625,0.69028,0.43081,0.48112,1.03299,0.19578,0.36770,
1403638163995096832,2.09728,11.48176,2.08330,-0.32926,0.69317,0.42829,0.47716,1.04010,0.17699,0.42737,
1403638164095097088,2.20302,11.49978,2.13093,-0.33283,0.69485,0.42690,0.47346,1.05708,0.15180,0.49785,
1403638164195097088,2.31076,11.51393,2.18175,-0.33786,0.69486,0.42477,0.47180,1.08462,0.11335,0.50341,
1403638164295097088,2.42139,11.52660,2.23138,-0.34182,0.69315,0.42373,0.47239,1.11028,0.08325,0.45193,
1403638164395097088,2.53280,11.53290,2.27261,-0.34457,0.69172,0.42338,0.47281,1.13186,0.03361,0.38652,
1403638164495096832,2.64811,11.53567,2.30820,-0.34652,0.69146,0.42372,0.47145,1.16912,-0.00577,0.34097,
1403638164595097088,2.76549,11.53391,2.34080,-0.34942,0.69219,0.42232,0.46950,1.19989,-0.05788,0.28904,
1403638164695097088,2.88993,11.52741,2.36712,-0.34687,0.69459,0.41930,0.47054,1.25497,-0.12129,0.23383,
1403638164795097088,3.01583,11.51304,2.38862,-0.33772,0.69256,0.41882,0.48052,1.28472,-0.17133,0.21431,
1403638164895097088,3.14362,11.49603,2.40554,-0.32491,0.68710,0.42159,0.49456,1.27286,-0.21371,0.16740,
1403638164995096832,3.26710,11.47279,2.41707,-0.32201,0.68521,0.41821,0.50190,1.23069,-0.25437,0.11508,
1403638165095097088,3.38656,11.44543,2.42550,-0.32854,0.68879,0.40526,0.50339,1.19058,-0.31420,0.03865,
1403638165195097088,3.50228,11.41156,2.42783,-0.32579,0.69695,0.39900,0.49892,1.17286,-0.37397,-0.00768,
1403638165295097088,3.61607,11.37267,2.42294,-0.31743,0.70860,0.39836,0.48830,1.15760,-0.41670,-0.05931,
1403638165395097088,3.73302,11.33108,2.41698,-0.31626,0.71587,0.39324,0.48256,1.17607,-0.43668,-0.07933,
1403638165495096832,3.85385,11.28701,2.40818,-0.31548,0.71388,0.38943,0.48908,1.21126,-0.46895,-0.09964,
1403638165595097088,3.97528,11.23888,2.39452,-0.31614,0.70629,0.38540,0.50268,1.20675,-0.51064,-0.13583,
1403638165695097088,4.09167,11.18568,2.37407,-0.31555,0.69716,0.38351,0.51703,1.18200,-0.57887,-0.20157,
1403638165795097088,4.20894,11.12415,2.35092,-0.31174,0.69384,0.38513,0.52256,1.13205,-0.65595,-0.26752,
1403638165895097088,4.31741,11.05528,2.32270,-0.30571,0.69923,0.38970,0.51551,1.07580,-0.73049,-0.22558,
1403638165995096832,4.42311,10.98068,2.30019,-0.29993,0.70510,0.39455,0.50716,1.04013,-0.76800,-0.16067,
1403638166095097088,4.52994,10.90571,2.28808,-0.29350,0.71020,0.40020,0.49931,1.02558,-0.78255,-0.05164,
1403638166195097088,4.63127,10.82919,2.29057,-0.28886,0.71124,0.40557,0.49619,1.00650,-0.75604,0.11463,
1403638166295097088,4.73027,10.75651,2.31366,-0.28738,0.71015,0.40919,0.49565,0.98387,-0.73485,0.32542,
1403638166395097088,4.82216,10.68642,2.35671,-0.28543,0.70889,0.41260,0.49574,0.94019,-0.73781,0.48589,
1403638166495096832,4.90551,10.61982,2.40834,-0.28434,0.70864,0.41467,0.49501,0.89417,-0.71046,0.47909,
1403638166595097088,4.98538,10.55650,2.45493,-0.28599,0.70805,0.41478,0.49481,0.86592,-0.68285,0.40797,
1403638166695097088,5.06037,10.49767,2.49397,-0.28876,0.70932,0.41335,0.49257,0.83644,-0.64913,0.32776,
1403638166795097088,5.13516,10.44175,2.52398,-0.29541,0.71448,0.40935,0.48444,0.81702,-0.61091,0.23569,
1403638166895097088,5.21453,10.38303,2.54440,-0.30007,0.72532,0.40649,0.46757,0.82765,-0.59551,0.14836,
1403638166995096832,5.29773,10.33004,2.55753,-0.29758,0.73371,0.40778,0.45479,0.87966,-0.54954,0.11834,
1403638167095097088,5.39124,10.27833,2.57017,-0.29193,0.73623,0.41176,0.45076,0.96335,-0.49011,0.17008,
1403638167195097088,5.49030,10.23746,2.58984,-0.28657,0.73425,0.41576,0.45376,1.03064,-0.39239,0.25691,
1403638167295097088,5.59430,10.20468,2.61827,-0.28250,0.73119,0.41869,0.45854,1.08297,-0.29553,0.31649,
1403638167395097088,5.70465,10.17815,2.65286,-0.28186,0.72963,0.41873,0.46137,1.11135,-0.22053,0.35310,
1403638167495096832,5.81995,10.15641,2.68535,-0.28528,0.72773,0.41568,0.46501,1.14158,-0.17450,0.29678,
1403638167595097088,5.93717,10.13826,2.71156,-0.29221,0.72524,0.40965,0.46991,1.16422,-0.14103,0.22467,
1403638167695097088,6.05607,10.12249,2.73029,-0.30009,0.72658,0.39890,0.47213,1.20215,-0.13496,0.15326,
1403638167795097088,6.17874,10.10658,2.74196,-0.30357,0.73066,0.38558,0.47466,1.25198,-0.13941,0.10588,
1403638167895097088,6.30655,10.09037,2.74927,-0.30169,0.73671,0.37155,0.47769,1.30939,-0.16116,0.06984,
1403638167995096832,6.44024,10.07178,2.75403,-0.29548,0.74241,0.35811,0.48298,1.36281,-0.18612,0.04700,
1403638168095097088,6.58070,10.05129,2.76277,-0.29037,0.74693,0.34593,0.48797,1.42217,-0.19982,0.12073,
1403638168195097088,6.72649,10.02607,2.77801,-0.28258,0.75080,0.33601,0.49351,1.45761,-0.26994,0.20238,
1403638168295097088,6.87517,9.99555,2.80168,-0.26921,0.75558,0.32747,0.49939,1.49569,-0.32408,0.27009,
1403638168395097088,7.02771,9.96324,2.83225,-0.25765,0.75950,0.31584,0.50697,1.53034,-0.34632,0.33671,
1403638168495096832,7.18344,9.92884,2.86504,-0.24105,0.76416,0.31096,0.51114,1.53903,-0.35686,0.29843,
1403638168595097088,7.33958,9.89657,2.89073,-0.22222,0.76969,0.31234,0.51053,1.54529,-0.33605,0.22159,
1403638168695097088,7.49659,9.86833,2.90780,-0.20738,0.77341,0.31443,0.50986,1.54487,-0.28800,0.13123,
1403638168795097088,7.65202,9.84701,2.91850,-0.20078,0.77547,0.31487,0.50911,1.53413,-0.23129,0.06114,
1403638168895097088,7.80730,9.83326,2.92389,-0.19657,0.77693,0.31592,0.50788,1.54472,-0.14471,0.02166,
1403638168995096832,7.96343,9.82750,2.92290,-0.19663,0.77684,0.31680,0.50744,1.54645,-0.06031,-0.02365,
1403638169095097088,8.11958,9.82924,2.91854,-0.20349,0.77129,0.31511,0.51420,1.54160,0.01186,-0.07380,
1403638169195097088,8.27263,9.83433,2.90903,-0.21471,0.76776,0.31139,0.51718,1.52559,0.04378,-0.13631,
1403638169295097088,8.42893,9.84412,2.89335,-0.22867,0.76664,0.30086,0.51909,1.52991,0.05258,-0.18618,
1403638169395097088,8.58401,9.85209,2.87335,-0.24400,0.76617,0.28128,0.52376,1.54911,0.02037,-0.21486,
1403638169495096832,8.74135,9.85250,2.85224,-0.24835,0.76658,0.26255,0.53080,1.56769,-0.06321,-0.18924,
1403638169595097088,8.89812,9.84203,2.83882,-0.24163,0.76845,0.24737,0.53843,1.57337,-0.18817,-0.10942,
1403638169695097088,9.05404,9.82042,2.83041,-0.22310,0.77323,0.23654,0.54441,1.55563,-0.28594,-0.05948,
1403638169795097088,9.20977,9.78839,2.82817,-0.19940,0.77793,0.22611,0.55130,1.52542,-0.37478,0.03085,
1403638169895097088,9.36249,9.75001,2.83487,-0.17130,0.78190,0.21624,0.55904,1.48893,-0.41535,0.12915,
1403638169995096832,9.51005,9.71025,2.85017,-0.14756,0.78009,0.20241,0.57334,1.41906,-0.41342,0.19130,
1403638170095097088,9.65346,9.67171,2.86633,-0.13448,0.77942,0.18113,0.58448,1.34172,-0.41277,0.16178,
1403638170195097088,9.78406,9.63289,2.87666,-0.12557,0.78383,0.15611,0.58777,1.25070,-0.42231,0.07087,
1403638170295097088,9.91015,9.59463,2.87767,-0.11804,0.78943,0.13013,0.58816,1.17504,-0.44319,0.00679,
1403638170395097088,10.05053,9.57955,2.84558,-0.10615,0.79666,0.10467,0.58576,1.13572,-0.42522,-0.09804,
1403638170495096832,10.13707,9.50878,2.86627,-0.09848,0.80257,0.08222,0.58260,1.06748,-0.50233,-0.05669,
1403638170595097088,10.24351,9.45636,2.86396,-0.09419,0.80341,0.05662,0.58520,1.05161,-0.56663,0.03036,
1403638170695097088,10.34228,9.39601,2.87028,-0.08496,0.80124,0.03450,0.59127,0.98096,-0.64471,0.11837,
1403638170795097088,10.43104,9.32638,2.88112,-0.07287,0.80123,0.01599,0.59369,0.90131,-0.72240,0.15752,
1403638170895097088,10.50859,9.24789,2.89335,-0.05852,0.80189,-0.00060,0.59460,0.81411,-0.79797,0.12004,
1403638170995096832,10.57649,9.16271,2.90035,-0.04386,0.80202,-0.01742,0.59543,0.73504,-0.86885,0.06016,
1403638171095097088,10.63476,9.07275,2.90215,-0.03247,0.80026,-0.03369,0.59783,0.65292,-0.91648,0.01324,
1403638171195097088,10.68515,8.97829,2.90094,-0.02521,0.79835,-0.04664,0.59986,0.55768,-0.97067,-0.01541,
1403638171295097088,10.72820,8.87950,2.89715,-0.02018,0.79662,-0.05567,0.60157,0.46602,-1.02026,-0.03512,
1403638171395097088,10.76475,8.77573,2.89102,-0.01749,0.79460,-0.06230,0.60368,0.36930,-1.08263,-0.05153,
1403638171495096832,10.79398,8.66481,2.88389,-0.01453,0.79255,-0.06964,0.60565,0.27992,-1.13430,-0.06079,
1403638171595097088,10.81607,8.54700,2.87345,-0.01300,0.78986,-0.07692,0.60831,0.18394,-1.21056,-0.08655,
1403638171695097088,10.82824,8.42346,2.86208,-0.01195,0.78709,-0.08734,0.61051,0.07413,-1.27783,-0.10795,
1403638171795097088,10.83002,8.29198,2.84962,-0.00845,0.78501,-0.09805,0.61162,-0.03908,-1.34974,-0.09984,
1403638171895097088,10.81986,8.15298,2.84231,-0.00705,0.78080,-0.10839,0.61526,-0.15466,-1.43782,-0.03152,
1403638171995096832,10.79634,8.00532,2.84128,0.00128,0.77743,-0.11199,0.61892,-0.28672,-1.52229,0.02457,
1403638172095097088,10.75828,7.85137,2.84536,0.00910,0.77663,-0.11382,0.61953,-0.43170,-1.58228,0.05059,
1403638172195097088,10.70805,7.69128,2.84796,0.01279,0.77720,-0.11529,0.61847,-0.54789,-1.62722,-0.01103,
1403638172295097088,10.64541,7.52840,2.84161,0.01644,0.77810,-0.11479,0.61734,-0.67097,-1.65726,-0.12367,
1403638172395097088,10.57139,7.36267,2.82496,0.01748,0.77785,-0.11440,0.61770,-0.76067,-1.68804,-0.22590,
1403638172495096832,10.48957,7.19314,2.79798,0.01570,0.77572,-0.11448,0.62041,-0.83739,-1.71685,-0.33382,
1403638172595097088,10.39974,7.02141,2.76190,0.01323,0.77368,-0.11400,0.62309,-0.92951,-1.75589,-0.41302,
1403638172695097088,10.29775,6.84677,2.71794,0.00876,0.77326,-0.11392,0.62371,-1.05616,-1.79603,-0.48157,
1403638172795097088,10.18362,6.66717,2.66970,0.00628,0.77361,-0.11244,0.62357,-1.17432,-1.84782,-0.52225,
1403638172895097088,10.05798,6.48185,2.61757,0.00222,0.77371,-0.11156,0.62364,-1.29586,-1.90346,-0.55885,
1403638172995096832,9.92032,6.29148,2.56187,-0.00525,0.77645,-0.11217,0.62009,-1.41123,-1.95623,-0.61069,
1403638173095097088,9.77257,6.09385,2.50076,-0.01204,0.78148,-0.11201,0.61368,-1.50025,-2.02382,-0.67176,
1403638173195097088,9.61658,5.88849,2.43333,-0.01276,0.78642,-0.10939,0.60779,-1.58235,-2.10723,-0.73316,
1403638173295097088,9.45171,5.67384,2.36094,-0.00669,0.78988,-0.10293,0.60453,-1.64460,-2.17698,-0.78048,
1403638173395097088,9.28227,5.45387,2.28258,0.00530,0.79308,-0.09401,0.60180,-1.69454,-2.23123,-0.83567,
1403638173495096832,9.10879,5.23263,2.19292,0.01924,0.79696,-0.08464,0.59777,-1.71070,-2.23996,-0.95464,
1403638173595097088,8.93664,5.01212,2.09709,0.02886,0.79816,-0.07880,0.59657,-1.69304,-2.22748,-0.98125,
1403638173695097088,8.76277,4.79202,1.99840,0.03068,0.79841,-0.07836,0.59621,-1.74455,-2.19369,-1.01894,
1403638173795097088,8.58635,4.57548,1.89573,0.03012,0.79919,-0.07961,0.59502,-1.74993,-2.17921,-1.03382,
1403638173895097088,8.40753,4.36409,1.79535,0.03153,0.80062,-0.07982,0.59300,-1.79443,-2.13013,-0.97332,
1403638173995096832,8.22668,4.15533,1.70188,0.03111,0.79995,-0.08083,0.59379,-1.84146,-2.09601,-0.90461,
1403638174095097088,8.03773,3.94855,1.61473,0.03059,0.80056,-0.08150,0.59290,-1.89378,-2.06064,-0.84109,
1403638174195097088,7.84560,3.74286,1.53094,0.03221,0.80370,-0.08059,0.58867,-1.91002,-2.03979,-0.84723,
1403638174295097088,7.65284,3.54261,1.44216,0.03172,0.80948,-0.08018,0.58077,-1.91397,-2.01239,-0.93062,
1403638174395097088,7.46700,3.34126,1.35096,0.03151,0.81307,-0.07986,0.57580,-1.86427,-1.98773,-0.96082,
1403638174495096832,7.28009,3.14758,1.25630,0.03109,0.81617,-0.07901,0.57155,-1.82548,-1.95513,-0.92389,
1403638174595097088,7.10340,2.95298,1.16803,0.03334,0.81980,-0.07660,0.56652,-1.75390,-1.94705,-0.84510,
1403638174695097088,6.92950,2.76352,1.08469,0.03591,0.82421,-0.07468,0.56019,-1.70718,-1.92379,-0.80654,
1403638174795097088,6.76124,2.57360,1.01003,0.03676,0.82831,-0.07402,0.55414,-1.65178,-1.88902,-0.71242,
1403638174895097088,6.59979,2.38820,0.94335,0.03896,0.83021,-0.07243,0.55135,-1.55472,-1.84487,-0.65854,
1403638174995096832,6.44382,2.20469,0.88368,0.03931,0.83155,-0.07285,0.54925,-1.48723,-1.80493,-0.60498,
1403638175095097088,6.29366,2.01967,0.82679,0.04004,0.83027,-0.07309,0.55110,-1.38270,-1.78045,-0.52246,
1403638175195097088,6.15611,1.84118,0.77760,0.04311,0.82998,-0.07273,0.55135,-1.29848,-1.74840,-0.46756,
1403638175295097088,6.02911,1.66826,0.73271,0.04564,0.83199,-0.07284,0.54809,-1.21308,-1.71012,-0.40440,
1403638175395097088,5.91041,1.49836,0.69526,0.04850,0.83726,-0.07237,0.53982,-1.13445,-1.67436,-0.33374,
1403638175495096832,5.80120,1.33226,0.66447,0.05275,0.84321,-0.07019,0.53037,-0.99229,-1.63095,-0.25228,
1403638175595097088,5.70332,1.16956,0.64315,0.05400,0.85055,-0.06925,0.51851,-0.88096,-1.57959,-0.17614,
1403638175695097088,5.61641,1.00862,0.62858,0.05262,0.85761,-0.06936,0.50687,-0.75206,-1.53837,-0.11844,
1403638175795097088,5.54635,0.85366,0.61900,0.05156,0.86165,-0.06910,0.50013,-0.60368,-1.50594,-0.15729,
1403638175895097088,5.49162,0.70350,0.60090,0.05374,0.86340,-0.06630,0.49725,-0.45119,-1.48283,-0.27732,
1403638175995096832,5.45804,0.56297,0.57600,0.06091,0.86172,-0.05942,0.50021,-0.27559,-1.43022,-0.31267,
1403638176095097088,5.44439,0.43357,0.55113,0.06783,0.85268,-0.05304,0.51528,-0.09708,-1.35546,-0.28938,
1403638176195097088,5.44507,0.31135,0.52965,0.06841,0.83708,-0.05180,0.54031,0.01776,-1.25477,-0.21792,
1403638176295097088,5.45355,0.19682,0.51370,0.06504,0.82470,-0.05428,0.55920,0.05335,-1.16589,-0.17287,
1403638176395097088,5.46627,0.09177,0.50253,0.06489,0.81930,-0.05529,0.56699,0.07806,-1.08037,-0.13147,
1403638176495096832,5.48465,-0.00330,0.49712,0.06699,0.81903,-0.05472,0.56719,0.10438,-0.98567,-0.05259,
1403638176595097088,5.50447,-0.09190,0.49605,0.06792,0.82054,-0.05509,0.56486,0.13232,-0.89368,-0.02616,
1403638176695097088,5.52058,-0.17866,0.49913,0.06903,0.82132,-0.05501,0.56359,0.17397,-0.81021,0.06599,
1403638176795097088,5.54693,-0.25603,0.51059,0.06772,0.82194,-0.05585,0.56277,0.19895,-0.72321,0.13973,
1403638176895097088,5.56814,-0.32690,0.52630,0.06296,0.82244,-0.05932,0.56224,0.21101,-0.64611,0.16291,
1403638176995096832,5.59628,-0.39190,0.54017,0.06389,0.82300,-0.05860,0.56139,0.23513,-0.59504,0.12408,
1403638177095097088,5.62093,-0.45168,0.54759,0.06661,0.82409,-0.05685,0.55964,0.25886,-0.54484,0.05285,
1403638177195097088,5.64770,-0.50649,0.54707,0.06984,0.82445,-0.05492,0.55892,0.28005,-0.47749,-0.03030,
1403638177295097088,5.67973,-0.55482,0.53946,0.07127,0.82454,-0.05400,0.55869,0.30744,-0.40833,-0.09372,
1403638177395097088,5.71224,-0.59340,0.52665,0.07181,0.82443,-0.05397,0.55879,0.33086,-0.33916,-0.14889,
1403638177495096832,5.74844,-0.62727,0.50977,0.06800,0.82478,-0.05774,0.55838,0.35742,-0.26600,-0.18742,
1403638177595097088,5.78493,-0.65485,0.48940,0.05485,0.82405,-0.06803,0.55974,0.37679,-0.22088,-0.22271,
1403638177695097088,5.82382,-0.68138,0.46461,0.04555,0.82321,-0.07627,0.56075,0.39402,-0.21656,-0.26652,
1403638177795097088,5.86554,-0.70792,0.43829,0.03798,0.81952,-0.08559,0.56535,0.41062,-0.22998,-0.28036,
1403638177895097088,5.90678,-0.73509,0.41026,0.03387,0.81220,-0.09185,0.57511,0.39686,-0.25884,-0.25008,
1403638177995096832,5.94601,-0.76554,0.38684,0.03428,0.80665,-0.09453,0.58242,0.35410,-0.29888,-0.18654,
1403638178095097088,5.98047,-0.79905,0.37097,0.04262,0.80332,-0.09573,0.58626,0.31713,-0.34546,-0.10786,
1403638178195097088,6.00971,-0.83616,0.36352,0.05159,0.80065,-0.10361,0.58785,0.24451,-0.36921,-0.05227,
1403638178295097088,6.03113,-0.87813,0.36219,0.06094,0.79677,-0.11751,0.58961,0.18372,-0.39466,0.05432,
1403638178395097088,6.04443,-0.91955,0.36858,0.07251,0.79283,-0.13509,0.58984,0.08555,-0.39993,0.06545,
1403638178495096832,6.04929,-0.96039,0.37152,0.08390,0.79141,-0.15763,0.58463,0.02018,-0.40572,0.00276,
1403638178595097088,6.04717,-1.00290,0.36987,0.09467,0.79191,-0.18207,0.57513,-0.03811,-0.42027,-0.04198,
1403638178695097088,6.04165,-1.04802,0.36538,0.10522,0.78966,-0.20532,0.56852,-0.07696,-0.44373,-0.08253,
1403638178795097088,6.03117,-1.09599,0.35904,0.11785,0.78537,-0.22587,0.56416,-0.11840,-0.47777,-0.11139,
1403638178895097088,6.01764,-1.14670,0.34904,0.12958,0.78453,-0.24245,0.55583,-0.14144,-0.50033,-0.13975,
1403638178995096832,6.00219,-1.19936,0.33518,0.13748,0.78628,-0.25450,0.54598,-0.15349,-0.52187,-0.18205,
1403638179095097088,5.98662,-1.25575,0.31785,0.14531,0.78928,-0.26100,0.53646,-0.14628,-0.56363,-0.21351,
1403638179195097088,5.97331,-1.31707,0.29618,0.15437,0.79109,-0.26639,0.52856,-0.13031,-0.61097,-0.24614,
1403638179295097088,5.96405,-1.38369,0.27091,0.16401,0.79253,-0.27242,0.52037,-0.08683,-0.65396,-0.27875,
1403638179395097088,5.95896,-1.45468,0.24479,0.17481,0.78895,-0.28214,0.51711,-0.03929,-0.69437,-0.27591,
1403638179495096832,5.95754,-1.52942,0.21842,0.18463,0.77637,-0.29713,0.52429,-0.01143,-0.72889,-0.29872,
1403638179595097088,5.95755,-1.60672,0.18935,0.19698,0.76404,-0.31405,0.52803,-0.01136,-0.75646,-0.30071,
1403638179695097088,5.95599,-1.68464,0.16134,0.20984,0.75333,-0.33189,0.52756,-0.03095,-0.75669,-0.26243,
1403638179795097088,5.95155,-1.76315,0.13947,0.22349,0.74401,-0.35014,0.52335,-0.05400,-0.75441,-0.18019,
1403638179895097088,5.94389,-1.84179,0.12614,0.23673,0.73529,-0.36803,0.51755,-0.05390,-0.76525,-0.14261,
1403638179995096832,5.93885,-1.92060,0.11693,0.24426,0.73205,-0.38428,0.50673,-0.04542,-0.77885,-0.09328,
1403638180095097088,5.93487,-2.00112,0.11160,0.24746,0.72941,-0.39750,0.49872,-0.03027,-0.80586,-0.04413,
1403638180195097088,5.93167,-2.08382,0.10878,0.25196,0.72630,-0.40450,0.49535,-0.02616,-0.82752,-0.03849,
1403638180295097088,5.92595,-2.16991,0.10214,0.25398,0.72512,-0.40888,0.49245,-0.02562,-0.86044,-0.08545,
1403638180395097088,5.91997,-2.25931,0.09008,0.25516,0.72502,-0.41068,0.49048,-0.02257,-0.89683,-0.14778,
1403638180495096832,5.91431,-2.35142,0.07329,0.25838,0.72624,-0.40889,0.48849,-0.01304,-0.93166,-0.18339,
1403638180595097088,5.91145,-2.44653,0.05155,0.26100,0.72781,-0.40603,0.48714,-0.00482,-0.95694,-0.19303,
1403638180695097088,5.90739,-2.54405,0.03449,0.26097,0.73157,-0.40376,0.48340,0.02424,-0.98173,-0.14592,
1403638180795097088,5.90802,-2.64507,0.02300,0.25734,0.73605,-0.40306,0.47910,0.05990,-1.02495,-0.06397,
1403638180895097088,5.90550,-2.74996,0.02434,0.25362,0.73785,-0.40167,0.47949,0.08726,-1.06619,-0.00630,
1403638180995096832,5.91370,-2.85970,0.02066,0.25057,0.73734,-0.40049,0.48286,0.11611,-1.10494,-0.04363,
1403638181095097088,5.91521,-2.97384,0.01607,0.24744,0.73666,-0.39886,0.48684,0.12608,-1.14171,-0.11686,
1403638181195097088,5.92718,-3.09088,0.00156,0.24472,0.73408,-0.39846,0.49242,0.14288,-1.17826,-0.15528,
1403638181295097088,5.93327,-3.21242,-0.01318,0.24390,0.72625,-0.40052,0.50265,0.11463,-1.21393,-0.19056,
1403638181395097088,5.94160,-3.33727,-0.03471,0.24683,0.71586,-0.40855,0.50961,0.06791,-1.23066,-0.25272,
1403638181495096832,5.93985,-3.46435,-0.05926,0.25161,0.70225,-0.42274,0.51462,0.00569,-1.26191,-0.26649,
1403638181595097088,5.93330,-3.59463,-0.08438,0.26515,0.68249,-0.43612,0.52316,-0.09354,-1.25530,-0.26454,
1403638181695097088,5.91651,-3.72254,-0.10715,0.28260,0.67210,-0.44884,0.51668,-0.19362,-1.22481,-0.20438,
1403638181795097088,5.89234,-3.84913,-0.12164,0.29912,0.66578,-0.46244,0.50339,-0.27771,-1.20185,-0.10832,
1403638181895097088,5.86107,-3.97117,-0.12524,0.31528,0.66216,-0.47545,0.48589,-0.32578,-1.16254,-0.02710,
1403638181995096832,5.82583,-4.09057,-0.12219,0.32346,0.65800,-0.48935,0.47217,-0.33654,-1.13739,0.02957,
1403638182095097088,5.78884,-4.20340,-0.11133,0.32548,0.65585,-0.50154,0.46085,-0.35330,-1.13334,0.11451,
1403638182195097088,5.75116,-4.31253,-0.09228,0.32662,0.65393,-0.51039,0.45298,-0.35934,-1.14234,0.11845,
1403638182295097088,5.71480,-4.42219,-0.07698,0.32153,0.65124,-0.51988,0.44970,-0.35764,-1.15791,0.07924,
1403638182395097088,5.67756,-4.54000,-0.06660,0.31652,0.64983,-0.52587,0.44832,-0.38069,-1.19960,0.07190,
1403638182495096832,5.63727,-4.66014,-0.05188,0.31984,0.65424,-0.52412,0.44155,-0.40344,-1.24138,0.16001,
1403638182595097088,5.59662,-4.78713,-0.03052,0.32641,0.66065,-0.51860,0.43365,-0.39437,-1.29745,0.24011,
1403638182695097088,5.55765,-4.91796,-0.00186,0.32754,0.66436,-0.51535,0.43098,-0.37569,-1.33173,0.30296,
1403638182795097088,5.52190,-5.05380,0.02816,0.32638,0.66492,-0.51364,0.43306,-0.34020,-1.37721,0.27581,
1403638182895097088,5.48973,-5.19312,0.05325,0.32651,0.66390,-0.51118,0.43741,-0.31537,-1.41182,0.21778,
1403638182995096832,5.45815,-5.33904,0.07280,0.32872,0.66074,-0.50752,0.44474,-0.30825,-1.44467,0.17347,
1403638183095097088,5.42793,-5.48559,0.08808,0.33318,0.65827,-0.50225,0.45103,-0.29964,-1.46310,0.12810,
1403638183195097088,5.39819,-5.63364,0.09840,0.33819,0.65846,-0.49720,0.45260,-0.28287,-1.46372,0.07074,
1403638183295097088,5.37023,-5.77809,0.10256,0.33830,0.66328,-0.49589,0.44688,-0.26215,-1.44075,0.00081,
1403638183395097088,5.34525,-5.92126,0.10186,0.33262,0.66811,-0.49913,0.44030,-0.23552,-1.44912,-0.02175,
1403638183495096832,5.32270,-6.06517,0.09758,0.33018,0.67307,-0.50051,0.43296,-0.19527,-1.46221,-0.05638,
1403638183595097088,5.30356,-6.21317,0.08981,0.32910,0.67555,-0.50092,0.42943,-0.15847,-1.49205,-0.07939,
1403638183695097088,5.28929,-6.36500,0.08417,0.33441,0.67264,-0.49716,0.43423,-0.10619,-1.53684,-0.00770,
1403638183795097088,5.28038,-6.51603,0.08501,0.34160,0.66710,-0.49231,0.44262,-0.07311,-1.51732,0.04847,
1403638183895097088,5.27448,-6.66684,0.09353,0.34841,0.66216,-0.48765,0.44984,-0.04325,-1.47362,0.10953,
1403638183995096832,5.27297,-6.81007,0.10825,0.34924,0.66130,-0.48757,0.45055,-0.00867,-1.42727,0.17985,
1403638184095097088,5.27498,-6.95021,0.12897,0.34527,0.66339,-0.49086,0.44694,0.03029,-1.40847,0.21470,
1403638184195097088,5.28061,-7.08556,0.14999,0.33942,0.66740,-0.49586,0.43988,0.06489,-1.38495,0.15981,
1403638184295097088,5.29014,-7.22142,0.16492,0.33666,0.66902,-0.49873,0.43629,0.09622,-1.39046,0.10861,
1403638184395097088,5.30324,-7.36048,0.17544,0.33931,0.66677,-0.49744,0.43914,0.14269,-1.40384,0.07791,
1403638184495096832,5.32088,-7.49975,0.18298,0.34354,0.66458,-0.49495,0.44197,0.17549,-1.39606,0.05142,
1403638184595097088,5.34130,-7.63930,0.18908,0.34517,0.66262,-0.49443,0.44421,0.20913,-1.38331,0.05652,
1403638184695097088,5.36534,-7.77744,0.19602,0.34588,0.66187,-0.49420,0.44504,0.24256,-1.36909,0.05631,
1403638184795097088,5.39217,-7.91448,0.20236,0.34507,0.66052,-0.49507,0.44671,0.26797,-1.35375,0.06058,
1403638184895097088,5.42159,-8.04836,0.20958,0.34638,0.66091,-0.49498,0.44521,0.30335,-1.33931,0.07576,
1403638184995096832,5.45452,-8.18006,0.21949,0.34745,0.65935,-0.49477,0.44693,0.32909,-1.31429,0.09139,
1403638185095097088,5.49016,-8.31231,0.23043,0.34739,0.66002,-0.49498,0.44575,0.35512,-1.30199,0.11306,
1403638185195097088,5.52828,-8.44135,0.24315,0.34833,0.66116,-0.49413,0.44425,0.38426,-1.28773,0.11264,
1403638185295097088,5.56965,-8.56646,0.25489,0.35166,0.66329,-0.49125,0.44165,0.42134,-1.26732,0.11983,
1403638185395097088,5.61666,-8.69095,0.26622,0.35566,0.66436,-0.48690,0.44165,0.48463,-1.24001,0.12254,
1403638185495096832,5.66862,-8.81419,0.27909,0.35821,0.66708,-0.47708,0.44618,0.54621,-1.20196,0.13213,
1403638185595097088,5.72639,-8.93219,0.29262,0.35597,0.67243,-0.46515,0.45251,0.60713,-1.15932,0.12547,
1403638185695097088,5.78976,-9.04685,0.30557,0.35131,0.67663,-0.45521,0.45993,0.65939,-1.11013,0.12365,
1403638185795097088,5.85768,-9.15603,0.31821,0.33837,0.67792,-0.45360,0.46923,0.69809,-1.05799,0.11779,
1403638185895097088,5.92725,-9.25875,0.32785,0.31553,0.67728,-0.46196,0.47783,0.69261,-1.01895,0.07828,
1403638185995096832,5.99520,-9.36049,0.33461,0.30049,0.67753,-0.46721,0.48205,0.65339,-1.01478,0.02758,
1403638186095097088,6.05841,-9.46248,0.33802,0.30063,0.68241,-0.46433,0.47785,0.61872,-1.02550,-0.01615,
1403638186195097088,6.11854,-9.56645,0.33759,0.30584,0.68641,-0.45950,0.47346,0.59704,-1.02473,-0.02295,
1403638186295097088,6.17673,-9.66871,0.33992,0.30866,0.68843,-0.45692,0.47119,0.59208,-1.02589,0.03902,
1403638186395097088,6.23481,-9.77140,0.34808,0.31064,0.68986,-0.45565,0.46902,0.59757,-1.02044,0.11131,
1403638186495096832,6.29250,-9.86932,0.35977,0.31258,0.68903,-0.45486,0.46972,0.58689,-0.99194,0.13937,
1403638186595097088,6.35210,-9.96948,0.37299,0.31559,0.69012,-0.45378,0.46714,0.60288,-0.98319,0.10502,
1403638186695097088,6.41396,-10.06809,0.38137,0.32013,0.69165,-0.45160,0.46389,0.63463,-0.98410,0.04911,
1403638186795097088,6.47868,-10.16750,0.38511,0.32530,0.69520,-0.44457,0.46178,0.67378,-0.97803,0.00048,
1403638186895097088,6.54846,-10.26611,0.38476,0.32565,0.70173,-0.43496,0.46080,0.73047,-0.95851,-0.03991,
1403638186995096832,6.62720,-10.36156,0.38097,0.31792,0.70937,-0.42393,0.46476,0.81384,-0.92852,-0.01718,
1403638187095097088,6.71305,-10.45365,0.38343,0.30224,0.71446,-0.41025,0.47947,0.88069,-0.91506,0.07543,
1403638187195097088,6.80389,-10.54411,0.39402,0.28560,0.71923,-0.39161,0.49778,0.90530,-0.86710,0.13897,
1403638187295097088,6.89429,-10.62796,0.41187,0.27067,0.72392,-0.36943,0.51595,0.90125,-0.83406,0.21019,
1403638187395097088,6.98272,-10.70888,0.43698,0.25895,0.72808,-0.34901,0.53013,0.87090,-0.78088,0.27941,
1403638187495096832,7.06690,-10.78211,0.46609,0.25021,0.73231,-0.33362,0.53834,0.82341,-0.71854,0.29417,
1403638187595097088,7.14603,-10.84946,0.49515,0.24157,0.73955,-0.32548,0.53738,0.77813,-0.66139,0.26961,
1403638187695097088,7.22075,-10.91258,0.52265,0.23543,0.74661,-0.32168,0.53260,0.75021,-0.61985,0.23564,
1403638187795097088,7.29274,-10.97015,0.54487,0.23546,0.75089,-0.31762,0.52900,0.73813,-0.58359,0.17729,
1403638187895097088,7.36166,-11.01648,0.56437,0.24110,0.75268,-0.31265,0.52687,0.73178,-0.51653,0.14758,
1403638187995096832,7.43398,-11.06659,0.57972,0.24865,0.75086,-0.30827,0.52854,0.73012,-0.45805,0.12215,
1403638188095097088,7.50537,-11.10672,0.59203,0.25737,0.74863,-0.30400,0.52999,0.72987,-0.37614,0.07785,
1403638188195097088,7.57861,-11.14165,0.59902,0.26462,0.74534,-0.30091,0.53282,0.74036,-0.28102,0.02768,
1403638188295097088,7.65431,-11.16763,0.60235,0.26401,0.73501,-0.30302,0.54612,0.74157,-0.17647,-0.01497,
1403638188395097088,7.72922,-11.18610,0.60337,0.26205,0.72207,-0.30536,0.56277,0.69865,-0.07750,-0.04579,
1403638188495096832,7.80035,-11.19552,0.60229,0.25999,0.71238,-0.30771,0.57466,0.62358,0.03464,-0.07124,
1403638188595097088,7.86543,-11.19155,0.60221,0.25826,0.70711,-0.30848,0.58150,0.53517,0.16956,-0.05272,
1403638188695097088,7.92405,-11.17652,0.60714,0.25395,0.71103,-0.30601,0.57992,0.44256,0.30505,0.04050,
1403638188795097088,7.96737,-11.14390,0.61834,0.24616,0.72052,-0.30294,0.57313,0.32763,0.42558,0.10197,
1403638188895097088,8.00682,-11.10630,0.63869,0.23943,0.72815,-0.30005,0.56784,0.29999,0.47859,0.24208,
1403638188995096832,8.03632,-11.05859,0.66790,0.23412,0.73414,-0.29744,0.56369,0.24343,0.55485,0.33268,
1403638189095097088,8.05699,-11.00079,0.70301,0.22612,0.73809,-0.29227,0.56450,0.19187,0.62312,0.37170,
1403638189195097088,8.07279,-10.93694,0.73594,0.21514,0.74275,-0.28325,0.56729,0.13543,0.68703,0.31332,
1403638189295097088,8.08208,-10.86684,0.76109,0.20123,0.75023,-0.27111,0.56847,0.07933,0.72872,0.25757,
1403638189395097088,8.08397,-10.79241,0.77937,0.18724,0.76330,-0.25928,0.56133,0.01893,0.75208,0.19587,
1403638189495096832,8.08012,-10.71506,0.79621,0.17481,0.77722,-0.25009,0.55030,-0.01610,0.76584,0.24165,
1403638189595097088,8.07317,-10.63752,0.82010,0.16537,0.78542,-0.24373,0.54439,-0.01838,0.74520,0.34386,
1403638189695097088,8.06525,-10.56238,0.84983,0.15658,0.79167,-0.24087,0.53918,-0.00738,0.71672,0.31936,
1403638189795097088,8.05678,-10.49007,0.87403,0.14870,0.79707,-0.24140,0.53320,-0.00177,0.67387,0.24738,
1403638189895097088,8.05049,-10.42324,0.89218,0.14590,0.80243,-0.24082,0.52614,0.03047,0.62543,0.19816,
1403638189995096832,8.05129,-10.36254,0.90624,0.14596,0.80381,-0.24043,0.52419,0.07366,0.56504,0.14418,
1403638190095097088,8.05663,-10.30816,0.91664,0.14917,0.79847,-0.23860,0.53223,0.12191,0.51479,0.11006,
1403638190195097088,8.06908,-10.25863,0.92313,0.15544,0.79077,-0.23586,0.54303,0.14409,0.48620,0.04178,
1403638190295097088,8.08314,-10.20986,0.92337,0.16861,0.78367,-0.22558,0.55366,0.14433,0.49652,-0.01353,
1403638190395097088,8.09748,-10.15949,0.91635,0.18025,0.78039,-0.20927,0.56099,0.14085,0.54400,-0.06018,
1403638190495096832,8.11248,-10.10260,0.90357,0.18479,0.78153,-0.19635,0.56259,0.13068,0.62084,-0.13324,
1403638190595097088,8.12834,-10.03697,0.88671,0.17903,0.78443,-0.19140,0.56213,0.13410,0.69716,-0.16209,
1403638190695097088,8.14539,-9.96491,0.86912,0.17239,0.78617,-0.18945,0.56243,0.12489,0.76423,-0.14660,
1403638190795097088,8.16084,-9.88593,0.85504,0.16401,0.78647,-0.18981,0.56440,0.10011,0.83454,-0.13670,
1403638190895097088,8.17800,-9.80204,0.84706,0.15295,0.78726,-0.19394,0.56500,0.11019,0.86397,-0.03294,
1403638190995096832,8.19359,-9.71348,0.84946,0.14782,0.78743,-0.19522,0.56568,0.07312,0.89853,0.04150,
1403638191095097088,8.20469,-9.62231,0.85970,0.14659,0.78448,-0.19481,0.57022,0.03844,0.91629,0.11320,
1403638191195097088,8.21357,-9.53133,0.87493,0.14462,0.78845,-0.19587,0.56485,0.02579,0.92048,0.15874,
1403638191295097088,8.22114,-9.43975,0.89702,0.14086,0.79591,-0.19919,0.55408,0.01466,0.93094,0.20975,
1403638191395097088,8.22873,-9.34942,0.92315,0.14162,0.80071,-0.19948,0.54682,0.02880,0.91747,0.20488,
1403638191495096832,8.23729,-9.26135,0.94489,0.14075,0.80226,-0.20125,0.54411,0.06834,0.89881,0.16360,
1403638191595097088,8.24924,-9.17527,0.96131,0.14291,0.80236,-0.20092,0.54353,0.09760,0.88479,0.09637,
1403638191695097088,8.26472,-9.08928,0.97100,0.14669,0.80312,-0.19933,0.54198,0.13578,0.86741,0.04119,
1403638191795097088,8.28328,-9.00347,0.97429,0.15273,0.80400,-0.19600,0.54022,0.18253,0.86998,-0.00766,
1403638191895097088,8.30691,-8.91445,0.97103,0.15527,0.80429,-0.19526,0.53933,0.22608,0.88151,-0.04359,
1403638191995096832,8.33278,-8.82494,0.96690,0.15452,0.80419,-0.19600,0.53943,0.26509,0.89225,-0.01603,
1403638192095097088,8.36296,-8.73470,0.97054,0.15604,0.80409,-0.19515,0.53945,0.31490,0.90766,0.06685,
1403638192195097088,8.39863,-8.64371,0.98345,0.15363,0.80247,-0.19666,0.54200,0.37317,0.91309,0.18096,
1403638192295097088,8.43924,-8.55053,1.00710,0.15154,0.79776,-0.19789,0.54904,0.42132,0.91376,0.28112,
1403638192395097088,8.48315,-8.45481,1.03831,0.15053,0.79343,-0.19803,0.55551,0.44229,0.92689,0.34640,
1403638192495096832,8.52741,-8.35448,1.07476,0.14966,0.79113,-0.19830,0.55892,0.43061,0.94760,0.42182,
1403638192595097088,8.56868,-8.25276,1.11704,0.15101,0.78747,-0.19745,0.56400,0.42310,0.96565,0.44734,
1403638192695097088,8.60872,-8.14998,1.15953,0.15165,0.78010,-0.19749,0.57397,0.38793,0.99437,0.40123,
1403638192795097088,8.64384,-8.04359,1.19651,0.15185,0.77288,-0.19769,0.58354,0.32867,1.02446,0.33768,
1403638192895097088,8.67223,-7.93661,1.22884,0.14817,0.76461,-0.19993,0.59452,0.25467,1.06330,0.31297,
1403638192995096832,8.68978,-7.82757,1.25728,0.13935,0.75237,-0.20443,0.61051,0.13931,1.07845,0.27346,
1403638193095097088,8.69406,-7.71717,1.28534,0.13001,0.74993,-0.20400,0.61570,-0.01061,1.09147,0.29299,
1403638193195097088,8.68209,-7.60637,1.31815,0.12561,0.75933,-0.19641,0.60751,-0.14910,1.09240,0.37290,
1403638193295097088,8.65500,-7.49696,1.35890,0.12390,0.76769,-0.18783,0.60002,-0.30219,1.10472,0.47109,
1403638193395097088,8.61341,-7.39245,1.40829,0.12700,0.77303,-0.17794,0.59551,-0.39091,1.08881,0.55623,
1403638193495096832,8.56238,-7.28971,1.46126,0.12857,0.77379,-0.17131,0.59613,-0.46745,1.09050,0.53519,
1403638193595097088,8.50396,-7.18610,1.50669,0.12722,0.77549,-0.16820,0.59510,-0.54677,1.10946,0.44731,
1403638193695097088,8.44411,-7.07501,1.54420,0.12437,0.78314,-0.16829,0.58558,-0.61061,1.12168,0.36329,
1403638193795097088,8.37631,-6.96668,1.57496,0.11940,0.79067,-0.17044,0.57578,-0.66127,1.12006,0.29768,
1403638193895097088,8.30791,-6.85590,1.60059,0.11815,0.79488,-0.17165,0.56987,-0.68444,1.11385,0.25084,
1403638193995096832,8.23946,-6.74441,1.62253,0.11661,0.79721,-0.17338,0.56639,-0.67653,1.10700,0.19734,
1403638194095097088,8.17125,-6.63513,1.63881,0.11888,0.79507,-0.17291,0.56906,-0.67621,1.08489,0.15116,
1403638194195097088,8.10294,-6.52831,1.65012,0.12129,0.78962,-0.17230,0.57629,-0.69350,1.07130,0.09817,
1403638194295097088,8.02943,-6.42251,1.65381,0.12202,0.78637,-0.17226,0.58056,-0.72725,1.08052,0.02542,
1403638194395097088,7.95574,-6.31405,1.65581,0.11988,0.79023,-0.17442,0.57511,-0.75899,1.07830,0.05874,
1403638194495096832,7.87739,-6.20904,1.66008,0.11692,0.79420,-0.17715,0.56939,-0.77562,1.05506,0.11834,
1403638194595097088,7.79693,-6.10513,1.67288,0.11668,0.79791,-0.17809,0.56393,-0.81271,1.05224,0.14883,
1403638194695097088,7.71739,-6.00182,1.68892,0.11562,0.80348,-0.17966,0.55568,-0.78189,1.01976,0.15865,
1403638194795097088,7.64035,-5.90066,1.70378,0.11601,0.80748,-0.18046,0.54950,-0.75711,0.99022,0.12632,
1403638194895097088,7.56534,-5.80295,1.71369,0.11659,0.81052,-0.18109,0.54467,-0.72169,0.95989,0.05922,
1403638194995096832,7.49476,-5.71029,1.71807,0.11657,0.81212,-0.18122,0.54224,-0.68442,0.92134,0.00192,
1403638195095097088,7.43181,-5.61772,1.71694,0.11703,0.81326,-0.18102,0.54051,-0.62577,0.89386,-0.05345,
1403638195195097088,7.37239,-5.52995,1.71041,0.11478,0.81668,-0.18275,0.53522,-0.57267,0.86882,-0.11234,
1403638195295097088,7.32250,-5.44533,1.69703,0.11071,0.82482,-0.18561,0.52246,-0.49548,0.81873,-0.15012,
1403638195395097088,7.28262,-5.36726,1.68114,0.10971,0.82733,-0.18615,0.51850,-0.38048,0.75134,-0.15216,
1403638195495096832,7.25723,-5.29779,1.66534,0.11230,0.81856,-0.18476,0.53217,-0.29039,0.70128,-0.16654,
1403638195595097088,7.23473,-5.23138,1.64729,0.11524,0.80899,-0.18271,0.54669,-0.23549,0.66178,-0.21312,
1403638195695097088,7.22204,-5.17056,1.62525,0.11621,0.80637,-0.18180,0.55065,-0.20333,0.63182,-0.20473,
1403638195795097088,7.20882,-5.10953,1.60811,0.11464,0.80822,-0.18273,0.54794,-0.16644,0.60227,-0.14521,
1403638195895097088,7.19328,-5.04841,1.59747,0.11374,0.81319,-0.18281,0.54071,-0.12468,0.56923,-0.07903,
1403638195995096832,7.18326,-4.98968,1.59421,0.11205,0.81761,-0.18372,0.53405,-0.04746,0.52122,-0.00390,
1403638196095097088,7.18055,-4.93223,1.59987,0.11246,0.81767,-0.18358,0.53391,0.04028,0.47335,0.09760,
1403638196195097088,7.18579,-4.87945,1.61455,0.11459,0.81291,-0.18201,0.54122,0.09322,0.44037,0.19453,
1403638196295097088,7.18976,-4.83055,1.63237,0.11637,0.80781,-0.18055,0.54891,0.10486,0.43099,0.19334,
1403638196395097088,7.19851,-4.78191,1.64854,0.11645,0.80611,-0.18059,0.55137,0.11088,0.43073,0.11482,
1403638196495096832,7.20932,-4.73662,1.65758,0.11599,0.80662,-0.18139,0.55046,0.12750,0.40808,0.03906,
1403638196595097088,7.22299,-4.69789,1.65884,0.11358,0.80981,-0.18374,0.54547,0.14496,0.38681,-0.03622,
1403638196695097088,7.23859,-4.66023,1.65388,0.11063,0.81599,-0.18662,0.53581,0.18355,0.34185,-0.09006,
1403638196795097088,7.25759,-4.62516,1.64505,0.11077,0.81828,-0.18701,0.53214,0.22942,0.30972,-0.11797,
1403638196895097088,7.28293,-4.59610,1.63247,0.11180,0.81582,-0.18654,0.53585,0.28691,0.26006,-0.12545,
1403638196995096832,7.31408,-4.56979,1.62410,0.11365,0.81059,-0.18492,0.54390,0.32334,0.22040,-0.05498,
1403638197095097088,7.34803,-4.54731,1.62212,0.11515,0.80701,-0.18415,0.54914,0.32771,0.20624,-0.00471,
1403638197195097088,7.38211,-4.52441,1.62649,0.11828,0.80562,-0.18215,0.55119,0.36147,0.18155,0.05655,
1403638197295097088,7.42053,-4.50578,1.63865,0.12561,0.80306,-0.17684,0.55501,0.36878,0.17814,0.15842,
1403638197395097088,7.45736,-4.48427,1.65875,0.13432,0.80029,-0.17100,0.55880,0.36414,0.20128,0.20287,
1403638197495096832,7.49523,-4.46183,1.68223,0.13772,0.79802,-0.16854,0.56196,0.36403,0.24574,0.27343,
1403638197595097088,7.53016,-4.43661,1.71149,0.13649,0.79667,-0.16901,0.56402,0.35169,0.27421,0.32862,
1403638197695097088,7.56492,-4.40767,1.74717,0.13658,0.79644,-0.16872,0.56441,0.34780,0.30358,0.34959,
1403638197795097088,7.59981,-4.37582,1.77925,0.13582,0.79641,-0.16870,0.56465,0.33630,0.32969,0.29077,
1403638197895097088,7.63424,-4.34080,1.80768,0.13134,0.79293,-0.17115,0.56984,0.33478,0.35105,0.23839,
1403638197995096832,7.66823,-4.30303,1.82817,0.12961,0.78372,-0.17164,0.58268,0.30625,0.37467,0.09774,
1403638198095097088,7.69822,-4.26325,1.82889,0.12824,0.78115,-0.17223,0.58625,0.25462,0.39440,-0.11221,
1403638198195097088,7.72387,-4.22114,1.80916,0.12522,0.78408,-0.17440,0.58234,0.18846,0.42457,-0.29574,
1403638198295097088,7.74554,-4.17419,1.77829,0.12537,0.78752,-0.17450,0.57762,0.14172,0.45150,-0.36834,
1403638198395097088,7.76691,-4.12392,1.74261,0.12710,0.79141,-0.17326,0.57228,0.11710,0.46482,-0.41211,
1403638198495096832,7.79077,-4.07252,1.70427,0.13301,0.79469,-0.16916,0.56759,0.10900,0.48829,-0.44137,
1403638198595097088,7.80979,-4.01708,1.66117,0.14642,0.79663,-0.15957,0.56434,0.11169,0.52863,-0.44932,
1403638198695097088,7.83564,-3.95554,1.61835,0.16383,0.79558,-0.14702,0.56445,0.12983,0.61299,-0.42904,
1403638198795097088,7.84954,-3.88693,1.57963,0.17646,0.79315,-0.13745,0.56646,0.12737,0.74815,-0.34648,
1403638198895097088,7.87507,-3.80054,1.55263,0.17944,0.79281,-0.13480,0.56665,0.13330,0.89937,-0.25343,
1403638198995096832,7.89001,-3.70221,1.53202,0.17700,0.79406,-0.13660,0.56523,0.13459,1.04198,-0.17698,
1403638199095097088,7.91849,-3.58714,1.52315,0.17393,0.79516,-0.13929,0.56397,0.17921,1.17133,-0.05339,
1403638199195097088,7.93565,-3.46367,1.52292,0.17136,0.79413,-0.14178,0.56559,0.18649,1.29768,0.05310,
1403638199295097088,7.97013,-3.32500,1.53535,0.16985,0.79093,-0.14309,0.57019,0.22073,1.41016,0.15621,
1403638199395097088,7.98625,-3.18004,1.55116,0.17200,0.78963,-0.14195,0.57163,0.18219,1.51742,0.19940,
1403638199495096832,8.01336,-3.01997,1.57398,0.17634,0.79195,-0.14015,0.56752,0.18642,1.63254,0.27222,
1403638199595097088,8.03172,-2.85081,1.60440,0.17692,0.79585,-0.13631,0.56280,0.21377,1.75158,0.31857,
1403638199695097088,8.06407,-2.66572,1.63899,0.16780,0.79806,-0.13229,0.56342,0.23596,1.88293,0.37872,
1403638199795097088,8.09108,-2.47347,1.67803,0.14888,0.80088,-0.13550,0.56398,0.23419,1.95184,0.34271,
1403638199895097088,8.11288,-2.27915,1.71175,0.13342,0.80322,-0.13789,0.56394,0.23483,1.98702,0.28582,
1403638199995096832,8.13490,-2.08236,1.74024,0.12405,0.80452,-0.13677,0.56449,0.23733,2.01164,0.24653,
1403638200095097088,8.15667,-1.88289,1.76361,0.11871,0.80620,-0.12825,0.56525,0.23301,2.02005,0.20027,
1403638200195097088,8.17746,-1.68085,1.78581,0.11761,0.80519,-0.11139,0.57047,0.22648,2.04783,0.24707,
1403638200295097088,8.19555,-1.47376,1.81269,0.11009,0.80137,-0.09498,0.58022,0.20342,2.10171,0.30763,
1403638200395097088,8.21230,-1.26087,1.84657,0.10136,0.79875,-0.07872,0.58782,0.18078,2.14598,0.36832,
1403638200495096832,8.22523,-1.04476,1.88749,0.10011,0.80039,-0.06115,0.58789,0.15275,2.19392,0.44718,
1403638200595097088,8.23552,-0.82233,1.93425,0.09733,0.80272,-0.04567,0.58658,0.10834,2.27093,0.50059,
1403638200695097088,8.24210,-0.59353,1.98569,0.09642,0.80406,-0.02679,0.58606,0.08929,2.33831,0.53744,
1403638200795097088,8.24477,-0.35718,2.03672,0.09138,0.80753,-0.01472,0.58252,0.04939,2.41757,0.51071,
1403638200895097088,8.24438,-0.11162,2.08225,0.08356,0.81071,-0.00996,0.57937,0.03160,2.50155,0.43921,
1403638200995096832,8.24313,0.14140,2.12184,0.06721,0.81138,-0.01493,0.58045,0.01534,2.56160,0.37449,
1403638201095097088,8.23765,0.39854,2.15494,0.05502,0.81083,-0.02010,0.58234,-0.01283,2.58763,0.29162,
1403638201195097088,8.22858,0.65743,2.18040,0.04934,0.81046,-0.02362,0.58324,-0.04389,2.59760,0.22503,
1403638201295097088,8.21526,0.91545,2.19851,0.04704,0.80994,-0.02659,0.58402,-0.07670,2.60053,0.15281,
1403638201395097088,8.20169,1.17595,2.21130,0.04973,0.81016,-0.02645,0.58350,-0.10146,2.59485,0.09459,
1403638201495096832,8.18441,1.43519,2.21621,0.05024,0.80886,-0.02848,0.58516,-0.12516,2.60102,0.01772,
1403638201595097088,8.16580,1.69567,2.21501,0.05366,0.80724,-0.02857,0.58708,-0.15627,2.60701,-0.04374,
1403638201695097088,8.14597,1.95647,2.20552,0.05332,0.80589,-0.03056,0.58887,-0.19575,2.60603,-0.13866,
1403638201795097088,8.12428,2.21893,2.18856,0.05519,0.80588,-0.03115,0.58867,-0.23461,2.60734,-0.21034,
1403638201895097088,8.10038,2.48419,2.16560,0.05342,0.80607,-0.03270,0.58850,-0.27303,2.62658,-0.24623,
1403638201995096832,8.07226,2.75220,2.14383,0.04949,0.80696,-0.02824,0.58785,-0.33996,2.64573,-0.19890,
1403638202095097088,8.04031,3.02380,2.12686,0.03920,0.80857,-0.02582,0.58653,-0.38614,2.65400,-0.16516,
1403638202195097088,8.00574,3.29438,2.11607,0.02786,0.81257,-0.02567,0.58163,-0.43196,2.63611,-0.10078,
1403638202295097088,7.96952,3.56310,2.11215,0.02061,0.81772,-0.02450,0.57473,-0.41547,2.61028,-0.02249,
1403638202395097088,7.93741,3.82859,2.11553,0.01709,0.81950,-0.02299,0.57236,-0.38833,2.56410,-0.00917,
1403638202495096832,7.90846,4.08674,2.11455,0.01466,0.82044,-0.02172,0.57113,-0.36335,2.52975,-0.07542,
1403638202595097088,7.88198,4.33861,2.10597,0.01035,0.82153,-0.02349,0.56959,-0.33355,2.47105,-0.14323,
1403638202695097088,7.85684,4.58344,2.09195,0.00954,0.82302,-0.02398,0.56742,-0.29599,2.41037,-0.17976,
1403638202795097088,7.83445,4.82140,2.07154,0.01085,0.82271,-0.02349,0.56788,-0.27200,2.34226,-0.22293,
1403638202895097088,7.81365,5.05232,2.04734,0.01254,0.82152,-0.02282,0.56958,-0.25386,2.29875,-0.23294,
1403638202995096832,7.78869,5.27581,2.02174,0.01139,0.82087,-0.02423,0.57048,-0.25479,2.24608,-0.20189,
1403638203095097088,7.76744,5.49647,1.99999,0.01098,0.82031,-0.02479,0.57127,-0.25804,2.19001,-0.14283,
1403638203195097088,7.74627,5.71276,1.98659,0.01445,0.81763,-0.02286,0.57510,-0.25560,2.14352,-0.07227,
1403638203295097088,7.72529,5.92588,1.97920,0.01519,0.81485,-0.02230,0.57905,-0.27174,2.10488,-0.00990,
1403638203395097088,7.70386,6.13186,1.97378,0.01357,0.81380,-0.02310,0.58053,-0.27927,2.05432,-0.05340,
1403638203495096832,7.68028,6.33077,1.96174,0.01189,0.81399,-0.02418,0.58025,-0.27893,2.00902,-0.11503,
1403638203595097088,7.65621,6.52457,1.94579,0.00896,0.81453,-0.02601,0.57947,-0.28986,1.95198,-0.12902,
1403638203695097088,7.63070,6.71342,1.93295,0.00854,0.81585,-0.02585,0.57762,-0.30425,1.89596,-0.07125,
1403638203795097088,7.59955,6.90009,1.92791,0.01007,0.81569,-0.02459,0.57788,-0.30829,1.83826,0.00193,
1403638203895097088,7.56757,7.07896,1.92862,0.01026,0.81521,-0.02347,0.57859,-0.33372,1.78115,0.05767,
1403638203995096832,7.53294,7.25617,1.93417,0.00859,0.81571,-0.02324,0.57793,-0.34542,1.73589,0.10632,
1403638204095097088,7.49606,7.42728,1.94881,0.00689,0.81793,-0.02288,0.57482,-0.36426,1.69409,0.19227,
1403638204195097088,7.45824,7.59391,1.97100,0.00155,0.82061,-0.02542,0.57092,-0.36344,1.64189,0.26105,
1403638204295097088,7.42123,7.75495,1.99884,-0.00724,0.82430,-0.03147,0.56523,-0.34057,1.57933,0.30098,
1403638204395097088,7.38608,7.91011,2.02794,-0.01759,0.82886,-0.03981,0.55776,-0.31413,1.48688,0.31822,
1403638204495096832,7.35491,8.05505,2.05554,-0.02160,0.83025,-0.04433,0.55521,-0.28223,1.38985,0.26958,
1403638204595097088,7.32608,8.19373,2.07790,-0.02329,0.82832,-0.04512,0.55794,-0.24117,1.29767,0.20317,
1403638204695097088,7.29911,8.32352,2.09320,-0.02353,0.82792,-0.03774,0.55907,-0.22036,1.21606,0.13679,
1403638204795097088,7.27430,8.44228,2.10036,-0.02127,0.82789,-0.02065,0.56011,-0.20270,1.13699,0.06505,
1403638204895097088,7.25255,8.54754,2.09947,-0.01806,0.82525,0.00631,0.56444,-0.18504,1.09917,-0.01434,
1403638204995096832,7.23277,8.65221,2.09096,-0.02530,0.82325,0.03601,0.56597,-0.17562,1.08801,-0.07561,
1403638205095097088,7.21505,8.75807,2.07821,-0.03957,0.82025,0.07063,0.56625,-0.16804,1.10405,-0.12239,
1403638205195097088,7.19637,8.86526,2.06602,-0.06475,0.81528,0.10703,0.56539,-0.17601,1.11380,-0.07231,
1403638205295097088,7.17789,8.97420,2.06127,-0.09220,0.80764,0.14702,0.56356,-0.17216,1.12127,0.01114,
1403638205395097088,7.15893,9.08604,2.06559,-0.12007,0.79629,0.18694,0.56263,-0.17975,1.11909,0.09153,
1403638205495096832,7.13940,9.19618,2.07713,-0.13849,0.78293,0.22483,0.56329,-0.19635,1.10151,0.15387,
1403638205595097088,7.11439,9.30385,2.09526,-0.14605,0.77023,0.25620,0.56549,-0.26535,1.08691,0.22882,
1403638205695097088,7.08395,9.41235,2.11982,-0.14892,0.75709,0.27852,0.57189,-0.33242,1.11262,0.28460,
1403638205795097088,7.04405,9.52462,2.14985,-0.15558,0.74815,0.29499,0.57363,-0.44343,1.15101,0.30938,
1403638205895097088,6.99278,9.64217,2.18477,-0.16647,0.74293,0.31126,0.56874,-0.55054,1.19920,0.35166,
1403638205995096832,6.93075,9.76124,2.22567,-0.18436,0.73793,0.32662,0.56106,-0.65217,1.24086,0.42410,
1403638206095097088,6.85850,9.88383,2.27169,-0.20095,0.73115,0.34356,0.55409,-0.76046,1.23378,0.47326,
1403638206195097088,6.77502,10.00554,2.32043,-0.21702,0.72233,0.35991,0.54919,-0.83914,1.24021,0.46692,
1403638206295097088,6.68465,10.12799,2.36544,-0.23384,0.71374,0.37358,0.54437,-0.91779,1.24303,0.40556,
1403638206395097088,6.58769,10.24766,2.40488,-0.25359,0.70939,0.37926,0.53724,-0.96494,1.19320,0.34497,
1403638206495096832,6.48584,10.36284,2.44064,-0.26747,0.70550,0.38162,0.53394,-1.00786,1.14600,0.28574,
1403638206595097088,6.37999,10.47436,2.46978,-0.27536,0.70257,0.38312,0.53273,-1.04215,1.08384,0.22059,
1403638206695097088,6.26968,10.58001,2.49332,-0.28274,0.69955,0.38508,0.53142,-1.08897,1.03282,0.16270,
1403638206795097088,6.15501,10.68209,2.50874,-0.28850,0.69672,0.39155,0.52728,-1.11846,0.96241,0.09517,
1403638206895097088,6.03901,10.77331,2.51823,-0.29282,0.69304,0.39678,0.52585,-1.14108,0.90857,0.04041,
1403638206995096832,5.92048,10.86324,2.52288,-0.29891,0.68948,0.39779,0.52633,-1.16715,0.84523,-0.01127,
1403638207095097088,5.79936,10.94720,2.51990,-0.30172,0.68608,0.39888,0.52835,-1.18506,0.77165,-0.07759,
1403638207195097088,5.67634,11.02106,2.50760,-0.30554,0.68469,0.39911,0.52778,-1.22604,0.69155,-0.17127,
1403638207295097088,5.54754,11.09059,2.48839,-0.30956,0.68037,0.40410,0.52722,-1.26929,0.61660,-0.23556,
1403638207395097088,5.41592,11.15113,2.46257,-0.31850,0.67278,0.41164,0.52581,-1.30937,0.54386,-0.26907,
1403638207495096832,5.28002,11.20247,2.43914,-0.32908,0.66281,0.42464,0.52160,-1.36226,0.43666,-0.21847,
1403638207595097088,5.13995,11.24252,2.42204,-0.33650,0.65701,0.44026,0.51115,-1.39513,0.32235,-0.15263,
1403638207695097088,4.99661,11.27468,2.40956,-0.34192,0.65802,0.45274,0.49510,-1.39319,0.23413,-0.08839,
1403638207795097088,4.85428,11.29774,2.40573,-0.34664,0.65886,0.46065,0.48327,-1.37859,0.16904,0.00817,
1403638207895097088,4.71525,11.31661,2.40862,-0.34706,0.66252,0.46710,0.47163,-1.34193,0.13662,0.09308,
1403638207995096832,4.58201,11.32938,2.41845,-0.34605,0.66397,0.47089,0.46654,-1.29950,0.10447,0.12737,
1403638208095097088,4.45195,11.33735,2.42910,-0.34696,0.66284,0.47102,0.46733,-1.26832,0.05936,0.08261,
1403638208195097088,4.32682,11.34160,2.43330,-0.35206,0.66011,0.46697,0.47143,-1.23280,0.02528,0.01657,
1403638208295097088,4.20569,11.34395,2.43050,-0.35162,0.65914,0.46535,0.47471,-1.20852,-0.00673,-0.05886,
1403638208395097088,4.08722,11.34174,2.41976,-0.34783,0.66225,0.46655,0.47198,-1.18162,-0.04756,-0.13588,
1403638208495096832,3.96852,11.33634,2.40741,-0.34617,0.66342,0.46964,0.46849,-1.16654,-0.07303,-0.11330,
1403638208595097088,3.85633,11.32847,2.39924,-0.34866,0.66064,0.47722,0.46288,-1.13983,-0.10161,-0.04197,
1403638208695097088,3.74550,11.31797,2.39785,-0.35535,0.65474,0.48471,0.45836,-1.11006,-0.11429,0.02722,
1403638208795097088,3.63740,11.30353,2.40347,-0.36211,0.64988,0.49057,0.45373,-1.06235,-0.14956,0.09200,
1403638208895097088,3.53093,11.28793,2.41115,-0.36593,0.64429,0.49609,0.45264,-1.02808,-0.16427,0.05529,
1403638208995096832,3.42942,11.26990,2.41320,-0.36863,0.64010,0.50025,0.45181,-0.99584,-0.20132,-0.02777,
1403638209095097088,3.33315,11.24877,2.40793,-0.37142,0.63818,0.50264,0.44959,-0.96842,-0.22835,-0.10059,
1403638209195097088,3.24063,11.22423,2.39589,-0.37193,0.63717,0.50457,0.44844,-0.93547,-0.25973,-0.15475,
1403638209295097088,3.14962,11.19725,2.37791,-0.37387,0.63725,0.50443,0.44686,-0.89894,-0.27225,-0.22008,
1403638209395097088,3.05901,11.16847,2.35383,-0.37507,0.63778,0.50408,0.44548,-0.87257,-0.29057,-0.27348,
1403638209495096832,2.97299,11.13853,2.32334,-0.37695,0.63724,0.50285,0.44606,-0.83151,-0.29939,-0.34335,
1403638209595097088,2.89051,11.10826,2.28043,-0.37863,0.63596,0.50115,0.44837,-0.79661,-0.31934,-0.52745,
1403638209695097088,2.80881,11.07258,2.21827,-0.37813,0.63760,0.50039,0.44732,-0.76721,-0.34282,-0.71104,
1403638209795097088,2.73300,11.03725,2.13818,-0.37525,0.63641,0.50179,0.44986,-0.74192,-0.36175,-0.88792,
1403638209895097088,2.65486,10.99550,2.04291,-0.37379,0.63427,0.50215,0.45369,-0.72826,-0.39572,-0.98489,
1403638209995096832,2.58337,10.95472,1.94226,-0.37563,0.63044,0.50048,0.45932,-0.71579,-0.42663,-1.01143,
1403638210095097088,2.50671,10.90647,1.84139,-0.37936,0.62641,0.49725,0.46522,-0.71029,-0.47875,-0.96432,
1403638210195097088,2.43602,10.85860,1.74722,-0.38321,0.62312,0.49430,0.46963,-0.71140,-0.56090,-0.90490,
1403638210295097088,2.36475,10.79653,1.65860,-0.38402,0.62356,0.49364,0.46907,-0.70869,-0.65452,-0.85315,
1403638210395097088,2.29288,10.72361,1.57285,-0.38313,0.62418,0.49399,0.46859,-0.70632,-0.73589,-0.86609,
1403638210495096832,2.22303,10.64575,1.48450,-0.38400,0.62447,0.49303,0.46851,-0.69391,-0.80391,-0.90697,
1403638210595097088,2.15330,10.56193,1.39069,-0.38384,0.62413,0.49249,0.46967,-0.69097,-0.86972,-0.96801,
1403638210695097088,2.08430,10.47153,1.29219,-0.38626,0.62454,0.49028,0.46944,-0.67708,-0.93768,-0.98049,
1403638210795097088,2.01777,10.37100,1.19805,-0.38630,0.62451,0.49000,0.46974,-0.67540,-1.03317,-0.92239,
1403638210895097088,1.95418,10.26531,1.10926,-0.38579,0.62759,0.49064,0.46536,-0.65366,-1.08602,-0.84633,
1403638210995096832,1.88954,10.15335,1.02933,-0.38319,0.63096,0.49282,0.46063,-0.64341,-1.16107,-0.78891,
1403638211095097088,1.82789,10.03642,0.95985,-0.38144,0.63384,0.49450,0.45631,-0.61655,-1.18803,-0.66978,
1403638211195097088,1.76539,9.91809,0.89782,-0.38071,0.63687,0.49515,0.45197,-0.58202,-1.19557,-0.60279,
1403638211295097088,1.71229,9.80055,0.84290,-0.37915,0.63793,0.49584,0.45104,-0.53931,-1.19163,-0.52416,
1403638211395097088,1.65941,9.67929,0.78982,-0.37600,0.64123,0.49196,0.45323,-0.50088,-1.22674,-0.54846,
1403638211495096832,1.61293,9.55444,0.73521,-0.37039,0.64823,0.48400,0.45645,-0.46894,-1.26458,-0.58635,
1403638211595097088,1.56598,9.42598,0.67481,-0.36447,0.65773,0.47116,0.46103,-0.43488,-1.29111,-0.65742,
1403638211695097088,1.52424,9.29333,0.60793,-0.35772,0.66861,0.45382,0.46802,-0.39191,-1.32582,-0.70270,
1403638211795097088,1.48900,9.15790,0.53868,-0.34753,0.68314,0.43376,0.47370,-0.34288,-1.35972,-0.69821,
1403638211895097088,1.46008,9.02082,0.47415,-0.33765,0.69821,0.41131,0.47886,-0.28718,-1.37656,-0.65683,
1403638211995096832,1.43592,8.88022,0.41632,-0.32432,0.71113,0.39051,0.48643,-0.22776,-1.41340,-0.55942,
1403638212095097088,1.41663,8.73695,0.36619,-0.30986,0.72182,0.37125,0.49512,-0.16246,-1.43452,-0.48266,
1403638212195097088,1.40289,8.59263,0.32474,-0.29295,0.73034,0.35385,0.50554,-0.11387,-1.46743,-0.39070,
1403638212295097088,1.39134,8.44402,0.29214,-0.27761,0.73934,0.33483,0.51400,-0.10642,-1.50584,-0.28682,
1403638212395097088,1.38385,8.29421,0.26593,-0.26092,0.74725,0.31701,0.52253,-0.06843,-1.51582,-0.22158,
1403638212495096832,1.37710,8.14002,0.24612,-0.24698,0.75499,0.29693,0.52992,-0.06150,-1.56707,-0.13172,
1403638212595097088,1.37102,7.98142,0.23317,-0.23293,0.76355,0.27664,0.53498,-0.04640,-1.58948,-0.06284,
1403638212695097088,1.36631,7.82017,0.22665,-0.21923,0.77187,0.25528,0.53943,-0.04131,-1.62036,0.00166,
1403638212795097088,1.36174,7.65559,0.22769,-0.20253,0.77896,0.23452,0.54516,-0.03622,-1.65053,0.06340,
1403638212895097088,1.35987,7.48869,0.23289,-0.18766,0.78681,0.21078,0.54890,-0.03824,-1.67740,0.09250,
1403638212995096832,1.35690,7.31687,0.24150,-0.16989,0.79410,0.18695,0.55280,-0.01619,-1.70581,0.15548,
1403638213095097088,1.35787,7.14381,0.25635,-0.15331,0.80048,0.16094,0.55662,-0.00000,-1.72145,0.17883,
1403638213195097088,1.36146,6.97270,0.27066,-0.13885,0.80912,0.13288,0.55533,0.01340,-1.73694,0.11902,
1403638213295097088,1.36871,6.79888,0.27896,-0.12705,0.81994,0.10284,0.54861,0.05853,-1.75831,0.05840,
1403638213395097088,1.38263,6.62667,0.28426,-0.11655,0.82973,0.07170,0.54112,0.11461,-1.78196,-0.00290,
1403638213495096832,1.40411,6.44911,0.28481,-0.10732,0.83552,0.04064,0.53735,0.19365,-1.84254,-0.04271,
1403638213595097088,1.43243,6.26364,0.28142,-0.09028,0.83430,0.02002,0.54350,0.28644,-1.90109,-0.04573,
1403638213695097088,1.46377,6.06964,0.27935,-0.06777,0.82590,0.01309,0.55958,0.32279,-1.93888,0.00135,
1403638213795097088,1.49725,5.87275,0.28033,-0.04889,0.81902,0.01198,0.57156,0.34486,-1.94814,0.05221,
1403638213895097088,1.53273,5.67751,0.28748,-0.03848,0.81611,0.01135,0.57650,0.35619,-1.94302,0.11250,
1403638213995096832,1.56727,5.48292,0.29915,-0.03391,0.81675,0.01168,0.57587,0.32941,-1.92962,0.15098,
1403638214095097088,1.59906,5.28841,0.31590,-0.03095,0.82250,0.01417,0.56774,0.32270,-1.91231,0.18245,
1403638214195097088,1.63326,5.09434,0.33984,-0.03136,0.82934,0.01706,0.55761,0.35382,-1.88370,0.22935,
1403638214295097088,1.66958,4.90087,0.35893,-0.03308,0.83435,0.02045,0.54986,0.38524,-1.86080,0.17002,
1403638214395097088,1.71251,4.70886,0.37222,-0.03448,0.83760,0.02468,0.54463,0.45134,-1.84510,0.11518,
1403638214495096832,1.76109,4.52269,0.38045,-0.03600,0.83539,0.02913,0.54771,0.50687,-1.83120,0.05843,
1403638214595097088,1.81221,4.33682,0.38386,-0.03749,0.82899,0.03270,0.55705,0.54031,-1.80534,-0.00013,
1403638214695097088,1.86378,4.15451,0.38089,-0.03962,0.82217,0.03571,0.56674,0.54011,-1.78785,-0.04339,
1403638214795097088,1.91645,3.97054,0.37341,-0.04199,0.81674,0.03867,0.57418,0.51717,-1.76731,-0.09576,
1403638214895097088,1.96676,3.79022,0.35932,-0.04338,0.81350,0.04141,0.57846,0.48943,-1.75291,-0.16560,
1403638214995096832,2.01336,3.61662,0.33892,-0.04431,0.81154,0.04302,0.58102,0.46721,-1.72792,-0.22451,
1403638215095097088,2.05846,3.44797,0.31380,-0.04394,0.81127,0.04484,0.58129,0.43506,-1.69798,-0.26350,
1403638215195097088,2.10167,3.28134,0.28535,-0.04349,0.81246,0.04585,0.57958,0.40402,-1.67240,-0.30915,
1403638215295097088,2.14461,3.11256,0.25509,-0.03991,0.81434,0.04847,0.57698,0.39014,-1.64350,-0.31968,
1403638215395097088,2.18706,2.94771,0.22507,-0.03573,0.81492,0.05111,0.57622,0.39468,-1.59521,-0.28898,
1403638215495096832,2.22834,2.78677,0.20153,-0.03203,0.81445,0.05399,0.57683,0.37852,-1.54959,-0.20213,
1403638215595097088,2.26636,2.63385,0.18625,-0.03074,0.81321,0.05472,0.57858,0.35576,-1.48999,-0.13159,
1403638215695097088,2.30183,2.48619,0.17753,-0.03401,0.81260,0.05254,0.57945,0.32696,-1.43133,-0.07905,
1403638215795097088,2.33450,2.34187,0.17041,-0.03689,0.81231,0.04853,0.58003,0.30381,-1.40487,-0.10039,
1403638215895097088,2.36287,2.20150,0.15770,-0.03582,0.81276,0.04278,0.57992,0.27426,-1.37313,-0.14421,
1403638215995096832,2.38758,2.06188,0.13965,-0.03438,0.81284,0.03794,0.58023,0.22956,-1.35468,-0.20872,
1403638216095097088,2.40917,1.92610,0.11841,-0.03088,0.81281,0.03576,0.58061,0.20563,-1.32022,-0.20817,
1403638216195097088,2.42843,1.79700,0.10151,-0.02840,0.81293,0.03424,0.58066,0.17552,-1.28219,-0.13516,
1403638216295097088,2.44512,1.66812,0.09115,-0.02611,0.81188,0.03326,0.58229,0.15774,-1.24405,-0.07913,
1403638216395097088,2.45989,1.54318,0.08728,-0.02442,0.81047,0.03286,0.58434,0.12430,-1.20578,-0.01571,
1403638216495096832,2.47072,1.42212,0.08856,-0.02392,0.81000,0.03232,0.58505,0.08555,-1.16160,0.00594,
1403638216595097088,2.47844,1.30726,0.08718,-0.02174,0.81071,0.03289,0.58412,0.05821,-1.12764,-0.06709,
1403638216695097088,2.48310,1.19768,0.07724,-0.01866,0.81244,0.03448,0.58172,0.03614,-1.08365,-0.14470,
1403638216795097088,2.48708,1.08991,0.06238,-0.01538,0.81155,0.03583,0.58298,0.02536,-1.04180,-0.18128,
1403638216895097088,2.48851,0.98830,0.04243,-0.01152,0.80808,0.03122,0.58813,-0.00334,-0.99409,-0.22013,
1403638216995096832,2.48734,0.88929,0.02134,-0.00813,0.80781,0.02063,0.58902,-0.04381,-0.96162,-0.25244,
1403638217095097088,2.48154,0.79403,-0.00306,-0.00380,0.81054,0.00599,0.58564,-0.09241,-0.92318,-0.27754,
1403638217195097088,2.47095,0.70139,-0.02973,0.00254,0.81326,-0.00846,0.58183,-0.11025,-0.89127,-0.29145,
1403638217295097088,2.45872,0.61327,-0.05487,0.00943,0.81519,-0.01764,0.57885,-0.11276,-0.85169,-0.23148,
1403638217395097088,2.44444,0.53037,-0.07256,0.01507,0.81670,-0.02398,0.57637,-0.13505,-0.80898,-0.12455,
1403638217495096832,2.42732,0.45029,-0.08114,0.02014,0.81739,-0.02705,0.57509,-0.14825,-0.78124,-0.04486,
1403638217595097088,2.40991,0.37452,-0.08120,0.02701,0.81841,-0.02641,0.57338,-0.15217,-0.73394,0.03809,
1403638217695097088,2.39219,0.30177,-0.07364,0.03541,0.81865,-0.02236,0.57276,-0.16302,-0.68449,0.11452,
1403638217795097088,2.37444,0.23620,-0.06029,0.04170,0.81994,-0.01785,0.57066,-0.17164,-0.60896,0.18362,
1403638217895097088,2.35691,0.17824,-0.04208,0.04403,0.82034,-0.01542,0.56996,-0.16586,-0.52510,0.18957,
1403638217995096832,2.34175,0.12964,-0.02561,0.04487,0.81799,-0.01281,0.57333,-0.15590,-0.44081,0.13447,
1403638218095097088,2.32866,0.08776,-0.01834,0.04498,0.81653,-0.01101,0.57545,-0.15122,-0.36518,0.06750,
1403638218195097088,2.31412,0.05603,-0.01512,0.04251,0.81481,-0.01075,0.57807,-0.16046,-0.28953,0.01821,
1403638218295097088,2.29934,0.03190,-0.01703,0.04000,0.81111,-0.00973,0.58344,-0.17222,-0.21498,-0.02440,
1403638218395097088,2.28575,0.01302,-0.02029,0.03311,0.80907,-0.01175,0.58666,-0.19886,-0.13505,0.01954,
1403638218495096832,2.26425,0.00333,-0.01442,0.02780,0.80938,-0.01349,0.58647,-0.21807,-0.07702,0.09786,
1403638218595097088,2.24318,-0.00053,-0.00454,0.02571,0.81046,-0.01376,0.58506,-0.25897,-0.02159,0.17197,
1403638218695097088,2.21503,-0.00118,0.01216,0.02361,0.81436,-0.01544,0.57967,-0.29736,0.00506,0.14261,
1403638218795097088,2.18633,0.00332,0.02462,0.02717,0.81901,-0.02080,0.57275,-0.29812,0.02707,0.10348,
1403638218895097088,2.16021,0.01278,0.02761,0.03123,0.82126,-0.02862,0.56897,-0.27819,0.07043,0.04270,
1403638218995096832,2.13540,0.02471,0.02656,0.02192,0.82127,-0.04371,0.56844,-0.26781,0.09541,-0.01079,
1403638219095097088,2.10909,0.03480,0.02490,0.01446,0.81926,-0.05590,0.57051,-0.25489,0.07905,-0.03137,
1403638219195097088,2.08578,0.04503,0.01780,0.01811,0.81680,-0.05831,0.57368,-0.26402,0.05778,-0.05209,
1403638219295097088,2.05971,0.05053,0.01100,0.02673,0.81107,-0.05560,0.58168,-0.27111,0.05308,-0.08927,
1403638219395097088,2.03284,0.05666,0.00290,0.03259,0.80346,-0.05316,0.59208,-0.29487,0.05850,-0.06021,
1403638219495096832,2.00480,0.06581,-0.00297,0.03638,0.79816,-0.05111,0.59917,-0.32939,0.07894,-0.01689,
1403638219595097088,1.97133,0.07637,-0.00412,0.03431,0.79886,-0.05263,0.59822,-0.37578,0.09829,0.00929,
1403638219695097088,1.93007,0.08603,-0.00027,0.02876,0.80145,-0.05606,0.59474,-0.42518,0.10861,0.01349,
1403638219795097088,1.88335,0.09686,0.00089,0.02174,0.80496,-0.06066,0.58982,-0.46334,0.09764,-0.03553,
1403638219895097088,1.83273,0.10567,-0.00362,0.01338,0.80807,-0.06630,0.58518,-0.49652,0.06962,-0.09223,
1403638219995096832,1.77842,0.11232,-0.01486,0.00646,0.81053,-0.07124,0.58131,-0.52235,0.02396,-0.13811,
1403638220095097088,1.72494,0.11181,-0.02985,0.00451,0.81283,-0.07265,0.57793,-0.54255,-0.03631,-0.15361,
1403638220195097088,1.66895,0.10518,-0.04165,0.01288,0.81474,-0.06718,0.57578,-0.52296,-0.10674,-0.07838,
1403638220295097088,1.61656,0.09407,-0.04630,0.02828,0.81671,-0.05667,0.57356,-0.51502,-0.12698,0.00549,
1403638220395097088,1.55761,0.08262,-0.04149,0.03717,0.81700,-0.05105,0.57317,-0.55833,-0.10618,0.07610,
1403638220495096832,1.49788,0.07338,-0.02893,0.04071,0.81721,-0.04897,0.57281,-0.56631,-0.08791,0.13917,
1403638220595097088,1.44270,0.06513,-0.01580,0.04151,0.81666,-0.04945,0.57350,-0.54921,-0.06463,0.12964,
1403638220695097088,1.38735,0.05957,-0.00659,0.04247,0.81626,-0.05035,0.57391,-0.54786,-0.04645,0.05924,
1403638220795097088,1.32912,0.05493,-0.00142,0.04178,0.81654,-0.05231,0.57340,-0.54772,-0.02535,-0.00385,
1403638220895097088,1.27510,0.05283,-0.00580,0.04202,0.81647,-0.05357,0.57335,-0.54164,-0.01028,-0.07764,
1403638220995096832,1.22079,0.05271,-0.01733,0.04121,0.81737,-0.05537,0.57196,-0.53104,0.00699,-0.13882,
1403638221095097088,1.16739,0.05395,-0.03249,0.04148,0.81781,-0.05628,0.57122,-0.53091,0.02834,-0.16394,
1403638221195097088,1.11508,0.05622,-0.04559,0.04167,0.81914,-0.05690,0.56924,-0.51609,0.03772,-0.10046,
1403638221295097088,1.06115,0.05868,-0.04911,0.04018,0.82065,-0.05841,0.56702,-0.51129,0.05162,-0.02288,
1403638221395097088,1.01158,0.06358,-0.04887,0.03812,0.82184,-0.06069,0.56519,-0.49350,0.05698,0.00575,
1403638221495096832,0.96432,0.06804,-0.04862,0.03593,0.82219,-0.06272,0.56461,-0.47396,0.05518,-0.04049,
1403638221595097088,0.91841,0.07084,-0.05239,0.03430,0.82148,-0.06476,0.56551,-0.45413,0.04026,-0.08596,
1403638221695097088,0.87538,0.07425,-0.06163,0.03350,0.81978,-0.06541,0.56794,-0.42911,0.02721,-0.11744,
1403638221795097088,0.83447,0.07638,-0.06985,0.03117,0.81772,-0.06679,0.57088,-0.41089,0.01569,-0.07424,
1403638221895097088,0.79486,0.07773,-0.07160,0.03310,0.81652,-0.06490,0.57270,-0.39910,0.00216,0.01916,
1403638221995096832,0.75545,0.07844,-0.06549,0.03694,0.81577,-0.06156,0.57390,-0.39969,-0.00330,0.09172,
1403638222095097088,0.71644,0.07860,-0.05419,0.04043,0.81736,-0.05906,0.57166,-0.39445,0.00511,0.10539,
1403638222195097088,0.67780,0.07966,-0.04619,0.04109,0.82122,-0.05886,0.56608,-0.39195,0.01580,0.05432,
1403638222295097088,0.64056,0.08173,-0.04369,0.04046,0.82472,-0.05981,0.56091,-0.36484,0.02295,-0.00027,
1403638222395097088,0.60590,0.08394,-0.04559,0.03988,0.82769,-0.06053,0.55649,-0.32457,0.01981,-0.04252,
1403638222495096832,0.57885,0.08610,-0.05003,0.03979,0.83002,-0.06055,0.55301,-0.28018,0.02191,-0.07745,
1403638222595097088,0.55222,0.08831,-0.05974,0.03963,0.82631,-0.06039,0.55856,-0.22725,0.02110,-0.09892,
1403638222695097088,0.53271,0.09090,-0.07195,0.03823,0.82105,-0.06144,0.56626,-0.20125,0.01813,-0.12872,
1403638222795097088,0.51024,0.09362,-0.08692,0.03891,0.81866,-0.06103,0.56970,-0.19405,0.02710,-0.15961,
1403638222895097088,0.49120,0.09749,-0.10304,0.03998,0.81307,-0.06006,0.57767,-0.18624,0.03595,-0.15263,
1403638222995096832,0.47030,0.10192,-0.12044,0.03874,0.80843,-0.06035,0.58421,-0.21496,0.04535,-0.15607,
1403638223095097088,0.44539,0.10824,-0.13340,0.03927,0.81118,-0.05986,0.58040,-0.26424,0.05952,-0.09205,
1403638223195097088,0.41737,0.11414,-0.14174,0.03758,0.82027,-0.06155,0.56740,-0.28039,0.06341,-0.06679,
1403638223295097088,0.38925,0.11987,-0.14709,0.03251,0.82805,-0.06546,0.55587,-0.25172,0.05826,-0.04187,
1403638223395097088,0.36347,0.12536,-0.15114,0.02950,0.82627,-0.06813,0.55835,-0.22536,0.04203,-0.06564,
1403638223495096832,0.33741,0.12737,-0.15673,0.01889,0.82158,-0.07551,0.56475,-0.20649,0.00729,-0.08923,
1403638223595097088,0.31754,0.12473,-0.16561,0.01763,0.81910,-0.07651,0.56825,-0.19781,-0.05181,-0.09382,
1403638223695097088,0.29533,0.11899,-0.17410,0.02842,0.81850,-0.06940,0.56959,-0.18682,-0.08093,-0.11651,
1403638223795097088,0.27683,0.11125,-0.18703,0.03920,0.81923,-0.06221,0.56873,-0.18782,-0.08698,-0.13607,
1403638223895097088,0.25828,0.10406,-0.20051,0.04461,0.81967,-0.05821,0.56812,-0.18105,-0.07355,-0.14482,
1403638223995096832,0.23997,0.09856,-0.21109,0.04833,0.81999,-0.05551,0.56763,-0.17232,-0.05467,-0.16539,
1403638224095097088,0.22380,0.09505,-0.23053,0.04790,0.82400,-0.05561,0.56181,-0.15786,-0.02230,-0.19697,
1403638224195097088,0.20868,0.09150,-0.24736,0.04604,0.83039,-0.05680,0.55237,-0.11648,-0.00479,-0.18404,
1403638224295097088,0.19961,0.09184,-0.26311,0.04537,0.82976,-0.05706,0.55334,-0.06391,0.01226,-0.13505,
1403638224395097088,0.19494,0.09898,-0.27203,0.04253,0.82374,-0.06001,0.56218,-0.02787,0.04182,-0.14038,
1403638224495096832,0.19086,0.10373,-0.28519,0.03707,0.81632,-0.06377,0.57287,-0.01918,0.03885,-0.12930,
1403638224595097088,0.18969,0.10941,-0.29682,0.03871,0.81297,-0.06252,0.57764,-0.03287,0.05001,-0.13802,
1403638224695097088,0.18375,0.11505,-0.31292,0.03992,0.82041,-0.06191,0.56702,-0.05193,0.05669,-0.14729,
1403638224795097088,0.17953,0.12056,-0.32424,0.04020,0.82912,-0.06208,0.55416,-0.02188,0.06624,-0.07486,
1403638224895097088,0.18118,0.12664,-0.32881,0.03576,0.82546,-0.06490,0.55957,0.02678,0.07012,-0.01976,
1403638224995096832,0.18760,0.13274,-0.33018,0.02716,0.81760,-0.07016,0.57085,0.04281,0.05656,0.01260,
1403638225095097088,0.19168,0.13648,-0.32810,0.02612,0.81377,-0.07001,0.57636,0.03860,0.01735,0.02594,
1403638225195097088,0.19501,0.13663,-0.32379,0.03197,0.81690,-0.06502,0.57222,0.01557,0.00344,0.02976,
1403638225295097088,0.19694,0.13663,-0.31913,0.03582,0.82410,-0.06149,0.56196,0.02700,-0.00981,0.05804,
1403638225395097088,0.20101,0.13635,-0.31339,0.03810,0.82322,-0.05939,0.56332,0.05651,-0.00096,0.02447,
1403638225495096832,0.20713,0.13606,-0.31313,0.03976,0.81510,-0.05807,0.57503,0.06408,0.00498,-0.03154,
1403638225595097088,0.21195,0.13635,-0.31930,0.04187,0.80427,-0.05686,0.59006,0.03762,0.01283,-0.08971,
1403638225695097088,0.21259,0.13741,-0.33264,0.04267,0.79915,-0.05587,0.59701,-0.02441,0.02772,-0.21738,
1403638225795097088,0.20798,0.14107,-0.35919,0.04233,0.80636,-0.05590,0.58725,-0.07127,0.04916,-0.30829,
1403638225895097088,0.20070,0.14585,-0.39260,0.04260,0.81889,-0.05579,0.56963,-0.07481,0.05624,-0.36083,
1403638225995096832,0.19400,0.15232,-0.42936,0.03916,0.82731,-0.05821,0.55735,-0.05965,0.07745,-0.39287,
1403638226095097088,0.19792,0.16354,-0.42876,0.01994,0.83115,-0.06817,0.55150,0.09395,0.08676,0.17783,
1403638226195097088,0.20725,0.17091,-0.42550,0.02070,0.83624,-0.06532,0.54407,0.10373,0.05286,-0.11442,
1403638226295097088,0.20846,0.17789,-0.43317,0.03285,0.82805,-0.06460,0.55595,-0.03483,0.06484,0.08523,
1403638226395097088,0.20593,0.18129,-0.44238,0.03921,0.83210,-0.05350,0.55064,0.00258,-0.04254,0.05622,
1403638226495096832,0.20778,0.18734,-0.44611,0.03941,0.83217,-0.05586,0.55029,-0.00221,-0.01063,0.02396,
1403638226595097088,0.20808,0.18918,-0.45719,0.04010,0.83171,-0.05556,0.55096,0.00005,-0.00864,0.00705,
1403638226695097088,0.20850,0.18817,-0.45671,0.04026,0.83205,-0.05529,0.55047,-0.00306,-0.00549,0.01969,
1403638226795097088,0.20851,0.18822,-0.45633,0.04040,0.83193,-0.05529,0.55064,-0.00795,-0.00258,0.00441,
1403638226895097088,0.20846,0.18781,-0.45546,0.04010,0.83214,-0.05539,0.55033,0.00165,-0.00171,0.00088,
1403638226995096832,0.20853,0.18769,-0.45509,0.03913,0.83228,-0.05610,0.55011,-0.00584,-0.00581,-0.00566,
1403638227095097088,0.20858,0.18757,-0.45478,0.03895,0.83224,-0.05619,0.55018,0.00282,-0.00287,0.00336,
1403638227195097088,0.20882,0.18697,-0.45408,0.03916,0.83225,-0.05597,0.55018,-0.00408,0.00298,-0.00001,
1403638227295097088,0.20895,0.18659,-0.45366,0.03936,0.83228,-0.05572,0.55015,0.00182,0.00489,0.00536,
1403638227395097088,0.20899,0.18623,-0.45314,0.03948,0.83230,-0.05558,0.55011,0.00163,0.00399,0.00027,
1403638227495096832,0.20909,0.18586,-0.45260,0.03932,0.83235,-0.05569,0.55005,-0.00118,0.00059,0.00093,
1403638227595097088,0.20914,0.18557,-0.45211,0.03911,0.83234,-0.05574,0.55006,0.00002,-0.00108,0.00306,
1403638227695097088,0.20925,0.18524,-0.45164,0.03895,0.83240,-0.05585,0.54998,-0.00148,0.00045,-0.00054,
1403638227795097088,0.20932,0.18500,-0.45133,0.03891,0.83239,-0.05588,0.55000,0.00336,0.00097,0.00101,
1403638227895097088,0.20940,0.18479,-0.45111,0.03890,0.83238,-0.05581,0.55001,-0.00046,0.00119,0.00018,
1403638227995096832,0.20952,0.18446,-0.45070,0.03888,0.83237,-0.05582,0.55003,-0.00008,0.00010,0.00056,
1403638228095097088,0.20955,0.18422,-0.45035,0.03892,0.83239,-0.05577,0.55000,0.00102,0.00131,0.00083,
1403638228195097088,0.20963,0.18388,-0.44987,0.03886,0.83238,-0.05581,0.55002,0.00077,0.00225,0.00044,
1403638228295097088,0.20975,0.18361,-0.44955,0.03877,0.83236,-0.05584,0.55006,0.00322,0.00064,0.00140,
1403638228395097088,0.20976,0.18344,-0.44932,0.03869,0.83237,-0.05589,0.55003,-0.00112,0.00079,0.00047,
1403638228495096832,0.20988,0.18321,-0.44900,0.03868,0.83237,-0.05583,0.55005,-0.00059,0.00111,0.00098,
1403638228595097088,0.20991,0.18306,-0.44879,0.03861,0.83242,-0.05580,0.54997,0.00094,0.00031,0.00057,
1403638228695097088,0.20996,0.18287,-0.44850,0.03863,0.83241,-0.05583,0.54999,-0.00016,0.00038,0.00060,
1403638228795097088,0.21000,0.18266,-0.44821,0.03861,0.83244,-0.05582,0.54994,-0.00041,0.00040,0.00188,
