1403638129295097088,0.00126,-0.00084,0.01182,-0.02376,0.82800,-0.00730,0.56018,-0.00270,-0.03491,0.11766,
1403638129395097088,0.00042,-0.00448,0.02298,-0.04853,0.81537,-0.03369,0.57592,-0.01163,-0.02978,0.09411,
1403638129495096832,0.00045,-0.00558,0.03060,-0.05840,0.82197,-0.02803,0.56584,0.00148,0.01007,0.05214,
1403638129595097088,0.00268,-0.00303,0.03627,-0.05223,0.83983,0.00227,0.54032,0.01381,0.01826,0.08723,
1403638129695097088,0.00524,-0.00135,0.04723,-0.03904,0.84659,0.01420,0.53061,0.01461,0.00545,0.13153,
1403638129795097088,0.00778,-0.00040,0.06224,-0.03978,0.84783,0.01108,0.52866,0.01941,0.01724,0.16295,
1403638129895097088,0.01058,0.00228,0.08180,-0.04031,0.85574,0.01839,0.51550,0.02982,0.03136,0.24497,
1403638129995096832,0.01463,0.00499,0.11230,-0.04176,0.85550,0.02217,0.51564,0.04551,0.02274,0.35222,
1403638130095097088,0.01943,0.00620,0.15059,-0.05066,0.84705,0.01310,0.52894,0.04468,0.01260,0.39261,
1403638130195097088,0.02343,0.00865,0.18976,-0.05537,0.84458,0.01478,0.53235,0.04072,0.02429,0.39211,
1403638130295097088,0.02745,0.01073,0.23061,-0.05993,0.84189,0.01664,0.53605,0.03856,0.00562,0.42240,
1403638130395097088,0.03185,0.01174,0.27288,-0.07027,0.83548,0.00573,0.54498,0.03173,0.00205,0.40700,
1403638130495096832,0.03553,0.01336,0.31231,-0.07240,0.83570,0.00997,0.54430,0.02612,0.01522,0.38745,
1403638130595097088,0.03513,0.01576,0.35059,-0.06691,0.83625,0.02038,0.54386,0.01486,0.01132,0.38520,
1403638130695097088,0.03514,0.01522,0.38898,-0.07075,0.82948,0.01526,0.55383,0.00483,-0.01335,0.37534,
1403638130795097088,0.03445,0.01471,0.42368,-0.08727,0.82189,0.00070,0.56292,-0.00311,-0.01805,0.30872,
1403638130895097088,0.03147,0.01490,0.44890,-0.08988,0.81837,-0.00212,0.56762,-0.03492,-0.04023,0.17853,
1403638130995096832,0.02634,0.01265,0.46074,-0.08453,0.80700,-0.01060,0.58437,-0.04114,-0.05674,0.01714,
1403638131095097088,0.02354,0.01094,0.45408,-0.07920,0.79952,-0.01564,0.59519,-0.02205,-0.02581,-0.17880,
1403638131195097088,0.02436,0.01361,0.43009,-0.06639,0.80703,-0.00769,0.58672,-0.00966,0.00076,-0.30236,
1403638131295097088,0.02568,0.01707,0.39908,-0.05210,0.81731,0.00462,0.57382,-0.01295,-0.00569,-0.34289,
1403638131395097088,0.02473,0.01726,0.36805,-0.04844,0.81851,0.00548,0.57242,-0.03236,-0.02651,-0.36209,
1403638131495096832,0.02252,0.01486,0.33453,-0.04093,0.81745,0.00615,0.57450,-0.04249,-0.03642,-0.39454,
1403638131595097088,0.01823,0.01275,0.29537,-0.03776,0.82045,0.00774,0.57042,-0.04354,-0.03247,-0.43210,
1403638131695097088,0.01370,0.00858,0.25432,-0.03565,0.82128,0.01248,0.56927,-0.04424,-0.04123,-0.45032,
1403638131795097088,0.00929,0.00454,0.20749,-0.02807,0.82190,0.01653,0.56870,-0.05253,-0.04657,-0.45192,
1403638131895097088,0.00559,-0.00063,0.16532,-0.01815,0.82327,0.01995,0.56701,-0.04850,-0.04545,-0.40800,
1403638131995096832,0.00278,-0.00492,0.12972,-0.01055,0.82535,0.02556,0.56395,-0.02324,-0.01890,-0.25542,
1403638132095097088,0.00031,-0.00478,0.11563,-0.00267,0.83091,0.04220,0.55479,-0.00041,0.01431,-0.01855,
1403638132195097088,0.00121,-0.00295,0.13295,-0.00315,0.83122,0.04944,0.55373,0.01452,0.02041,0.30494,
1403638132295097088,0.00235,-0.00107,0.17630,-0.01599,0.82303,0.04218,0.56620,0.01617,0.03265,0.51078,
1403638132395097088,0.00190,0.00317,0.23260,-0.02863,0.81833,0.03688,0.57286,0.01858,0.05094,0.57161,
1403638132495096832,0.00322,0.00647,0.29105,-0.04706,0.80975,0.02519,0.58434,0.01313,0.03351,0.58338,
1403638132595097088,0.00469,0.00967,0.34594,-0.06564,0.79562,0.01096,0.60212,0.02262,0.05589,0.49866,
1403638132695097088,0.00650,0.01828,0.38654,-0.07337,0.79553,0.00809,0.60141,0.01489,0.10237,0.31412,
1403638132795097088,0.00917,0.02948,0.41124,-0.07502,0.80120,0.00619,0.59364,-0.00584,0.10882,0.18280,
1403638132895097088,0.00752,0.03754,0.42206,-0.08061,0.79363,-0.00238,0.60303,-0.01573,0.05558,0.02059,
1403638132995096832,0.00670,0.03898,0.41680,-0.08620,0.78685,-0.00357,0.61109,0.00561,-0.02120,-0.13418,
1403638133095097088,0.00953,0.03005,0.39777,-0.07616,0.79189,0.01043,0.60580,0.02467,-0.13724,-0.23005,
1403638133195097088,0.01343,0.01012,0.37360,-0.06384,0.79614,0.01166,0.60162,0.02441,-0.26176,-0.24579,
1403638133295097088,0.01592,-0.02110,0.34970,-0.04695,0.79751,0.00093,0.60148,-0.00156,-0.36763,-0.26149,
1403638133395097088,0.01295,-0.06216,0.32525,-0.02978,0.80323,-0.00600,0.59489,-0.04237,-0.43011,-0.25081,
1403638133495096832,0.00482,-0.10699,0.30505,-0.01011,0.80600,-0.02007,0.59148,-0.09701,-0.46357,-0.20069,
1403638133595097088,-0.00765,-0.15203,0.28814,-0.00239,0.80703,-0.04236,0.58898,-0.14573,-0.43591,-0.18800,
1403638133695097088,-0.02399,-0.19390,0.27018,-0.00235,0.81030,-0.05907,0.58302,-0.17510,-0.37984,-0.17611,
1403638133795097088,-0.03906,-0.23151,0.25185,0.00842,0.81226,-0.07059,0.57894,-0.12660,-0.31542,-0.17191,
1403638133895097088,-0.04681,-0.25735,0.23650,0.02454,0.81459,-0.07827,0.57421,-0.03117,-0.17673,-0.14681,
1403638133995096832,-0.03553,-0.26624,0.23184,0.02217,0.81394,-0.07627,0.57549,0.11585,0.03790,-0.04795,
1403638134095097088,-0.00820,-0.25126,0.23060,0.01244,0.81808,-0.06101,0.57173,0.21278,0.21958,-0.00478,
1403638134195097088,0.02775,-0.23623,0.22289,0.00732,0.81998,-0.04840,0.57030,0.29091,0.29499,0.04501,
1403638134295097088,0.05260,-0.19226,0.23818,0.00570,0.81098,-0.05876,0.58209,0.31487,0.39380,0.06154,
1403638134395097088,0.08793,-0.15234,0.24181,-0.00675,0.81268,-0.06083,0.57949,0.30173,0.44966,0.03053,
1403638134495096832,0.11862,-0.11014,0.24493,-0.01676,0.81411,-0.06260,0.57708,0.24783,0.45142,0.04752,
1403638134595097088,0.14288,-0.06814,0.24854,-0.03029,0.81264,-0.06559,0.57827,0.17430,0.46639,0.05419,
1403638134695097088,0.15614,-0.02228,0.25269,-0.03322,0.81586,-0.06558,0.57355,0.10024,0.47642,0.06579,
1403638134795097088,0.16682,0.02199,0.25550,-0.03434,0.82271,-0.06034,0.56420,0.08053,0.45265,0.10320,
1403638134895097088,0.17431,0.06325,0.26364,-0.03076,0.82469,-0.05683,0.56188,0.04289,0.38519,0.12377,
1403638134995096832,0.17869,0.09874,0.26867,-0.02985,0.82067,-0.05877,0.56758,0.01141,0.32580,0.04235,
1403638135095097088,0.17934,0.12726,0.26849,-0.02516,0.82433,-0.05167,0.56318,-0.00482,0.24185,-0.02571,
1403638135195097088,0.17656,0.14396,0.26157,-0.02228,0.82832,-0.04493,0.55801,-0.04547,0.09437,-0.07441,
1403638135295097088,0.17118,0.14342,0.24947,-0.01918,0.82991,-0.04247,0.55594,-0.07083,-0.07857,-0.10331,
1403638135395097088,0.16099,0.13106,0.23889,-0.01516,0.82737,-0.04538,0.55962,-0.10756,-0.18341,-0.10075,
1403638135495096832,0.14664,0.10306,0.22998,-0.00457,0.82934,-0.04516,0.55690,-0.11485,-0.26823,-0.09004,
1403638135595097088,0.14069,0.07914,0.22140,0.00279,0.83460,-0.04489,0.54902,-0.09626,-0.36854,0.00042,
1403638135695097088,0.13217,0.04230,0.22024,0.00766,0.83089,-0.05496,0.55367,-0.12251,-0.40474,-0.01575,
1403638135795097088,0.11826,0.00736,0.21620,0.00513,0.82817,-0.06843,0.55626,-0.16846,-0.35252,-0.04509,
1403638135895097088,0.09964,-0.02284,0.21349,0.01636,0.83338,-0.06448,0.54869,-0.20515,-0.31368,0.00812,
1403638135995096832,0.07864,-0.05183,0.22033,0.02919,0.83862,-0.06071,0.54053,-0.19470,-0.33822,0.14377,
1403638136095097088,0.05974,-0.09017,0.23761,0.03841,0.83151,-0.06713,0.55010,-0.17765,-0.42065,0.18338,
1403638136195097088,0.03871,-0.13463,0.25156,0.03637,0.82133,-0.08168,0.56341,-0.20982,-0.44185,0.06930,
1403638136295097088,0.01633,-0.17811,0.25331,0.04304,0.81890,-0.08718,0.56565,-0.20472,-0.40617,-0.05597,
1403638136395097088,-0.00331,-0.21360,0.24559,0.05291,0.82069,-0.08829,0.56202,-0.16863,-0.27822,-0.10115,
1403638136495096832,-0.01673,-0.23447,0.23900,0.05872,0.82309,-0.09033,0.55760,-0.09259,-0.09304,-0.02842,
1403638136595097088,-0.02021,-0.23662,0.24168,0.05208,0.82363,-0.10045,0.55572,-0.00519,0.11010,0.08083,
1403638136695097088,-0.01894,-0.22132,0.25453,0.03821,0.82202,-0.10214,0.55891,0.04260,0.27098,0.13386,
1403638136795097088,-0.01359,-0.19003,0.27004,0.02111,0.82129,-0.09812,0.56161,0.08352,0.38665,0.14531,
1403638136895097088,-0.00423,-0.14888,0.28063,-0.00410,0.81383,-0.09989,0.57243,0.10224,0.43888,0.04326,
1403638136995096832,0.00541,-0.10565,0.27656,-0.02304,0.80373,-0.10336,0.58550,0.09069,0.43238,-0.13235,
1403638137095097088,0.01312,-0.06472,0.25408,-0.02989,0.80392,-0.09754,0.58592,0.05708,0.37607,-0.28961,
1403638137195097088,0.01754,-0.02949,0.21961,-0.02654,0.81170,-0.08400,0.57739,0.02363,0.31703,-0.37759,
1403638137295097088,0.01904,-0.00176,0.18010,-0.02245,0.82026,-0.06989,0.56725,-0.00465,0.23895,-0.39198,
1403638137395097088,0.01844,0.01819,0.14001,-0.01982,0.82560,-0.06250,0.56043,-0.02188,0.15542,-0.38555,
1403638137495096832,0.01872,0.03179,0.10215,-0.00940,0.83349,-0.05361,0.54984,-0.01025,0.11294,-0.35008,
1403638137595097088,0.01957,0.04034,0.06996,0.00581,0.84199,-0.04228,0.53780,0.00407,0.06526,-0.27122,
1403638137695097088,0.01974,0.04643,0.04498,0.01434,0.84278,-0.04254,0.53638,-0.00735,0.03452,-0.19736,
1403638137795097088,0.01826,0.04970,0.02577,0.01706,0.84212,-0.04809,0.53687,-0.01489,0.02253,-0.16241,
1403638137895097088,0.01491,0.05188,0.01231,0.02384,0.84767,-0.04460,0.52810,-0.01239,0.02147,-0.12115,
1403638137995096832,0.01383,0.05419,0.00271,0.03007,0.85609,-0.03683,0.51463,0.00291,0.02400,-0.07052,
1403638138095097088,0.01395,0.05597,-0.00281,0.03194,0.85625,-0.03358,0.51448,0.01003,0.00183,-0.01683,
1403638138195097088,0.01343,0.05490,-0.00354,0.02889,0.84852,-0.04232,0.52668,-0.00253,-0.00164,-0.03970,
1403638138295097088,0.01310,0.05456,-0.00528,0.02678,0.84476,-0.04542,0.53255,-0.00626,0.00728,0.01215,
1403638138395097088,0.01187,0.05490,-0.00506,0.02712,0.84018,-0.04626,0.53965,-0.01685,-0.00093,-0.00908,
1403638138495096832,0.01149,0.05466,-0.00505,0.02801,0.83994,-0.04534,0.54006,-0.00149,-0.00045,-0.00461,
1403638138595097088,0.01149,0.05480,-0.00524,0.02769,0.83982,-0.04550,0.54024,-0.00071,-0.00314,-0.00072,
1403638138695097088,0.01168,0.05504,-0.00533,0.02704,0.83973,-0.04625,0.54035,0.00167,-0.00675,0.00047,
1403638138795097088,0.01166,0.05495,-0.00533,0.02707,0.83977,-0.04574,0.54033,-0.00078,-0.00492,-0.00124,
1403638138895097088,0.01186,0.05534,-0.00544,0.02582,0.83955,-0.04686,0.54064,0.00558,0.00906,0.00372,
1403638138995096832,0.01181,0.05524,-0.00544,0.02608,0.83961,-0.04649,0.54057,0.00124,0.01457,-0.00218,
1403638139095097088,0.01180,0.05514,-0.00549,0.02636,0.83963,-0.04622,0.54055,0.00159,0.01279,-0.00149,
1403638139195097088,0.01179,0.05507,-0.00550,0.02663,0.83957,-0.04605,0.54064,0.00347,0.00767,0.00005,
1403638139295097088,0.01179,0.05506,-0.00554,0.02676,0.83954,-0.04606,0.54067,0.00025,0.00135,-0.00002,
1403638139395097088,0.01180,0.05510,-0.00555,0.02656,0.83952,-0.04617,0.54071,0.00130,-0.00304,0.00035,
1403638139495096832,0.01180,0.05513,-0.00558,0.02637,0.83951,-0.04628,0.54073,0.00142,-0.00313,0.00051,
1403638139595097088,0.01181,0.05515,-0.00561,0.02633,0.83947,-0.04636,0.54078,0.00012,-0.00213,0.00028,
1403638139695097088,0.01180,0.05515,-0.00562,0.02629,0.83946,-0.04637,0.54080,0.00141,-0.00136,0.00015,
1403638139795097088,0.01181,0.05515,-0.00563,0.02620,0.83945,-0.04638,0.54082,-0.00008,-0.00011,-0.00059,
1403638139895097088,0.01181,0.05515,-0.00562,0.02629,0.83943,-0.04632,0.54086,0.00102,0.00155,0.00031,
1403638139995096832,0.01181,0.05513,-0.00563,0.02622,0.83944,-0.04627,0.54085,0.00155,0.00076,0.00072,
1403638140095097088,0.01182,0.05513,-0.00563,0.02617,0.83942,-0.04623,0.54088,0.00050,0.00042,-0.00042,
1403638140195097088,0.01181,0.05513,-0.00564,0.02613,0.83940,-0.04624,0.54091,0.00230,-0.00017,0.00080,
1403638140295097088,0.01181,0.05513,-0.00567,0.02614,0.83938,-0.04626,0.54095,0.00014,0.00037,-0.00042,
1403638140395097088,0.01182,0.05513,-0.00567,0.02615,0.83936,-0.04631,0.54096,0.00086,-0.00066,-0.00039,
1403638140495096832,0.01181,0.05513,-0.00569,0.02614,0.83936,-0.04633,0.54096,0.00028,0.00008,0.00092,
1403638140595097088,0.01182,0.05513,-0.00568,0.02608,0.83933,-0.04627,0.54102,0.00069,0.00038,-0.00043,
1403638140695097088,0.01181,0.05512,-0.00570,0.02614,0.83932,-0.04625,0.54104,0.00148,-0.00100,0.00049,
1403638140795097088,0.01181,0.05513,-0.00570,0.02614,0.83930,-0.04627,0.54107,0.00015,-0.00019,-0.00028,
1403638140895097088,0.01182,0.05514,-0.00569,0.02608,0.83929,-0.04624,0.54108,0.00124,-0.00010,0.00103,
1403638140995096832,0.01182,0.05515,-0.00569,0.02602,0.83929,-0.04619,0.54110,0.00157,-0.00026,0.00008,
1403638141095097088,0.01181,0.05515,-0.00570,0.02603,0.83925,-0.04618,0.54116,-0.00010,0.00000,-0.00087,
1403638141195097088,0.01181,0.05514,-0.00571,0.02598,0.83924,-0.04619,0.54117,0.00106,-0.00026,-0.00002,
1403638141295097088,0.01182,0.05514,-0.00571,0.02603,0.83924,-0.04618,0.54117,0.00073,0.00003,-0.00037,
1403638141395097088,0.01181,0.05514,-0.00572,0.02602,0.83922,-0.04619,0.54121,0.00027,-0.00035,0.00067,
1403638141495096832,0.01182,0.05514,-0.00572,0.02597,0.83922,-0.04616,0.54120,0.00070,0.00040,0.00001,
1403638141595097088,0.01182,0.05514,-0.00571,0.02599,0.83921,-0.04613,0.54123,0.00048,0.00050,-0.00008,
1403638141695097088,0.01183,0.05513,-0.00572,0.02599,0.83922,-0.04613,0.54121,0.00143,0.00062,0.00019,
1403638141795097088,0.01183,0.05514,-0.00571,0.02596,0.83921,-0.04609,0.54123,0.00105,-0.00066,0.00034,
1403638141895097088,0.01183,0.05514,-0.00571,0.02593,0.83920,-0.04607,0.54125,0.00067,-0.00034,0.00011,
1403638141995096832,0.01179,0.05515,-0.00569,0.02595,0.83919,-0.04604,0.54126,0.00117,0.00847,0.00092,
1403638142095097088,0.01181,0.05518,-0.00568,0.02595,0.83922,-0.04601,0.54122,0.00108,0.00388,-0.00039,
1403638142195097088,0.01179,0.05514,-0.00568,0.02609,0.83919,-0.04624,0.54125,-0.00107,-0.00858,0.00071,
1403638142295097088,0.01178,0.05504,-0.00567,0.02642,0.83920,-0.04660,0.54118,0.00013,0.00175,-0.00161,
1403638142395097088,0.01178,0.05511,-0.00565,0.02650,0.83925,-0.04650,0.54111,0.00349,0.02094,-0.00017,
1403638142495096832,0.01180,0.05516,-0.00565,0.02622,0.83932,-0.04636,0.54103,0.00262,0.01390,-0.00267,
1403638142595097088,0.01184,0.05523,-0.00566,0.02571,0.83933,-0.04589,0.54107,0.00088,0.01018,-0.00121,
1403638142695097088,0.01183,0.05524,-0.00563,0.02603,0.83942,-0.04603,0.54090,-0.00123,-0.00087,-0.00066,
1403638142795097088,0.01182,0.05513,-0.00559,0.02648,0.83945,-0.04629,0.54081,-0.00149,0.00032,0.00071,
1403638142895097088,0.01183,0.05513,-0.00557,0.02640,0.83947,-0.04612,0.54080,0.00203,-0.00036,-0.00159,
1403638142995096832,0.01185,0.05520,-0.00557,0.02632,0.83946,-0.04576,0.54086,0.00260,0.01263,0.00226,
1403638143095097088,0.01183,0.05518,-0.00555,0.02636,0.83950,-0.04576,0.54078,0.00113,0.01039,0.00281,
1403638143195097088,0.01181,0.05517,-0.00554,0.02629,0.83954,-0.04589,0.54072,0.00106,0.00401,0.00063,
1403638143295097088,0.01183,0.05515,-0.00557,0.02634,0.83951,-0.04604,0.54074,-0.00035,-0.00159,-0.00171,
1403638143395097088,0.01181,0.05517,-0.00555,0.02646,0.83951,-0.04609,0.54074,0.00011,-0.00014,0.00123,
1403638143495096832,0.01182,0.05517,-0.00555,0.02647,0.83951,-0.04606,0.54074,0.00076,-0.00074,-0.00059,
1403638143595097088,0.01180,0.05513,-0.00553,0.02659,0.83951,-0.04622,0.54072,0.00097,-0.00309,0.00109,
1403638143695097088,0.01184,0.05514,-0.00554,0.02641,0.83950,-0.04617,0.54076,0.00029,-0.00272,0.00001,
1403638143795097088,0.01183,0.05515,-0.00553,0.02635,0.83950,-0.04612,0.54076,0.00056,0.00014,0.00121,
1403638143895097088,0.01183,0.05516,-0.00552,0.02627,0.83949,-0.04616,0.54078,-0.00021,-0.00148,-0.00067,
1403638143995096832,0.01182,0.05516,-0.00551,0.02628,0.83947,-0.04615,0.54081,0.00050,0.00010,0.00048,
1403638144095097088,0.01182,0.05515,-0.00551,0.02624,0.83950,-0.04614,0.54076,0.00098,-0.00135,0.00024,
1403638144195097088,0.01181,0.05515,-0.00550,0.02626,0.83947,-0.04612,0.54081,0.00123,0.00116,0.00016,
1403638144295097088,0.01182,0.05516,-0.00551,0.02620,0.83946,-0.04604,0.54084,0.00039,0.00161,-0.00071,
1403638144395097088,0.01184,0.05515,-0.00553,0.02619,0.83944,-0.04607,0.54086,0.00057,-0.00117,-0.00056,
1403638144495096832,0.01183,0.05514,-0.00552,0.02626,0.83945,-0.04614,0.54084,0.00109,-0.00151,-0.00052,
1403638144595097088,0.01184,0.05515,-0.00552,0.02617,0.83945,-0.04613,0.54084,0.00175,0.00077,0.00113,
1403638144695097088,0.01184,0.05516,-0.00549,0.02605,0.83940,-0.04596,0.54095,-0.00120,-0.00131,-0.00048,
1403638144795097088,0.01183,0.05516,-0.00550,0.02608,0.83942,-0.04605,0.54091,-0.00078,-0.00305,-0.00102,
1403638144895097088,0.01183,0.05516,-0.00551,0.02614,0.83945,-0.04608,0.54085,-0.00126,-0.00158,0.00005,
1403638144995096832,0.01183,0.05515,-0.00549,0.02619,0.83942,-0.04605,0.54090,0.00045,-0.00083,-0.00036,
1403638145095097088,0.01183,0.05515,-0.00549,0.02613,0.83943,-0.04605,0.54089,-0.00085,-0.00337,0.00062,
1403638145195097088,0.01184,0.05516,-0.00547,0.02611,0.83942,-0.04599,0.54091,-0.00015,-0.00015,0.00159,
1403638145295097088,0.01184,0.05516,-0.00546,0.02603,0.83943,-0.04596,0.54089,-0.00021,-0.00067,0.00051,
1403638145395097088,0.01180,0.05515,-0.00545,0.02610,0.83942,-0.04595,0.54090,-0.00351,-0.00351,0.00090,
1403638145495096832,0.01180,0.05516,-0.00542,0.02603,0.83941,-0.04591,0.54093,0.00025,0.00344,0.00074,
1403638145595097088,0.01183,0.05514,-0.00542,0.02597,0.83943,-0.04586,0.54091,0.00220,0.00171,0.00246,
1403638145695097088,0.01184,0.05514,-0.00541,0.02598,0.83941,-0.04587,0.54094,0.00041,0.00247,-0.00288,
1403638145795097088,0.01183,0.05515,-0.00541,0.02604,0.83945,-0.04583,0.54087,0.00069,0.00228,0.00111,
1403638145895097088,0.01182,0.05515,-0.00541,0.02606,0.83943,-0.04586,0.54091,-0.00014,-0.00022,-0.00071,
1403638145995096832,0.01184,0.05516,-0.00541,0.02605,0.83943,-0.04590,0.54089,-0.00096,-0.00056,-0.00037,
1403638146095097088,0.01185,0.05516,-0.00539,0.02602,0.83948,-0.04584,0.54084,-0.00353,-0.00108,-0.00002,
1403638146195097088,0.01184,0.05516,-0.00540,0.02608,0.83943,-0.04589,0.54090,-0.00075,0.00037,-0.00017,
1403638146295097088,0.01186,0.05516,-0.00538,0.02624,0.83946,-0.04599,0.54083,-0.00040,-0.00109,-0.00117,
1403638146395097088,0.01186,0.05515,-0.00536,0.02626,0.83948,-0.04594,0.54081,-0.00163,0.00051,0.00094,
1403638146495096832,0.01185,0.05515,-0.00535,0.02624,0.83951,-0.04599,0.54076,0.00004,-0.00148,-0.00269,
1403638146595097088,0.01185,0.05516,-0.00536,0.02633,0.83948,-0.04600,0.54080,-0.00666,0.00009,-0.00135,
1403638146695097088,0.01186,0.05515,-0.00533,0.02637,0.83953,-0.04602,0.54072,-0.00061,-0.00074,0.00316,
1403638146795097088,0.01184,0.05516,-0.00538,0.02644,0.83947,-0.04607,0.54081,-0.00063,0.00216,0.00039,
1403638146895097088,0.01188,0.05515,-0.00533,0.02660,0.83955,-0.04603,0.54068,-0.00249,0.00152,-0.00057,
1403638146995096832,0.01187,0.05516,-0.00531,0.02651,0.83963,-0.04600,0.54055,-0.00165,-0.00053,0.00147,
1403638147095097088,0.01190,0.05529,-0.00535,0.02616,0.83967,-0.04577,0.54052,0.00270,0.00121,0.00225,
1403638147195097088,0.01192,0.05531,-0.00537,0.02621,0.83978,-0.04566,0.54036,-0.00364,-0.00191,0.00110,
1403638147295097088,0.01192,0.05535,-0.00535,0.02604,0.83973,-0.04572,0.54045,-0.00460,-0.00130,-0.00137,
1403638147395097088,0.01193,0.05534,-0.00532,0.02610,0.83962,-0.04571,0.54062,-0.00100,-0.00030,0.00096,
1403638147495096832,0.01188,0.05523,-0.00511,0.02590,0.83917,-0.04548,0.54134,-0.00209,-0.00282,0.00618,
1403638147595097088,0.01191,0.05525,-0.00495,0.02529,0.83874,-0.04559,0.54203,0.00510,-0.00247,0.00266,
1403638147695097088,0.01235,0.05525,-0.00506,0.02483,0.83889,-0.04475,0.54188,0.00949,0.00164,0.00540,
1403638147795097088,0.01430,0.05484,-0.00401,0.02544,0.83672,-0.04540,0.54515,0.03649,-0.00923,0.01878,
1403638147895097088,0.01927,0.05362,0.00012,0.02796,0.82968,-0.04841,0.55544,0.06950,-0.01096,0.07644,
1403638147995096832,0.02801,0.05239,0.01034,0.02834,0.82313,-0.05061,0.56489,0.09117,-0.00971,0.13643,
1403638148095097088,0.03824,0.05099,0.02847,0.02887,0.81801,-0.04992,0.57230,0.10728,-0.01514,0.21955,
1403638148195097088,0.04943,0.04941,0.05562,0.02943,0.81523,-0.04691,0.57648,0.10131,-0.01678,0.33157,
1403638148295097088,0.05905,0.04820,0.09744,0.02769,0.81494,-0.04409,0.57720,0.08790,-0.01206,0.49336,
1403638148395097088,0.06799,0.04776,0.14777,0.02594,0.81466,-0.04103,0.57791,0.07441,-0.00287,0.46326,
1403638148495096832,0.07617,0.04793,0.18240,0.02589,0.81850,-0.03786,0.57267,0.06949,0.00850,0.21855,
1403638148595097088,0.08724,0.04753,0.19301,0.02585,0.82256,-0.03531,0.56699,0.08062,0.01468,-0.01817,
1403638148695097088,0.09607,0.04935,0.18715,0.02546,0.82614,-0.03329,0.56190,0.11002,0.02798,-0.10666,
1403638148795097088,0.10963,0.05045,0.18242,0.02373,0.82855,-0.03228,0.55847,0.13224,0.03550,-0.02904,
1403638148895097088,0.12445,0.05461,0.18617,0.02256,0.82922,-0.03101,0.55760,0.16590,0.04433,0.06628,
1403638148995096832,0.14194,0.05945,0.20141,0.02152,0.82727,-0.02985,0.56060,0.18889,0.05541,0.20865,
1403638149095097088,0.15506,0.06371,0.22203,0.02058,0.82344,-0.02812,0.56633,0.20655,0.06180,0.31804,
1403638149195097088,0.17645,0.06843,0.25323,0.02002,0.82119,-0.02751,0.56964,0.22477,0.07131,0.31645,
1403638149295097088,0.19965,0.07424,0.28417,0.01797,0.81994,-0.02885,0.57144,0.21834,0.07455,0.28008,
1403638149395097088,0.22302,0.08191,0.30944,0.01707,0.81863,-0.02894,0.57333,0.21434,0.08160,0.23092,
1403638149495096832,0.24657,0.08636,0.33177,0.01745,0.81784,-0.02837,0.57448,0.21138,0.07880,0.17602,
1403638149595097088,0.26602,0.09073,0.34841,0.01810,0.81770,-0.02686,0.57474,0.20118,0.08279,0.10420,
1403638149695097088,0.28663,0.09762,0.35878,0.01533,0.81781,-0.02220,0.57486,0.19813,0.09245,0.05640,
1403638149795097088,0.30897,0.10666,0.36844,0.01247,0.81789,-0.01707,0.57499,0.19832,0.10059,0.00802,
1403638149895097088,0.32839,0.11411,0.37570,0.00980,0.81778,-0.01345,0.57529,0.18809,0.09601,-0.02620,
1403638149995096832,0.35031,0.12394,0.38050,0.00974,0.81813,-0.00979,0.57486,0.18409,0.10279,-0.06659,
1403638150095097088,0.37220,0.13608,0.37676,0.01597,0.81809,-0.00339,0.57486,0.18488,0.12755,-0.12308,
1403638150195097088,0.39434,0.15151,0.36981,0.02326,0.81817,0.00280,0.57449,0.18649,0.16363,-0.17121,
1403638150295097088,0.41799,0.17143,0.35751,0.02677,0.81918,0.00526,0.57289,0.19183,0.22156,-0.22698,
1403638150395097088,0.44174,0.19702,0.34107,0.02391,0.82339,0.00442,0.56696,0.19457,0.28956,-0.23181,
1403638150495096832,0.46648,0.22922,0.33211,0.01282,0.82909,0.00419,0.55895,0.21829,0.34577,-0.14342,
1403638150595097088,0.49357,0.26315,0.32721,0.00468,0.83267,0.00858,0.55369,0.26491,0.37317,-0.03081,
1403638150695097088,0.52291,0.29950,0.33489,-0.00149,0.83284,0.01257,0.55337,0.29828,0.37887,0.05346,
1403638150795097088,0.55656,0.33600,0.34767,-0.00538,0.83158,0.01942,0.55504,0.35388,0.39640,0.13522,
1403638150895097088,0.59604,0.37529,0.36336,-0.00988,0.82888,0.02892,0.55860,0.38490,0.40419,0.12302,
1403638150995096832,0.63942,0.41703,0.37509,-0.01426,0.82450,0.03726,0.56446,0.40000,0.42611,0.07003,
1403638151095097088,0.68373,0.46380,0.38226,-0.02005,0.82213,0.04951,0.56679,0.40305,0.45419,0.01597,
1403638151195097088,0.72737,0.51248,0.38302,-0.02922,0.81947,0.06670,0.56847,0.40391,0.49022,-0.05895,
1403638151295097088,0.76964,0.56346,0.37768,-0.04325,0.81879,0.08548,0.56604,0.40720,0.51315,-0.09491,
1403638151395097088,0.80987,0.61555,0.37045,-0.05882,0.81706,0.10579,0.56371,0.39564,0.54497,-0.06236,
1403638151495096832,0.84800,0.67010,0.36755,-0.07521,0.81432,0.12542,0.56169,0.38211,0.56052,-0.00432,
1403638151595097088,0.88579,0.72671,0.37016,-0.08810,0.81169,0.14218,0.55962,0.38382,0.56517,0.06884,
1403638151695097088,0.92345,0.78481,0.37935,-0.09707,0.80890,0.15465,0.55888,0.38279,0.57942,0.13435,
1403638151795097088,0.96055,0.84446,0.39667,-0.10210,0.80784,0.16334,0.55704,0.37009,0.59541,0.21140,
1403638151895097088,0.99758,0.90580,0.42108,-0.10536,0.80720,0.16831,0.55588,0.37785,0.60668,0.27756,
1403638151995096832,1.03611,0.97041,0.44900,-0.10535,0.80708,0.17220,0.55486,0.39418,0.63825,0.27168,
1403638152095097088,1.07439,1.03698,0.47366,-0.10564,0.80734,0.17323,0.55411,0.38209,0.65905,0.22014,
1403638152195097088,1.11154,1.10314,0.49362,-0.10533,0.80724,0.17380,0.55414,0.38483,0.67777,0.15919,
1403638152295097088,1.14781,1.17315,0.50590,-0.10303,0.80670,0.17535,0.55486,0.38375,0.69973,0.08886,
1403638152395097088,1.18577,1.24427,0.51228,-0.09924,0.80656,0.17635,0.55545,0.37579,0.73477,0.00992,
1403638152495096832,1.22187,1.31908,0.51024,-0.09578,0.80702,0.17714,0.55512,0.37441,0.77896,-0.05085,
1403638152595097088,1.25733,1.39828,0.50352,-0.09604,0.80711,0.17660,0.55512,0.36213,0.81518,-0.07658,
1403638152695097088,1.29352,1.48192,0.49572,-0.10116,0.80898,0.17477,0.55206,0.36054,0.85895,-0.05698,
1403638152795097088,1.32941,1.56879,0.49490,-0.10898,0.80736,0.17803,0.55190,0.38829,0.90507,0.03532,
1403638152895097088,1.36436,1.65748,0.50323,-0.12080,0.80313,0.18433,0.55354,0.39280,0.91956,0.11876,
1403638152995096832,1.39956,1.74700,0.51802,-0.13172,0.79879,0.19570,0.55343,0.38318,0.91462,0.16381,
1403638153095097088,1.43431,1.83648,0.53896,-0.14024,0.79878,0.20793,0.54685,0.37862,0.90646,0.19819,
1403638153195097088,1.47005,1.92683,0.56065,-0.14556,0.79905,0.21773,0.54122,0.39437,0.90600,0.17535,
1403638153295097088,1.50655,2.01583,0.57820,-0.14910,0.79791,0.22645,0.53836,0.40568,0.91529,0.12655,
1403638153395097088,1.54052,2.10382,0.59241,-0.15577,0.79568,0.23719,0.53514,0.40734,0.92529,0.08431,
1403638153495096832,1.57893,2.19737,0.60624,-0.15821,0.79162,0.25379,0.53282,0.41035,0.94238,0.11351,
1403638153595097088,1.61974,2.29625,0.62584,-0.16100,0.78688,0.27239,0.52982,0.41469,0.99029,0.18730,
1403638153695097088,1.65795,2.39755,0.64935,-0.16971,0.78067,0.28925,0.52734,0.40678,1.04855,0.20203,
1403638153795097088,1.69600,2.50341,0.66961,-0.18272,0.77382,0.30195,0.52597,0.40657,1.08586,0.16124,
1403638153895097088,1.73439,2.60970,0.68505,-0.19320,0.76766,0.31106,0.52594,0.39458,1.10232,0.10431,
1403638153995096832,1.77229,2.72040,0.69500,-0.20263,0.76254,0.31495,0.52752,0.37993,1.11786,0.03282,
1403638154095097088,1.81053,2.83425,0.69867,-0.20789,0.75881,0.31722,0.52949,0.36783,1.12773,-0.01782,
1403638154195097088,1.84862,2.95047,0.69838,-0.20982,0.75392,0.31848,0.53493,0.34778,1.13284,-0.05872,
1403638154295097088,1.88532,3.06816,0.69405,-0.20964,0.75010,0.31907,0.53999,0.32578,1.14008,-0.08490,
1403638154395097088,1.91850,3.18494,0.68694,-0.21212,0.74510,0.31635,0.54750,0.29478,1.13808,-0.10497,
1403638154495096832,1.94682,3.30037,0.67422,-0.21432,0.74185,0.31336,0.55275,0.24135,1.12354,-0.13855,
1403638154595097088,1.96986,3.41554,0.66562,-0.21587,0.74314,0.31297,0.55063,0.16009,1.09726,-0.07587,
1403638154695097088,1.98275,3.52441,0.66111,-0.21867,0.74558,0.31748,0.54360,0.11109,1.08740,-0.00204,
1403638154795097088,1.99315,3.63275,0.66493,-0.21801,0.74647,0.32732,0.53677,0.07090,1.06969,0.06212,
1403638154895097088,1.99741,3.73817,0.67488,-0.21731,0.74487,0.33660,0.53353,0.04144,1.08344,0.14287,
1403638154995096832,1.99708,3.84356,0.69292,-0.21908,0.74113,0.34605,0.53196,-0.02127,1.08485,0.20924,
1403638155095097088,1.99058,3.94840,0.71710,-0.22550,0.73553,0.35604,0.53045,-0.07961,1.08797,0.24681,
1403638155195097088,1.97881,4.05183,0.74056,-0.23409,0.72999,0.36342,0.52938,-0.10999,1.08958,0.21992,
1403638155295097088,1.96304,4.15721,0.75807,-0.24151,0.72356,0.36839,0.53144,-0.16191,1.07753,0.14600,
1403638155395097088,1.94178,4.26121,0.76853,-0.24722,0.71623,0.37543,0.53381,-0.21725,1.06523,0.07858,
1403638155495096832,1.91537,4.36514,0.77186,-0.25208,0.70930,0.38505,0.53393,-0.28637,1.05475,0.01245,
1403638155595097088,1.88316,4.47075,0.76917,-0.26594,0.70380,0.39187,0.52951,-0.35693,1.03796,-0.04297,
1403638155695097088,1.84376,4.57242,0.76355,-0.28422,0.69505,0.39985,0.52560,-0.41650,1.00315,-0.08355,
1403638155795097088,1.79932,4.67065,0.75342,-0.29896,0.68670,0.41256,0.51852,-0.46686,0.95559,-0.13489,
1403638155895097088,1.75011,4.76144,0.73908,-0.31201,0.68004,0.42873,0.50635,-0.51370,0.89643,-0.14340,
1403638155995096832,1.69747,4.84597,0.72607,-0.32167,0.67536,0.44983,0.48792,-0.54736,0.83904,-0.10714,
1403638156095097088,1.64317,4.92711,0.72053,-0.33026,0.66952,0.47214,0.46878,-0.55312,0.80718,0.00054,
1403638156195097088,1.58935,5.00596,0.72375,-0.34188,0.66164,0.48807,0.45512,-0.53588,0.80686,0.08190,
1403638156295097088,1.53685,5.08458,0.73258,-0.34972,0.65433,0.50412,0.44206,-0.51558,0.81044,0.12162,
1403638156395097088,1.48695,5.16256,0.73974,-0.35592,0.64919,0.51585,0.43101,-0.48521,0.79776,0.06409,
1403638156495096832,1.44041,5.24187,0.74040,-0.35966,0.64610,0.52350,0.42326,-0.44613,0.81781,-0.00769,
1403638156595097088,1.39829,5.32330,0.73483,-0.36272,0.64310,0.52754,0.42019,-0.40757,0.84659,-0.06699,
1403638156695097088,1.36080,5.40770,0.72377,-0.36338,0.64225,0.52950,0.41845,-0.38090,0.87604,-0.12797,
1403638156795097088,1.32433,5.49885,0.70902,-0.36317,0.64166,0.53022,0.41862,-0.33712,0.91201,-0.16266,
1403638156895097088,1.28821,5.59231,0.69326,-0.36209,0.64227,0.52990,0.41903,-0.31883,0.92553,-0.17556,
1403638156995096832,1.25508,5.68902,0.67918,-0.36027,0.64381,0.52867,0.41978,-0.29547,0.97027,-0.10665,
1403638157095097088,1.22745,5.78923,0.67280,-0.35777,0.64683,0.52784,0.41832,-0.25220,1.02361,-0.04162,
1403638157195097088,1.20039,5.89355,0.67394,-0.35357,0.65021,0.52796,0.41651,-0.22991,1.06047,0.02460,
1403638157295097088,1.17495,6.00119,0.68304,-0.35475,0.65023,0.52709,0.41658,-0.21574,1.09083,0.10320,
1403638157395097088,1.15446,6.11177,0.69421,-0.35404,0.64613,0.52996,0.41990,-0.19534,1.14057,0.10157,
1403638157495096832,1.13886,6.22483,0.70028,-0.35584,0.64027,0.53265,0.42393,-0.19603,1.17780,0.05199,
1403638157595097088,1.11872,6.34181,0.70557,-0.36210,0.63137,0.53740,0.42598,-0.20042,1.20386,0.00833,
1403638157695097088,1.09645,6.46327,0.70618,-0.36959,0.61768,0.54609,0.42855,-0.22245,1.20597,0.00608,
1403638157795097088,1.07290,6.58287,0.71195,-0.37749,0.60325,0.55869,0.42598,-0.25079,1.20720,0.07307,
1403638157895097088,1.04698,6.70277,0.72522,-0.38983,0.59004,0.57072,0.41733,-0.28101,1.20427,0.16264,
1403638157995096832,1.01834,6.82142,0.74447,-0.39974,0.57833,0.58215,0.40847,-0.28539,1.18313,0.18426,
1403638158095097088,0.98951,6.93827,0.75983,-0.40881,0.57302,0.59018,0.39523,-0.28451,1.16776,0.13361,
1403638158195097088,0.96135,7.05430,0.77041,-0.41738,0.56945,0.59406,0.38551,-0.26450,1.15655,0.06943,
1403638158295097088,0.93576,7.16863,0.77353,-0.42092,0.56471,0.59791,0.38267,-0.24472,1.14917,0.02124,
1403638158395097088,0.91201,7.28146,0.77222,-0.41997,0.56091,0.60197,0.38293,-0.22965,1.13421,-0.01631,
1403638158495096832,0.88947,7.39434,0.76699,-0.41778,0.55632,0.60499,0.38723,-0.22257,1.10720,-0.06886,
1403638158595097088,0.86671,7.50636,0.75983,-0.41591,0.55369,0.60620,0.39111,-0.23708,1.10221,-0.08617,
1403638158695097088,0.84163,7.61798,0.74978,-0.41702,0.55419,0.60434,0.39209,-0.26803,1.08717,-0.08998,
1403638158795097088,0.81451,7.73007,0.74370,-0.41792,0.55884,0.60250,0.38734,-0.28210,1.07536,-0.06771,
1403638158895097088,0.78759,7.84127,0.74146,-0.41674,0.56522,0.60134,0.38110,-0.28344,1.08235,0.01179,
1403638158995096832,0.76174,7.94803,0.74821,-0.41467,0.57015,0.60131,0.37604,-0.26564,1.06902,0.09621,
1403638159095097088,0.73788,8.05967,0.76212,-0.40771,0.57633,0.60456,0.36895,-0.24635,1.10061,0.15214,
1403638159195097088,0.71539,8.17108,0.77573,-0.39804,0.58342,0.60955,0.36005,-0.23565,1.14413,0.11280,
1403638159295097088,0.69594,8.29646,0.78617,-0.39884,0.58381,0.60760,0.36182,-0.21082,1.23018,0.09733,
1403638159395097088,0.67846,8.42626,0.79545,-0.41297,0.57787,0.59727,0.37253,-0.18485,1.28034,0.06226,
1403638159495096832,0.66251,8.55322,0.80560,-0.43129,0.56994,0.58385,0.38507,-0.15571,1.27723,0.10912,
1403638159595097088,0.65400,8.68058,0.82146,-0.45140,0.56747,0.56915,0.38766,-0.09950,1.22295,0.17830,
1403638159695097088,0.65087,8.80230,0.84692,-0.46522,0.56752,0.55897,0.38607,-0.00912,1.16926,0.26048,
1403638159795097088,0.65729,8.91609,0.87817,-0.46835,0.56620,0.55710,0.38692,0.09905,1.06914,0.34262,
1403638159895097088,0.67302,9.02165,0.91805,-0.46134,0.56024,0.56291,0.39552,0.19102,0.98785,0.44087,
1403638159995096832,0.69632,9.10927,0.96519,-0.45160,0.55462,0.57069,0.40345,0.23223,0.85546,0.53119,
1403638160095097088,0.72189,9.18360,1.01932,-0.44481,0.55313,0.57665,0.40456,0.25547,0.75380,0.57856,
1403638160195097088,0.74905,9.25116,1.07985,-0.43485,0.55691,0.58520,0.39786,0.26432,0.71671,0.68142,
1403638160295097088,0.77714,9.31649,1.15020,-0.42326,0.56349,0.59459,0.38702,0.27638,0.67811,0.74705,
1403638160395097088,0.80335,9.37916,1.22375,-0.41463,0.56712,0.60125,0.38073,0.27571,0.66872,0.77781,
1403638160495096832,0.83033,9.44572,1.29669,-0.41235,0.56894,0.60291,0.37784,0.27435,0.68950,0.73122,
1403638160595097088,0.85762,9.51647,1.36617,-0.41113,0.56970,0.60367,0.37684,0.26451,0.71956,0.67524,
1403638160695097088,0.88397,9.58906,1.42999,-0.41125,0.57004,0.60324,0.37686,0.25396,0.74578,0.63965,
1403638160795097088,0.91001,9.65880,1.48822,-0.41982,0.57024,0.59643,0.37794,0.27777,0.75656,0.60124,
1403638160895097088,0.94066,9.73226,1.54826,-0.43095,0.57187,0.58209,0.38525,0.30974,0.74448,0.57292,
1403638160995096832,0.97547,9.80074,1.60215,-0.43434,0.57615,0.56741,0.39679,0.36577,0.69467,0.52048,
1403638161095097088,1.01651,9.86590,1.65255,-0.43020,0.58501,0.55423,0.40684,0.40805,0.62349,0.49149,
1403638161195097088,1.06132,9.92406,1.69932,-0.41751,0.59740,0.54321,0.41680,0.45229,0.56403,0.44694,
1403638161295097088,1.10965,9.97931,1.74363,-0.40213,0.61332,0.52977,0.42600,0.48376,0.54731,0.44233,
1403638161395097088,1.15898,10.03080,1.78744,-0.38563,0.62993,0.51781,0.43168,0.49027,0.48965,0.41277,
1403638161495096832,1.20951,10.07993,1.82915,-0.36944,0.64389,0.51133,0.43296,0.49774,0.48174,0.38850,
1403638161595097088,1.26108,10.12892,1.86597,-0.35971,0.65345,0.50515,0.43408,0.51264,0.48496,0.33079,
1403638161695097088,1.31376,10.17886,1.89621,-0.35643,0.66062,0.49844,0.43369,0.52625,0.49164,0.27952,
1403638161795097088,1.36828,10.22958,1.92094,-0.35741,0.66402,0.49106,0.43611,0.55624,0.49779,0.23804,
1403638161895097088,1.42559,10.28032,1.94113,-0.35688,0.66528,0.48273,0.44387,0.59003,0.49367,0.19046,
1403638161995096832,1.48640,10.32940,1.95763,-0.35313,0.66889,0.47514,0.44958,0.61046,0.47599,0.18299,
1403638162095097088,1.54912,10.37785,1.97731,-0.35027,0.67236,0.46983,0.45222,0.64216,0.48271,0.25164,
1403638162195097088,1.61431,10.42386,2.00425,-0.34865,0.67779,0.46602,0.44930,0.65900,0.45273,0.30829,
1403638162295097088,1.68271,10.46882,2.03259,-0.34727,0.68209,0.46343,0.44653,0.70089,0.45225,0.28499,
1403638162395097088,1.75535,10.51607,2.05909,-0.34994,0.68434,0.45956,0.44501,0.75227,0.45721,0.24790,
1403638162495096832,1.83302,10.56156,2.07753,-0.35107,0.68322,0.45771,0.44773,0.79656,0.43510,0.20657,
1403638162595097088,1.91561,10.60575,2.09986,-0.34761,0.68136,0.46054,0.45035,0.84499,0.42844,0.25527,
1403638162695097088,2.00281,10.64787,2.12445,-0.34355,0.67906,0.46459,0.45277,0.87156,0.40209,0.31580,
1403638162795097088,2.09138,10.68857,2.15926,-0.34172,0.68042,0.46565,0.45102,0.89333,0.38258,0.37345,
1403638162895097088,2.18477,10.73079,2.19956,-0.34297,0.68380,0.45970,0.45108,0.93357,0.38061,0.45885,
1403638162995096832,2.27998,10.77120,2.24777,-0.34827,0.68345,0.45044,0.45684,0.97577,0.36955,0.49097,
1403638163095097088,2.38026,10.81046,2.28843,-0.35236,0.68191,0.44119,0.46497,1.00909,0.33568,0.32602,
1403638163195097088,2.48394,10.84175,2.31177,-0.34642,0.68555,0.43531,0.46959,1.03677,0.28356,0.14031,
1403638163295097088,2.59353,10.87005,2.32189,-0.33429,0.69091,0.42998,0.47541,1.07118,0.25336,0.04327,
1403638163395097088,2.70546,10.89472,2.32641,-0.32143,0.69644,0.42161,0.48364,1.08934,0.22235,0.01563,
1403638163495096832,2.81922,10.91692,2.32960,-0.31122,0.70314,0.41121,0.48954,1.09446,0.20564,0.03839,
1403638163595097088,2.93024,10.93710,2.33868,-0.30466,0.70854,0.40291,0.49277,1.07922,0.17505,0.12209,
1403638163695097088,3.03910,10.95537,2.35609,-0.29927,0.71114,0.39814,0.49620,1.07447,0.15424,0.21718,
1403638163795097088,3.14600,10.97198,2.38374,-0.29634,0.71235,0.39520,0.49855,1.05845,0.12956,0.31571,
1403638163895097088,3.25084,10.98529,2.41897,-0.29776,0.71355,0.39163,0.49882,1.03547,0.08346,0.37189,
1403638163995096832,3.35588,10.99538,2.45962,-0.30083,0.71640,0.38888,0.49502,1.03990,0.06698,0.43143,
1403638164095097088,3.46211,11.00213,2.50653,-0.30461,0.71801,0.38739,0.49153,1.05378,0.04091,0.50000,
1403638164195097088,3.57063,11.00444,2.55703,-0.30967,0.71795,0.38520,0.49017,1.07756,-0.00167,0.50416,
1403638164295097088,3.67840,11.00211,2.60490,-0.31362,0.71601,0.38441,0.49112,1.09562,-0.03753,0.45060,
1403638164395097088,3.79150,10.99632,2.64608,-0.31636,0.71443,0.38433,0.49174,1.11266,-0.08889,0.38445,
1403638164495096832,3.90471,10.98541,2.68095,-0.31837,0.71409,0.38473,0.49061,1.14250,-0.13328,0.33806,
1403638164595097088,4.01997,10.96949,2.71215,-0.32140,0.71475,0.38320,0.48887,1.16699,-0.19076,0.28441,
1403638164695097088,4.14175,10.94867,2.73639,-0.31884,0.71691,0.38006,0.48984,1.21352,-0.26060,0.22713,
1403638164795097088,4.26402,10.92002,2.75948,-0.30919,0.71477,0.37976,0.49929,1.23719,-0.31324,0.21090,
1403638164895097088,4.38706,10.88701,2.77703,-0.29565,0.70939,0.38281,0.51266,1.21923,-0.35532,0.16624,
1403638164995096832,4.50784,10.85126,2.78813,-0.29239,0.70727,0.37961,0.51979,1.17362,-0.38795,0.11399,
1403638165095097088,4.62326,10.81049,2.79503,-0.29887,0.71011,0.36640,0.52170,1.12666,-0.44309,0.03617,
1403638165195097088,4.73427,10.76316,2.79691,-0.29643,0.71791,0.35961,0.51712,1.10236,-0.50222,-0.01020,
1403638165295097088,4.84220,10.70950,2.79057,-0.28875,0.72957,0.35816,0.50603,1.08273,-0.54683,-0.06284,
1403638165395097088,4.95467,10.65541,2.78303,-0.28801,0.73663,0.35255,0.50013,1.10160,-0.56857,-0.08492,
1403638165495096832,5.06930,10.59960,2.77369,-0.28685,0.73447,0.34887,0.50652,1.13322,-0.60190,-0.10558,
1403638165595097088,5.18057,10.53920,2.76033,-0.28667,0.72677,0.34512,0.52012,1.12091,-0.64077,-0.14090,
1403638165695097088,5.29005,10.47264,2.74181,-0.28524,0.71765,0.34363,0.53436,1.09010,-0.70640,-0.20302,
1403638165795097088,5.39412,10.39928,2.71665,-0.28098,0.71450,0.34527,0.53974,1.02616,-0.77626,-0.27252,
1403638165895097088,5.49407,10.31946,2.68949,-0.27534,0.72020,0.34949,0.53231,0.96367,-0.84255,-0.22902,
1403638165995096832,5.58935,10.23637,2.66874,-0.26994,0.72645,0.35395,0.52357,0.92479,-0.87044,-0.16231,
1403638166095097088,5.68199,10.14904,2.65948,-0.26385,0.73190,0.35909,0.51552,0.90373,-0.88490,-0.04975,
1403638166195097088,5.77485,10.06279,2.66161,-0.25940,0.73324,0.36444,0.51210,0.89076,-0.85448,0.11505,
1403638166295097088,5.86368,9.97997,2.68443,-0.25794,0.73232,0.36818,0.51149,0.87001,-0.83076,0.32442,
1403638166395097088,5.94649,9.90075,2.72791,-0.25601,0.73125,0.37170,0.51143,0.82790,-0.82765,0.48518,
1403638166495096832,6.02438,9.82297,2.77918,-0.25515,0.73100,0.37398,0.51057,0.78983,-0.79935,0.47749,
1403638166595097088,6.09619,9.75078,2.82630,-0.25690,0.73031,0.37427,0.51046,0.76561,-0.77000,0.40761,
1403638166695097088,6.16518,9.68258,2.86541,-0.25991,0.73134,0.37305,0.50835,0.74209,-0.73518,0.32719,
1403638166795097088,6.23491,9.61767,2.89582,-0.26716,0.73621,0.36892,0.50052,0.73063,-0.69628,0.23587,
1403638166895097088,6.30689,9.55343,2.91614,-0.27270,0.74691,0.36550,0.48391,0.74376,-0.67695,0.14883,
1403638166995096832,6.38415,9.48688,2.92955,-0.27115,0.75521,0.36649,0.47098,0.80190,-0.64373,0.11964,
1403638167095097088,6.46745,9.42961,2.94189,-0.26555,0.75805,0.37024,0.46665,0.88876,-0.58788,0.17094,
1403638167195097088,6.55916,9.37922,2.96126,-0.25989,0.75632,0.37428,0.46942,0.96402,-0.49644,0.25736,
1403638167295097088,6.65714,9.33575,2.98907,-0.25544,0.75344,0.37731,0.47405,1.02478,-0.40501,0.31617,
1403638167395097088,6.76250,9.30008,3.02228,-0.25459,0.75188,0.37751,0.47682,1.06110,-0.32983,0.35092,
1403638167495096832,6.87227,9.26874,3.05430,-0.25771,0.74986,0.37465,0.48055,1.09528,-0.28453,0.29353,
1403638167595097088,6.98450,9.23997,3.08032,-0.26440,0.74703,0.36886,0.48579,1.12132,-0.25278,0.22138,
1403638167695097088,7.10035,9.21085,3.09963,-0.27227,0.74773,0.35809,0.48840,1.16113,-0.25308,0.15092,
1403638167795097088,7.22007,9.18221,3.11242,-0.27567,0.75106,0.34461,0.49107,1.21191,-0.26297,0.10526,
1403638167895097088,7.34565,9.15245,3.12077,-0.27373,0.75629,0.33036,0.49393,1.26886,-0.29088,0.07090,
1403638167995096832,7.47718,9.11963,3.12568,-0.26736,0.76116,0.31666,0.49888,1.32150,-0.32203,0.04781,
1403638168095097088,7.61326,9.08486,3.13412,-0.26204,0.76498,0.30419,0.50359,1.37839,-0.34197,0.12023,
1403638168195097088,7.75199,9.04382,3.15011,-0.25379,0.76833,0.29393,0.50879,1.40064,-0.41645,0.20248,
1403638168295097088,7.89374,8.99737,3.17338,-0.23996,0.77264,0.28504,0.51401,1.42911,-0.47512,0.26864,
1403638168395097088,8.03898,8.94835,3.20340,-0.22795,0.77583,0.27310,0.52109,1.45802,-0.50254,0.33462,
1403638168495096832,8.18458,8.89701,3.23504,-0.21109,0.78012,0.26785,0.52451,1.46034,-0.51607,0.29489,
1403638168595097088,8.33167,8.84687,3.26084,-0.19229,0.78561,0.26888,0.52301,1.46548,-0.49886,0.21874,
1403638168695097088,8.47815,8.80020,3.27835,-0.17748,0.78931,0.27072,0.52173,1.46437,-0.45430,0.13009,
1403638168795097088,8.62672,8.76047,3.28860,-0.17098,0.79132,0.27101,0.52070,1.45776,-0.39995,0.05998,
1403638168895097088,8.77666,8.72847,3.29206,-0.16696,0.79273,0.27206,0.51932,1.47676,-0.31710,0.01814,
1403638168995096832,8.92767,8.70517,3.29099,-0.16705,0.79265,0.27290,0.51897,1.48602,-0.23303,-0.02602,
1403638169095097088,9.07986,8.68838,3.28576,-0.17359,0.78697,0.27158,0.52611,1.48781,-0.16249,-0.07688,
1403638169195097088,9.23254,8.67667,3.27497,-0.18461,0.78330,0.26793,0.52969,1.47890,-0.12921,-0.14044,
1403638169295097088,9.38178,8.66702,3.25953,-0.19846,0.78154,0.25751,0.53245,1.47871,-0.12311,-0.19019,
1403638169395097088,9.53299,8.65558,3.24008,-0.21361,0.77996,0.23808,0.53791,1.49425,-0.15918,-0.21800,
1403638169495096832,9.68595,8.63629,3.22166,-0.21766,0.77932,0.21942,0.54510,1.50387,-0.24570,-0.18887,
1403638169595097088,9.83969,8.60680,3.21022,-0.21065,0.78037,0.20431,0.55218,1.49955,-0.37037,-0.10689,
1403638169695097088,9.99004,8.56719,3.20269,-0.19193,0.78452,0.19338,0.55704,1.47259,-0.46481,-0.05603,
1403638169795097088,10.13708,8.52067,3.20197,-0.16782,0.78869,0.18276,0.56250,1.43163,-0.54341,0.03654,
1403638169895097088,10.28006,8.46769,3.21069,-0.13918,0.79217,0.17270,0.56858,1.38889,-0.57488,0.13686,
1403638169995096832,10.41886,8.41407,3.22691,-0.11468,0.78958,0.15900,0.58149,1.31919,-0.56148,0.19949,
1403638170095097088,10.54994,8.36146,3.24578,-0.10087,0.78773,0.13782,0.59187,1.23709,-0.54994,0.17256,
1403638170195097088,10.67792,8.31191,3.25732,-0.09168,0.79079,0.11275,0.59458,1.15384,-0.54387,0.08102,
1403638170295097088,10.79891,8.26167,3.26198,-0.08407,0.79508,0.08657,0.59438,1.08106,-0.55460,0.02017,
1403638170395097088,10.91362,8.20951,3.25909,-0.07405,0.80105,0.06195,0.59076,1.02231,-0.57605,-0.03904,
1403638170495096832,11.01831,8.15346,3.25312,-0.06463,0.80572,0.03782,0.58754,0.98242,-0.59858,-0.04576,
1403638170595097088,11.11845,8.09182,3.25235,-0.06022,0.80526,0.01222,0.58973,0.96332,-0.65802,0.04169,
1403638170695097088,11.20972,8.02269,3.26113,-0.05073,0.80198,-0.00969,0.59511,0.88780,-0.72608,0.13134,
1403638170795097088,11.28856,7.94618,3.27544,-0.03846,0.80106,-0.02831,0.59667,0.80157,-0.79218,0.17306,
1403638170895097088,11.35698,7.86393,3.29115,-0.02385,0.80097,-0.04511,0.59653,0.71010,-0.85273,0.13802,
1403638170995096832,11.41198,7.77569,3.30098,-0.00906,0.80024,-0.06208,0.59638,0.62229,-0.91211,0.07893,
1403638171095097088,11.46125,7.68359,3.30582,0.00248,0.79775,-0.07828,0.59788,0.54079,-0.94766,0.03289,
1403638171195097088,11.49845,7.58820,3.30691,0.00994,0.79520,-0.09121,0.59936,0.44017,-0.98871,0.00433,
1403638171295097088,11.52617,7.48936,3.30601,0.01512,0.79304,-0.10023,0.60068,0.34132,-1.02622,-0.01448,
1403638171395097088,11.54659,7.38663,3.30341,0.01795,0.79074,-0.10678,0.60250,0.23677,-1.07566,-0.02905,
1403638171495096832,11.55914,7.27902,3.29828,0.02111,0.78833,-0.11407,0.60421,0.14097,-1.11373,-0.03875,
1403638171595097088,11.56425,7.16619,3.29097,0.02296,0.78531,-0.12140,0.60665,0.03706,-1.17523,-0.06345,
1403638171695097088,11.56122,7.04564,3.28237,0.02412,0.78202,-0.13174,0.60870,-0.07635,-1.23103,-0.08444,
1403638171795097088,11.54766,6.91926,3.27199,0.02774,0.77935,-0.14248,0.60954,-0.19313,-1.28929,-0.07678,
1403638171895097088,11.52117,6.78811,3.26567,0.02949,0.77457,-0.15272,0.61307,-0.31516,-1.36109,-0.01046,
1403638171995096832,11.48158,6.65037,3.26453,0.03810,0.77098,-0.15615,0.61624,-0.45232,-1.42650,0.04282,
1403638172095097088,11.42859,6.50614,3.26852,0.04589,0.77007,-0.15787,0.61641,-0.59789,-1.46921,0.06666,
1403638172195097088,11.36218,6.35919,3.27069,0.04956,0.77048,-0.15943,0.61521,-0.71515,-1.49795,0.00267,
1403638172295097088,11.28458,6.20937,3.26305,0.05312,0.77132,-0.15908,0.61395,-0.83631,-1.51324,-0.11284,
1403638172395097088,11.19604,6.05781,3.24538,0.05419,0.77105,-0.15865,0.61431,-0.92399,-1.53352,-0.21725,
1403638172495096832,11.10004,5.90276,3.21708,0.05256,0.76885,-0.15863,0.61721,-0.99843,-1.55407,-0.32758,
1403638172595097088,10.99623,5.74507,3.17985,0.05023,0.76678,-0.15798,0.62014,-1.08938,-1.58481,-0.40826,
1403638172695097088,10.87897,5.58672,3.13552,0.04582,0.76628,-0.15781,0.62114,-1.21690,-1.61115,-0.47694,
1403638172795097088,10.74901,5.42595,3.08746,0.04341,0.76665,-0.15623,0.62126,-1.33789,-1.64801,-0.51705,
1403638172895097088,10.60713,5.26072,3.03582,0.03940,0.76672,-0.15527,0.62168,-1.46296,-1.68895,-0.55274,
1403638172995096832,10.45167,5.09188,2.97982,0.03176,0.76935,-0.15586,0.61871,-1.58400,-1.72694,-0.60472,
1403638173095097088,10.28590,4.91804,2.91808,0.02471,0.77432,-0.15596,0.61278,-1.67930,-1.78105,-0.66662,
1403638173195097088,10.11245,4.73536,2.84986,0.02369,0.77938,-0.15346,0.60700,-1.76772,-1.85405,-0.72867,
1403638173295097088,9.93060,4.54858,2.77624,0.02974,0.78311,-0.14739,0.60343,-1.83374,-1.91106,-0.77752,
1403638173395097088,9.74316,4.35691,2.69715,0.04165,0.78672,-0.13860,0.60011,-1.88723,-1.95433,-0.83328,
1403638173495096832,9.55184,4.16212,2.60721,0.05525,0.79113,-0.12939,0.59524,-1.90110,-1.96059,-0.95256,
1403638173595097088,9.36014,3.96721,2.51176,0.06477,0.79258,-0.12356,0.59360,-1.88229,-1.95021,-0.97826,
1403638173695097088,9.16634,3.77069,2.41431,0.06640,0.79284,-0.12300,0.59318,-1.92990,-1.91373,-1.01423,
1403638173795097088,8.97097,3.57940,2.31315,0.06566,0.79354,-0.12423,0.59207,-1.93312,-1.89963,-1.02749,
1403638173895097088,8.77438,3.38889,2.21529,0.06668,0.79502,-0.12434,0.58995,-1.96959,-1.85263,-0.96387,
1403638173995096832,8.57328,3.20521,2.12487,0.06604,0.79419,-0.12536,0.59092,-2.01595,-1.81546,-0.89169,
1403638174095097088,8.36495,3.02629,2.04111,0.06533,0.79472,-0.12602,0.59014,-2.06595,-1.77330,-0.82516,
1403638174195097088,8.15407,2.85180,1.95987,0.06675,0.79783,-0.12533,0.58592,-2.08140,-1.74588,-0.83031,
1403638174295097088,7.94326,2.67729,1.87413,0.06573,0.80358,-0.12527,0.57814,-2.08287,-1.72177,-0.91177,
1403638174395097088,7.73845,2.50332,1.78503,0.06506,0.80726,-0.12517,0.57308,-2.03217,-1.70310,-0.94201,
1403638174495096832,7.53853,2.33449,1.69428,0.06422,0.81048,-0.12450,0.56877,-1.98464,-1.67896,-0.90259,
1403638174595097088,7.34626,2.16664,1.60815,0.06621,0.81426,-0.12227,0.56360,-1.91168,-1.67753,-0.82382,
1403638174695097088,7.15849,1.99831,1.52938,0.06823,0.81884,-0.12043,0.55709,-1.85954,-1.66539,-0.78191,
1403638174795097088,6.97529,1.83204,1.45942,0.06872,0.82308,-0.11975,0.55089,-1.79906,-1.63750,-0.68526,
1403638174895097088,6.79712,1.66599,1.39668,0.07052,0.82516,-0.11797,0.54793,-1.69941,-1.60865,-0.63026,
1403638174995096832,6.62484,1.49755,1.33858,0.07038,0.82655,-0.11841,0.54575,-1.62891,-1.58620,-0.57820,
1403638175095097088,6.46334,1.33270,1.28669,0.07102,0.82542,-0.11850,0.54736,-1.51570,-1.57585,-0.49359,
1403638175195097088,6.30961,1.16841,1.24144,0.07366,0.82533,-0.11794,0.54726,-1.42926,-1.56119,-0.43853,
1403638175295097088,6.16209,1.00744,1.20014,0.07563,0.82742,-0.11795,0.54382,-1.34744,-1.54045,-0.37547,
1403638175395097088,6.01793,0.84568,1.16468,0.07762,0.83272,-0.11766,0.53545,-1.27789,-1.52469,-0.30631,
1403638175495096832,5.88549,0.68760,1.13622,0.08109,0.83879,-0.11575,0.52579,-1.14058,-1.50655,-0.22574,
1403638175595097088,5.76497,0.53214,1.11560,0.08157,0.84619,-0.11517,0.51385,-1.03174,-1.47456,-0.15268,
1403638175695097088,5.65712,0.37841,1.10155,0.07954,0.85323,-0.11565,0.50228,-0.90368,-1.45190,-0.09795,
1403638175795097088,5.56953,0.23228,1.09159,0.07823,0.85727,-0.11574,0.49556,-0.75377,-1.43617,-0.14076,
1403638175895097088,5.50351,0.09298,1.07411,0.08045,0.85915,-0.11315,0.49252,-0.59342,-1.42597,-0.26268,
1403638175995096832,5.45668,-0.04067,1.04901,0.08791,0.85781,-0.10625,0.49512,-0.41169,-1.39098,-0.30034,
1403638176095097088,5.42791,-0.17066,1.02247,0.09574,0.84913,-0.09924,0.50987,-0.22776,-1.33942,-0.28039,
1403638176195097088,5.41740,-0.29277,1.00049,0.09777,0.83369,-0.09700,0.53478,-0.09999,-1.25270,-0.21103,
1403638176295097088,5.41537,-0.40933,0.98437,0.09547,0.82124,-0.09874,0.55380,-0.05210,-1.17084,-0.16690,
1403638176395097088,5.41456,-0.51944,0.97256,0.09569,0.81581,-0.09931,0.56164,-0.02142,-1.09248,-0.12691,
1403638176495096832,5.42151,-0.61889,0.96678,0.09776,0.81560,-0.09875,0.56168,0.01446,-1.00375,-0.04906,
1403638176595097088,5.43271,-0.71043,0.96619,0.09852,0.81715,-0.09911,0.55923,0.05446,-0.91557,-0.02268,
1403638176695097088,5.44130,-0.79846,0.96926,0.09962,0.81792,-0.09908,0.55791,0.10716,-0.83610,0.06889,
1403638176795097088,5.46044,-0.87590,0.98107,0.09832,0.81850,-0.09994,0.55713,0.14247,-0.74811,0.14249,
1403638176895097088,5.47380,-0.95000,0.99600,0.09351,0.81876,-0.10347,0.55694,0.16138,-0.67375,0.16457,
1403638176995096832,5.49265,-1.01610,1.01018,0.09443,0.81930,-0.10280,0.55611,0.18691,-0.62286,0.12550,
1403638177095097088,5.51061,-1.07886,1.01710,0.09705,0.82045,-0.10111,0.55428,0.21472,-0.57597,0.05351,
1403638177195097088,5.53195,-1.13525,1.01595,0.10027,0.82087,-0.09922,0.55343,0.24261,-0.51008,-0.03049,
1403638177295097088,5.55758,-1.18435,1.00877,0.10169,0.82098,-0.09827,0.55317,0.27549,-0.44195,-0.09399,
1403638177395097088,5.58583,-1.22845,0.99640,0.10212,0.82087,-0.09812,0.55328,0.30539,-0.37820,-0.14856,
1403638177495096832,5.61723,-1.26534,0.98042,0.09820,0.82101,-0.10180,0.55311,0.33760,-0.30797,-0.18645,
1403638177595097088,5.65238,-1.29711,0.95970,0.08507,0.81975,-0.11200,0.55518,0.36333,-0.26608,-0.22207,
1403638177695097088,5.68916,-1.32646,0.93516,0.07589,0.81847,-0.12024,0.55669,0.38163,-0.26285,-0.26575,
1403638177795097088,5.72712,-1.35589,0.90922,0.06857,0.81429,-0.12939,0.56168,0.39505,-0.27718,-0.27916,
1403638177895097088,5.76536,-1.38633,0.88114,0.06504,0.80664,-0.13527,0.57167,0.37810,-0.30396,-0.24899,
1403638177995096832,5.79863,-1.41963,0.85866,0.06579,0.80093,-0.13773,0.57898,0.32876,-0.33874,-0.18477,
1403638178095097088,5.82836,-1.45599,0.84459,0.07433,0.79756,-0.13881,0.58233,0.28686,-0.38071,-0.10450,
1403638178195097088,5.85237,-1.49515,0.83817,0.08334,0.79447,-0.14654,0.58343,0.21153,-0.39649,-0.04794,
1403638178295097088,5.86864,-1.53675,0.83854,0.09286,0.78983,-0.16032,0.58467,0.14856,-0.41394,0.06013,
1403638178395097088,5.87810,-1.57979,0.84655,0.10448,0.78497,-0.17778,0.58421,0.05158,-0.40902,0.07222,
1403638178495096832,5.87833,-1.62141,0.85130,0.11556,0.78236,-0.20025,0.57832,-0.01431,-0.40879,0.01000,
1403638178595097088,5.87236,-1.66386,0.85041,0.12582,0.78156,-0.22471,0.56819,-0.07299,-0.41769,-0.03538,
1403638178695097088,5.86249,-1.70750,0.84612,0.13605,0.77806,-0.24784,0.56097,-0.11324,-0.43635,-0.07707,
1403638178795097088,5.84793,-1.75352,0.83898,0.14855,0.77265,-0.26811,0.55593,-0.15639,-0.46530,-0.10805,
1403638178895097088,5.83074,-1.80170,0.82796,0.15992,0.77086,-0.28464,0.54697,-0.17946,-0.48437,-0.13851,
1403638178995096832,5.81155,-1.85190,0.81289,0.16732,0.77190,-0.29679,0.53674,-0.19193,-0.50453,-0.18283,
1403638179095097088,5.79232,-1.90624,0.79355,0.17463,0.77444,-0.30358,0.52687,-0.18763,-0.54747,-0.21695,
1403638179195097088,5.77383,-1.96495,0.77002,0.18330,0.77582,-0.30922,0.51854,-0.17743,-0.59572,-0.25159,
1403638179295097088,5.75744,-2.02798,0.74366,0.19259,0.77677,-0.31551,0.50989,-0.14175,-0.64093,-0.28500,
1403638179395097088,5.74458,-2.09683,0.71663,0.20327,0.77258,-0.32506,0.50610,-0.10154,-0.68540,-0.28255,
1403638179495096832,5.73438,-2.16975,0.69019,0.21357,0.75912,-0.33933,0.51282,-0.08033,-0.72153,-0.30412,
1403638179595097088,5.72506,-2.24496,0.66091,0.22616,0.74576,-0.35560,0.51598,-0.08627,-0.74733,-0.30505,
1403638179695097088,5.71351,-2.32076,0.63296,0.23899,0.73398,-0.37288,0.51489,-0.10935,-0.74389,-0.26568,
1403638179795097088,5.70033,-2.39632,0.61151,0.25243,0.72355,-0.39068,0.51002,-0.13294,-0.73764,-0.18160,
1403638179895097088,5.68446,-2.47197,0.59723,0.26526,0.71380,-0.40802,0.50363,-0.13430,-0.74775,-0.14463,
1403638179995096832,5.66874,-2.54853,0.58735,0.27214,0.70960,-0.42404,0.49254,-0.13256,-0.76151,-0.09516,
1403638180095097088,5.65427,-2.62698,0.58075,0.27481,0.70621,-0.43712,0.48443,-0.12413,-0.78970,-0.04754,
1403638180195097088,5.63918,-2.70773,0.57700,0.27900,0.70269,-0.44402,0.48087,-0.12721,-0.81136,-0.04280,
1403638180295097088,5.62237,-2.79074,0.56984,0.28078,0.70119,-0.44844,0.47791,-0.13271,-0.84306,-0.08976,
1403638180395097088,5.60516,-2.87523,0.55875,0.28182,0.70087,-0.45038,0.47594,-0.13645,-0.87659,-0.14967,
1403638180495096832,5.58773,-2.96524,0.54094,0.28475,0.70211,-0.44879,0.47386,-0.13297,-0.91329,-0.18644,
1403638180595097088,5.57244,-3.05667,0.52057,0.28739,0.70379,-0.44606,0.47235,-0.12988,-0.93746,-0.19362,
1403638180695097088,5.55419,-3.15002,0.50437,0.28712,0.70761,-0.44410,0.46863,-0.10872,-0.96375,-0.14515,
1403638180795097088,5.54134,-3.24810,0.49376,0.28330,0.71210,-0.44368,0.46454,-0.08055,-1.00985,-0.06214,
1403638180895097088,5.52823,-3.34986,0.49271,0.27960,0.71387,-0.44251,0.46519,-0.05567,-1.05339,-0.00721,
1403638180995096832,5.52367,-3.45744,0.48982,0.27679,0.71346,-0.44133,0.46860,-0.03092,-1.09537,-0.04383,
1403638181095097088,5.51519,-3.56590,0.48371,0.27406,0.71264,-0.44000,0.47268,-0.02146,-1.13075,-0.11850,
1403638181195097088,5.51208,-3.68127,0.47008,0.27168,0.71013,-0.43943,0.47833,-0.01100,-1.16907,-0.15626,
1403638181295097088,5.50493,-3.79759,0.45408,0.27158,0.70208,-0.44120,0.48854,-0.04179,-1.19857,-0.19286,
1403638181395097088,5.49858,-3.91797,0.43466,0.27505,0.69130,-0.44863,0.49516,-0.08958,-1.20830,-0.25268,
1403638181495096832,5.48373,-4.04212,0.40935,0.28030,0.67690,-0.46205,0.49974,-0.15191,-1.23226,-0.26648,
1403638181595097088,5.46278,-4.17109,0.38380,0.29448,0.65650,-0.47425,0.50732,-0.24771,-1.21631,-0.26472,
1403638181695097088,5.43359,-4.29815,0.36078,0.31167,0.64553,-0.48628,0.49968,-0.33789,-1.17791,-0.20386,
1403638181795097088,5.39660,-4.41952,0.34669,0.32756,0.63854,-0.49951,0.48525,-0.41488,-1.14572,-0.10783,
1403638181895097088,5.35377,-4.53465,0.34238,0.34287,0.63417,-0.51236,0.46663,-0.45466,-1.10079,-0.02788,
1403638181995096832,5.30812,-4.64341,0.34466,0.35041,0.62913,-0.52614,0.45231,-0.45985,-1.07181,0.02779,
1403638182095097088,5.26102,-4.75416,0.35277,0.35179,0.62617,-0.53836,0.44083,-0.47305,-1.07250,0.11061,
1403638182195097088,5.21328,-4.86088,0.36746,0.35251,0.62362,-0.54723,0.43286,-0.47895,-1.08527,0.11019,
1403638182295097088,5.16578,-4.97012,0.37857,0.34726,0.62037,-0.55656,0.42987,-0.47891,-1.10668,0.06705,
1403638182395097088,5.11690,-5.07854,0.38753,0.34230,0.61857,-0.56243,0.42881,-0.50596,-1.14007,0.06026,
1403638182495096832,5.06501,-5.19098,0.40116,0.34532,0.62311,-0.56084,0.42184,-0.53164,-1.17633,0.14956,
1403638182595097088,5.01099,-5.31183,0.42099,0.35138,0.62985,-0.55562,0.41365,-0.52967,-1.23233,0.22953,
1403638182695097088,4.95833,-5.43205,0.44839,0.35239,0.63366,-0.55261,0.41099,-0.51576,-1.26205,0.29258,
1403638182795097088,4.90697,-5.55927,0.47775,0.35129,0.63427,-0.55095,0.41321,-0.48850,-1.30774,0.26651,
1403638182895097088,4.85908,-5.68766,0.50370,0.35166,0.63326,-0.54858,0.41759,-0.47036,-1.33956,0.21136,
1403638182995096832,4.81197,-5.81911,0.52414,0.35439,0.63020,-0.54481,0.42478,-0.46811,-1.36344,0.16932,
1403638183095097088,4.76367,-5.95671,0.53976,0.35915,0.62798,-0.53946,0.43087,-0.46614,-1.38038,0.12440,
1403638183195097088,4.71671,-6.09456,0.54984,0.36421,0.62837,-0.53451,0.43220,-0.45140,-1.38000,0.06729,
1403638183295097088,4.67179,-6.23334,0.55416,0.36395,0.63317,-0.53359,0.42651,-0.42899,-1.36240,-0.00148,
1403638183395097088,4.62891,-6.37062,0.55426,0.35785,0.63772,-0.53721,0.42032,-0.40575,-1.37583,-0.02202,
1403638183495096832,4.58975,-6.51002,0.55129,0.35498,0.64258,-0.53895,0.41306,-0.36660,-1.39730,-0.05447,
1403638183595097088,4.55479,-6.65139,0.54491,0.35375,0.64505,-0.53953,0.40948,-0.33084,-1.43175,-0.07550,
1403638183695097088,4.52482,-6.79653,0.53995,0.35943,0.64238,-0.53562,0.41384,-0.28123,-1.48115,-0.00364,
1403638183795097088,4.49830,-6.94414,0.54176,0.36714,0.63714,-0.53047,0.42173,-0.24718,-1.46727,0.05309,
1403638183895097088,4.47507,-7.08876,0.55026,0.37445,0.63246,-0.52554,0.42847,-0.21368,-1.42471,0.11341,
1403638183995096832,4.45694,-7.22686,0.56441,0.37540,0.63156,-0.52545,0.42907,-0.17516,-1.38091,0.18249,
1403638184095097088,4.44438,-7.36132,0.58446,0.37136,0.63338,-0.52895,0.42560,-0.13139,-1.36469,0.21633,
1403638184195097088,4.43699,-7.49121,0.60414,0.36527,0.63698,-0.53430,0.41876,-0.08967,-1.34357,0.15909,
1403638184295097088,4.43061,-7.62537,0.61838,0.36229,0.63845,-0.53722,0.41536,-0.06046,-1.35395,0.10676,
1403638184395097088,4.42921,-7.75880,0.63015,0.36526,0.63616,-0.53587,0.41801,-0.01438,-1.37031,0.07855,
1403638184495096832,4.42983,-7.89624,0.63663,0.36971,0.63411,-0.53318,0.42064,0.01659,-1.36572,0.05031,
1403638184595097088,4.43519,-8.03369,0.64212,0.37154,0.63210,-0.53264,0.42273,0.05283,-1.35802,0.05534,
1403638184695097088,4.44300,-8.17266,0.64727,0.37233,0.63131,-0.53240,0.42353,0.08680,-1.35027,0.05273,
1403638184795097088,4.45342,-8.30867,0.65483,0.37160,0.62992,-0.53317,0.42526,0.11246,-1.33799,0.05940,
1403638184895097088,4.46597,-8.44566,0.66291,0.37280,0.63043,-0.53299,0.42368,0.14593,-1.33156,0.07572,
1403638184995096832,4.48195,-8.57799,0.67221,0.37391,0.62894,-0.53257,0.42543,0.17106,-1.30988,0.09065,
1403638185095097088,4.50016,-8.71214,0.68590,0.37369,0.62960,-0.53288,0.42427,0.19536,-1.30225,0.11692,
1403638185195097088,4.52230,-8.84267,0.70041,0.37451,0.63070,-0.53226,0.42269,0.22404,-1.29283,0.11876,
1403638185295097088,4.54547,-8.97011,0.71266,0.37756,0.63296,-0.52953,0.42001,0.25748,-1.27841,0.12627,
1403638185395097088,4.57372,-9.09492,0.72807,0.38145,0.63425,-0.52536,0.41979,0.31727,-1.25840,0.13357,
1403638185495096832,4.60850,-9.22007,0.73960,0.38422,0.63756,-0.51566,0.42425,0.37975,-1.22740,0.14049,
1403638185595097088,4.64960,-9.34168,0.75610,0.38222,0.64364,-0.50411,0.43071,0.44252,-1.19355,0.13629,
1403638185695097088,4.69642,-9.45899,0.77126,0.37788,0.64847,-0.49448,0.43839,0.49869,-1.15060,0.13546,
1403638185795097088,4.74752,-9.57380,0.78531,0.36537,0.64997,-0.49286,0.44848,0.54059,-1.10519,0.12953,
1403638185895097088,4.79947,-9.68365,0.79632,0.34287,0.64893,-0.50106,0.45855,0.53505,-1.06860,0.09001,
1403638185995096832,4.85056,-9.79024,0.80300,0.32795,0.64896,-0.50616,0.46379,0.49344,-1.05981,0.03714,
1403638186095097088,4.89704,-9.89644,0.80455,0.32772,0.65403,-0.50348,0.45973,0.45498,-1.06597,-0.01043,
1403638186195097088,4.94136,-10.00290,0.80350,0.33267,0.65827,-0.49890,0.45510,0.43338,-1.06105,-0.01884,
1403638186295097088,4.98526,-10.10877,0.80499,0.33539,0.66041,-0.49655,0.45256,0.43001,-1.06236,0.04167,
1403638186395097088,5.02896,-10.21598,0.81524,0.33733,0.66182,-0.49553,0.45017,0.43698,-1.05899,0.11648,
1403638186495096832,5.07214,-10.32232,0.82875,0.33932,0.66103,-0.49471,0.45073,0.42886,-1.03500,0.14655,
1403638186595097088,5.11783,-10.43005,0.84579,0.34218,0.66218,-0.49379,0.44788,0.44689,-1.03225,0.11589,
1403638186695097088,5.16549,-10.53438,0.85284,0.34654,0.66386,-0.49173,0.44430,0.47878,-1.03844,0.05664,
1403638186795097088,5.21669,-10.64194,0.85938,0.35156,0.66782,-0.48498,0.44184,0.51994,-1.04056,0.01022,
1403638186895097088,5.27188,-10.74422,0.85641,0.35191,0.67494,-0.47568,0.44084,0.57929,-1.02386,-0.03529,
1403638186995096832,5.33650,-10.84827,0.85501,0.34435,0.68323,-0.46508,0.44533,0.66530,-1.00534,-0.01066,
1403638187095097088,5.40738,-10.94876,0.86036,0.32949,0.68915,-0.45165,0.46100,0.73163,-1.00100,0.08420,
1403638187195097088,5.48280,-11.04645,0.87257,0.31388,0.69508,-0.43327,0.48024,0.75968,-0.95587,0.14835,
1403638187295097088,5.55962,-11.14107,0.89223,0.29994,0.70117,-0.41136,0.49918,0.75902,-0.92661,0.22057,
1403638187395097088,5.63540,-11.23080,0.91823,0.28905,0.70663,-0.39114,0.51394,0.73645,-0.87163,0.28956,
1403638187495096832,5.70802,-11.31620,0.94789,0.28073,0.71186,-0.37594,0.52260,0.69677,-0.80985,0.30335,
1403638187595097088,5.77524,-11.39337,0.97738,0.27194,0.71965,-0.36818,0.52211,0.65781,-0.75125,0.27784,
1403638187695097088,5.83834,-11.46307,1.00558,0.26545,0.72692,-0.36485,0.51769,0.63469,-0.70641,0.24352,
1403638187795097088,5.90061,-11.52931,1.02895,0.26520,0.73141,-0.36108,0.51413,0.62725,-0.67137,0.18537,
1403638187895097088,5.96259,-11.58896,1.04808,0.27064,0.73349,-0.35624,0.51171,0.63042,-0.61156,0.15412,
1403638187995096832,6.02611,-11.64828,1.06269,0.27826,0.73189,-0.35184,0.51295,0.63543,-0.55544,0.12689,
1403638188095097088,6.09024,-11.69693,1.07570,0.28711,0.72987,-0.34750,0.51390,0.64543,-0.47510,0.08269,
1403638188195097088,6.15748,-11.74044,1.08276,0.29463,0.72673,-0.34437,0.51621,0.66896,-0.38235,0.03201,
1403638188295097088,6.22701,-11.77519,1.08459,0.29483,0.71622,-0.34595,0.52955,0.68192,-0.27847,-0.01276,
1403638188395097088,6.29854,-11.79886,1.08678,0.29407,0.70311,-0.34764,0.54618,0.65387,-0.17132,-0.04286,
1403638188495096832,6.36721,-11.81411,1.08569,0.29288,0.69324,-0.34953,0.55810,0.59431,-0.04846,-0.06907,
1403638188595097088,6.42977,-11.81948,1.08364,0.29156,0.68789,-0.34995,0.56510,0.52082,0.09460,-0.05333,
1403638188695097088,6.48529,-11.81137,1.08745,0.28714,0.69189,-0.34768,0.56387,0.44057,0.24094,0.03832,
1403638188795097088,6.53229,-11.78815,1.09827,0.27901,0.70152,-0.34521,0.55754,0.34244,0.37017,0.09903,
1403638188895097088,6.57445,-11.75615,1.11851,0.27203,0.70929,-0.34276,0.55265,0.32167,0.42629,0.23890,
1403638188995096832,6.60818,-11.71385,1.14654,0.26657,0.71539,-0.34054,0.54881,0.27607,0.50747,0.32812,
1403638189095097088,6.63897,-11.66388,1.18185,0.25877,0.71966,-0.33570,0.54994,0.24030,0.57630,0.36809,
1403638189195097088,6.66173,-11.60402,1.21441,0.24805,0.72482,-0.32697,0.55335,0.19380,0.64546,0.30963,
1403638189295097088,6.67842,-11.53717,1.23925,0.23431,0.73299,-0.31536,0.55532,0.14431,0.69255,0.25392,
1403638189395097088,6.68918,-11.46570,1.25661,0.22002,0.74672,-0.30439,0.54895,0.08953,0.72165,0.19136,
1403638189495096832,6.69594,-11.39154,1.27271,0.20713,0.76114,-0.29613,0.53858,0.06023,0.73743,0.23657,
1403638189595097088,6.70096,-11.31713,1.29511,0.19758,0.76969,-0.29039,0.53311,0.06084,0.71527,0.33745,
1403638189695097088,6.70718,-11.24498,1.32234,0.18882,0.77605,-0.28810,0.52829,0.07600,0.68431,0.31066,
1403638189795097088,6.71131,-11.17525,1.34359,0.18086,0.78139,-0.28898,0.52270,0.08188,0.64088,0.23629,
1403638189895097088,6.71827,-11.11067,1.35822,0.17796,0.78672,-0.28886,0.51571,0.11446,0.58957,0.18433,
1403638189995096832,6.73054,-11.05241,1.36767,0.17817,0.78808,-0.28861,0.51370,0.15460,0.52603,0.12677,
1403638190095097088,6.74660,-11.00050,1.37394,0.18210,0.78277,-0.28654,0.52154,0.20037,0.47258,0.09050,
1403638190195097088,6.76555,-10.95327,1.37543,0.18910,0.77518,-0.28317,0.53211,0.21707,0.44536,0.01874,
1403638190295097088,6.78662,-10.90741,1.37256,0.20296,0.76865,-0.27234,0.54205,0.21810,0.45812,-0.03712,
1403638190395097088,6.80841,-10.85913,1.36318,0.21505,0.76627,-0.25581,0.54877,0.22017,0.50889,-0.08342,
1403638190495096832,6.83189,-10.80486,1.34810,0.21969,0.76811,-0.24298,0.55018,0.21921,0.58831,-0.15614,
1403638190595097088,6.85690,-10.74459,1.32819,0.21389,0.77123,-0.23832,0.55014,0.23089,0.66183,-0.18593,
1403638190695097088,6.88356,-10.67756,1.30859,0.20718,0.77301,-0.23660,0.55095,0.22868,0.72785,-0.16976,
1403638190795097088,6.90938,-10.60164,1.29397,0.19888,0.77323,-0.23719,0.55345,0.21136,0.80072,-0.15754,
1403638190895097088,6.93593,-10.51963,1.28539,0.18781,0.77371,-0.24139,0.55483,0.22166,0.83102,-0.05181,
1403638190995096832,6.96156,-10.43401,1.28607,0.18267,0.77377,-0.24264,0.55591,0.18563,0.87119,0.02283,
1403638191095097088,6.98499,-10.34533,1.29500,0.18176,0.77086,-0.24208,0.56048,0.15342,0.89420,0.09508,
1403638191195097088,7.00482,-10.25661,1.30977,0.17947,0.77474,-0.24347,0.55523,0.13937,0.90066,0.14194,
1403638191295097088,7.02264,-10.16726,1.33168,0.17509,0.78194,-0.24730,0.54476,0.12691,0.91321,0.19473,
1403638191395097088,7.03965,-10.08047,1.35831,0.17539,0.78667,-0.24792,0.53752,0.13601,0.89705,0.19227,
1403638191495096832,7.05790,-9.99462,1.38005,0.17445,0.78806,-0.24982,0.53491,0.17077,0.87468,0.15249,
1403638191595097088,7.07657,-9.90976,1.39394,0.17676,0.78813,-0.24930,0.53428,0.19218,0.86139,0.08331,
1403638191695097088,7.10247,-9.82963,1.40559,0.18036,0.78905,-0.24777,0.53243,0.22951,0.83576,0.03171,
1403638191795097088,7.12807,-9.74668,1.40805,0.18634,0.79023,-0.24428,0.53022,0.27300,0.83502,-0.01743,
1403638191895097088,7.16316,-9.66584,1.40726,0.18866,0.79068,-0.24356,0.52907,0.32030,0.83630,-0.04966,
1403638191995096832,7.19838,-9.58263,1.40412,0.18796,0.79064,-0.24417,0.52910,0.36086,0.84149,-0.02015,
1403638192095097088,7.24106,-9.50074,1.40813,0.18943,0.79057,-0.24348,0.52899,0.41427,0.84747,0.06343,
1403638192195097088,7.28631,-9.41577,1.42105,0.18718,0.78892,-0.24471,0.53169,0.47226,0.84766,0.17791,
1403638192295097088,7.33845,-9.32884,1.44482,0.18551,0.78413,-0.24570,0.53884,0.52013,0.84297,0.27871,
1403638192395097088,7.39393,-9.23770,1.47581,0.18493,0.77975,-0.24574,0.54535,0.54171,0.85474,0.34433,
1403638192495096832,7.44999,-9.14612,1.51302,0.18426,0.77740,-0.24606,0.54878,0.53278,0.87300,0.42155,
1403638192595097088,7.50538,-9.04812,1.55515,0.18607,0.77377,-0.24516,0.55367,0.52959,0.89311,0.44724,
1403638192695097088,7.56071,-8.94729,1.59705,0.18757,0.76642,-0.24480,0.56346,0.50125,0.92999,0.40040,
1403638192795097088,7.61060,-8.84479,1.63320,0.18851,0.75921,-0.24459,0.57293,0.44836,0.96879,0.33610,
1403638192895097088,7.65049,-8.73851,1.66404,0.18558,0.75077,-0.24626,0.58417,0.37725,1.02189,0.30941,
1403638192995096832,7.68021,-8.63071,1.69186,0.17786,0.73830,-0.24995,0.60067,0.26391,1.05402,0.26933,
1403638193095097088,7.69584,-8.51829,1.71805,0.16890,0.73580,-0.24936,0.60654,0.11361,1.09055,0.28668,
1403638193195097088,7.69680,-8.40514,1.75036,0.16407,0.74564,-0.24241,0.59862,-0.02358,1.11057,0.36690,
1403638193295097088,7.68168,-8.29199,1.78793,0.16196,0.75447,-0.23421,0.59134,-0.17567,1.14447,0.46143,
1403638193395097088,7.65319,-8.17996,1.83765,0.16486,0.76035,-0.22470,0.58668,-0.26446,1.14335,0.54831,
1403638193495096832,7.61624,-8.06847,1.88959,0.16656,0.76152,-0.21805,0.58720,-0.33789,1.15777,0.52699,
1403638193595097088,7.57275,-7.95463,1.93515,0.16522,0.76338,-0.21505,0.58626,-0.41159,1.18913,0.44016,
1403638193695097088,7.52643,-7.83624,1.97168,0.16177,0.77106,-0.21543,0.57696,-0.47375,1.20894,0.35601,
1403638193795097088,7.47819,-7.71402,2.00354,0.15646,0.77847,-0.21811,0.56739,-0.51658,1.21985,0.29256,
1403638193895097088,7.42396,-7.59331,2.02912,0.15483,0.78259,-0.21947,0.56162,-0.54081,1.21839,0.24675,
1403638193995096832,7.37124,-7.47020,2.05056,0.15316,0.78478,-0.22127,0.55829,-0.53306,1.21450,0.19365,
1403638194095097088,7.31860,-7.34834,2.06685,0.15570,0.78267,-0.22064,0.56080,-0.53474,1.19717,0.14827,
1403638194195097088,7.26389,-7.22977,2.07876,0.15852,0.77723,-0.21966,0.56792,-0.55464,1.18863,0.09668,
1403638194295097088,7.20670,-7.10759,2.08271,0.15972,0.77396,-0.21959,0.57206,-0.58488,1.20864,0.02451,
1403638194395097088,7.14261,-6.98687,2.08392,0.15698,0.77755,-0.22202,0.56700,-0.62365,1.21150,0.05793,
1403638194495096832,7.07780,-6.86779,2.09167,0.15375,0.78137,-0.22511,0.56138,-0.64301,1.19337,0.12155,
1403638194595097088,7.01045,-6.74644,2.10431,0.15328,0.78492,-0.22649,0.55598,-0.68223,1.20030,0.15170,
1403638194695097088,6.94619,-6.62611,2.12081,0.15191,0.79029,-0.22874,0.54777,-0.65568,1.16791,0.16163,
1403638194795097088,6.88283,-6.51276,2.13423,0.15205,0.79418,-0.23002,0.54153,-0.63544,1.13470,0.12746,
1403638194895097088,6.82374,-6.40279,2.14412,0.15251,0.79720,-0.23102,0.53651,-0.60024,1.09915,0.06016,
1403638194995096832,6.76835,-6.29761,2.14729,0.15254,0.79877,-0.23147,0.53396,-0.56527,1.05619,0.00123,
1403638195095097088,6.71884,-6.19564,2.14666,0.15285,0.79996,-0.23142,0.53211,-0.50904,1.01969,-0.05371,
1403638195195097088,6.67541,-6.10212,2.13859,0.15038,0.80334,-0.23335,0.52685,-0.45433,0.98406,-0.11444,
1403638195295097088,6.63688,-6.00929,2.12645,0.14543,0.81133,-0.23672,0.51436,-0.38439,0.92356,-0.15084,
1403638195395097088,6.61258,-5.93058,2.11095,0.14417,0.81388,-0.23749,0.51030,-0.27397,0.83495,-0.15288,
1403638195495096832,6.59987,-5.86183,2.09736,0.14755,0.80531,-0.23558,0.52365,-0.18863,0.76783,-0.16586,
1403638195595097088,6.59034,-5.79434,2.07915,0.15142,0.79592,-0.23304,0.53784,-0.13557,0.71756,-0.21322,
1403638195695097088,6.58338,-5.72820,2.05744,0.15256,0.79340,-0.23193,0.54172,-0.11073,0.68511,-0.20469,
1403638195795097088,6.57702,-5.66262,2.04072,0.15081,0.79525,-0.23291,0.53907,-0.07887,0.65217,-0.14552,
1403638195895097088,6.56990,-5.59796,2.03017,0.14939,0.80020,-0.23332,0.53191,-0.04142,0.61423,-0.07929,
1403638195995096832,6.56956,-5.53717,2.02878,0.14725,0.80465,-0.23457,0.52520,0.03212,0.55580,-0.00207,
1403638196095097088,6.57499,-5.48160,2.03581,0.14740,0.80487,-0.23427,0.52495,0.11474,0.49361,0.10040,
1403638196195097088,6.58586,-5.42765,2.05142,0.14988,0.80027,-0.23227,0.53213,0.16166,0.45572,0.19805,
1403638196295097088,6.59709,-5.37615,2.06888,0.15222,0.79521,-0.23057,0.53973,0.17116,0.44700,0.19577,
1403638196395097088,6.61041,-5.32729,2.08565,0.15240,0.79351,-0.23037,0.54226,0.17433,0.44651,0.11781,
1403638196495096832,6.62660,-5.28227,2.09458,0.15189,0.79395,-0.23103,0.54147,0.18680,0.42210,0.04216,
1403638196595097088,6.64627,-5.24295,2.09620,0.14920,0.79699,-0.23359,0.53664,0.20283,0.39856,-0.03300,
1403638196695097088,6.66737,-5.20733,2.09105,0.14559,0.80298,-0.23685,0.52719,0.23605,0.34667,-0.08728,
1403638196795097088,6.68967,-5.17449,2.08133,0.14543,0.80518,-0.23735,0.52364,0.27541,0.30657,-0.11648,
1403638196895097088,6.71828,-5.14671,2.06990,0.14666,0.80268,-0.23696,0.52731,0.32604,0.24826,-0.12355,
1403638196995096832,6.75410,-5.12464,2.06165,0.14901,0.79759,-0.23504,0.53516,0.35916,0.20222,-0.05376,
1403638197095097088,6.79126,-5.10688,2.06041,0.15078,0.79412,-0.23403,0.54026,0.36293,0.18531,-0.00328,
1403638197195097088,6.82822,-5.09234,2.06535,0.15389,0.79288,-0.23202,0.54205,0.39427,0.15039,0.05776,
1403638197295097088,6.86853,-5.07827,2.07614,0.16141,0.79065,-0.22652,0.54544,0.40057,0.14535,0.15820,
1403638197395097088,6.90780,-5.06544,2.09457,0.17014,0.78828,-0.22037,0.54873,0.39908,0.16382,0.20139,
1403638197495096832,6.94803,-5.04859,2.11871,0.17363,0.78618,-0.21778,0.55167,0.40400,0.20631,0.27264,
1403638197595097088,6.98744,-5.02937,2.14892,0.17241,0.78490,-0.21807,0.55376,0.39749,0.23350,0.32862,
1403638197695097088,7.02868,-5.00418,2.18396,0.17260,0.78470,-0.21780,0.55409,0.40034,0.26320,0.34893,
1403638197795097088,7.06975,-4.97688,2.21567,0.17186,0.78472,-0.21766,0.55434,0.39425,0.28997,0.28990,
1403638197895097088,7.11082,-4.94563,2.24320,0.16775,0.78111,-0.21991,0.55979,0.39707,0.31196,0.23679,
1403638197995096832,7.15141,-4.91148,2.26326,0.16687,0.77197,-0.21972,0.57266,0.37341,0.33986,0.09515,
1403638198095097088,7.18965,-4.87561,2.26318,0.16586,0.76943,-0.22006,0.57622,0.32775,0.36691,-0.11589,
1403638198195097088,7.22160,-4.83646,2.24417,0.16264,0.77222,-0.22240,0.57251,0.26582,0.40554,-0.29808,
1403638198295097088,7.25025,-4.79220,2.21326,0.16244,0.77561,-0.22274,0.56783,0.22252,0.43805,-0.37006,
1403638198395097088,7.27721,-4.74475,2.17737,0.16374,0.77951,-0.22174,0.56248,0.19724,0.45438,-0.41335,
1403638198495096832,7.30534,-4.69437,2.13948,0.16935,0.78295,-0.21796,0.55750,0.18757,0.48050,-0.44189,
1403638198595097088,7.32915,-4.64230,2.09672,0.18233,0.78548,-0.20842,0.55348,0.19240,0.51921,-0.44941,
1403638198695097088,7.35838,-4.58327,2.05648,0.19954,0.78521,-0.19582,0.55252,0.21576,0.60049,-0.42706,
1403638198795097088,7.38527,-4.51612,2.02018,0.21227,0.78355,-0.18611,0.55349,0.23658,0.73503,-0.34317,
1403638198895097088,7.41559,-4.43239,1.99194,0.21506,0.78328,-0.18345,0.55368,0.25430,0.88433,-0.25213,
1403638198995096832,7.44252,-4.33649,1.96975,0.21253,0.78438,-0.18532,0.55249,0.27262,1.02584,-0.17773,
1403638199095097088,7.48137,-4.22577,1.95938,0.20932,0.78520,-0.18814,0.55159,0.32849,1.14744,-0.05610,
1403638199195097088,7.52473,-4.10154,1.95969,0.20713,0.78421,-0.19063,0.55297,0.36537,1.27391,0.05003,
1403638199295097088,7.56974,-3.96556,1.96938,0.20593,0.78069,-0.19184,0.55795,0.40542,1.38435,0.15034,
1403638199395097088,7.61537,-3.81847,1.98434,0.20863,0.77949,-0.19100,0.55892,0.39387,1.49920,0.19205,
1403638199495096832,7.65572,-3.66272,2.00477,0.21266,0.78165,-0.18947,0.55489,0.40389,1.61326,0.26311,
1403638199595097088,7.69897,-3.49515,2.03181,0.21302,0.78570,-0.18602,0.55017,0.44784,1.72933,0.30653,
1403638199695097088,7.74470,-3.31702,2.06621,0.20371,0.78799,-0.18210,0.55174,0.47662,1.85517,0.36868,
1403638199795097088,7.79147,-3.12978,2.10287,0.18463,0.79052,-0.18529,0.55377,0.47785,1.92252,0.33264,
1403638199895097088,7.83842,-2.93631,2.13522,0.16924,0.79268,-0.18783,0.55474,0.48219,1.95847,0.27616,
1403638199995096832,7.88497,-2.74022,2.16331,0.15997,0.79397,-0.18687,0.55597,0.48562,1.98378,0.23896,
1403638200095097088,7.93011,-2.54175,2.18660,0.15472,0.79619,-0.17839,0.55707,0.47982,1.99415,0.19357,
1403638200195097088,7.97360,-2.34089,2.20996,0.15397,0.79621,-0.16144,0.56238,0.47263,2.02430,0.24271,
1403638200295097088,8.01912,-2.13662,2.23925,0.14714,0.79352,-0.14488,0.57243,0.45956,2.07974,0.30661,
1403638200395097088,8.06122,-1.92688,2.27498,0.13889,0.79199,-0.12842,0.58049,0.44173,2.12568,0.36971,
1403638200495096832,8.09869,-1.71234,2.31655,0.13765,0.79477,-0.11091,0.58059,0.41673,2.17751,0.44901,
1403638200595097088,8.13225,-1.49100,2.36468,0.13474,0.79802,-0.09554,0.57956,0.37654,2.26044,0.50415,
1403638200695097088,8.16339,-1.26196,2.41831,0.13372,0.80054,-0.07679,0.57910,0.36242,2.33093,0.54336,
1403638200795097088,8.19278,-1.02369,2.47244,0.12847,0.80481,-0.06511,0.57579,0.33145,2.41652,0.51977,
1403638200895097088,8.22149,-0.77657,2.52112,0.12052,0.80845,-0.06064,0.57289,0.32571,2.50351,0.45073,
1403638200995096832,8.25128,-0.52182,2.56287,0.10434,0.80890,-0.06577,0.57487,0.31920,2.56671,0.38713,
1403638201095097088,8.27936,-0.26262,2.59728,0.09237,0.80820,-0.07100,0.57727,0.29919,2.59720,0.30378,
1403638201195097088,8.30432,-0.00042,2.62414,0.08683,0.80765,-0.07465,0.57843,0.27403,2.61288,0.23710,
1403638201295097088,8.32480,0.26310,2.64323,0.08475,0.80697,-0.07755,0.57932,0.24554,2.62355,0.16435,
1403638201395097088,8.34385,0.52545,2.65638,0.08737,0.80723,-0.07736,0.57859,0.22141,2.62012,0.10465,
1403638201495096832,8.36145,0.78839,2.66115,0.08803,0.80582,-0.07930,0.58019,0.20249,2.62991,0.02590,
1403638201595097088,8.37679,1.05050,2.65861,0.09153,0.80424,-0.07924,0.58185,0.17465,2.63776,-0.03894,
1403638201695097088,8.38957,1.31269,2.64809,0.09121,0.80272,-0.08101,0.58374,0.13508,2.63913,-0.13589,
1403638201795097088,8.39994,1.57430,2.62816,0.09296,0.80265,-0.08141,0.58351,0.09519,2.64085,-0.21189,
1403638201895097088,8.40856,1.83808,2.60265,0.09110,0.80275,-0.08270,0.58348,0.05836,2.65994,-0.25081,
1403638201995096832,8.41447,2.10514,2.57924,0.08709,0.80392,-0.07826,0.58309,-0.00504,2.68342,-0.20470,
1403638202095097088,8.41303,2.37296,2.56059,0.07650,0.80562,-0.07574,0.58257,-0.05461,2.68941,-0.17222,
1403638202195097088,8.41147,2.64162,2.54801,0.06472,0.80956,-0.07574,0.57852,-0.10273,2.67199,-0.10885,
1403638202295097088,8.40693,2.90712,2.54232,0.05684,0.81467,-0.07479,0.57226,-0.09262,2.63713,-0.03166,
1403638202395097088,8.40704,3.16747,2.54277,0.05299,0.81648,-0.07327,0.57025,-0.07245,2.58048,-0.02058,
1403638202495096832,8.41108,3.42306,2.54051,0.05044,0.81745,-0.07207,0.56924,-0.04973,2.53969,-0.08616,
1403638202595097088,8.41646,3.67288,2.53003,0.04599,0.81840,-0.07389,0.56802,-0.02669,2.47546,-0.15450,
1403638202695097088,8.42242,3.91478,2.51333,0.04499,0.81987,-0.07439,0.56592,0.00384,2.40783,-0.19294,
1403638202795097088,8.43011,4.15086,2.49076,0.04630,0.81957,-0.07393,0.56630,0.01925,2.33608,-0.23712,
1403638202895097088,8.43867,4.38108,2.46388,0.04805,0.81845,-0.07322,0.56786,0.03189,2.29075,-0.24895,
1403638202995096832,8.44861,4.60624,2.43685,0.04697,0.81782,-0.07472,0.56866,0.03377,2.24017,-0.21808,
1403638203095097088,8.45870,4.82717,2.41344,0.04655,0.81726,-0.07539,0.56942,0.02710,2.18482,-0.15961,
1403638203195097088,8.46632,5.04423,2.39825,0.05023,0.81470,-0.07343,0.57302,0.02350,2.13886,-0.08933,
1403638203295097088,8.47380,5.25636,2.39045,0.05109,0.81192,-0.07279,0.57696,0.00283,2.10062,-0.02512,
1403638203395097088,8.47955,5.46428,2.38381,0.04955,0.81073,-0.07361,0.57865,-0.01188,2.05293,-0.06799,
1403638203495096832,8.48435,5.66808,2.37178,0.04799,0.81078,-0.07491,0.57855,-0.01536,2.01225,-0.12734,
1403638203595097088,8.48704,5.86951,2.35479,0.04521,0.81107,-0.07710,0.57808,-0.03455,1.96386,-0.14079,
1403638203695097088,8.48498,6.06402,2.33852,0.04475,0.81222,-0.07717,0.57649,-0.06098,1.91399,-0.08536,
1403638203795097088,8.47860,6.25494,2.33054,0.04642,0.81198,-0.07599,0.57685,-0.07465,1.85887,-0.01341,
1403638203895097088,8.46995,6.43973,2.32942,0.04680,0.81147,-0.07494,0.57768,-0.10865,1.80805,0.04295,
1403638203995096832,8.45901,6.61877,2.33571,0.04514,0.81202,-0.07475,0.57706,-0.12502,1.76189,0.09500,
1403638204095097088,8.44548,6.79429,2.34938,0.04328,0.81423,-0.07471,0.57409,-0.14901,1.72211,0.18154,
1403638204195097088,8.43008,6.96513,2.37003,0.03775,0.81673,-0.07741,0.57055,-0.15482,1.67001,0.25056,
1403638204295097088,8.41414,7.13029,2.39639,0.02860,0.82005,-0.08367,0.56542,-0.14092,1.60457,0.29024,
1403638204395097088,8.39846,7.28579,2.42475,0.01775,0.82410,-0.09224,0.55860,-0.12740,1.50549,0.30851,
1403638204495096832,8.38535,7.43229,2.45183,0.01358,0.82522,-0.09679,0.55629,-0.10859,1.40377,0.26126,
1403638204595097088,8.37359,7.56987,2.47449,0.01201,0.82327,-0.09735,0.55911,-0.07981,1.30358,0.19703,
1403638204695097088,8.36326,7.70158,2.48894,0.01197,0.82336,-0.08996,0.56022,-0.07004,1.22118,0.13002,
1403638204795097088,8.35599,7.82381,2.49490,0.01449,0.82442,-0.07295,0.56107,-0.06093,1.14325,0.05742,
1403638204895097088,8.35100,7.93832,2.49328,0.01828,0.82348,-0.04601,0.56518,-0.04501,1.11227,-0.02179,
1403638204995096832,8.34647,8.04890,2.48400,0.01136,0.82341,-0.01629,0.56710,-0.03644,1.10432,-0.08326,
1403638205095097088,8.34359,8.15960,2.47076,-0.00271,0.82268,0.01847,0.56819,-0.02595,1.12255,-0.12991,
1403638205195097088,8.33875,8.26813,2.45810,-0.02787,0.82012,0.05521,0.56884,-0.03341,1.13214,-0.07971,
1403638205295097088,8.33395,8.37779,2.45279,-0.05543,0.81507,0.09574,0.56870,-0.02991,1.13775,0.00388,
1403638205395097088,8.32863,8.48935,2.45630,-0.08336,0.80625,0.13639,0.56957,-0.03987,1.13406,0.08424,
1403638205495096832,8.32149,8.59978,2.46732,-0.10180,0.79528,0.17507,0.57141,-0.06182,1.11675,0.14687,
1403638205595097088,8.30897,8.70858,2.48535,-0.10928,0.78456,0.20704,0.57415,-0.13387,1.10895,0.22297,
1403638205695097088,8.29036,8.81855,2.50863,-0.11173,0.77280,0.23011,0.58081,-0.20022,1.14104,0.27807,
1403638205795097088,8.26227,8.93330,2.53863,-0.11829,0.76485,0.24730,0.58298,-0.30835,1.19218,0.30452,
1403638205895097088,8.22305,9.05487,2.57305,-0.12942,0.76062,0.26408,0.57877,-0.41190,1.25342,0.34721,
1403638205995096832,8.17619,9.18393,2.61357,-0.14757,0.75673,0.27980,0.57209,-0.50537,1.31394,0.41980,
1403638206095097088,8.12021,9.31627,2.66076,-0.16447,0.75120,0.29710,0.56602,-0.61087,1.32396,0.47100,
1403638206195097088,8.05255,9.44720,2.71158,-0.18082,0.74351,0.31400,0.56206,-0.68600,1.34001,0.46800,
1403638206295097088,7.97871,9.57897,2.75968,-0.19795,0.73587,0.32826,0.55817,-0.76050,1.35159,0.41059,
1403638206395097088,7.89848,9.70672,2.80181,-0.21820,0.73193,0.33435,0.55216,-0.81116,1.30471,0.35283,
1403638206495096832,7.81423,9.83055,2.83939,-0.23239,0.72824,0.33716,0.54953,-0.85534,1.26060,0.29493,
1403638206595097088,7.72635,9.95051,2.86824,-0.24052,0.72542,0.33898,0.54864,-0.89322,1.19958,0.22715,
1403638206695097088,7.63517,10.07007,2.88951,-0.24798,0.72256,0.34129,0.54766,-0.94048,1.15764,0.16442,
1403638206795097088,7.53809,10.18176,2.90407,-0.25415,0.72009,0.34818,0.54374,-0.97491,1.08775,0.09468,
1403638206895097088,7.43719,10.28616,2.91200,-0.25862,0.71668,0.35377,0.54253,-1.00131,1.03788,0.03795,
1403638206995096832,7.33344,10.38916,2.91619,-0.26478,0.71306,0.35530,0.54332,-1.03278,0.97897,-0.01374,
1403638207095097088,7.22720,10.48249,2.91301,-0.26771,0.70959,0.35682,0.54544,-1.05684,0.90283,-0.07979,
1403638207195097088,7.11673,10.57414,2.90274,-0.27153,0.70827,0.35718,0.54501,-1.10456,0.83370,-0.16984,
1403638207295097088,7.00187,10.65634,2.88269,-0.27577,0.70418,0.36250,0.54468,-1.15350,0.76160,-0.23530,
1403638207395097088,6.87810,10.73557,2.85899,-0.28474,0.69717,0.37030,0.54384,-1.20411,0.69971,-0.26514,
1403638207495096832,6.75261,10.80029,2.83591,-0.29569,0.68799,0.38390,0.54024,-1.26785,0.59749,-0.21428,
1403638207595097088,6.62129,10.85672,2.81859,-0.30372,0.68318,0.39977,0.53028,-1.31338,0.48918,-0.14889,
1403638207695097088,6.48853,10.90018,2.80660,-0.31039,0.68487,0.41223,0.51447,-1.31754,0.39385,-0.08467,
1403638207795097088,6.35540,10.93665,2.80320,-0.31593,0.68614,0.42009,0.50292,-1.30707,0.32408,0.01189,
1403638207895097088,6.22365,10.96698,2.80641,-0.31719,0.69006,0.42625,0.49146,-1.27410,0.28253,0.09691,
1403638207995096832,6.09427,10.99251,2.81699,-0.31654,0.69170,0.42991,0.48635,-1.23786,0.24359,0.13084,
1403638208095097088,5.96741,11.01451,2.82723,-0.31734,0.69054,0.43011,0.48730,-1.21526,0.19548,0.08397,
1403638208195097088,5.84245,11.03383,2.83393,-0.32191,0.68773,0.42603,0.49184,-1.18999,0.16110,0.01995,
1403638208295097088,5.72071,11.05015,2.83191,-0.32109,0.68667,0.42444,0.49521,-1.17634,0.12835,-0.05589,
1403638208395097088,5.60195,11.06063,2.82196,-0.31737,0.68989,0.42546,0.49226,-1.15852,0.08509,-0.13306,
1403638208495096832,5.48596,11.06736,2.80949,-0.31592,0.69122,0.42853,0.48864,-1.14608,0.05751,-0.11189,
1403638208595097088,5.37159,11.06998,2.80133,-0.31876,0.68879,0.43631,0.48332,-1.12882,0.02338,-0.04134,
1403638208695097088,5.25931,11.07148,2.80038,-0.32562,0.68341,0.44407,0.47929,-1.10401,0.00779,0.02723,
1403638208795097088,5.15105,11.06937,2.80559,-0.33259,0.67894,0.45018,0.47515,-1.06141,-0.03144,0.09125,
1403638208895097088,5.04719,11.06466,2.81259,-0.33646,0.67367,0.45606,0.47432,-1.02678,-0.05087,0.05360,
1403638208995096832,4.94616,11.05789,2.81419,-0.33914,0.66975,0.46042,0.47375,-0.99940,-0.09110,-0.02997,
1403638209095097088,4.84688,11.04706,2.80903,-0.34202,0.66802,0.46276,0.47184,-0.97873,-0.12202,-0.10267,
1403638209195097088,4.75029,11.03460,2.79622,-0.34249,0.66714,0.46469,0.47085,-0.95328,-0.15306,-0.15749,
1403638209295097088,4.65606,11.01957,2.77751,-0.34444,0.66721,0.46453,0.46947,-0.92016,-0.16648,-0.22303,
1403638209395097088,4.56442,11.00227,2.75242,-0.34567,0.66768,0.46422,0.46820,-0.89540,-0.18514,-0.27688,
1403638209495096832,4.47557,10.98385,2.72123,-0.34742,0.66700,0.46312,0.46896,-0.85663,-0.19634,-0.34687,
1403638209595097088,4.38971,10.96169,2.67816,-0.34907,0.66557,0.46152,0.47135,-0.82548,-0.22297,-0.53039,
1403638209695097088,4.30715,10.93860,2.61533,-0.34865,0.66719,0.46069,0.47018,-0.79508,-0.24574,-0.71372,
1403638209795097088,4.22444,10.91151,2.53532,-0.34563,0.66605,0.46209,0.47264,-0.77674,-0.26900,-0.88955,
1403638209895097088,4.14190,10.87984,2.44045,-0.34401,0.66390,0.46266,0.47628,-0.76619,-0.30466,-0.98435,
1403638209995096832,4.06699,10.84921,2.33898,-0.34551,0.66000,0.46115,0.48204,-0.75825,-0.33433,-1.01215,
1403638210095097088,3.98985,10.81161,2.23624,-0.34905,0.65570,0.45828,0.48806,-0.75574,-0.38517,-0.96676,
1403638210195097088,3.91381,10.77054,2.14267,-0.35275,0.65224,0.45546,0.49265,-0.76754,-0.47043,-0.90600,
1403638210295097088,3.83744,10.71598,2.05167,-0.35371,0.65248,0.45480,0.49225,-0.77681,-0.56766,-0.85590,
1403638210395097088,3.75854,10.65826,1.96647,-0.35278,0.65331,0.45507,0.49157,-0.78204,-0.63994,-0.86818,
1403638210495096832,3.67790,10.58956,1.87754,-0.35372,0.65364,0.45400,0.49145,-0.77900,-0.70964,-0.90864,
1403638210595097088,3.59853,10.51417,1.78303,-0.35354,0.65325,0.45344,0.49261,-0.78507,-0.77698,-0.96958,
1403638210695097088,3.52002,10.43441,1.68417,-0.35603,0.65357,0.45111,0.49254,-0.77908,-0.84420,-0.98205,
1403638210795097088,3.44151,10.34394,1.58815,-0.35607,0.65365,0.45066,0.49282,-0.78892,-0.93814,-0.92555,
1403638210895097088,3.36131,10.24577,1.50029,-0.35575,0.65679,0.45100,0.48854,-0.77780,-0.99510,-0.84762,
1403638210995096832,3.27977,10.14174,1.41891,-0.35330,0.66045,0.45284,0.48365,-0.78026,-1.07041,-0.79172,
1403638211095097088,3.20223,10.03182,1.34701,-0.35181,0.66340,0.45420,0.47941,-0.75911,-1.10295,-0.67457,
1403638211195097088,3.12583,9.92235,1.28478,-0.35134,0.66647,0.45465,0.47504,-0.72540,-1.11439,-0.60711,
1403638211295097088,3.05424,9.81399,1.23062,-0.34961,0.66779,0.45495,0.47419,-0.68573,-1.11511,-0.52711,
1403638211395097088,2.98634,9.70162,1.18022,-0.34620,0.67094,0.45071,0.47628,-0.65191,-1.15414,-0.54823,
1403638211495096832,2.92015,9.58522,1.12584,-0.34021,0.67757,0.44203,0.47934,-0.62858,-1.19552,-0.58468,
1403638211595097088,2.85533,9.46549,1.06401,-0.33387,0.68632,0.42851,0.48361,-0.59935,-1.22461,-0.65716,
1403638211695097088,2.79508,9.34046,0.99711,-0.32653,0.69618,0.41022,0.49033,-0.56314,-1.26448,-0.70269,
1403638211795097088,2.74082,9.21069,0.92902,-0.31594,0.70949,0.38899,0.49548,-0.52020,-1.30647,-0.69659,
1403638211895097088,2.69263,9.07892,0.86334,-0.30575,0.72312,0.36546,0.50005,-0.46765,-1.33055,-0.65621,
1403638211995096832,2.64897,8.94288,0.80399,-0.29199,0.73473,0.34363,0.50679,-0.41363,-1.37616,-0.56046,
1403638212095097088,2.61249,8.80351,0.75267,-0.27706,0.74416,0.32364,0.51451,-0.34850,-1.40672,-0.48509,
1403638212195097088,2.58061,8.66116,0.71142,-0.25958,0.75155,0.30568,0.52379,-0.30374,-1.44843,-0.39232,
1403638212295097088,2.55017,8.51330,0.67799,-0.24379,0.75931,0.28607,0.53120,-0.30040,-1.49143,-0.28926,
1403638212395097088,2.52129,8.36168,0.65068,-0.22663,0.76609,0.26767,0.53861,-0.26632,-1.51188,-0.22511,
1403638212495096832,2.49343,8.20519,0.62991,-0.21230,0.77256,0.24710,0.54500,-0.26720,-1.56882,-0.13654,
1403638212595097088,2.46628,8.04473,0.61624,-0.19801,0.77975,0.22637,0.54913,-0.25587,-1.59694,-0.06824,
1403638212695097088,2.43755,7.87958,0.60760,-0.18404,0.78660,0.20457,0.55276,-0.25927,-1.63344,-0.00636,
1403638212795097088,2.41038,7.71385,0.61096,-0.16688,0.79231,0.18350,0.55743,-0.25950,-1.66528,0.05917,
1403638212895097088,2.38243,7.54183,0.61431,-0.15177,0.79852,0.15929,0.56032,-0.27081,-1.69748,0.08568,
1403638212995096832,2.35696,7.36866,0.62398,-0.13377,0.80421,0.13506,0.56312,-0.25193,-1.72965,0.15040,
1403638213095097088,2.33355,7.19414,0.63934,-0.11696,0.80884,0.10853,0.56597,-0.23901,-1.74838,0.17560,
1403638213195097088,2.31300,7.01900,0.65420,-0.10264,0.81563,0.07983,0.56378,-0.22798,-1.76914,0.11729,
1403638213295097088,2.29508,6.84107,0.66233,-0.09132,0.82442,0.04899,0.55641,-0.18788,-1.79930,0.05740,
1403638213395097088,2.28321,6.65881,0.66411,-0.08150,0.83211,0.01718,0.54832,-0.13820,-1.83878,-0.00813,
1403638213495096832,2.27973,6.47319,0.66396,-0.07258,0.83589,-0.01433,0.54389,-0.06722,-1.91321,-0.04730,
1403638213595097088,2.28459,6.27898,0.65996,-0.05518,0.83339,-0.03491,0.54882,0.02024,-1.98650,-0.05012,
1403638213695097088,2.29424,6.07816,0.65800,-0.03169,0.82463,-0.04144,0.56326,0.05802,-2.02946,-0.00211,
1403638213795097088,2.30456,5.87411,0.65840,-0.01197,0.81774,-0.04224,0.57391,0.08263,-2.04242,0.04821,
1403638213895097088,2.31655,5.66918,0.66384,-0.00127,0.81479,-0.04273,0.57817,0.09688,-2.04246,0.10673,
1403638213995096832,2.32723,5.46591,0.67524,0.00324,0.81546,-0.04256,0.57723,0.07395,-2.02801,0.14545,
1403638214095097088,2.33597,5.26400,0.69073,0.00569,0.82136,-0.04057,0.56894,0.07208,-2.01055,0.17609,
1403638214195097088,2.34597,5.06461,0.71084,0.00472,0.82829,-0.03832,0.55897,0.10606,-1.98361,0.21929,
1403638214295097088,2.35845,4.86745,0.72902,0.00270,0.83353,-0.03555,0.55132,0.14095,-1.96014,0.16035,
1403638214395097088,2.37379,4.67164,0.74176,0.00122,0.83698,-0.03183,0.54631,0.20350,-1.94804,0.10599,
1403638214495096832,2.39555,4.48073,0.74746,0.00004,0.83492,-0.02747,0.54969,0.25499,-1.93761,0.04836,
1403638214595097088,2.41914,4.29163,0.75010,-0.00057,0.82869,-0.02371,0.55921,0.28607,-1.91028,-0.00915,
1403638214695097088,2.44512,4.10112,0.74758,-0.00187,0.82209,-0.02033,0.56899,0.28662,-1.89270,-0.05028,
1403638214795097088,2.47063,3.91318,0.74047,-0.00346,0.81688,-0.01721,0.57655,0.26426,-1.86407,-0.10089,
1403638214895097088,2.49398,3.72826,0.72727,-0.00432,0.81382,-0.01446,0.58093,0.23595,-1.84216,-0.16894,
1403638214995096832,2.51686,3.54742,0.70833,-0.00500,0.81204,-0.01280,0.58343,0.21916,-1.81387,-0.22573,
1403638215095097088,2.53818,3.37015,0.68445,-0.00454,0.81196,-0.01098,0.58359,0.19205,-1.78083,-0.26337,
1403638215195097088,2.55870,3.19447,0.65693,-0.00419,0.81328,-0.01005,0.58176,0.16639,-1.75237,-0.30808,
1403638215295097088,2.57811,3.02112,0.62698,-0.00060,0.81538,-0.00768,0.57888,0.15672,-1.71785,-0.31865,
1403638215395097088,2.59709,2.85058,0.59697,0.00365,0.81615,-0.00516,0.57781,0.16733,-1.66845,-0.28814,
1403638215495096832,2.61633,2.68545,0.57351,0.00754,0.81591,-0.00235,0.57812,0.15846,-1.61757,-0.20116,
1403638215595097088,2.63439,2.52599,0.55879,0.00905,0.81481,-0.00145,0.57966,0.14632,-1.55509,-0.13013,
1403638215695097088,2.65030,2.37240,0.55107,0.00593,0.81414,-0.00351,0.58063,0.12740,-1.49237,-0.07676,
1403638215795097088,2.66335,2.22453,0.54532,0.00321,0.81366,-0.00742,0.58128,0.10877,-1.46030,-0.09714,
1403638215895097088,2.67165,2.08177,0.53274,0.00436,0.81369,-0.01326,0.58113,0.08256,-1.42235,-0.14136,
1403638215995096832,2.67658,1.94176,0.51634,0.00590,0.81344,-0.01807,0.58134,0.04058,-1.39399,-0.20449,
1403638216095097088,2.67883,1.80637,0.49581,0.00951,0.81323,-0.02025,0.58151,0.02054,-1.35270,-0.20394,
1403638216195097088,2.67932,1.67376,0.47914,0.01205,0.81325,-0.02181,0.58137,-0.00544,-1.31117,-0.13152,
1403638216295097088,2.67784,1.54585,0.46908,0.01466,0.81213,-0.02297,0.58284,-0.01843,-1.26715,-0.07568,
1403638216395097088,2.67502,1.42314,0.46537,0.01671,0.81068,-0.02351,0.58477,-0.04675,-1.21987,-0.01264,
1403638216495096832,2.66877,1.30327,0.46652,0.01744,0.81017,-0.02413,0.58544,-0.07956,-1.16788,0.00819,
1403638216595097088,2.66102,1.18766,0.46442,0.01965,0.81093,-0.02360,0.58433,-0.10150,-1.12982,-0.06610,
1403638216695097088,2.64983,1.07758,0.45479,0.02255,0.81275,-0.02213,0.58175,-0.11826,-1.08334,-0.14355,
1403638216795097088,2.63928,0.97044,0.43871,0.02600,0.81193,-0.02068,0.58281,-0.12313,-1.03869,-0.18163,
1403638216895097088,2.62832,0.86810,0.41869,0.03024,0.80818,-0.02520,0.58762,-0.14230,-0.98869,-0.22070,
1403638216995096832,2.61187,0.77111,0.39512,0.03378,0.80704,-0.03575,0.58845,-0.18114,-0.94902,-0.25572,
1403638217095097088,2.59294,0.67781,0.36934,0.03795,0.80869,-0.05075,0.58482,-0.22403,-0.90367,-0.28164,
1403638217195097088,2.56998,0.58830,0.34177,0.04409,0.81033,-0.06548,0.58063,-0.23718,-0.86855,-0.29545,
1403638217295097088,2.54650,0.50434,0.31563,0.05086,0.81158,-0.07498,0.57717,-0.23351,-0.82723,-0.23592,
1403638217395097088,2.52224,0.42432,0.29787,0.05639,0.81265,-0.08151,0.57426,-0.24812,-0.78143,-0.12788,
1403638217495096832,2.49619,0.34914,0.28903,0.06144,0.81314,-0.08471,0.57259,-0.25557,-0.75014,-0.04754,
1403638217595097088,2.46988,0.27725,0.28820,0.06825,0.81419,-0.08414,0.57039,-0.25247,-0.70142,0.03517,
1403638217695097088,2.44327,0.20904,0.29460,0.07666,0.81470,-0.08015,0.56918,-0.25667,-0.64911,0.11061,
1403638217795097088,2.41651,0.14688,0.30769,0.08282,0.81629,-0.07567,0.56664,-0.25608,-0.57233,0.17968,
1403638217895097088,2.39064,0.09309,0.32551,0.08520,0.81684,-0.07323,0.56582,-0.24064,-0.48826,0.18551,
1403638217995096832,2.36811,0.04785,0.34195,0.08632,0.81465,-0.07051,0.56915,-0.22095,-0.40571,0.13099,
1403638218095097088,2.34834,0.00999,0.35008,0.08670,0.81328,-0.06852,0.57129,-0.20720,-0.32888,0.06556,
1403638218195097088,2.32872,-0.01919,0.35381,0.08440,0.81157,-0.06815,0.57410,-0.20709,-0.25289,0.01725,
1403638218295097088,2.30995,-0.04108,0.35224,0.08228,0.80795,-0.06686,0.57963,-0.20935,-0.17773,-0.02475,
1403638218395097088,2.29250,-0.05510,0.34861,0.07583,0.80576,-0.06888,0.58332,-0.22530,-0.09194,0.01863,
1403638218495096832,2.26930,-0.06201,0.35522,0.07050,0.80597,-0.07062,0.58349,-0.23635,-0.03245,0.09784,
1403638218595097088,2.24666,-0.06149,0.36531,0.06843,0.80704,-0.07101,0.58221,-0.26941,0.02955,0.17211,
1403638218695097088,2.21801,-0.05812,0.38233,0.06593,0.81082,-0.07300,0.57697,-0.30398,0.06090,0.14311,
1403638218795097088,2.18961,-0.04995,0.39515,0.06898,0.81510,-0.07867,0.56980,-0.30163,0.08206,0.10434,
1403638218895097088,2.16450,-0.03758,0.39866,0.07280,0.81682,-0.08655,0.56570,-0.27502,0.12153,0.04402,
1403638218995096832,2.14071,-0.02270,0.39819,0.06350,0.81580,-0.10150,0.56580,-0.26077,0.14477,-0.00912,
1403638219095097088,2.11547,-0.00981,0.39778,0.05611,0.81298,-0.11341,0.56837,-0.25013,0.12580,-0.02871,
1403638219195097088,2.09324,0.00250,0.39176,0.05991,0.81041,-0.11560,0.57121,-0.26161,0.10496,-0.04868,
1403638219295097088,2.06780,0.01192,0.38509,0.06906,0.80489,-0.11248,0.57856,-0.26922,0.10163,-0.08611,
1403638219395097088,2.04099,0.02175,0.37695,0.07560,0.79747,-0.10948,0.58851,-0.29274,0.11043,-0.05759,
1403638219495096832,2.01355,0.03344,0.37113,0.07978,0.79236,-0.10704,0.59527,-0.32436,0.13425,-0.01496,
1403638219595097088,1.98073,0.04648,0.37036,0.07750,0.79299,-0.10859,0.59444,-0.36823,0.15806,0.01095,
1403638219695097088,1.93971,0.06338,0.37448,0.07177,0.79534,-0.11221,0.59134,-0.41722,0.17665,0.01464,
1403638219795097088,1.89354,0.08080,0.37582,0.06437,0.79854,-0.11702,0.58693,-0.45762,0.17094,-0.03454,
1403638219895097088,1.84299,0.09632,0.37187,0.05563,0.80127,-0.12286,0.58291,-0.49547,0.14702,-0.09098,
1403638219995096832,1.78987,0.10822,0.36132,0.04830,0.80344,-0.12789,0.57948,-0.52671,0.10313,-0.13578,
1403638220095097088,1.73572,0.11527,0.34671,0.04611,0.80566,-0.12942,0.57622,-0.55555,0.04615,-0.15098,
1403638220195097088,1.67834,0.11615,0.33643,0.05425,0.80799,-0.12410,0.57341,-0.54540,-0.02716,-0.07479,
1403638220295097088,1.62400,0.11240,0.33115,0.06943,0.81069,-0.11375,0.57011,-0.54058,-0.04866,0.00811,
1403638220395097088,1.56375,0.10875,0.33568,0.07820,0.81137,-0.10810,0.56911,-0.57955,-0.02305,0.07734,
1403638220495096832,1.50336,0.10714,0.34726,0.08161,0.81171,-0.10593,0.56855,-0.58416,-0.00443,0.13922,
1403638220595097088,1.44642,0.10804,0.36087,0.08251,0.81112,-0.10640,0.56917,-0.56415,0.01790,0.13013,
1403638220695097088,1.38583,0.10962,0.37223,0.08337,0.81069,-0.10715,0.56951,-0.56498,0.03565,0.06116,
1403638220795097088,1.33047,0.11416,0.37503,0.08273,0.81080,-0.10911,0.56908,-0.55609,0.05717,-0.00397,
1403638220895097088,1.27479,0.12035,0.37135,0.08293,0.81065,-0.11040,0.56902,-0.54963,0.07204,-0.07705,
1403638220995096832,1.21989,0.12852,0.35983,0.08202,0.81141,-0.11227,0.56769,-0.53697,0.08832,-0.13839,
1403638221095097088,1.16463,0.13667,0.34433,0.08215,0.81180,-0.11311,0.56696,-0.53591,0.10899,-0.16479,
1403638221195097088,1.11261,0.14710,0.33105,0.08221,0.81308,-0.11382,0.56497,-0.51901,0.11704,-0.10147,
1403638221295097088,1.06161,0.15863,0.32516,0.08068,0.81445,-0.11542,0.56289,-0.50968,0.13222,-0.02542,
1403638221395097088,1.01239,0.17029,0.32636,0.07844,0.81548,-0.11775,0.56122,-0.49103,0.13459,0.00315,
1403638221495096832,0.96532,0.18294,0.32668,0.07622,0.81568,-0.11983,0.56081,-0.47184,0.13124,-0.04259,
1403638221595097088,0.92098,0.19391,0.32160,0.07472,0.81484,-0.12179,0.56180,-0.45377,0.11541,-0.08839,
1403638221695097088,0.88192,0.20167,0.31361,0.07400,0.81310,-0.12239,0.56428,-0.42759,0.09601,-0.11939,
1403638221795097088,0.84078,0.21043,0.30505,0.07187,0.81094,-0.12365,0.56738,-0.41183,0.08260,-0.07641,
1403638221895097088,0.80170,0.21749,0.30325,0.07392,0.80988,-0.12169,0.56906,-0.40195,0.06748,0.01707,
1403638221995096832,0.76301,0.22381,0.30942,0.07782,0.80937,-0.11830,0.56998,-0.40301,0.06201,0.08979,
1403638222095097088,0.72451,0.22989,0.32064,0.08115,0.81113,-0.11592,0.56749,-0.39657,0.06982,0.10348,
1403638222195097088,0.68590,0.23591,0.32827,0.08139,0.81499,-0.11596,0.56189,-0.39308,0.07917,0.05214,
1403638222295097088,0.65639,0.24300,0.32937,0.08049,0.81840,-0.11723,0.55678,-0.36036,0.08242,-0.00362,
1403638222395097088,0.61927,0.24961,0.32752,0.07954,0.82131,-0.11811,0.55243,-0.32420,0.07271,-0.04537,
1403638222495096832,0.59198,0.25768,0.31766,0.07926,0.82358,-0.11816,0.54907,-0.28207,0.07173,-0.08342,
1403638222595097088,0.56494,0.26426,0.30790,0.07950,0.81990,-0.11773,0.55460,-0.23091,0.06362,-0.10427,
1403638222695097088,0.54115,0.26911,0.29569,0.07855,0.81458,-0.11825,0.56241,-0.20906,0.05626,-0.13282,
1403638222795097088,0.51999,0.27498,0.28056,0.07945,0.81223,-0.11765,0.56580,-0.20050,0.06343,-0.16275,
1403638222895097088,0.49683,0.28071,0.26562,0.08099,0.80674,-0.11621,0.57368,-0.19441,0.06967,-0.15392,
1403638222995096832,0.47261,0.28762,0.24840,0.08015,0.80208,-0.11615,0.58030,-0.22450,0.08197,-0.15642,
1403638223095097088,0.44715,0.29634,0.23605,0.08033,0.80489,-0.11574,0.57645,-0.27103,0.10244,-0.09256,
1403638223195097088,0.41912,0.30664,0.22815,0.07774,0.81385,-0.11808,0.56361,-0.28663,0.10891,-0.06662,
1403638223295097088,0.39299,0.31718,0.22278,0.07191,0.82135,-0.12255,0.55244,-0.25728,0.10111,-0.04172,
1403638223395097088,0.36902,0.32531,0.21976,0.06901,0.81946,-0.12494,0.55508,-0.22898,0.08180,-0.06573,
1403638223495096832,0.34709,0.33108,0.21425,0.05885,0.81430,-0.13191,0.56218,-0.21223,0.04483,-0.08913,
1403638223595097088,0.32708,0.33145,0.20538,0.05781,0.81179,-0.13273,0.56572,-0.21096,-0.01504,-0.09361,
1403638223695097088,0.30668,0.32605,0.19859,0.06853,0.81177,-0.12545,0.56621,-0.20153,-0.04886,-0.11446,
1403638223795097088,0.28489,0.32132,0.18673,0.07920,0.81298,-0.11827,0.56463,-0.20588,-0.05433,-0.13263,
1403638223895097088,0.26501,0.31603,0.17347,0.08453,0.81370,-0.11425,0.56364,-0.19763,-0.04308,-0.14133,
1403638223995096832,0.25036,0.30828,0.15786,0.08800,0.81417,-0.11147,0.56298,-0.18170,-0.03065,-0.16739,
1403638224095097088,0.23067,0.30802,0.14076,0.08720,0.81818,-0.11187,0.55719,-0.16599,0.00082,-0.19556,
1403638224195097088,0.21687,0.30882,0.12276,0.08480,0.82454,-0.11360,0.54776,-0.11989,0.01741,-0.18334,
1403638224295097088,0.20874,0.31091,0.10852,0.08422,0.82396,-0.11388,0.54867,-0.06366,0.02882,-0.13160,
1403638224395097088,0.20329,0.31405,0.09771,0.08179,0.81779,-0.11621,0.55770,-0.02367,0.04898,-0.14109,
1403638224495096832,0.20288,0.31911,0.08556,0.07706,0.81018,-0.11943,0.56869,-0.01085,0.04444,-0.12941,
1403638224595097088,0.19961,0.32263,0.07320,0.07888,0.80695,-0.11787,0.57334,-0.02550,0.05405,-0.14066,
1403638224695097088,0.19518,0.32748,0.05956,0.07929,0.81446,-0.11768,0.56260,-0.04233,0.06270,-0.14874,
1403638224795097088,0.19187,0.33396,0.04780,0.07865,0.82312,-0.11846,0.54977,-0.01155,0.06824,-0.07644,
1403638224895097088,0.19353,0.33964,0.04513,0.07456,0.81934,-0.12088,0.55543,0.03665,0.06624,-0.02043,
1403638224995096832,0.19834,0.34473,0.04733,0.06676,0.81127,-0.12539,0.56715,0.05032,0.05053,0.01355,
1403638225095097088,0.20280,0.34657,0.05049,0.06600,0.80747,-0.12495,0.57273,0.04159,0.01223,0.02677,
1403638225195097088,0.20539,0.34735,0.05376,0.07153,0.81094,-0.12007,0.56819,0.01736,0.00276,0.02983,
1403638225295097088,0.20753,0.34731,0.05801,0.07469,0.81836,-0.11699,0.55770,0.02759,-0.01133,0.05943,
1403638225395097088,0.21145,0.34663,0.06387,0.07705,0.81761,-0.11482,0.55892,0.05749,-0.00581,0.02649,
1403638225495096832,0.21761,0.34576,0.06396,0.07943,0.80958,-0.11299,0.57053,0.06494,-0.00293,-0.02980,
1403638225595097088,0.22263,0.34529,0.05724,0.08250,0.79884,-0.11109,0.58542,0.04038,0.00870,-0.09117,
1403638225695097088,0.22351,0.34648,0.04287,0.08374,0.79378,-0.10980,0.59232,-0.01917,0.03194,-0.22053,
1403638225795097088,0.21913,0.35097,0.01622,0.08283,0.80096,-0.11039,0.58260,-0.06392,0.06117,-0.31165,
1403638225895097088,0.21222,0.35739,-0.01806,0.08206,0.81345,-0.11112,0.56500,-0.06648,0.07065,-0.36659,
1403638225995096832,0.20627,0.36539,-0.05564,0.07784,0.82166,-0.11408,0.55299,-0.04761,0.09104,-0.39894,
1403638226095097088,0.21169,0.37652,-0.05598,0.05825,0.82486,-0.12415,0.54846,0.10730,0.08077,0.17101,
1403638226195097088,0.22231,0.38326,-0.05332,0.05852,0.83013,-0.12165,0.54098,0.11277,0.04575,-0.12104,
1403638226295097088,0.22488,0.39025,-0.06104,0.07144,0.82200,-0.12043,0.55200,-0.02193,0.07632,0.07891,
1403638226395097088,0.22377,0.39573,-0.07109,0.07760,0.82678,-0.10948,0.54628,0.00304,-0.02867,0.04599,
1403638226495096832,0.22664,0.39856,-0.07552,0.07739,0.82656,-0.11175,0.54619,-0.00366,-0.00653,0.00824,
1403638226595097088,0.22708,0.39881,-0.07697,0.07800,0.82627,-0.11139,0.54662,0.00008,-0.00855,0.00656,
1403638226695097088,0.22711,0.39759,-0.07625,0.07817,0.82661,-0.11116,0.54613,-0.00264,-0.00418,0.01946,
1403638226795097088,0.22711,0.39751,-0.07611,0.07827,0.82648,-0.11114,0.54631,-0.00731,-0.00120,0.00450,
1403638226895097088,0.22683,0.39709,-0.07574,0.07792,0.82669,-0.11126,0.54602,0.00257,-0.00200,0.00053,
1403638226995096832,0.22681,0.39695,-0.07563,0.07691,0.82678,-0.11196,0.54588,-0.00562,-0.00523,-0.00601,
1403638227095097088,0.22680,0.39679,-0.07553,0.07672,0.82673,-0.11204,0.54597,0.00317,-0.00334,0.00325,
1403638227195097088,0.22674,0.39635,-0.07533,0.07691,0.82674,-0.11183,0.54597,-0.00322,0.00358,0.00006,
1403638227295097088,0.22672,0.39607,-0.07521,0.07709,0.82679,-0.11158,0.54592,0.00289,0.00466,0.00543,
1403638227395097088,0.22663,0.39584,-0.07509,0.07719,0.82682,-0.11143,0.54589,0.00256,0.00370,0.00025,
1403638227495096832,0.22657,0.39564,-0.07498,0.07701,0.82685,-0.11155,0.54584,-0.00080,0.00070,0.00096,
1403638227595097088,0.22649,0.39551,-0.07490,0.07679,0.82684,-0.11161,0.54587,0.00015,-0.00108,0.00304,
1403638227695097088,0.22645,0.39534,-0.07482,0.07662,0.82689,-0.11172,0.54581,-0.00104,0.00063,-0.00067,
1403638227795097088,0.22644,0.39493,-0.07477,0.07656,0.82687,-0.11171,0.54584,0.00370,0.00050,0.00105,
1403638227895097088,0.22644,0.39482,-0.07476,0.07655,0.82688,-0.11163,0.54585,-0.00008,0.00131,0.00017,
1403638227995096832,0.22641,0.39466,-0.07472,0.07652,0.82686,-0.11164,0.54587,-0.00004,0.00018,0.00062,
1403638228095097088,0.22637,0.39457,-0.07466,0.07656,0.82689,-0.11159,0.54584,0.00143,0.00128,0.00084,
1403638228195097088,0.22633,0.39444,-0.07461,0.07650,0.82686,-0.11162,0.54588,0.00123,0.00225,0.00041,
1403638228295097088,0.22631,0.39434,-0.07460,0.07641,0.82684,-0.11167,0.54592,0.00335,0.00031,0.00138,
1403638228395097088,0.22628,0.39429,-0.07458,0.07633,0.82685,-0.11170,0.54591,-0.00076,0.00112,0.00048,
1403638228495096832,0.22630,0.39386,-0.07453,0.07632,0.82685,-0.11163,0.54592,-0.00030,0.00128,0.00101,
1403638228595097088,0.22628,0.39381,-0.07451,0.07624,0.82690,-0.11161,0.54586,0.00089,0.00037,0.00071,
1403638228695097088,0.22627,0.39374,-0.07447,0.07626,0.82688,-0.11163,0.54588,0.00002,0.00056,0.00065,
1403638228795097088,0.22623,0.39368,-0.07445,0.07624,0.82691,-0.11163,0.54584,-0.00026,0.00057,0.00184,
