1403636859901666304,0.01578,-0.05758,0.30446,-0.01388,0.80208,0.03700,0.59591,-0.01315,0.00437,0.38898,
1403636860001666560,0.01277,-0.05798,0.33749,-0.01118,0.79894,0.03576,0.60024,-0.01999,-0.02393,0.23054,
1403636860101666560,0.01557,-0.06385,0.34863,-0.02055,0.80020,0.03955,0.59808,0.00955,-0.04231,-0.07095,
1403636860201666560,0.01710,-0.07318,0.32992,-0.04087,0.80257,0.05084,0.59298,0.00016,-0.03217,-0.38617,
1403636860301666560,0.01804,-0.07790,0.28229,-0.05738,0.81004,0.05651,0.58082,-0.01304,-0.01783,-0.56223,
1403636860401666304,0.01727,-0.08051,0.22381,-0.06621,0.82354,0.05857,0.56033,-0.03681,-0.00836,-0.59797,
1403636860501666560,0.01279,-0.08197,0.16696,-0.06798,0.83682,0.05525,0.54042,-0.04274,0.00037,-0.53093,
1403636860601666560,0.00798,-0.08264,0.12139,-0.06838,0.84737,0.05133,0.52408,-0.04575,-0.00271,-0.38334,
1403636860701666560,0.00226,-0.08383,0.09163,-0.06575,0.85244,0.04917,0.51634,-0.03792,-0.01078,-0.20268,
1403636860801666560,-0.00222,-0.08527,0.08414,-0.05691,0.85409,0.05139,0.51444,-0.01781,-0.01539,0.04422,
1403636860901666304,-0.00488,-0.08639,0.10412,-0.05188,0.85560,0.05565,0.51202,0.00704,-0.01468,0.32206,
1403636861001666560,-0.00364,-0.08767,0.14827,-0.05159,0.85376,0.05987,0.51464,0.03520,-0.01877,0.52820,
1403636861101666560,0.00036,-0.08919,0.20669,-0.05181,0.84680,0.05944,0.52603,0.05819,-0.01515,0.61553,
1403636861201666560,0.00589,-0.09125,0.26969,-0.05134,0.83519,0.05834,0.54445,0.06193,-0.01874,0.63605,
1403636861301666560,0.01041,-0.09406,0.33209,-0.05350,0.82149,0.05761,0.56478,0.04104,-0.02905,0.59402,
1403636861401666304,0.01357,-0.09762,0.38324,-0.05516,0.81040,0.05372,0.58079,0.03475,-0.02911,0.40319,
1403636861501666560,0.01584,-0.10081,0.40797,-0.05446,0.80353,0.05076,0.59059,0.02199,-0.02390,0.07559,
1403636861601666560,0.01729,-0.10301,0.39939,-0.05263,0.80463,0.04988,0.58933,0.00784,-0.01085,-0.26292,
1403636861701666560,0.01841,-0.10355,0.36139,-0.05518,0.81133,0.05152,0.57970,-0.00846,0.01066,-0.49339,
1403636861801666560,0.01730,-0.10245,0.30807,-0.05537,0.81812,0.05482,0.56974,-0.02720,0.02182,-0.56808,
1403636861901666304,0.01332,-0.09918,0.25031,-0.05933,0.82576,0.05737,0.55795,-0.04340,0.04263,-0.58228,
1403636862001666560,0.00841,-0.09453,0.19186,-0.06375,0.83710,0.05780,0.54024,-0.05869,0.05371,-0.57319,
1403636862101666560,0.00329,-0.08888,0.13899,-0.06791,0.84616,0.05658,0.52555,-0.04770,0.04863,-0.47163,
1403636862201666560,-0.00046,-0.08502,0.10048,-0.07089,0.85055,0.05787,0.51788,-0.02792,0.01233,-0.26400,
1403636862301666560,-0.00298,-0.08462,0.08767,-0.06550,0.85402,0.06357,0.51217,-0.00644,-0.00836,0.02855,
1403636862401666304,-0.00291,-0.08538,0.10794,-0.06423,0.85703,0.06708,0.50682,0.01168,-0.01323,0.36100,
1403636862501666560,-0.00054,-0.08695,0.15542,-0.06402,0.85506,0.06801,0.51004,0.04731,-0.03085,0.55868,
1403636862601666560,0.00619,-0.09085,0.21746,-0.05377,0.84946,0.06634,0.52069,0.07866,-0.04749,0.66181,
1403636862701666560,0.01288,-0.09358,0.28560,-0.04747,0.84197,0.06470,0.53352,0.05965,-0.01414,0.69569,
1403636862801666560,0.01861,-0.09467,0.35437,-0.04993,0.83750,0.05787,0.54106,0.05215,-0.01795,0.68520,
1403636862901666304,0.02193,-0.09610,0.41896,-0.05282,0.83461,0.04881,0.54612,0.01850,-0.01202,0.58816,
1403636863001666560,0.02144,-0.09731,0.46342,-0.05731,0.82912,0.04466,0.55433,-0.01194,-0.01608,0.27671,
1403636863101666560,0.02017,-0.09938,0.47232,-0.05126,0.82270,0.04875,0.56405,-0.00559,-0.02006,-0.08363,
1403636863201666560,0.01846,-0.09990,0.44623,-0.04247,0.81970,0.05373,0.56868,-0.01103,0.01319,-0.40361,
1403636863301666560,0.01718,-0.09835,0.39414,-0.03619,0.82088,0.05710,0.56709,-0.01945,0.03183,-0.60108,
1403636863401666304,0.01617,-0.09727,0.33023,-0.03043,0.82311,0.05687,0.56420,-0.02309,0.02261,-0.66185,
1403636863501666560,0.01351,-0.09579,0.26098,-0.03158,0.82782,0.05295,0.55760,-0.04262,0.03050,-0.70798,
1403636863601666560,0.00757,-0.09378,0.19300,-0.04305,0.83543,0.05031,0.54560,-0.06293,0.02100,-0.64700,
1403636863701666560,0.00178,-0.09282,0.13430,-0.05284,0.84355,0.04821,0.53227,-0.04252,0.00823,-0.50523,
1403636863801666560,-0.00183,-0.09337,0.09644,-0.05530,0.85129,0.04450,0.51987,-0.02715,-0.01194,-0.22816,
1403636863901666304,-0.00459,-0.09526,0.09165,-0.05446,0.85685,0.04513,0.51069,-0.01449,-0.02569,0.13820,
1403636864001666560,-0.00516,-0.09746,0.12328,-0.05603,0.85787,0.04742,0.50859,0.00644,-0.02230,0.48394,
1403636864101666560,-0.00402,-0.09939,0.18260,-0.05332,0.85432,0.05138,0.51445,0.03225,-0.02415,0.69233,
1403636864201666560,-0.00016,-0.10115,0.25547,-0.04503,0.84977,0.05297,0.52254,0.04968,-0.00688,0.73774,
1403636864301666560,0.00397,-0.10025,0.32591,-0.04380,0.84690,0.05254,0.52733,0.03913,0.01878,0.65810,
1403636864401666304,0.00717,-0.09840,0.38776,-0.04572,0.84307,0.04972,0.53354,0.03086,0.01241,0.56504,
1403636864501666560,0.01028,-0.09711,0.43952,-0.04698,0.83362,0.04113,0.54880,0.02889,0.01790,0.41433,
1403636864601666560,0.01316,-0.09471,0.46842,-0.05130,0.82218,0.03473,0.56585,0.01903,0.00608,0.14039,
1403636864701666560,0.01392,-0.09461,0.46476,-0.04590,0.81671,0.03778,0.57398,-0.00113,-0.00438,-0.20265,
1403636864801666560,0.01354,-0.09463,0.42978,-0.04049,0.81928,0.04334,0.57032,-0.00662,0.01269,-0.47162,
1403636864901666304,0.01312,-0.09315,0.37523,-0.03991,0.82468,0.04490,0.56240,-0.00965,0.00875,-0.59533,
1403636865001666560,0.01307,-0.09263,0.31392,-0.03351,0.83097,0.04471,0.55350,-0.00271,0.00186,-0.63185,
1403636865101666560,0.01318,-0.09200,0.25192,-0.03357,0.83811,0.04483,0.54262,0.00187,0.00690,-0.59778,
1403636865201666560,0.01252,-0.09043,0.19668,-0.04867,0.84339,0.03641,0.53385,-0.00936,0.02254,-0.49911,
1403636865301666560,0.01131,-0.08923,0.15413,-0.06227,0.84559,0.03079,0.52929,-0.00977,0.00226,-0.34835,
1403636865401666304,0.01088,-0.08918,0.12744,-0.06067,0.84664,0.03004,0.52784,-0.00072,-0.00048,-0.17940,
1403636865501666560,0.01085,-0.08921,0.12159,-0.05238,0.85124,0.03585,0.52092,0.00898,-0.00427,0.07438,
1403636865601666560,0.01173,-0.08802,0.14422,-0.04903,0.85672,0.04176,0.51174,0.01043,0.02314,0.36326,
1403636865701666560,0.01190,-0.08453,0.19134,-0.05250,0.85614,0.04399,0.51218,0.00890,0.03715,0.55833,
1403636865801666560,0.01386,-0.08131,0.25293,-0.05591,0.84947,0.04336,0.52287,0.03365,0.01877,0.65573,
1403636865901666304,0.01715,-0.08014,0.32095,-0.05872,0.83968,0.04019,0.53839,0.02625,0.00799,0.68806,
1403636866001666560,0.01923,-0.07972,0.38978,-0.06268,0.82585,0.03632,0.55922,0.01311,0.00432,0.66982,
1403636866101666560,0.01921,-0.08017,0.45175,-0.06087,0.81035,0.03163,0.58192,-0.00892,-0.00052,0.55162,
1403636866201666560,0.01653,-0.08093,0.49476,-0.05660,0.80027,0.03177,0.59611,-0.02953,0.00138,0.29115,
1403636866301666560,0.01385,-0.08144,0.50723,-0.05024,0.79964,0.03343,0.59744,-0.02387,0.00285,-0.03963,
1403636866401666304,0.01335,-0.08152,0.48827,-0.04222,0.80581,0.03516,0.58961,0.00590,0.00129,-0.32899,
1403636866501666560,0.01391,-0.08193,0.44486,-0.03989,0.81254,0.03746,0.58033,0.00461,-0.00351,-0.54124,
1403636866601666560,0.01443,-0.08359,0.38862,-0.03703,0.81898,0.03810,0.57136,0.00664,-0.03585,-0.57963,
1403636866701666560,0.01405,-0.08871,0.33542,-0.03222,0.82618,0.03845,0.56116,-0.02553,-0.05242,-0.47759,
1403636866801666560,0.00969,-0.09306,0.29303,-0.03531,0.83173,0.04247,0.55242,-0.06486,-0.02948,-0.37713,
1403636866901666304,0.00437,-0.09518,0.25787,-0.04786,0.83794,0.04555,0.54175,-0.06551,-0.00414,-0.32021,
1403636867001666560,-0.00304,-0.09593,0.23063,-0.05523,0.84623,0.04460,0.52807,-0.06764,-0.00764,-0.22120,
1403636867101666560,-0.00952,-0.09627,0.21442,-0.05464,0.85239,0.04400,0.51819,-0.07015,-0.00679,-0.11575,
1403636867201666560,-0.01856,-0.09615,0.20747,-0.06125,0.85543,0.04626,0.51220,-0.11048,0.01642,-0.04008,
1403636867301666560,-0.02904,-0.09569,0.20680,-0.07011,0.85730,0.05252,0.50731,-0.08375,-0.00216,0.02646,
1403636867401666304,-0.03690,-0.09652,0.21082,-0.07093,0.86058,0.05575,0.50127,-0.06592,-0.00205,0.06131,
1403636867501666560,-0.04470,-0.09665,0.21688,-0.06703,0.86721,0.05718,0.49008,-0.08040,-0.00053,0.04968,
1403636867601666560,-0.05381,-0.09752,0.21872,-0.06076,0.88231,0.06149,0.46266,-0.09958,-0.01338,-0.01642,
1403636867701666560,-0.06439,-0.09881,0.21486,-0.05927,0.90636,0.06318,0.41354,-0.10817,-0.01612,-0.05756,
1403636867801666560,-0.07417,-0.10120,0.20931,-0.05294,0.93033,0.06062,0.35778,-0.07364,-0.02848,-0.04287,
1403636867901666304,-0.07890,-0.10298,0.20742,-0.04843,0.94312,0.05447,0.32436,-0.01095,-0.00398,0.01335,
1403636868001666560,-0.07906,-0.10206,0.21116,-0.04861,0.94378,0.04968,0.32317,0.01670,0.01144,0.05859,
1403636868101666560,-0.07938,-0.10093,0.21666,-0.05030,0.93851,0.04878,0.33808,-0.00457,0.00692,0.05111,
1403636868201666560,-0.08241,-0.09995,0.22000,-0.05313,0.93461,0.04905,0.34824,-0.03734,0.00911,0.01436,
1403636868301666560,-0.08833,-0.09832,0.22099,-0.05535,0.93455,0.04746,0.34828,-0.07755,0.03208,-0.00292,
1403636868401666304,-0.09627,-0.09396,0.22115,-0.05679,0.93581,0.04391,0.34512,-0.08450,0.05293,0.00000,
1403636868501666560,-0.10432,-0.08754,0.22294,-0.05462,0.93347,0.04112,0.35208,-0.07664,0.05294,0.03557,
1403636868601666560,-0.11168,-0.08190,0.22809,-0.05084,0.93006,0.03602,0.36208,-0.07209,0.04633,0.05607,
1403636868701666560,-0.11918,-0.07805,0.23290,-0.04923,0.93034,0.03358,0.36183,-0.08818,0.03138,0.02751,
1403636868801666560,-0.12778,-0.07434,0.23400,-0.04889,0.93292,0.03881,0.35464,-0.08187,0.03340,0.00095,
1403636868901666304,-0.13290,-0.07079,0.23473,-0.04497,0.93366,0.04352,0.35265,-0.03581,0.03987,0.01687,
1403636869001666560,-0.13480,-0.06616,0.23600,-0.04738,0.93123,0.04545,0.35847,-0.00833,0.04066,0.01544,
1403636869101666560,-0.13535,-0.06243,0.23727,-0.05332,0.92925,0.04671,0.36258,-0.01213,0.03634,0.00761,
1403636869201666560,-0.13602,-0.05924,0.23633,-0.05626,0.92872,0.04898,0.36320,0.00251,0.02181,-0.01291,
1403636869301666560,-0.13508,-0.05787,0.23450,-0.05606,0.92881,0.05076,0.36276,0.01235,0.01025,-0.01534,
1403636869401666304,-0.13352,-0.05709,0.23334,-0.05721,0.92862,0.05148,0.36296,0.01371,-0.00204,-0.00901,
1403636869501666560,-0.13179,-0.05871,0.23262,-0.05724,0.92860,0.05130,0.36304,0.01983,-0.04751,-0.00629,
1403636869601666560,-0.12882,-0.06689,0.23169,-0.05637,0.92879,0.05043,0.36282,0.03981,-0.12857,-0.01166,
1403636869701666560,-0.12310,-0.08502,0.23057,-0.05432,0.93037,0.04934,0.35921,0.06870,-0.22931,-0.01278,
1403636869801666560,-0.11357,-0.11225,0.22998,-0.05174,0.93156,0.04576,0.35697,0.11765,-0.31300,-0.00065,
1403636869901666304,-0.09935,-0.14727,0.23055,-0.04826,0.93019,0.03877,0.36181,0.15734,-0.38355,0.00822,
1403636870001666560,-0.08254,-0.18868,0.23056,-0.04526,0.92851,0.03087,0.36725,0.17822,-0.44006,-0.00614,
1403636870101666560,-0.06457,-0.23488,0.22965,-0.04135,0.92963,0.02206,0.36551,0.18467,-0.48128,-0.01014,
1403636870201666560,-0.04557,-0.28426,0.23003,-0.03438,0.93215,0.01743,0.36002,0.18848,-0.49754,0.01072,
1403636870301666560,-0.02622,-0.33360,0.23116,-0.03175,0.93194,0.01307,0.36098,0.18940,-0.49014,0.01281,
1403636870401666304,-0.00810,-0.38261,0.23160,-0.02657,0.92924,0.00816,0.36842,0.17819,-0.48095,-0.00378,
1403636870501666560,0.00672,-0.42580,0.22842,-0.02373,0.92878,0.00265,0.36987,0.12276,-0.37467,-0.04439,
1403636870601666560,0.01726,-0.46044,0.22335,-0.02053,0.93167,-0.00409,0.36270,0.09200,-0.34580,-0.04419,
1403636870701666560,0.02656,-0.48913,0.21905,-0.01322,0.93277,-0.00828,0.36012,0.09571,-0.26058,-0.01868,
1403636870801666560,0.03517,-0.50769,0.21504,-0.01584,0.92943,-0.01300,0.36842,0.06139,-0.15195,-0.04922,
1403636870901666304,0.03894,-0.51880,0.21019,-0.01898,0.92540,-0.01486,0.37822,0.02345,-0.08847,-0.04234,
1403636871001666560,0.03985,-0.52330,0.20536,-0.02407,0.92338,-0.01677,0.38277,-0.00075,-0.01382,-0.05244,
1403636871101666560,0.03939,-0.52292,0.19971,-0.02618,0.92621,-0.02014,0.37556,-0.01459,-0.00124,-0.03895,
1403636871201666560,0.03756,-0.51890,0.19890,-0.01930,0.93010,-0.02255,0.36612,-0.02725,0.07058,0.02238,
1403636871301666560,0.03445,-0.50722,0.20272,-0.01838,0.93000,-0.02399,0.36631,-0.04050,0.15266,0.04148,
1403636871401666304,0.02884,-0.48674,0.20668,-0.01736,0.92948,-0.01986,0.36793,-0.06902,0.25158,0.03693,
1403636871501666560,0.02140,-0.45586,0.20989,-0.01907,0.92910,-0.01581,0.36901,-0.08505,0.35723,0.02738,
1403636871601666560,0.01185,-0.41585,0.21278,-0.02223,0.92955,-0.01342,0.36777,-0.11070,0.44038,0.04055,
1403636871701666560,0.00017,-0.36803,0.21713,-0.03044,0.93040,-0.01039,0.36513,-0.11960,0.51225,0.05218,
1403636871801666560,-0.01155,-0.31528,0.22096,-0.03811,0.93052,-0.00595,0.36421,-0.11140,0.53390,0.02891,
1403636871901666304,-0.02241,-0.26027,0.22226,-0.04145,0.92980,0.00103,0.36572,-0.09900,0.56490,0.00984,
1403636872001666560,-0.03189,-0.20189,0.22234,-0.04995,0.92730,0.00671,0.37091,-0.08540,0.59207,-0.00741,
1403636872101666560,-0.04020,-0.14376,0.22039,-0.05946,0.92447,0.01329,0.37636,-0.08245,0.55556,-0.02034,
1403636872201666560,-0.04887,-0.09134,0.21710,-0.06357,0.92383,0.01977,0.37696,-0.08922,0.49696,-0.04182,
1403636872301666560,-0.05893,-0.04445,0.21257,-0.06846,0.92583,0.02779,0.37066,-0.09660,0.43623,-0.05493,
1403636872401666304,-0.06758,-0.00605,0.20789,-0.07233,0.92817,0.03562,0.36331,-0.06706,0.31977,-0.04308,
1403636872501666560,-0.07203,0.01865,0.20552,-0.07466,0.92878,0.04028,0.36078,-0.02978,0.16510,-0.00582,
1403636872601666560,-0.07435,0.02805,0.20650,-0.07626,0.92737,0.04507,0.36352,-0.00793,0.01884,0.02079,
1403636872701666560,-0.07471,0.02494,0.20893,-0.07544,0.92544,0.04809,0.36819,0.01615,-0.07963,0.02376,
1403636872801666560,-0.07243,0.01198,0.21045,-0.07139,0.92560,0.04764,0.36865,0.04656,-0.18641,0.00447,
1403636872901666304,-0.06569,-0.01384,0.20994,-0.06925,0.92686,0.04257,0.36649,0.09129,-0.32776,-0.01788,
1403636873001666560,-0.05514,-0.05297,0.20800,-0.06397,0.92776,0.03684,0.36580,0.11836,-0.44536,-0.02543,
1403636873101666560,-0.04216,-0.10144,0.20562,-0.05896,0.92799,0.03126,0.36658,0.14125,-0.51671,-0.02224,
1403636873201666560,-0.02717,-0.15617,0.20396,-0.05519,0.92901,0.02373,0.36513,0.15735,-0.57138,-0.00963,
1403636873301666560,-0.01139,-0.21489,0.20294,-0.05082,0.92991,0.01511,0.36394,0.15866,-0.59385,-0.00818,
1403636873401666304,0.00313,-0.27453,0.20164,-0.04666,0.93058,0.00785,0.36302,0.13919,-0.58745,-0.02224,
1403636873501666560,0.01533,-0.33165,0.19855,-0.04337,0.93149,0.00149,0.36116,0.11204,-0.55727,-0.03441,
1403636873601666560,0.02384,-0.38392,0.19433,-0.03600,0.93329,-0.00563,0.35726,0.07538,-0.48635,-0.04960,
1403636873701666560,0.03011,-0.42707,0.18828,-0.03042,0.93470,-0.01170,0.35395,0.05020,-0.38096,-0.05755,
1403636873801666560,0.03356,-0.45869,0.18286,-0.02981,0.93578,-0.01312,0.35108,0.02170,-0.24894,-0.03647,
1403636873901666304,0.03396,-0.47754,0.17941,-0.02983,0.93572,-0.01557,0.35114,0.00876,-0.12290,-0.02979,
1403636874001666560,0.03506,-0.48390,0.17603,-0.02809,0.93513,-0.01854,0.35270,0.00433,-0.01970,-0.02069,
1403636874101666560,0.03584,-0.48186,0.17409,-0.02739,0.93513,-0.01954,0.35270,-0.00047,0.05676,-0.00774,
1403636874201666560,0.03514,-0.47246,0.17473,-0.02803,0.93576,-0.01841,0.35105,-0.02090,0.14135,0.01580,
1403636874301666560,0.03227,-0.45232,0.17682,-0.02935,0.93660,-0.01370,0.34889,-0.03581,0.27361,0.01783,
1403636874401666304,0.02823,-0.41830,0.17828,-0.03507,0.93715,-0.00796,0.34708,-0.04610,0.40621,0.02073,
1403636874501666560,0.02276,-0.37294,0.18045,-0.04047,0.93634,-0.00264,0.34874,-0.06023,0.48455,0.03205,
1403636874601666560,0.01544,-0.32060,0.18323,-0.04351,0.93464,0.00307,0.35290,-0.09072,0.56777,0.02133,
1403636874701666560,0.00592,-0.26134,0.18393,-0.04997,0.93332,0.01057,0.35540,-0.09521,0.60122,-0.00369,
1403636874801666560,-0.00323,-0.20176,0.18165,-0.05588,0.93276,0.01706,0.35572,-0.08864,0.58712,-0.03684,
1403636874901666304,-0.01178,-0.14580,0.17744,-0.06453,0.93305,0.02125,0.35327,-0.07698,0.52077,-0.04095,
1403636875001666560,-0.01766,-0.10028,0.17423,-0.06993,0.93229,0.02490,0.35401,-0.03903,0.39919,-0.02765,
1403636875101666560,-0.01904,-0.06582,0.17225,-0.06817,0.92767,0.01982,0.36659,0.00347,0.29512,-0.02477,
1403636875201666560,-0.02125,-0.03967,0.17058,-0.06032,0.92116,0.00312,0.38448,-0.03850,0.23283,-0.03531,
1403636875301666560,-0.02676,-0.01866,0.16711,-0.05321,0.91694,-0.02122,0.39490,-0.09126,0.19241,-0.04565,
1403636875401666304,-0.03920,-0.00122,0.16393,-0.05259,0.91597,-0.04803,0.39489,-0.17240,0.14271,-0.03146,
1403636875501666560,-0.06231,0.00846,0.16178,-0.05579,0.91700,-0.06770,0.38913,-0.27763,0.04055,-0.01607,
1403636875601666560,-0.09505,0.00613,0.16019,-0.05875,0.91833,-0.08213,0.38272,-0.35484,-0.08420,-0.00464,
1403636875701666560,-0.13171,-0.00854,0.15991,-0.05468,0.91796,-0.09490,0.38126,-0.36250,-0.21188,0.00205,
1403636875801666560,-0.16845,-0.03377,0.15888,-0.04337,0.91626,-0.11025,0.38266,-0.36824,-0.28208,-0.01166,
1403636875901666304,-0.20441,-0.06566,0.15795,-0.03067,0.91586,-0.12821,0.37924,-0.34201,-0.34430,0.00436,
1403636876001666560,-0.23607,-0.10428,0.15986,-0.01563,0.91367,-0.15058,0.37722,-0.27253,-0.42788,0.03920,
1403636876101666560,-0.25844,-0.15090,0.16456,0.00536,0.90813,-0.17295,0.38125,-0.15171,-0.48511,0.05703,
1403636876201666560,-0.26809,-0.20000,0.16885,0.02344,0.90161,-0.19356,0.38610,-0.01262,-0.49735,0.03592,
1403636876301666560,-0.26209,-0.25115,0.16952,0.03473,0.89837,-0.20992,0.38426,0.13784,-0.51926,-0.00591,
1403636876401666304,-0.24319,-0.30461,0.16871,0.04408,0.89761,-0.22276,0.37779,0.27910,-0.54564,-0.01910,
1403636876501666560,-0.20790,-0.35949,0.16737,0.05581,0.89647,-0.22756,0.37609,0.41776,-0.52456,0.00407,
1403636876601666560,-0.16067,-0.40836,0.16890,0.06566,0.89352,-0.22200,0.38474,0.53859,-0.44762,0.03398,
1403636876701666560,-0.10444,-0.44561,0.17227,0.06780,0.89149,-0.20898,0.39621,0.60687,-0.28212,0.04651,
1403636876801666560,-0.04408,-0.46475,0.17585,0.06326,0.89258,-0.18866,0.40461,0.59810,-0.07695,0.03585,
1403636876901666304,0.01453,-0.46186,0.17871,0.05519,0.89469,-0.16177,0.41268,0.57124,0.14544,0.01440,
1403636877001666560,0.06966,-0.43716,0.17847,0.03992,0.89591,-0.13121,0.42253,0.51341,0.34620,-0.00468,
1403636877101666560,0.11743,-0.39393,0.17731,0.01880,0.89793,-0.09449,0.42946,0.41603,0.51505,0.00021,
1403636877201666560,0.15327,-0.33469,0.17649,-0.00561,0.90011,-0.05437,0.43222,0.28753,0.65752,0.00246,
1403636877301666560,0.17679,-0.26554,0.17679,-0.02984,0.90125,-0.01758,0.43192,0.13079,0.72364,0.00690,
1403636877401666304,0.18159,-0.19237,0.17729,-0.05103,0.90155,0.01881,0.42924,-0.04532,0.72318,-0.00144,
1403636877501666560,0.17067,-0.12293,0.17552,-0.07109,0.90228,0.04925,0.42239,-0.20089,0.65688,-0.03094,
1403636877601666560,0.14441,-0.06264,0.17137,-0.08845,0.90481,0.06883,0.41081,-0.34555,0.53119,-0.04581,
1403636877701666560,0.10491,-0.01570,0.16749,-0.10192,0.90793,0.07942,0.39871,-0.44853,0.38962,-0.03554,
1403636877801666560,0.05610,0.01605,0.16428,-0.10870,0.91153,0.07991,0.38846,-0.51529,0.24277,-0.03357,
1403636877901666304,0.00398,0.03210,0.16061,-0.10726,0.91629,0.07105,0.37930,-0.52986,0.09280,-0.05022,
1403636878001666560,-0.04826,0.03354,0.15581,-0.09834,0.92159,0.05711,0.37114,-0.51836,-0.05433,-0.06032,
1403636878101666560,-0.09631,0.01966,0.15013,-0.08385,0.92518,0.03715,0.36827,-0.44494,-0.20977,-0.06020,
1403636878201666560,-0.13767,-0.00871,0.14485,-0.06871,0.92608,0.01224,0.37081,-0.37043,-0.35198,-0.04740,
1403636878301666560,-0.17178,-0.05077,0.14026,-0.05678,0.92530,-0.01420,0.37469,-0.28316,-0.46245,-0.04506,
1403636878401666304,-0.19523,-0.10238,0.13629,-0.04605,0.92365,-0.04235,0.37810,-0.17546,-0.56358,-0.02278,
1403636878501666560,-0.20636,-0.16134,0.13602,-0.03043,0.92202,-0.06818,0.37987,-0.03868,-0.61687,0.02795,
1403636878601666560,-0.20478,-0.22362,0.14046,-0.01268,0.91959,-0.09134,0.38191,0.10852,-0.62305,0.06564,
1403636878701666560,-0.18908,-0.28601,0.14790,0.00591,0.91625,-0.10897,0.38545,0.23660,-0.60053,0.08968,
1403636878801666560,-0.16345,-0.34446,0.15721,0.02109,0.91201,-0.12043,0.39153,0.32593,-0.53387,0.08767,
1403636878901666304,-0.12623,-0.39337,0.16292,0.02780,0.90963,-0.12711,0.39452,0.37502,-0.45067,0.04337,
1403636879001666560,-0.08565,-0.43425,0.16698,0.02848,0.90995,-0.12947,0.39297,0.41747,-0.34269,0.03069,
1403636879101666560,-0.04037,-0.46078,0.17171,0.02665,0.90880,-0.12972,0.39566,0.47206,-0.19019,0.06495,
1403636879201666560,0.00820,-0.47346,0.17903,0.02349,0.90381,-0.12520,0.40853,0.48472,-0.05016,0.08374,
1403636879301666560,0.05472,-0.47030,0.18647,0.02071,0.89893,-0.11430,0.42241,0.44313,0.11298,0.07957,
1403636879401666304,0.09440,-0.45087,0.19351,0.01384,0.89640,-0.09453,0.43282,0.36158,0.27062,0.06687,
1403636879501666560,0.12504,-0.41569,0.19869,0.00017,0.89617,-0.06738,0.43857,0.24319,0.41009,0.05459,
1403636879601666560,0.14313,-0.36864,0.20386,-0.01597,0.89775,-0.04010,0.43839,0.11616,0.51621,0.05957,
1403636879701666560,0.14943,-0.31245,0.20963,-0.03546,0.89870,-0.01900,0.43672,-0.01831,0.59094,0.06402,
1403636879801666560,0.14196,-0.25277,0.21409,-0.05295,0.90046,-0.00059,0.43170,-0.15390,0.59032,0.03096,
1403636879901666304,0.12067,-0.19820,0.21591,-0.06436,0.90377,0.01368,0.42293,-0.28550,0.50449,0.00969,
1403636880001666560,0.08646,-0.15536,0.21730,-0.07096,0.90749,0.02203,0.41346,-0.38765,0.33872,0.00763,
1403636880101666560,0.04573,-0.13230,0.21861,-0.07328,0.91013,0.02634,0.40694,-0.43230,0.11387,0.01372,
1403636880201666560,0.00165,-0.13165,0.22048,-0.06861,0.91091,0.02225,0.40624,-0.43961,-0.09722,0.01730,
1403636880301666560,-0.04378,-0.14907,0.22280,-0.05566,0.90984,0.00633,0.41115,-0.44422,-0.22834,0.01451,
1403636880401666304,-0.08849,-0.17456,0.22657,-0.03704,0.90789,-0.01520,0.41729,-0.44985,-0.25932,0.05539,
1403636880501666560,-0.13524,-0.19781,0.23480,-0.01746,0.90563,-0.03677,0.42211,-0.46887,-0.17744,0.08986,
1403636880601666560,-0.18275,-0.20895,0.24418,-0.00157,0.90519,-0.05483,0.42145,-0.46945,-0.03528,0.08218,
1403636880701666560,-0.22870,-0.20400,0.25144,0.00554,0.90787,-0.06626,0.41394,-0.42926,0.13437,0.06182,
1403636880801666560,-0.26776,-0.18387,0.25615,0.00436,0.91098,-0.07106,0.40626,-0.32872,0.27224,0.03406,
1403636880901666304,-0.29465,-0.15286,0.25864,-0.00435,0.91188,-0.06664,0.40498,-0.18207,0.35594,0.02180,
1403636881001666560,-0.30657,-0.11600,0.26027,-0.01309,0.90898,-0.05571,0.41290,-0.02637,0.37728,0.02539,
1403636881101666560,-0.30373,-0.07754,0.26225,-0.02115,0.90405,-0.03895,0.42511,0.09715,0.38904,0.01639,
1403636881201666560,-0.28921,-0.03959,0.26365,-0.03648,0.90011,-0.01807,0.43376,0.20567,0.36094,0.01367,
1403636881301666560,-0.26364,-0.00855,0.26619,-0.05309,0.89752,0.00498,0.43773,0.31682,0.25287,0.03015,
1403636881401666304,-0.22687,0.00974,0.26890,-0.06154,0.89572,0.02486,0.43964,0.42990,0.10836,0.02504,
1403636881501666560,-0.17988,0.01228,0.27064,-0.06183,0.89305,0.04022,0.44387,0.51301,-0.04765,0.01644,
1403636881601666560,-0.12777,0.00001,0.27141,-0.05848,0.88947,0.05286,0.45014,0.54520,-0.19364,-0.00508,
1403636881701666560,-0.07348,-0.02630,0.26923,-0.05469,0.88737,0.06420,0.45328,0.54748,-0.32481,-0.04314,
1403636881801666560,-0.02077,-0.06389,0.26393,-0.04884,0.88822,0.06815,0.45170,0.51077,-0.40682,-0.07072,
1403636881901666304,0.02483,-0.10791,0.25667,-0.04415,0.89027,0.06028,0.44927,0.40249,-0.45702,-0.09288,
1403636882001666560,0.05869,-0.15620,0.24828,-0.04124,0.89209,0.04795,0.44741,0.27729,-0.48818,-0.09722,
1403636882101666560,0.07837,-0.20503,0.23752,-0.03755,0.89216,0.03565,0.44874,0.12601,-0.46912,-0.13251,
1403636882201666560,0.08143,-0.24771,0.22345,-0.03161,0.89103,0.02558,0.45212,-0.02894,-0.38197,-0.15300,
1403636882301666560,0.07063,-0.27887,0.20855,-0.02548,0.88857,0.01861,0.45766,-0.15896,-0.22887,-0.15686,
1403636882401666304,0.05098,-0.29318,0.19328,-0.02745,0.88631,0.01821,0.46193,-0.20805,-0.05035,-0.15655,
1403636882501666560,0.03141,-0.28998,0.17757,-0.03685,0.88449,0.02128,0.46461,-0.15762,0.09812,-0.14311,
1403636882601666560,0.02155,-0.27557,0.16469,-0.04792,0.88081,0.02798,0.47021,-0.02402,0.17675,-0.11256,
1403636882701666560,0.02612,-0.25512,0.15413,-0.06053,0.87028,0.03733,0.48740,0.11100,0.22394,-0.10790,
1403636882801666560,0.04171,-0.23279,0.14048,-0.07907,0.85325,0.05370,0.51266,0.18928,0.22265,-0.15995,
1403636882901666304,0.06180,-0.21148,0.12105,-0.09671,0.83717,0.07273,0.53339,0.20441,0.21183,-0.21648,
1403636883001666560,0.08095,-0.19099,0.09688,-0.11458,0.82952,0.09189,0.53882,0.18105,0.20047,-0.25571,
1403636883101666560,0.09885,-0.17270,0.07222,-0.12654,0.82657,0.11034,0.53722,0.17333,0.16673,-0.23759,
1403636883201666560,0.11538,-0.15718,0.04925,-0.12918,0.82060,0.12524,0.54244,0.15495,0.14419,-0.22078,
1403636883301666560,0.12813,-0.14378,0.02816,-0.13319,0.81386,0.13502,0.54923,0.11241,0.11550,-0.19215,
1403636883401666304,0.13784,-0.13446,0.01195,-0.13844,0.81004,0.13947,0.55247,0.08895,0.07548,-0.13865,
1403636883501666560,0.14482,-0.12916,0.00149,-0.14384,0.80464,0.14439,0.55769,0.06134,0.03930,-0.07262,
1403636883601666560,0.15015,-0.12534,-0.00531,-0.14901,0.79714,0.15074,0.56537,0.04807,0.03230,-0.06133,
1403636883701666560,0.15452,-0.12258,-0.01092,-0.15179,0.79343,0.15872,0.56766,0.03278,0.01938,-0.03952,
1403636883801666560,0.15758,-0.12099,-0.01458,-0.15385,0.79254,0.16247,0.56728,0.01903,0.01577,-0.04444,
1403636883901666304,0.15986,-0.12008,-0.01892,-0.16128,0.79134,0.16320,0.56669,0.01847,0.00301,-0.03922,
1403636884001666560,0.16178,-0.11978,-0.02123,-0.16286,0.78851,0.16625,0.56928,0.00221,-0.00231,-0.00301,
1403636884101666560,0.16244,-0.12055,-0.02244,-0.16863,0.78412,0.16745,0.57331,0.00124,-0.01953,-0.01733,
1403636884201666560,0.16228,-0.12169,-0.02239,-0.16645,0.78046,0.16967,0.57827,-0.01145,-0.00398,0.00463,
1403636884301666560,0.16103,-0.12146,-0.02197,-0.16567,0.77813,0.16901,0.58181,-0.01208,0.01192,0.00895,
1403636884401666304,0.16052,-0.12117,-0.02190,-0.16674,0.77781,0.16833,0.58214,-0.00165,-0.00027,-0.00332,
1403636884501666560,0.16053,-0.12143,-0.02185,-0.16579,0.77775,0.16888,0.58232,-0.00334,0.00437,-0.00344,
1403636884601666560,0.16052,-0.12128,-0.02184,-0.16602,0.77773,0.16872,0.58233,-0.00184,-0.00169,-0.00093,
1403636884701666560,0.16062,-0.12135,-0.02189,-0.16591,0.77802,0.16859,0.58201,-0.00348,0.00092,0.00269,
1403636884801666560,0.16069,-0.12143,-0.02189,-0.16563,0.77809,0.16858,0.58199,-0.00309,0.00075,0.00065,
1403636884901666304,0.16070,-0.12144,-0.02189,-0.16562,0.77815,0.16851,0.58194,-0.00191,-0.00174,0.00196,
1403636885001666560,0.16069,-0.12144,-0.02187,-0.16569,0.77826,0.16837,0.58181,-0.00027,-0.00300,0.00180,
1403636885101666560,0.16064,-0.12142,-0.02187,-0.16574,0.77830,0.16821,0.58180,-0.00143,-0.00268,0.00299,
1403636885201666560,0.16063,-0.12142,-0.02186,-0.16574,0.77838,0.16813,0.58171,-0.00294,-0.00018,0.00301,
1403636885301666560,0.16065,-0.12145,-0.02187,-0.16564,0.77840,0.16815,0.58170,-0.00252,0.00106,0.00351,
1403636885401666304,0.16065,-0.12146,-0.02188,-0.16553,0.77842,0.16808,0.58174,-0.00315,-0.00117,0.00244,
1403636885501666560,0.16065,-0.12147,-0.02189,-0.16550,0.77843,0.16805,0.58173,-0.00149,-0.00055,0.00172,
1403636885601666560,0.16061,-0.12150,-0.02188,-0.16540,0.77846,0.16800,0.58173,-0.00229,-0.00158,0.00206,
1403636885701666560,0.16067,-0.12148,-0.02190,-0.16548,0.77857,0.16793,0.58158,-0.00109,-0.00013,0.00224,
1403636885801666560,0.16067,-0.12148,-0.02190,-0.16540,0.77857,0.16794,0.58161,-0.00018,-0.00041,0.00234,
1403636885901666304,0.16066,-0.12147,-0.02192,-0.16544,0.77864,0.16788,0.58152,-0.00099,-0.00138,0.00170,
1403636886001666560,0.16064,-0.12147,-0.02192,-0.16548,0.77862,0.16785,0.58155,-0.00070,0.00212,-0.00016,
1403636886101666560,0.16064,-0.12151,-0.02193,-0.16530,0.77863,0.16790,0.58157,-0.00245,0.00202,0.00321,
1403636886201666560,0.16065,-0.12153,-0.02193,-0.16520,0.77865,0.16796,0.58155,-0.00215,0.00140,0.00282,
1403636886301666560,0.16065,-0.12153,-0.02192,-0.16516,0.77865,0.16800,0.58155,-0.00005,0.00054,0.00048,
1403636886401666304,0.16063,-0.12151,-0.02193,-0.16527,0.77865,0.16793,0.58154,0.00017,-0.00213,0.00169,
1403636886501666560,0.16061,-0.12151,-0.02194,-0.16528,0.77865,0.16792,0.58154,0.00043,-0.00023,0.00263,
1403636886601666560,0.16061,-0.12152,-0.02195,-0.16526,0.77866,0.16793,0.58153,-0.00061,-0.00012,0.00203,
1403636886701666560,0.16061,-0.12153,-0.02195,-0.16524,0.77867,0.16794,0.58153,-0.00052,-0.00010,0.00128,
1403636886801666560,0.16061,-0.12153,-0.02196,-0.16522,0.77866,0.16794,0.58154,-0.00101,-0.00102,0.00238,
1403636886901666304,0.16062,-0.12152,-0.02196,-0.16528,0.77870,0.16792,0.58148,-0.00101,-0.00065,0.00229,
1403636887001666560,0.16061,-0.12152,-0.02196,-0.16517,0.77869,0.16796,0.58150,-0.00126,0.00038,0.00118,
1403636887101666560,0.16062,-0.12153,-0.02197,-0.16521,0.77870,0.16795,0.58148,-0.00128,-0.00066,0.00245,
1403636887201666560,0.16061,-0.12153,-0.02199,-0.16522,0.77872,0.16790,0.58146,-0.00150,-0.00087,0.00127,
1403636887301666560,0.16061,-0.12154,-0.02200,-0.16521,0.77873,0.16786,0.58147,-0.00237,-0.00037,0.00215,
1403636887401666304,0.16063,-0.12154,-0.02199,-0.16512,0.77875,0.16793,0.58145,-0.00281,0.00080,0.00300,
1403636887501666560,0.16062,-0.12154,-0.02200,-0.16512,0.77877,0.16794,0.58142,-0.00173,-0.00062,0.00194,
1403636887601666560,0.16061,-0.12153,-0.02200,-0.16519,0.77875,0.16788,0.58144,-0.00079,-0.00091,0.00221,
1403636887701666560,0.16060,-0.12151,-0.02201,-0.16524,0.77876,0.16787,0.58141,-0.00040,-0.00124,0.00267,
1403636887801666560,0.16060,-0.12151,-0.02201,-0.16526,0.77879,0.16787,0.58137,0.00003,-0.00129,0.00160,
1403636887901666304,0.16060,-0.12150,-0.02200,-0.16522,0.77882,0.16787,0.58134,-0.00008,0.00017,0.00254,
1403636888001666560,0.16061,-0.12151,-0.02201,-0.16518,0.77886,0.16787,0.58130,-0.00096,0.00011,0.00113,
1403636888101666560,0.16061,-0.12152,-0.02201,-0.16520,0.77884,0.16787,0.58133,-0.00062,-0.00044,0.00109,
1403636888201666560,0.16060,-0.12153,-0.02204,-0.16523,0.77884,0.16786,0.58132,-0.00065,0.00010,0.00144,
1403636888301666560,0.16061,-0.12153,-0.02203,-0.16523,0.77883,0.16788,0.58132,-0.00131,0.00001,0.00110,
1403636888401666304,0.16061,-0.12154,-0.02204,-0.16516,0.77887,0.16791,0.58129,-0.00115,-0.00003,0.00193,
1403636888501666560,0.16061,-0.12154,-0.02203,-0.16514,0.77888,0.16788,0.58128,-0.00103,-0.00057,0.00167,
1403636888601666560,0.16057,-0.12153,-0.02202,-0.16514,0.77885,0.16781,0.58135,0.00340,-0.01010,0.00094,
1403636888701666560,0.16053,-0.12146,-0.02199,-0.16520,0.77868,0.16794,0.58152,0.00632,-0.02362,0.00274,
1403636888801666560,0.16048,-0.12137,-0.02198,-0.16529,0.77862,0.16820,0.58149,0.00323,-0.00658,0.00599,
1403636888901666304,0.16038,-0.12135,-0.02203,-0.16533,0.77882,0.16795,0.58129,-0.00073,-0.00369,0.00538,
1403636889001666560,0.16039,-0.12132,-0.02196,-0.16562,0.77866,0.16810,0.58138,0.00316,-0.00743,0.00368,
1403636889101666560,0.16042,-0.12139,-0.02197,-0.16533,0.77876,0.16783,0.58140,0.00245,-0.00355,0.00262,
1403636889201666560,0.16044,-0.12141,-0.02198,-0.16533,0.77880,0.16775,0.58137,-0.00326,0.00906,0.00062,
1403636889301666560,0.16051,-0.12143,-0.02206,-0.16531,0.77882,0.16762,0.58139,-0.00268,0.00576,-0.00402,
1403636889401666304,0.16054,-0.12142,-0.02203,-0.16546,0.77874,0.16794,0.58137,-0.00091,-0.00223,-0.00001,
1403636889501666560,0.16049,-0.12145,-0.02201,-0.16515,0.77878,0.16786,0.58142,0.00217,0.00161,0.00114,
1403636889601666560,0.16036,-0.12161,-0.02198,-0.16495,0.77876,0.16772,0.58155,-0.00273,0.00035,-0.00117,
1403636889701666560,0.16036,-0.12159,-0.02196,-0.16498,0.77861,0.16789,0.58168,-0.00270,0.00834,0.00071,
1403636889801666560,0.16033,-0.12156,-0.02196,-0.16509,0.77858,0.16801,0.58167,-0.00272,0.00315,0.00210,
1403636889901666304,0.16034,-0.12158,-0.02196,-0.16500,0.77870,0.16767,0.58163,-0.00474,0.00930,-0.00083,
1403636890001666560,0.16035,-0.12158,-0.02199,-0.16509,0.77872,0.16790,0.58151,-0.00571,0.01570,0.00238,
1403636890101666560,0.16038,-0.12170,-0.02194,-0.16482,0.77877,0.16718,0.58172,-0.00511,0.00327,-0.01006,
1403636890201666560,0.16032,-0.12155,-0.02184,-0.16519,0.77836,0.16771,0.58202,0.00050,-0.01252,-0.00159,
1403636890301666560,0.16025,-0.12147,-0.02192,-0.16522,0.77864,0.16814,0.58151,-0.00082,0.00428,0.00785,
1403636890401666304,0.16026,-0.12159,-0.02198,-0.16478,0.77886,0.16754,0.58152,-0.00626,0.01014,-0.00496,
1403636890501666560,0.16032,-0.12161,-0.02189,-0.16484,0.77844,0.16735,0.58211,-0.00159,-0.00875,-0.00731,
1403636890601666560,0.16030,-0.12149,-0.02187,-0.16524,0.77831,0.16819,0.58193,0.00529,-0.00836,0.00889,
1403636890701666560,0.16025,-0.12151,-0.02198,-0.16519,0.77875,0.16817,0.58136,-0.00405,0.01315,0.00739,
1403636890801666560,0.16030,-0.12166,-0.02193,-0.16489,0.77874,0.16739,0.58168,-0.00536,0.00649,-0.00823,
1403636890901666304,0.16031,-0.12161,-0.02184,-0.16498,0.77850,0.16749,0.58194,-0.00400,0.00598,-0.00506,
1403636891001666560,0.16026,-0.12159,-0.02190,-0.16513,0.77854,0.16755,0.58184,-0.00128,0.00249,-0.00031,
1403636891101666560,0.16027,-0.12157,-0.02191,-0.16500,0.77856,0.16759,0.58183,-0.00330,0.00293,-0.00073,
1403636891201666560,0.16027,-0.12156,-0.02191,-0.16499,0.77852,0.16767,0.58186,-0.00197,0.00233,-0.00096,
1403636891301666560,0.16029,-0.12156,-0.02193,-0.16503,0.77855,0.16773,0.58181,-0.00127,0.00105,-0.00003,
1403636891401666304,0.16029,-0.12156,-0.02193,-0.16502,0.77850,0.16770,0.58188,-0.00010,-0.00043,0.00006,
1403636891501666560,0.16029,-0.12156,-0.02193,-0.16509,0.77852,0.16773,0.58183,-0.00090,0.00067,0.00121,
1403636891601666560,0.16027,-0.12156,-0.02191,-0.16505,0.77856,0.16772,0.58178,-0.00042,0.00040,0.00067,
1403636891701666560,0.16026,-0.12157,-0.02192,-0.16502,0.77854,0.16767,0.58184,-0.00076,0.00028,0.00037,
1403636891801666560,0.16027,-0.12154,-0.02194,-0.16507,0.77854,0.16769,0.58182,-0.00155,0.00097,0.00041,
1403636891901666304,0.16027,-0.12155,-0.02193,-0.16512,0.77853,0.16772,0.58181,-0.00156,0.00037,-0.00014,
1403636892001666560,0.16026,-0.12155,-0.02193,-0.16504,0.77853,0.16772,0.58182,-0.00078,0.00189,0.00119,
1403636892101666560,0.16029,-0.12156,-0.02195,-0.16507,0.77853,0.16775,0.58180,-0.00095,0.00128,0.00045,
1403636892201666560,0.16028,-0.12156,-0.02193,-0.16503,0.77854,0.16777,0.58181,-0.00050,0.00045,0.00001,
1403636892301666560,0.16036,-0.12164,-0.02195,-0.16473,0.77855,0.16790,0.58184,-0.00182,0.00542,-0.00024,
1403636892401666304,0.16032,-0.12161,-0.02192,-0.16490,0.77855,0.16761,0.58187,-0.00118,0.00362,-0.00252,
1403636892501666560,0.16029,-0.12158,-0.02191,-0.16495,0.77848,0.16769,0.58193,-0.00160,0.00224,-0.00147,
1403636892601666560,0.16027,-0.12157,-0.02190,-0.16499,0.77848,0.16773,0.58190,-0.00070,0.00210,-0.00086,
1403636892701666560,0.16028,-0.12157,-0.02192,-0.16498,0.77847,0.16778,0.58191,-0.00127,0.00215,-0.00145,
1403636892801666560,0.16029,-0.12156,-0.02190,-0.16498,0.77845,0.16789,0.58191,0.00010,0.00243,-0.00047,
1403636892901666304,0.16030,-0.12157,-0.02192,-0.16497,0.77855,0.16784,0.58178,-0.00152,0.00250,0.00110,
1403636893001666560,0.16031,-0.12158,-0.02193,-0.16493,0.77846,0.16788,0.58190,-0.00263,0.00213,-0.00002,
1403636893101666560,0.16030,-0.12157,-0.02193,-0.16495,0.77845,0.16786,0.58191,0.00017,0.00016,-0.00043,
1403636893201666560,0.16029,-0.12155,-0.02193,-0.16500,0.77848,0.16783,0.58187,-0.00107,0.00070,-0.00107,
1403636893301666560,0.16029,-0.12155,-0.02194,-0.16504,0.77848,0.16783,0.58186,-0.00212,0.00048,0.00084,
1403636893401666304,0.16030,-0.12156,-0.02193,-0.16502,0.77850,0.16784,0.58183,-0.00163,0.00117,0.00072,
1403636893501666560,0.16032,-0.12156,-0.02194,-0.16500,0.77850,0.16784,0.58185,-0.00016,0.00162,0.00099,
1403636893601666560,0.16031,-0.12157,-0.02193,-0.16497,0.77850,0.16783,0.58186,-0.00073,0.00034,-0.00038,
1403636893701666560,0.16032,-0.12156,-0.02193,-0.16499,0.77848,0.16790,0.58186,-0.00025,0.00011,-0.00039,
1403636893801666560,0.16031,-0.12154,-0.02193,-0.16503,0.77852,0.16785,0.58181,0.00041,-0.00024,0.00075,
1403636893901666304,0.16030,-0.12155,-0.02194,-0.16506,0.77852,0.16781,0.58180,-0.00054,-0.00075,0.00067,
1403636894001666560,0.16028,-0.12154,-0.02194,-0.16507,0.77853,0.16778,0.58180,0.00012,0.00075,0.00046,
1403636894101666560,0.16026,-0.12154,-0.02194,-0.16502,0.77854,0.16778,0.58180,-0.00049,0.00182,-0.00031,
1403636894201666560,0.16028,-0.12156,-0.02197,-0.16505,0.77851,0.16780,0.58183,0.00066,0.00056,-0.00134,
1403636894301666560,0.16028,-0.12153,-0.02196,-0.16505,0.77848,0.16779,0.58187,-0.00170,0.00072,-0.00044,
1403636894401666304,0.16028,-0.12154,-0.02195,-0.16504,0.77853,0.16781,0.58180,-0.00005,-0.00134,-0.00131,
1403636894501666560,0.16030,-0.12153,-0.02196,-0.16510,0.77849,0.16783,0.58183,-0.00086,0.00001,-0.00080,
1403636894601666560,0.16025,-0.12125,-0.02193,-0.16609,0.77743,0.16876,0.58269,-0.00144,-0.00005,-0.00036,
1403636894701666560,0.16024,-0.12124,-0.02192,-0.16612,0.77740,0.16879,0.58272,-0.00104,0.00014,0.00120,
1403636894801666560,0.16025,-0.12125,-0.02193,-0.16606,0.77744,0.16877,0.58269,-0.00115,-0.00033,-0.00062,
1403636894901666304,0.16031,-0.12131,-0.02192,-0.16590,0.77742,0.16872,0.58278,-0.00070,-0.00145,-0.00020,
1403636895001666560,0.16031,-0.12130,-0.02192,-0.16594,0.77742,0.16876,0.58275,-0.00074,-0.00233,0.00025,
1403636895101666560,0.16030,-0.12128,-0.02191,-0.16599,0.77743,0.16874,0.58273,-0.00000,-0.00452,0.00111,
1403636895201666560,0.16031,-0.12128,-0.02190,-0.16599,0.77741,0.16866,0.58277,0.00096,-0.00331,-0.00035,
1403636895301666560,0.16030,-0.12127,-0.02190,-0.16604,0.77739,0.16869,0.58278,-0.00209,-0.00382,0.00168,
1403636895401666304,0.16029,-0.12127,-0.02190,-0.16600,0.77740,0.16875,0.58276,-0.00216,-0.00102,0.00038,
1403636895501666560,0.16029,-0.12127,-0.02189,-0.16601,0.77738,0.16878,0.58278,-0.00089,-0.00228,0.00086,
1403636895601666560,0.16029,-0.12127,-0.02189,-0.16600,0.77740,0.16875,0.58277,-0.00088,-0.00067,0.00022,
1403636895701666560,0.16030,-0.12128,-0.02189,-0.16597,0.77737,0.16878,0.58280,-0.00251,0.00011,0.00020,
1403636895801666560,0.16032,-0.12129,-0.02186,-0.16591,0.77731,0.16882,0.58289,-0.00073,-0.00005,-0.00091,
1403636895901666304,0.16033,-0.12129,-0.02185,-0.16593,0.77733,0.16894,0.58282,-0.00166,-0.00387,0.00121,
1403636896001666560,0.16031,-0.12128,-0.02184,-0.16593,0.77735,0.16898,0.58278,-0.00226,-0.00186,0.00122,
1403636896101666560,0.16051,-0.12132,-0.02194,-0.16603,0.77776,0.16901,0.58220,0.00095,0.00204,-0.00118,
1403636896201666560,0.16081,-0.12140,-0.02211,-0.16615,0.77847,0.16902,0.58122,-0.00145,-0.00253,0.00019,
1403636896301666560,0.16076,-0.12142,-0.02206,-0.16604,0.77835,0.16920,0.58136,-0.00259,0.00033,0.00580,
1403636896401666304,0.16060,-0.12139,-0.02194,-0.16601,0.77799,0.16924,0.58184,0.00978,0.00165,-0.00230,
1403636896501666560,0.16053,-0.12137,-0.02188,-0.16598,0.77779,0.16929,0.58210,-0.00574,-0.00179,0.00018,
1403636896601666560,0.16054,-0.12138,-0.02189,-0.16594,0.77782,0.16927,0.58208,0.00177,0.00189,-0.00112,
1403636896701666560,0.16069,-0.12144,-0.02191,-0.16595,0.77807,0.16945,0.58168,0.00448,-0.00473,-0.00425,
1403636896801666560,0.16075,-0.12145,-0.02195,-0.16608,0.77836,0.16957,0.58122,0.00146,0.00506,0.00631,
1403636896901666304,0.16078,-0.12153,-0.02191,-0.16596,0.77829,0.16981,0.58128,0.00189,-0.00399,-0.00244,
1403636897001666560,0.16053,-0.12144,-0.02173,-0.16618,0.77778,0.16985,0.58189,-0.00155,-0.00163,0.00433,
1403636897101666560,0.15995,-0.12165,-0.02143,-0.16707,0.77711,0.17192,0.58191,-0.01832,-0.01093,-0.00181,
1403636897201666560,0.15863,-0.12213,-0.02166,-0.16874,0.77691,0.17467,0.58088,-0.01792,-0.01467,0.00377,
1403636897301666560,0.15660,-0.12538,-0.02220,-0.16799,0.77793,0.17363,0.58005,-0.03369,-0.05315,-0.01032,
1403636897401666304,0.15201,-0.13368,-0.02277,-0.16283,0.78160,0.17110,0.57733,-0.06178,-0.10828,-0.00824,
1403636897501666560,0.14381,-0.14599,-0.02318,-0.15461,0.78708,0.16943,0.57261,-0.08097,-0.13760,-0.01103,
1403636897601666560,0.13335,-0.16094,-0.02317,-0.14501,0.79528,0.16910,0.56384,-0.11427,-0.16061,0.01876,
1403636897701666560,0.12115,-0.17817,-0.01858,-0.13194,0.80542,0.17304,0.55132,-0.12195,-0.17853,0.07386,
1403636897801666560,0.11006,-0.19531,-0.00601,-0.12326,0.81320,0.17779,0.54027,-0.09970,-0.16432,0.14906,
1403636897901666304,0.10254,-0.20969,0.01314,-0.11916,0.81821,0.18111,0.53248,-0.06226,-0.12553,0.22005,
1403636898001666560,0.10108,-0.21958,0.03623,-0.12090,0.81287,0.18232,0.53980,0.00223,-0.08439,0.19996,
1403636898101666560,0.10282,-0.22620,0.05168,-0.12615,0.80668,0.18262,0.54773,0.01344,-0.06602,0.12099,
1403636898201666560,0.10642,-0.23118,0.06439,-0.12961,0.80345,0.18421,0.55113,0.03399,-0.04387,0.13246,
1403636898301666560,0.11176,-0.23410,0.07954,-0.13143,0.80239,0.18686,0.55134,0.05376,-0.02244,0.16853,
1403636898401666304,0.11852,-0.23448,0.09807,-0.13355,0.80184,0.18983,0.55062,0.07154,0.00270,0.20319,
1403636898501666560,0.12567,-0.23354,0.11940,-0.13668,0.80192,0.19219,0.54891,0.08610,0.01828,0.22352,
1403636898601666560,0.13465,-0.23107,0.14102,-0.13795,0.80166,0.19474,0.54807,0.10177,0.03205,0.21412,
1403636898701666560,0.14475,-0.22740,0.16135,-0.13821,0.80162,0.19718,0.54720,0.11028,0.04925,0.18947,
1403636898801666560,0.15675,-0.22168,0.17985,-0.14059,0.80147,0.19799,0.54652,0.12983,0.06806,0.17106,
1403636898901666304,0.17033,-0.21474,0.19643,-0.14382,0.80257,0.19717,0.54436,0.14541,0.08121,0.15232,
1403636899001666560,0.18635,-0.20679,0.21040,-0.14953,0.80397,0.19313,0.54219,0.18190,0.07672,0.12039,
1403636899101666560,0.20620,-0.20016,0.22200,-0.15045,0.80441,0.18472,0.54421,0.22518,0.05438,0.11023,
1403636899201666560,0.22961,-0.19651,0.23334,-0.14286,0.80318,0.17422,0.55148,0.25342,0.02223,0.11617,
1403636899301666560,0.25469,-0.19576,0.24401,-0.13332,0.80020,0.15713,0.56322,0.24450,-0.01250,0.10253,
1403636899401666304,0.27990,-0.19874,0.25292,-0.11783,0.79896,0.13721,0.57354,0.24851,-0.04380,0.09333,
1403636899501666560,0.30231,-0.20403,0.26022,-0.10739,0.80316,0.11570,0.57447,0.19962,-0.06172,0.06498,
1403636899601666560,0.32272,-0.21106,0.26544,-0.10119,0.81064,0.09914,0.56815,0.19653,-0.08279,0.05611,
1403636899701666560,0.34337,-0.22118,0.27114,-0.09625,0.81498,0.08768,0.56468,0.22097,-0.11330,0.06136,
1403636899801666560,0.36513,-0.23488,0.27620,-0.08910,0.81812,0.08136,0.56225,0.23793,-0.14720,0.04752,
1403636899901666304,0.38887,-0.25088,0.27917,-0.07935,0.81837,0.08085,0.56342,0.26352,-0.16660,0.02269,
1403636900001666560,0.41480,-0.26845,0.27980,-0.07275,0.81493,0.08128,0.56920,0.27251,-0.17161,0.00193,
1403636900101666560,0.44051,-0.28638,0.28004,-0.07089,0.80988,0.08108,0.57663,0.26308,-0.18096,0.02957,
1403636900201666560,0.46511,-0.30529,0.28683,-0.07009,0.80605,0.08220,0.58190,0.24130,-0.18507,0.11718,
1403636900301666560,0.48655,-0.32434,0.30300,-0.06927,0.80665,0.08444,0.58084,0.20411,-0.18979,0.20388,
1403636900401666304,0.50541,-0.34335,0.32696,-0.07096,0.81128,0.08676,0.57382,0.18467,-0.18821,0.26049,
1403636900501666560,0.52068,-0.36155,0.35268,-0.07153,0.81498,0.08999,0.56798,0.17834,-0.19017,0.24244,
1403636900601666560,0.53780,-0.38040,0.37439,-0.07341,0.81681,0.09198,0.56477,0.19117,-0.18194,0.19434,
1403636900701666560,0.55603,-0.39804,0.38789,-0.07499,0.82145,0.09341,0.55756,0.20383,-0.18226,0.11612,
1403636900801666560,0.57586,-0.41587,0.39731,-0.07828,0.82536,0.09374,0.55123,0.23271,-0.17965,0.06221,
1403636900901666304,0.59853,-0.43339,0.40213,-0.08632,0.82396,0.08961,0.55282,0.26869,-0.17927,0.02115,
1403636901001666560,0.62617,-0.45341,0.40412,-0.09150,0.82114,0.08643,0.55668,0.30827,-0.21053,-0.02803,
1403636901101666560,0.65726,-0.47676,0.40089,-0.09560,0.81975,0.08390,0.55842,0.32695,-0.25483,-0.06045,
1403636901201666560,0.69014,-0.50306,0.39464,-0.09657,0.81883,0.08287,0.55975,0.35968,-0.29152,-0.04369,
1403636901301666560,0.72543,-0.53434,0.39249,-0.09269,0.81800,0.08538,0.56125,0.34300,-0.34257,0.00792,
1403636901401666304,0.76355,-0.56885,0.39545,-0.08899,0.81748,0.08763,0.56225,0.41033,-0.35502,0.06672,
1403636901501666560,0.80525,-0.60673,0.40711,-0.08368,0.81664,0.09092,0.56377,0.41980,-0.37450,0.11582,
1403636901601666560,0.84652,-0.64440,0.41670,-0.08003,0.81594,0.09304,0.56496,0.42412,-0.37545,0.05716,
1403636901701666560,0.88871,-0.68220,0.41901,-0.07945,0.81408,0.09301,0.56773,0.42320,-0.37360,-0.01829,
1403636901801666560,0.92921,-0.72167,0.41506,-0.08055,0.81357,0.09224,0.56842,0.42604,-0.38267,-0.08263,
1403636901901666304,0.97077,-0.76049,0.40497,-0.07996,0.81342,0.09297,0.56860,0.41347,-0.38377,-0.13144,
1403636902001666560,1.01151,-0.79952,0.39151,-0.07869,0.81307,0.09432,0.56905,0.40376,-0.37942,-0.15126,
1403636902101666560,1.05394,-0.83676,0.37929,-0.07851,0.81225,0.09535,0.57008,0.41877,-0.36798,-0.08488,
1403636902201666560,1.08960,-0.87829,0.37577,-0.07793,0.81234,0.09646,0.56984,0.40064,-0.37906,-0.02011,
1403636902301666560,1.12614,-0.91662,0.37536,-0.08002,0.81275,0.09396,0.56940,0.39445,-0.37972,-0.03280,
1403636902401666304,1.16405,-0.95842,0.36216,-0.08058,0.81343,0.09195,0.56867,0.38542,-0.39691,-0.17363,
1403636902501666560,1.19676,-0.99766,0.33936,-0.07739,0.81432,0.09143,0.56791,0.37989,-0.40606,-0.26653,
1403636902601666560,1.23367,-1.03668,0.31068,-0.07084,0.81435,0.09257,0.56855,0.38646,-0.39707,-0.25136,
1403636902701666560,1.26678,-1.07337,0.28861,-0.06552,0.81348,0.09283,0.57038,0.37361,-0.37991,-0.17167,
1403636902801666560,1.29946,-1.10873,0.27574,-0.06479,0.81319,0.09100,0.57117,0.35008,-0.35853,-0.09244,
1403636902901666304,1.33266,-1.14413,0.27091,-0.06679,0.81106,0.09076,0.57400,0.34655,-0.33624,-0.01330,
1403636903001666560,1.36630,-1.17716,0.27067,-0.06842,0.81108,0.09161,0.57366,0.30142,-0.33094,0.04253,
1403636903101666560,1.39589,-1.21083,0.27840,-0.07049,0.81147,0.09266,0.57268,0.32796,-0.30313,0.14140,
1403636903201666560,1.42973,-1.24360,0.29619,-0.07245,0.81223,0.09388,0.57116,0.32099,-0.30325,0.21576,
1403636903301666560,1.46009,-1.27694,0.31869,-0.07261,0.81357,0.09644,0.56880,0.29617,-0.31481,0.25452,
1403636903401666304,1.48874,-1.30977,0.34012,-0.07087,0.81414,0.09957,0.56766,0.28709,-0.30872,0.19057,
1403636903501666560,1.51588,-1.34019,0.35582,-0.07037,0.81432,0.10124,0.56717,0.28273,-0.30637,0.12067,
1403636903601666560,1.54240,-1.36897,0.36402,-0.07104,0.81462,0.10208,0.56651,0.27040,-0.29233,0.04379,
1403636903701666560,1.56926,-1.39806,0.36364,-0.07447,0.81769,0.10046,0.56191,0.27431,-0.27203,-0.03003,
1403636903801666560,1.59861,-1.42533,0.36167,-0.07859,0.82032,0.09829,0.55788,0.30192,-0.26997,-0.02533,
1403636903901666304,1.63125,-1.45198,0.36378,-0.08289,0.82073,0.09550,0.55715,0.35398,-0.27007,0.07508,
1403636904001666560,1.66670,-1.48060,0.37248,-0.08683,0.81894,0.09298,0.55961,0.36082,-0.28304,0.14766,
1403636904101666560,1.70330,-1.51028,0.38997,-0.08951,0.81703,0.09101,0.56229,0.41348,-0.29772,0.21694,
1403636904201666560,1.73966,-1.54050,0.41157,-0.09247,0.81652,0.08875,0.56292,0.39167,-0.33892,0.25946,
1403636904301666560,1.77761,-1.57449,0.43928,-0.09217,0.81573,0.08790,0.56423,0.38752,-0.36274,0.24287,
1403636904401666304,1.81472,-1.61079,0.46005,-0.09032,0.81445,0.08773,0.56640,0.38881,-0.39057,0.19023,
1403636904501666560,1.85367,-1.64848,0.47882,-0.08720,0.81404,0.08869,0.56733,0.38302,-0.41242,0.13264,
1403636904601666560,1.89227,-1.68979,0.49033,-0.08324,0.81374,0.08995,0.56816,0.38419,-0.42545,0.09444,
1403636904701666560,1.93289,-1.73109,0.50168,-0.07880,0.81405,0.09087,0.56821,0.38840,-0.42979,0.08729,
1403636904801666560,1.97287,-1.77483,0.51195,-0.07526,0.81386,0.09142,0.56886,0.38312,-0.43577,0.06945,
1403636904901666304,2.01372,-1.81820,0.51965,-0.07093,0.81426,0.09240,0.56869,0.37993,-0.42722,0.02179,
1403636905001666560,2.05359,-1.86133,0.52366,-0.06776,0.81437,0.09231,0.56894,0.37369,-0.42056,-0.02380,
1403636905101666560,2.09317,-1.90215,0.52307,-0.06486,0.81394,0.09190,0.56995,0.37607,-0.40227,-0.00922,
1403636905201666560,2.13366,-1.94087,0.52587,-0.06255,0.81358,0.09126,0.57083,0.39889,-0.38883,0.04707,
1403636905301666560,2.17164,-1.97649,0.53233,-0.05944,0.81466,0.09103,0.56966,0.39038,-0.35823,0.09167,
1403636905401666304,2.21085,-2.00961,0.54636,-0.05764,0.81743,0.09065,0.56592,0.37226,-0.32342,0.15971,
1403636905501666560,2.24750,-2.03868,0.56521,-0.05747,0.81773,0.09591,0.56464,0.37268,-0.27730,0.19682,
1403636905601666560,2.28624,-2.06618,0.58239,-0.05760,0.81710,0.10247,0.56439,0.38009,-0.24961,0.14172,
1403636905701666560,2.32349,-2.08822,0.59223,-0.06223,0.81737,0.10496,0.56304,0.37580,-0.21540,0.06103,
1403636905801666560,2.36149,-2.10608,0.59495,-0.06756,0.81738,0.10563,0.56229,0.38923,-0.18876,-0.01796,
1403636905901666304,2.39877,-2.11961,0.58950,-0.07086,0.81811,0.10666,0.56063,0.38421,-0.15880,-0.08878,
1403636906001666560,2.43880,-2.13361,0.58016,-0.07269,0.82027,0.10824,0.55692,0.40183,-0.14323,-0.13096,
1403636906101666560,2.48030,-2.14458,0.56617,-0.07128,0.82196,0.11143,0.55397,0.42494,-0.10867,-0.14060,
1403636906201666560,2.52266,-2.14842,0.55537,-0.07201,0.82101,0.11242,0.55508,0.46347,-0.07627,-0.06783,
1403636906301666560,2.56952,-2.15406,0.55438,-0.07577,0.81566,0.11143,0.56263,0.47482,-0.05246,0.01539,
1403636906401666304,2.61524,-2.15719,0.55959,-0.08182,0.81212,0.10758,0.56762,0.45840,-0.04167,0.07155,
1403636906501666560,2.66120,-2.15859,0.56988,-0.09342,0.81202,0.09881,0.56757,0.45731,-0.05274,0.09285,
1403636906601666560,2.70532,-2.16327,0.57717,-0.09843,0.81519,0.09488,0.56283,0.44502,-0.08755,0.04663,
1403636906701666560,2.75047,-2.17203,0.58067,-0.09328,0.81514,0.09821,0.56320,0.45373,-0.12084,-0.00110,
1403636906801666560,2.79691,-2.18402,0.57787,-0.08511,0.81439,0.10392,0.56456,0.45952,-0.14168,-0.05760,
1403636906901666304,2.84412,-2.19580,0.57041,-0.08058,0.81448,0.10838,0.56425,0.45206,-0.13081,-0.07296,
1403636907001666560,2.89219,-2.20606,0.56713,-0.07847,0.81422,0.11199,0.56423,0.45730,-0.11465,-0.01151,
1403636907101666560,2.93928,-2.21552,0.56968,-0.07885,0.81465,0.11371,0.56320,0.46005,-0.10279,0.04784,
1403636907201666560,2.98751,-2.22227,0.57282,-0.07816,0.81748,0.11572,0.55877,0.46425,-0.08282,-0.01788,
1403636907301666560,3.03641,-2.22780,0.56793,-0.07979,0.82066,0.11628,0.55375,0.48915,-0.05906,-0.06754,
1403636907401666304,3.08771,-2.23116,0.56224,-0.08545,0.82200,0.11373,0.55143,0.50768,-0.04039,-0.03619,
1403636907501666560,3.14362,-2.23189,0.56243,-0.09126,0.82252,0.11071,0.55034,0.55335,-0.03737,0.05441,
1403636907601666560,3.20118,-2.23542,0.57222,-0.09620,0.82286,0.10764,0.54961,0.58160,-0.05030,0.14628,
1403636907701666560,3.26426,-2.23995,0.58836,-0.09918,0.82284,0.10538,0.54953,0.63742,-0.07198,0.21008,
1403636907801666560,3.32921,-2.24914,0.61114,-0.10109,0.82263,0.10419,0.54974,0.66512,-0.10675,0.23315,
1403636907901666304,3.40273,-2.25894,0.62566,-0.10141,0.82139,0.10400,0.55156,0.72059,-0.11542,0.09674,
1403636908001666560,3.47670,-2.27065,0.62859,-0.09612,0.81742,0.10857,0.55750,0.76876,-0.12677,-0.00957,
1403636908101666560,3.55510,-2.28375,0.62432,-0.09112,0.81361,0.11418,0.56276,0.77225,-0.14209,-0.01305,
1403636908201666560,3.63163,-2.29750,0.62473,-0.09028,0.81092,0.11741,0.56611,0.74231,-0.13866,0.03924,
1403636908301666560,3.70497,-2.31273,0.62833,-0.09059,0.81003,0.12007,0.56676,0.71628,-0.14029,0.02412,
1403636908401666304,3.77627,-2.32778,0.62874,-0.09159,0.81034,0.12220,0.56571,0.69849,-0.13809,-0.03790,
1403636908501666560,3.84825,-2.34094,0.62356,-0.09292,0.81125,0.12401,0.56380,0.70122,-0.12558,-0.08681,
1403636908601666560,3.91955,-2.35573,0.61603,-0.09424,0.81150,0.12586,0.56280,0.69651,-0.12522,-0.07682,
1403636908701666560,3.98951,-2.36838,0.61258,-0.09502,0.81267,0.12780,0.56054,0.68024,-0.13306,-0.00883,
1403636908801666560,4.06053,-2.38116,0.61735,-0.09761,0.81534,0.12783,0.55620,0.69972,-0.12037,0.07361,
1403636908901666304,4.13267,-2.39119,0.63051,-0.09885,0.81832,0.12773,0.55161,0.73018,-0.11446,0.16844,
1403636909001666560,4.20973,-2.40349,0.65127,-0.10096,0.81898,0.12742,0.55032,0.76236,-0.10469,0.22663,
1403636909101666560,4.28627,-2.41383,0.67315,-0.10344,0.81971,0.12551,0.54921,0.78522,-0.10455,0.19109,
1403636909201666560,4.36737,-2.42404,0.68961,-0.10397,0.81999,0.12459,0.54890,0.81533,-0.11817,0.12702,
1403636909301666560,4.45057,-2.43556,0.69937,-0.10398,0.82053,0.12362,0.54831,0.84579,-0.12613,0.07623,
1403636909401666304,4.53879,-2.44853,0.70687,-0.10253,0.81924,0.12337,0.55056,0.88766,-0.12713,0.04566,
1403636909501666560,4.62926,-2.46005,0.70749,-0.09936,0.81616,0.12397,0.55555,0.90220,-0.12845,-0.01478,
1403636909601666560,4.71878,-2.47147,0.70226,-0.09995,0.81519,0.12178,0.55735,0.90337,-0.13311,-0.07528,
1403636909701666560,4.80874,-2.48430,0.69174,-0.10335,0.81335,0.11773,0.56029,0.90807,-0.15103,-0.12144,
1403636909801666560,4.89922,-2.49941,0.67691,-0.09890,0.80840,0.11958,0.56782,0.90453,-0.16885,-0.17641,
1403636909901666304,4.98695,-2.51426,0.65653,-0.08579,0.80412,0.12773,0.57421,0.87102,-0.16047,-0.22259,
1403636910001666560,5.07164,-2.52852,0.63172,-0.07434,0.79876,0.13503,0.58157,0.81595,-0.13076,-0.26785,
1403636910101666560,5.14805,-2.53609,0.60423,-0.07562,0.79791,0.13436,0.58272,0.75254,-0.07366,-0.25321,
1403636910201666560,5.22456,-2.54111,0.57996,-0.08380,0.80325,0.12962,0.57530,0.74525,-0.03486,-0.19748,
1403636910301666560,5.29588,-2.54350,0.56614,-0.08888,0.80739,0.12711,0.56927,0.70487,-0.02087,-0.09885,
1403636910401666304,5.36396,-2.54501,0.55972,-0.09150,0.81007,0.12661,0.56514,0.68407,-0.01112,-0.01240,
1403636910501666560,5.43038,-2.54459,0.56020,-0.09252,0.81061,0.12780,0.56393,0.67972,-0.00416,0.03377,
1403636910601666560,5.50082,-2.54430,0.55922,-0.09153,0.81082,0.12973,0.56334,0.68361,0.00140,-0.00294,
1403636910701666560,5.56937,-2.54211,0.55313,-0.09160,0.81090,0.13030,0.56309,0.67650,0.01679,-0.07402,
1403636910801666560,5.63702,-2.53995,0.54023,-0.09299,0.81134,0.12956,0.56240,0.66843,0.02456,-0.14033,
1403636910901666304,5.70416,-2.53749,0.52391,-0.09598,0.81208,0.12786,0.56122,0.66447,0.03266,-0.18359,
1403636911001666560,5.76935,-2.53512,0.50853,-0.10206,0.80623,0.12428,0.56933,0.66727,0.03301,-0.12668,
1403636911101666560,5.83599,-2.53271,0.49623,-0.10474,0.79895,0.12253,0.57939,0.65763,0.01150,-0.10506,
1403636911201666560,5.89929,-2.53256,0.48807,-0.10174,0.80234,0.12454,0.57479,0.61185,-0.01975,-0.05410,
1403636911301666560,5.95906,-2.53497,0.48750,-0.09823,0.80770,0.12687,0.56734,0.57924,-0.03359,0.00207,
1403636911401666304,6.01338,-2.53801,0.49708,-0.09526,0.80913,0.12854,0.56543,0.53086,-0.03690,0.11081,
1403636911501666560,6.06672,-2.54179,0.51333,-0.09355,0.80975,0.12898,0.56473,0.52351,-0.03077,0.13714,
1403636911601666560,6.12007,-2.54432,0.52661,-0.09297,0.81019,0.12923,0.56413,0.51229,-0.02455,0.10123,
1403636911701666560,6.17425,-2.54702,0.53763,-0.09288,0.81025,0.12905,0.56411,0.51678,-0.02693,0.05447,
1403636911801666560,6.23010,-2.54804,0.54046,-0.09674,0.81089,0.12542,0.56335,0.51883,-0.02110,0.00464,
1403636911901666304,6.29107,-2.54804,0.53728,-0.10380,0.81352,0.11957,0.55957,0.53594,-0.02642,-0.07589,
1403636912001666560,6.34776,-2.54980,0.52913,-0.10638,0.81547,0.11660,0.55686,0.56380,-0.05119,-0.10275,
1403636912101666560,6.40932,-2.55199,0.51615,-0.10374,0.81555,0.11712,0.55714,0.58307,-0.06150,-0.12498,
1403636912201666560,6.46862,-2.55706,0.50721,-0.10101,0.81408,0.11890,0.55941,0.60889,-0.07623,-0.02497,
1403636912301666560,6.53242,-2.56229,0.50537,-0.09709,0.81230,0.12100,0.56223,0.61237,-0.08112,0.03278,
1403636912401666304,6.59277,-2.57092,0.50913,-0.09622,0.81238,0.12083,0.56230,0.62633,-0.08116,0.07242,
1403636912501666560,6.65730,-2.57756,0.51035,-0.10127,0.81289,0.11650,0.56159,0.63080,-0.09431,0.00970,
1403636912601666560,6.72151,-2.58738,0.50707,-0.10200,0.81335,0.11463,0.56117,0.64252,-0.10531,-0.04428,
1403636912701666560,6.78443,-2.59868,0.49654,-0.10661,0.81375,0.11024,0.56062,0.64786,-0.12928,-0.11363,
1403636912801666560,6.84875,-2.61161,0.48065,-0.11076,0.81367,0.10651,0.56066,0.65968,-0.16350,-0.14046,
1403636912901666304,6.91393,-2.63021,0.46406,-0.10752,0.81286,0.10809,0.56216,0.67447,-0.21137,-0.17259,
1403636913001666560,6.97501,-2.65081,0.43969,-0.10160,0.80894,0.11178,0.56816,0.65646,-0.23565,-0.22739,
1403636913101666560,7.03832,-2.67535,0.41603,-0.09759,0.80590,0.11450,0.57262,0.64066,-0.25549,-0.21727,
1403636913201666560,7.09594,-2.69963,0.39231,-0.09476,0.80324,0.11652,0.57641,0.60287,-0.26474,-0.16731,
1403636913301666560,7.15367,-2.72599,0.37814,-0.09357,0.80376,0.11771,0.57563,0.60013,-0.26489,-0.08166,
1403636913401666304,7.21022,-2.75201,0.37105,-0.09724,0.80748,0.11549,0.57024,0.58839,-0.26729,-0.00093,
1403636913501666560,7.26467,-2.78115,0.37065,-0.10124,0.81018,0.11247,0.56631,0.57506,-0.29443,0.01938,
1403636913601666560,7.31670,-2.81187,0.36818,-0.09792,0.81054,0.11427,0.56603,0.56834,-0.30581,-0.02921,
1403636913701666560,7.37096,-2.84334,0.35985,-0.09481,0.81086,0.11546,0.56585,0.56151,-0.31521,-0.07681,
1403636913801666560,7.42199,-2.87494,0.34820,-0.09351,0.81034,0.11618,0.56666,0.54671,-0.31469,-0.07898,
1403636913901666304,7.47143,-2.90799,0.34018,-0.09231,0.80967,0.11696,0.56765,0.54300,-0.31011,-0.01521,
1403636914001666560,7.52432,-2.94213,0.34134,-0.09172,0.80912,0.11800,0.56832,0.52271,-0.32313,0.08003,
1403636914101666560,7.57174,-2.97690,0.34620,-0.09481,0.80904,0.11623,0.56829,0.52383,-0.31795,0.09398,
1403636914201666560,7.62202,-3.01218,0.35092,-0.09679,0.80943,0.11474,0.56770,0.50800,-0.33259,0.04679,
1403636914301666560,7.67015,-3.04656,0.35198,-0.09500,0.81007,0.11543,0.56695,0.49009,-0.34117,-0.00712,
1403636914401666304,7.71417,-3.08344,0.34697,-0.09146,0.80899,0.11759,0.56864,0.47215,-0.35516,-0.02955,
1403636914501666560,7.76090,-3.11792,0.34678,-0.08870,0.80875,0.11920,0.56908,0.46171,-0.35037,0.03693,
1403636914601666560,7.80791,-3.15334,0.35318,-0.08771,0.80850,0.11955,0.56951,0.46624,-0.34020,0.11246,
1403636914701666560,7.85251,-3.18752,0.36819,-0.08754,0.80735,0.11925,0.57123,0.44901,-0.33298,0.17935,
1403636914801666560,7.89390,-3.21864,0.38492,-0.08628,0.80671,0.11903,0.57237,0.42615,-0.32074,0.15949,
1403636914901666304,7.93444,-3.24910,0.39664,-0.08513,0.80779,0.11854,0.57112,0.40050,-0.32134,0.07575,
1403636915001666560,7.97192,-3.27883,0.40033,-0.08400,0.80991,0.11788,0.56842,0.38375,-0.30419,0.00920,
1403636915101666560,8.00958,-3.30701,0.39980,-0.08273,0.81154,0.11788,0.56627,0.38028,-0.29649,-0.03686,
1403636915201666560,8.04787,-3.33467,0.39250,-0.08138,0.81391,0.11771,0.56309,0.37986,-0.26902,-0.10239,
1403636915301666560,8.08738,-3.36090,0.38048,-0.07996,0.81875,0.11802,0.55617,0.39119,-0.24892,-0.15059,
1403636915401666304,8.12945,-3.38493,0.36465,-0.07898,0.82232,0.11869,0.55087,0.41767,-0.22522,-0.15961,
1403636915501666560,8.17338,-3.40539,0.35177,-0.08244,0.82064,0.11613,0.55342,0.45402,-0.20041,-0.09628,
1403636915601666560,8.22079,-3.42424,0.34687,-0.09194,0.81541,0.10976,0.56090,0.49465,-0.17945,-0.01166,
1403636915701666560,8.27038,-3.44360,0.34922,-0.10034,0.81182,0.10445,0.56566,0.49124,-0.21959,0.04034,
1403636915801666560,8.31757,-3.46552,0.35849,-0.10202,0.81016,0.10362,0.56789,0.47938,-0.25119,0.11787,
1403636915901666304,8.36437,-3.49167,0.37671,-0.10236,0.80916,0.10406,0.56917,0.46475,-0.28461,0.21257,
1403636916001666560,8.41082,-3.52101,0.39700,-0.09643,0.80820,0.10870,0.57070,0.46511,-0.31308,0.17935,
1403636916101666560,8.45782,-3.55309,0.41169,-0.08806,0.80749,0.11497,0.57183,0.44998,-0.31937,0.12387,
1403636916201666560,8.50284,-3.58567,0.42079,-0.08406,0.80761,0.11866,0.57151,0.42828,-0.31761,0.08789,
1403636916301666560,8.54549,-3.61664,0.43109,-0.08584,0.80786,0.11794,0.57104,0.39720,-0.30979,0.13305,
1403636916401666304,8.58594,-3.64672,0.44677,-0.08484,0.80852,0.11845,0.57015,0.39941,-0.30927,0.17360,
1403636916501666560,8.62883,-3.67653,0.45990,-0.07800,0.80873,0.11413,0.57171,0.39220,-0.31070,0.11535,
1403636916601666560,8.66792,-3.70664,0.47003,-0.06789,0.80993,0.10446,0.57315,0.39044,-0.29273,0.06970,
1403636916701666560,8.70934,-3.73376,0.47315,-0.05930,0.81121,0.09408,0.57408,0.37079,-0.26262,0.01320,
1403636916801666560,8.74703,-3.75559,0.47174,-0.05409,0.81172,0.08494,0.57530,0.35292,-0.22892,-0.04224,
1403636916901666304,8.78120,-3.77511,0.46602,-0.04855,0.81224,0.07944,0.57584,0.33487,-0.20517,-0.07688,
1403636917001666560,8.81422,-3.79089,0.45449,-0.04541,0.81221,0.07545,0.57668,0.32105,-0.17140,-0.13149,
1403636917101666560,8.84590,-3.80428,0.43734,-0.04609,0.81276,0.07091,0.57643,0.30112,-0.14426,-0.18447,
1403636917201666560,8.87585,-3.81685,0.41706,-0.04765,0.81322,0.06527,0.57632,0.28864,-0.14410,-0.22463,
1403636917301666560,8.90395,-3.82846,0.38985,-0.04198,0.81323,0.05592,0.57773,0.26556,-0.14895,-0.27889,
1403636917401666304,8.93106,-3.84313,0.35933,-0.02917,0.81351,0.04215,0.57929,0.25697,-0.15453,-0.33122,
1403636917501666560,8.95903,-3.85501,0.32372,-0.01688,0.81414,0.02536,0.57988,0.24807,-0.13746,-0.34186,
1403636917601666560,8.98625,-3.86613,0.29216,-0.00948,0.81405,0.01091,0.58062,0.24984,-0.11614,-0.27598,
1403636917701666560,9.01003,-3.87563,0.26766,-0.00338,0.81335,0.00047,0.58177,0.22520,-0.09709,-0.21637,
1403636917801666560,9.03165,-3.88369,0.25150,0.00321,0.81284,-0.00768,0.58243,0.20869,-0.08539,-0.12673,
1403636917901666304,9.04995,-3.88975,0.24477,0.00927,0.81213,-0.01357,0.58325,0.17445,-0.06544,-0.02269,
1403636918001666560,9.06492,-3.89395,0.24228,0.01337,0.81277,-0.01743,0.58217,0.15259,-0.04892,-0.03909,
1403636918101666560,9.07787,-3.89680,0.23558,0.01726,0.81381,-0.01881,0.58057,0.12854,-0.02762,-0.08920,
1403636918201666560,9.08983,-3.89820,0.22456,0.02073,0.81521,-0.01801,0.57852,0.12174,-0.00449,-0.09652,
1403636918301666560,9.10006,-3.89676,0.21767,0.02317,0.81610,-0.01661,0.57721,0.10402,0.02091,-0.02658,
1403636918401666304,9.10918,-3.89265,0.21634,0.02349,0.82213,-0.01558,0.56860,0.09055,0.05478,0.02285,
1403636918501666560,9.11981,-3.88502,0.22309,0.02361,0.82804,-0.01446,0.55999,0.12493,0.08740,0.11484,
1403636918601666560,9.13451,-3.87366,0.23864,0.02331,0.82984,-0.01288,0.55736,0.18335,0.11496,0.20272,
1403636918701666560,9.15415,-3.85933,0.26433,0.02052,0.82842,-0.01201,0.55960,0.21805,0.14912,0.28694,
1403636918801666560,9.17708,-3.84173,0.29672,0.00770,0.82538,-0.01853,0.56423,0.25298,0.17264,0.34849,
1403636918901666304,9.20274,-3.82541,0.33465,-0.00502,0.81946,-0.02732,0.57246,0.25564,0.13629,0.37660,
1403636919001666560,9.22810,-3.81331,0.37394,-0.01043,0.81459,-0.03890,0.57864,0.26506,0.08996,0.40320,
1403636919101666560,9.25388,-3.80733,0.41555,-0.01160,0.81173,-0.04767,0.58198,0.25080,0.02112,0.44379,
1403636919201666560,9.27690,-3.80827,0.45952,-0.00884,0.80999,-0.05292,0.58399,0.20841,-0.05219,0.45068,
1403636919301666560,9.29682,-3.81599,0.50450,-0.00453,0.80945,-0.05596,0.58450,0.17714,-0.11404,0.43388,
1403636919401666304,9.31295,-3.82984,0.54305,0.00236,0.80881,-0.05852,0.58515,0.14344,-0.16662,0.36106,
1403636919501666560,9.32703,-3.84903,0.57567,0.01417,0.80870,-0.05570,0.58541,0.11600,-0.20740,0.31165,
1403636919601666560,9.33736,-3.87081,0.59993,0.02605,0.80866,-0.05161,0.58543,0.08980,-0.22072,0.24168,
1403636919701666560,9.34399,-3.89230,0.61801,0.03249,0.80771,-0.04970,0.58658,0.05971,-0.20905,0.17001,
1403636919801666560,9.34723,-3.91285,0.62940,0.03247,0.80689,-0.05112,0.58759,0.02534,-0.20164,0.09877,
1403636919901666304,9.34883,-3.93197,0.63516,0.03075,0.80632,-0.05274,0.58832,0.00130,-0.19106,0.03034,
1403636920001666560,9.34689,-3.95084,0.63384,0.02616,0.80502,-0.05565,0.59005,-0.04116,-0.18988,-0.04316,
1403636920101666560,9.34204,-3.97049,0.62768,0.02015,0.80364,-0.05884,0.59186,-0.08332,-0.20380,-0.09750,
1403636920201666560,9.33298,-3.99232,0.61631,0.01478,0.80282,-0.06130,0.59288,-0.12742,-0.22947,-0.14645,
1403636920301666560,9.31945,-4.01698,0.59989,0.02008,0.80320,-0.05648,0.59269,-0.16791,-0.25550,-0.17440,
1403636920401666304,9.30141,-4.04319,0.57973,0.02868,0.80364,-0.04986,0.59233,-0.20478,-0.26358,-0.18073,
1403636920501666560,9.27933,-4.06790,0.56344,0.03381,0.80633,-0.04542,0.58876,-0.25119,-0.25081,-0.12533,
1403636920601666560,9.25288,-4.09229,0.55514,0.03502,0.81010,-0.04414,0.58358,-0.28680,-0.22659,-0.05410,
1403636920701666560,9.22548,-4.11394,0.55575,0.03520,0.81461,-0.04435,0.57724,-0.30216,-0.20689,0.03227,
1403636920801666560,9.19644,-4.13481,0.56315,0.03486,0.81847,-0.04519,0.57171,-0.28704,-0.19219,0.09587,
1403636920901666304,9.16929,-4.15199,0.57933,0.03391,0.82052,-0.04626,0.56873,-0.27527,-0.17706,0.18781,
1403636921001666560,9.14349,-4.16777,0.59947,0.03433,0.82096,-0.04682,0.56803,-0.25700,-0.15695,0.17149,
1403636921101666560,9.12001,-4.18165,0.61479,0.03429,0.82055,-0.04768,0.56856,-0.23877,-0.14198,0.11505,
1403636921201666560,9.09934,-4.19401,0.62482,0.03512,0.81904,-0.04772,0.57066,-0.21803,-0.12894,0.06949,
1403636921301666560,9.07960,-4.20522,0.62969,0.03560,0.81315,-0.04758,0.57901,-0.21885,-0.11311,0.01157,
1403636921401666304,9.05904,-4.21482,0.62855,0.03121,0.80882,-0.05093,0.58501,-0.23374,-0.09296,-0.04695,
1403636921501666560,9.03608,-4.22329,0.62203,0.02455,0.80743,-0.05576,0.58681,-0.25890,-0.08774,-0.10356,
1403636921601666560,9.00921,-4.23296,0.60920,0.01877,0.81043,-0.06043,0.58241,-0.28665,-0.10177,-0.16066,
1403636921701666560,8.98129,-4.24472,0.59019,0.01766,0.81965,-0.06210,0.56922,-0.28547,-0.12617,-0.21241,
1403636921801666560,8.95623,-4.25800,0.56862,0.02057,0.82861,-0.06110,0.55611,-0.24278,-0.15787,-0.20288,
1403636921901666304,8.93586,-4.27370,0.54847,0.02493,0.82922,-0.05952,0.55518,-0.18680,-0.17611,-0.19177,
1403636922001666560,8.91916,-4.29141,0.52928,0.03093,0.82318,-0.05844,0.56392,-0.14728,-0.18946,-0.19663,
1403636922101666560,8.90428,-4.31013,0.50903,0.03782,0.81695,-0.05963,0.57238,-0.14117,-0.18336,-0.19115,
1403636922201666560,8.88992,-4.32631,0.49319,0.04370,0.81409,-0.06250,0.57571,-0.14643,-0.16655,-0.13019,
1403636922301666560,8.87554,-4.34168,0.48390,0.04918,0.81806,-0.06531,0.56930,-0.12940,-0.15381,-0.06693,
1403636922401666304,8.86217,-4.35583,0.47887,0.05195,0.82159,-0.06915,0.56348,-0.11718,-0.13626,-0.05879,
1403636922501666560,8.85021,-4.36849,0.47064,0.05637,0.82481,-0.07525,0.55755,-0.08959,-0.12806,-0.10967,
1403636922601666560,8.84217,-4.38049,0.45729,0.06274,0.82560,-0.08431,0.55438,-0.04433,-0.11689,-0.14621,
1403636922701666560,8.83709,-4.39302,0.44138,0.07052,0.81983,-0.09150,0.56084,-0.00865,-0.09840,-0.16930,
1403636922801666560,8.83344,-4.40266,0.42487,0.07257,0.81008,-0.09984,0.57317,-0.01154,-0.07204,-0.14751,
1403636922901666304,8.82906,-4.40935,0.41251,0.06858,0.80309,-0.10921,0.58173,-0.03937,-0.05896,-0.10471,
1403636923001666560,8.82174,-4.41579,0.40703,0.06288,0.79864,-0.11757,0.58685,-0.07084,-0.06995,-0.05328,
1403636923101666560,8.81195,-4.42426,0.40386,0.06443,0.79780,-0.12279,0.58676,-0.12054,-0.09668,-0.06529,
1403636923201666560,8.79810,-4.43442,0.39517,0.07105,0.79898,-0.13058,0.58270,-0.15895,-0.11545,-0.13463,
1403636923301666560,8.77896,-4.44716,0.38154,0.08261,0.80323,-0.13691,0.57381,-0.19359,-0.12759,-0.18520,
1403636923401666304,8.75841,-4.46031,0.36212,0.09180,0.80896,-0.14189,0.56305,-0.20224,-0.12376,-0.22619,
1403636923501666560,8.73945,-4.47314,0.33896,0.09682,0.81509,-0.14706,0.55193,-0.17791,-0.11535,-0.26123,
1403636923601666560,8.72444,-4.48605,0.31804,0.09836,0.82118,-0.15145,0.54134,-0.12135,-0.12798,-0.17548,
1403636923701666560,8.71649,-4.50043,0.30744,0.10046,0.82406,-0.15338,0.53600,-0.04615,-0.14745,-0.07410,
1403636923801666560,8.71706,-4.51573,0.30869,0.10227,0.82351,-0.15390,0.53636,0.03720,-0.15600,0.03029,
1403636923901666304,8.72449,-4.53044,0.31202,0.10311,0.82367,-0.15359,0.53604,0.09704,-0.15459,0.00841,
1403636924001666560,8.73921,-4.54534,0.31388,0.10445,0.82389,-0.15209,0.53588,0.16412,-0.15291,-0.03989,
1403636924101666560,8.75965,-4.56050,0.30790,0.10547,0.82336,-0.15104,0.53678,0.23619,-0.15644,-0.09154,
1403636924201666560,8.78650,-4.57628,0.29757,0.10631,0.82229,-0.14906,0.53881,0.29206,-0.16203,-0.12775,
1403636924301666560,8.81904,-4.59185,0.28614,0.10553,0.82109,-0.14827,0.54102,0.34913,-0.15317,-0.09320,
1403636924401666304,8.85742,-4.60749,0.28135,0.09866,0.81901,-0.15183,0.54447,0.40095,-0.15366,-0.02431,
1403636924501666560,8.90037,-4.62325,0.28789,0.09172,0.81343,-0.15572,0.55287,0.45140,-0.18630,0.06942,
1403636924601666560,8.94656,-4.64254,0.29929,0.08378,0.80718,-0.15978,0.56206,0.47300,-0.21724,0.08493,
1403636924701666560,8.99321,-4.66419,0.30893,0.07830,0.80248,-0.16255,0.56875,0.46017,-0.25058,0.04502,
1403636924801666560,9.03857,-4.69021,0.31216,0.07246,0.79751,-0.16413,0.57601,0.42824,-0.29585,-0.01727,
1403636924901666304,9.07966,-4.72249,0.30790,0.07142,0.79345,-0.16494,0.58149,0.37933,-0.34878,-0.10043,
1403636925001666560,9.11471,-4.76028,0.29511,0.07617,0.79212,-0.17052,0.58109,0.31418,-0.40507,-0.18371,
1403636925101666560,9.14240,-4.80221,0.27397,0.08840,0.79345,-0.17206,0.57707,0.25526,-0.43654,-0.24535,
1403636925201666560,9.16429,-4.84513,0.24831,0.10455,0.79759,-0.16914,0.56948,0.22767,-0.44358,-0.28642,
1403636925301666560,9.18347,-4.88734,0.21799,0.11493,0.80424,-0.16835,0.55825,0.21740,-0.42991,-0.32971,
1403636925401666304,9.20395,-4.92966,0.18360,0.11994,0.81241,-0.17009,0.54468,0.23417,-0.42034,-0.35495,
1403636925501666560,9.22934,-4.97166,0.15100,0.12159,0.81806,-0.17280,0.53491,0.28226,-0.42037,-0.31232,
1403636925601666560,9.26060,-5.01340,0.12449,0.12180,0.82316,-0.17528,0.52617,0.36078,-0.41445,-0.20973,
1403636925701666560,9.30099,-5.05504,0.10767,0.12141,0.82621,-0.17742,0.52072,0.45099,-0.42112,-0.12789,
1403636925801666560,9.35193,-5.09794,0.10146,0.12321,0.82681,-0.17721,0.51943,0.54627,-0.42812,-0.02520,
1403636925901666304,9.41255,-5.14098,0.10406,0.12542,0.82071,-0.17591,0.52893,0.64695,-0.42553,0.07138,
1403636926001666560,9.48200,-5.18309,0.11200,0.12985,0.81016,-0.17245,0.54501,0.70532,-0.42166,0.07987,
1403636926101666560,9.55585,-5.22321,0.11646,0.12789,0.79850,-0.17307,0.56221,0.71103,-0.39106,0.00010,
1403636926201666560,9.62690,-5.25952,0.11371,0.12128,0.79028,-0.17634,0.57415,0.68803,-0.36724,-0.08013,
1403636926301666560,9.69413,-5.29407,0.10346,0.11488,0.78600,-0.17940,0.58036,0.63514,-0.35499,-0.14964,
1403636926401666304,9.75512,-5.32792,0.08677,0.10784,0.78348,-0.18220,0.58424,0.57439,-0.35016,-0.20266,
1403636926501666560,9.80799,-5.36321,0.06483,0.10400,0.78372,-0.18284,0.58441,0.49298,-0.35458,-0.21572,
1403636926601666560,9.85338,-5.39817,0.04475,0.10637,0.78728,-0.17907,0.58036,0.43908,-0.36811,-0.15377,
1403636926701666560,9.89258,-5.43358,0.03178,0.10948,0.79038,-0.17565,0.57659,0.38017,-0.36052,-0.07134,
1403636926801666560,9.92566,-5.46870,0.02690,0.10919,0.79379,-0.18017,0.57054,0.34192,-0.37274,0.00538,
1403636926901666304,9.95558,-5.50598,0.02750,0.10948,0.79485,-0.19128,0.56537,0.30606,-0.40341,0.04696,
1403636927001666560,9.98595,-5.54799,0.02992,0.11433,0.79242,-0.20603,0.56263,0.28772,-0.44344,0.01403,
1403636927101666560,10.01176,-5.59305,0.02545,0.12494,0.78838,-0.22153,0.56015,0.25719,-0.47582,-0.04388,
1403636927201666560,10.03468,-5.64127,0.01581,0.13768,0.78297,-0.23965,0.55728,0.21966,-0.50104,-0.10121,
1403636927301666560,10.05490,-5.69100,0.00018,0.15369,0.77760,-0.25726,0.55275,0.19020,-0.51637,-0.16574,
1403636927401666304,10.07083,-5.74188,-0.02104,0.16844,0.77803,-0.26918,0.54207,0.17629,-0.51356,-0.22674,
1403636927501666560,10.08615,-5.79212,-0.04718,0.17698,0.78314,-0.27872,0.52696,0.18952,-0.51839,-0.24844,
1403636927601666560,10.10473,-5.84303,-0.07354,0.18155,0.78805,-0.28682,0.51356,0.22974,-0.53487,-0.21376,
1403636927701666560,10.13177,-5.89744,-0.09196,0.18634,0.78977,-0.29125,0.50666,0.30338,-0.57135,-0.11387,
1403636927801666560,10.16696,-5.95557,-0.10034,0.18744,0.78896,-0.29519,0.50524,0.37349,-0.59555,-0.02908,
1403636927901666304,10.20792,-6.01667,-0.10210,0.18805,0.78744,-0.29679,0.50644,0.44063,-0.63512,-0.02807,
1403636928001666560,10.25513,-6.08063,-0.10591,0.18884,0.78578,-0.29699,0.50861,0.49088,-0.65749,-0.05707,
1403636928101666560,10.30750,-6.14656,-0.11246,0.19118,0.78247,-0.29498,0.51398,0.54203,-0.68151,-0.08558,
1403636928201666560,10.36390,-6.21597,-0.12233,0.19300,0.77584,-0.29253,0.52464,0.57997,-0.69739,-0.11793,
1403636928301666560,10.42299,-6.28557,-0.13614,0.19181,0.76802,-0.29154,0.53699,0.58259,-0.69709,-0.16085,
1403636928401666304,10.48148,-6.35467,-0.15467,0.19215,0.76246,-0.28937,0.54589,0.56805,-0.68660,-0.21594,
1403636928501666560,10.53724,-6.42168,-0.17431,0.19439,0.76031,-0.28661,0.54954,0.52743,-0.66585,-0.18226,
1403636928601666560,10.58970,-6.48667,-0.19007,0.19533,0.76266,-0.28489,0.54684,0.50048,-0.64221,-0.13043,
1403636928701666560,10.63947,-6.55021,-0.20038,0.19494,0.76862,-0.28433,0.53887,0.48732,-0.61971,-0.06442,
1403636928801666560,10.68982,-6.61172,-0.20291,0.19461,0.77422,-0.28405,0.53105,0.50299,-0.61588,0.01156,
1403636928901666304,10.74046,-6.67268,-0.19706,0.19473,0.77643,-0.28385,0.52789,0.51535,-0.60814,0.11030,
1403636929001666560,10.79546,-6.73289,-0.17940,0.19570,0.77050,-0.28313,0.53654,0.53709,-0.59320,0.21014,
1403636929101666560,10.84837,-6.79165,-0.15362,0.19124,0.76144,-0.28597,0.54941,0.52742,-0.58476,0.28332,
1403636929201666560,10.90007,-6.84707,-0.12323,0.18603,0.75675,-0.28935,0.55587,0.48645,-0.56856,0.30043,
1403636929301666560,10.94556,-6.90105,-0.09491,0.17997,0.75625,-0.29304,0.55661,0.44420,-0.56122,0.26112,
1403636929401666304,10.98706,-6.95793,-0.07353,0.17884,0.75690,-0.29273,0.55626,0.38360,-0.57628,0.19818,
1403636929501666560,11.02275,-7.01648,-0.05774,0.18177,0.75947,-0.28943,0.55354,0.33377,-0.58499,0.14296,
1403636929601666560,11.05398,-7.07441,-0.04834,0.18828,0.76236,-0.28381,0.55028,0.30574,-0.58406,0.09257,
1403636929701666560,11.08250,-7.13015,-0.04659,0.19453,0.76443,-0.27853,0.54793,0.28059,-0.55873,0.03413,
1403636929801666560,11.10872,-7.18199,-0.04574,0.19761,0.76598,-0.27585,0.54601,0.26576,-0.52620,-0.02326,
1403636929901666304,11.13324,-7.22929,-0.05178,0.19639,0.76486,-0.27646,0.54772,0.26016,-0.48368,-0.03471,
1403636930001666560,11.15707,-7.27634,-0.05357,0.19224,0.76309,-0.27902,0.55034,0.23852,-0.46044,0.01916,
1403636930101666560,11.17914,-7.32250,-0.04669,0.18949,0.76322,-0.28068,0.55027,0.21556,-0.44704,0.12913,
1403636930201666560,11.19873,-7.36583,-0.03324,0.18631,0.76278,-0.28360,0.55048,0.20493,-0.44594,0.17438,
1403636930301666560,11.21506,-7.40857,-0.01401,0.18343,0.76388,-0.28590,0.54873,0.17073,-0.44921,0.22622,
1403636930401666304,11.22904,-7.45221,0.01153,0.18600,0.76376,-0.28456,0.54872,0.13481,-0.45022,0.24545,
1403636930501666560,11.23997,-7.49522,0.03160,0.19185,0.76451,-0.28094,0.54753,0.10336,-0.43398,0.17285,
1403636930601666560,11.24882,-7.53535,0.04473,0.19427,0.76430,-0.27942,0.54775,0.08961,-0.41463,0.10000,
1403636930701666560,11.25663,-7.57561,0.05270,0.19004,0.76281,-0.28218,0.54989,0.06958,-0.38491,0.04214,
1403636930801666560,11.26141,-7.61150,0.05424,0.18225,0.76084,-0.28763,0.55242,0.04016,-0.38304,-0.01136,
1403636930901666304,11.26378,-7.65075,0.05111,0.17792,0.75848,-0.29214,0.55471,-0.00774,-0.39982,-0.05926,
1403636931001666560,11.26166,-7.69298,0.04490,0.17421,0.75426,-0.30290,0.55588,-0.06375,-0.42382,-0.10453,
1403636931101666560,11.25262,-7.73691,0.03622,0.18154,0.74999,-0.31050,0.55511,-0.13387,-0.45976,-0.07305,
1403636931201666560,11.23696,-7.78325,0.03244,0.19774,0.74638,-0.30991,0.55478,-0.20439,-0.45398,-0.00176,
1403636931301666560,11.21689,-7.82810,0.03511,0.21092,0.74132,-0.30898,0.55722,-0.24414,-0.43233,0.06800,
1403636931401666304,11.19157,-7.87056,0.04289,0.22096,0.74006,-0.30777,0.55566,-0.29722,-0.38678,0.10974,
1403636931501666560,11.16159,-7.90908,0.05634,0.23193,0.74254,-0.30397,0.54996,-0.33478,-0.33474,0.16067,
1403636931601666560,11.12966,-7.94008,0.07487,0.24242,0.74548,-0.29933,0.54397,-0.33824,-0.26151,0.16286,
1403636931701666560,11.09840,-7.96370,0.08971,0.24800,0.74599,-0.29712,0.54195,-0.32671,-0.17583,0.09489,
1403636931801666560,11.06823,-7.97775,0.09643,0.23779,0.74718,-0.30544,0.54026,-0.32713,-0.10403,0.01845,
1403636931901666304,11.03672,-7.98617,0.09761,0.22865,0.74904,-0.31265,0.53750,-0.32956,-0.06410,-0.03497,
1403636932001666560,11.00659,-7.99096,0.09271,0.22377,0.74944,-0.31697,0.53647,-0.33681,-0.04322,-0.08346,
1403636932101666560,10.97633,-7.99345,0.08290,0.22366,0.74669,-0.31781,0.53985,-0.33725,-0.02023,-0.13718,
1403636932201666560,10.94313,-7.99476,0.07057,0.22625,0.74375,-0.31705,0.54326,-0.35527,-0.00129,-0.10849,
1403636932301666560,10.90858,-7.99310,0.06345,0.23690,0.74189,-0.31158,0.54443,-0.36283,0.03377,-0.04203,
1403636932401666304,10.87318,-7.98470,0.06261,0.24678,0.74155,-0.30726,0.54295,-0.37475,0.10441,0.02910,
1403636932501666560,10.83961,-7.96903,0.07009,0.25192,0.73986,-0.30967,0.54153,-0.38350,0.18364,0.09381,
1403636932601666560,10.80315,-7.94563,0.08481,0.25485,0.73686,-0.32110,0.53757,-0.39339,0.25926,0.17611,
1403636932701666560,10.76459,-7.91784,0.10650,0.25613,0.73062,-0.33742,0.53548,-0.38771,0.30123,0.24653,
1403636932801666560,10.72748,-7.88442,0.13561,0.26049,0.72507,-0.34944,0.53320,-0.39899,0.35774,0.30045,
1403636932901666304,10.68964,-7.84580,0.16751,0.26458,0.72218,-0.35972,0.52825,-0.39865,0.40232,0.27196,
1403636933001666560,10.65104,-7.80372,0.18893,0.26759,0.72086,-0.36803,0.52279,-0.39175,0.41918,0.13913,
1403636933101666560,10.61044,-7.75896,0.19480,0.27271,0.71759,-0.37748,0.51788,-0.39472,0.45282,0.00138,
1403636933201666560,10.56955,-7.71156,0.18926,0.27272,0.71836,-0.38737,0.50944,-0.40022,0.48694,-0.10074,
1403636933301666560,10.52891,-7.66224,0.17672,0.26820,0.72662,-0.39733,0.49216,-0.38176,0.49040,-0.14873,
1403636933401666304,10.49242,-7.61415,0.16332,0.26317,0.73083,-0.40421,0.48295,-0.33896,0.44903,-0.13443,
1403636933501666560,10.46169,-7.57199,0.14972,0.26474,0.72797,-0.40459,0.48609,-0.29841,0.40776,-0.15299,
1403636933601666560,10.43407,-7.53336,0.13680,0.26838,0.72342,-0.40207,0.49293,-0.26767,0.38482,-0.09247,
1403636933701666560,10.40747,-7.49716,0.12843,0.27186,0.71957,-0.39844,0.49955,-0.24599,0.35466,-0.04690,
1403636933801666560,10.38374,-7.46332,0.12890,0.27489,0.71630,-0.39452,0.50567,-0.23353,0.34955,0.03134,
1403636933901666304,10.36017,-7.42910,0.13516,0.27445,0.71253,-0.39420,0.51146,-0.24161,0.35650,0.07343,
1403636934001666560,10.33660,-7.39621,0.14621,0.27524,0.70903,-0.39993,0.51145,-0.25120,0.34445,0.09264,
1403636934101666560,10.30902,-7.36042,0.15104,0.28146,0.70293,-0.41063,0.50799,-0.29157,0.34812,-0.03338,
1403636934201666560,10.27888,-7.32459,0.14149,0.29359,0.69420,-0.42471,0.50151,-0.30677,0.35459,-0.16930,
1403636934301666560,10.24795,-7.28901,0.12317,0.30676,0.68327,-0.44174,0.49386,-0.31779,0.36087,-0.21872,
1403636934401666304,10.21504,-7.24993,0.10321,0.31635,0.66836,-0.46360,0.48815,-0.33053,0.38837,-0.21118,
1403636934501666560,10.17956,-7.20963,0.08784,0.32459,0.65289,-0.48676,0.48109,-0.35718,0.38600,-0.13275,
1403636934601666560,10.14154,-7.16926,0.08110,0.33695,0.63863,-0.50655,0.47119,-0.39158,0.39432,-0.03049,
1403636934701666560,10.10030,-7.12799,0.08420,0.34728,0.62778,-0.52345,0.45967,-0.42580,0.41543,0.06824,
1403636934801666560,10.05532,-7.08608,0.09555,0.35634,0.62477,-0.53351,0.44502,-0.43708,0.41038,0.14954,
1403636934901666304,10.00826,-7.04419,0.11320,0.36201,0.62468,-0.53996,0.43263,-0.42708,0.39982,0.23340,
1403636935001666560,9.96341,-7.00323,0.13899,0.36496,0.62444,-0.54335,0.42621,-0.41043,0.37186,0.30702,
1403636935101666560,9.92018,-6.96639,0.17247,0.36934,0.62179,-0.54152,0.42862,-0.38512,0.33679,0.38126,
1403636935201666560,9.87909,-6.93290,0.21020,0.37025,0.61707,-0.53937,0.43728,-0.37389,0.32963,0.36238,
1403636935301666560,9.84099,-6.90051,0.24270,0.36827,0.61524,-0.53813,0.44303,-0.37251,0.32661,0.29252,
1403636935401666304,9.80047,-6.86832,0.26745,0.36480,0.61537,-0.53736,0.44664,-0.38650,0.33005,0.20904,
1403636935501666560,9.76015,-6.83590,0.28562,0.36294,0.61639,-0.53568,0.44877,-0.40376,0.32832,0.14988,
1403636935601666560,9.71648,-6.80346,0.29436,0.36128,0.61750,-0.53422,0.45030,-0.43043,0.34469,0.06577,
1403636935701666560,9.67277,-6.77025,0.29691,0.36067,0.61874,-0.53244,0.45120,-0.45309,0.34851,-0.01002,
1403636935801666560,9.62738,-6.73762,0.29128,0.35742,0.62448,-0.53305,0.44511,-0.46734,0.32974,-0.08618,
1403636935901666304,9.58147,-6.70537,0.27843,0.35321,0.63040,-0.53501,0.43772,-0.47624,0.30729,-0.16265,
1403636936001666560,9.53336,-6.67613,0.25676,0.34395,0.63700,-0.54070,0.42845,-0.48125,0.26899,-0.20898,
1403636936101666560,9.48369,-6.64917,0.23537,0.33944,0.64084,-0.54337,0.42290,-0.47742,0.20421,-0.22708,
1403636936201666560,9.43552,-6.63268,0.21430,0.34232,0.64134,-0.54174,0.42191,-0.47116,0.12251,-0.21552,
1403636936301666560,9.39036,-6.62477,0.19765,0.34863,0.63838,-0.53812,0.42587,-0.47263,0.08475,-0.14931,
1403636936401666304,9.34580,-6.62137,0.18733,0.35478,0.63354,-0.53512,0.43175,-0.45583,0.04559,-0.07975,
1403636936501666560,9.30490,-6.62346,0.18519,0.36040,0.62839,-0.53224,0.43813,-0.44080,0.02581,-0.01167,
1403636936601666560,9.26639,-6.62972,0.18802,0.36358,0.62489,-0.53186,0.44095,-0.42812,-0.01326,0.00648,
1403636936701666560,9.22764,-6.63569,0.18623,0.36465,0.62315,-0.53322,0.44090,-0.41573,-0.02260,-0.05445,
1403636936801666560,9.18621,-6.63880,0.17810,0.36685,0.62255,-0.53339,0.43970,-0.41839,-0.02552,-0.10173,
1403636936901666304,9.14799,-6.64550,0.16941,0.36956,0.62332,-0.53299,0.43683,-0.39808,-0.04709,-0.05865,
1403636937001666560,9.10748,-6.64964,0.16743,0.37156,0.62419,-0.53245,0.43455,-0.38553,-0.03564,0.02363,
1403636937101666560,9.07098,-6.65549,0.17241,0.37196,0.62416,-0.53325,0.43327,-0.36272,-0.02706,0.08090,
1403636937201666560,9.03484,-6.65880,0.18338,0.36937,0.62164,-0.53616,0.43551,-0.34174,-0.03623,0.11182,
1403636937301666560,9.00135,-6.66577,0.19347,0.36883,0.62086,-0.53756,0.43535,-0.33933,-0.05358,0.07499,
1403636937401666304,8.96675,-6.67041,0.19643,0.36942,0.61980,-0.53814,0.43564,-0.33503,-0.05508,0.00660,
1403636937501666560,8.93275,-6.67527,0.19332,0.36987,0.61914,-0.53867,0.43554,-0.32796,-0.05451,-0.05283,
1403636937601666560,8.90047,-6.68152,0.18459,0.37151,0.61868,-0.53865,0.43483,-0.32403,-0.05380,-0.10313,
1403636937701666560,8.86827,-6.68599,0.17051,0.37691,0.62101,-0.53600,0.43010,-0.30976,-0.05677,-0.15410,
1403636937801666560,8.83817,-6.69067,0.15086,0.38314,0.62303,-0.53250,0.42601,-0.27364,-0.06481,-0.19784,
1403636937901666304,8.81263,-6.69542,0.12721,0.39071,0.61968,-0.52840,0.42910,-0.23943,-0.05379,-0.23586,
1403636938001666560,8.79060,-6.69739,0.10021,0.39947,0.61613,-0.52357,0.43207,-0.19125,-0.01132,-0.27827,
1403636938101666560,8.77453,-6.69426,0.06983,0.40538,0.61027,-0.52224,0.43646,-0.15302,0.05081,-0.32649,
1403636938201666560,8.75999,-6.68341,0.03621,0.40530,0.60140,-0.52786,0.44206,-0.11065,0.11470,-0.31369,
1403636938301666560,8.74951,-6.66716,0.00718,0.40051,0.59266,-0.53629,0.44805,-0.09542,0.18560,-0.25167,
1403636938401666304,8.73693,-6.64102,-0.01587,0.38453,0.58326,-0.55136,0.45602,-0.12668,0.27423,-0.20273,
1403636938501666560,8.72073,-6.61200,-0.03110,0.36938,0.57787,-0.56529,0.45834,-0.20137,0.29573,-0.10537,
1403636938601666560,8.69709,-6.57750,-0.03880,0.36278,0.57820,-0.57270,0.45397,-0.29099,0.30518,-0.04318,
1403636938701666560,8.66483,-6.54444,-0.03918,0.36146,0.57840,-0.57542,0.45131,-0.37925,0.29978,0.03371,
1403636938801666560,8.62253,-6.51173,-0.03374,0.36571,0.58120,-0.57415,0.44588,-0.45982,0.30415,0.07315,
1403636938901666304,8.57322,-6.47953,-0.02802,0.37312,0.58783,-0.56988,0.43642,-0.50876,0.31417,0.07013,
1403636939001666560,8.51935,-6.44379,-0.02415,0.37848,0.59422,-0.56664,0.42730,-0.53450,0.31617,0.03601,
1403636939101666560,8.46396,-6.40992,-0.02519,0.38092,0.59696,-0.56447,0.42416,-0.53464,0.30116,-0.02166,
1403636939201666560,8.40748,-6.37870,-0.03061,0.38277,0.59651,-0.56185,0.42660,-0.53518,0.28328,-0.07435,
1403636939301666560,8.35362,-6.35130,-0.03998,0.38360,0.59606,-0.55976,0.42923,-0.53113,0.27776,-0.11639,
1403636939401666304,8.29589,-6.32094,-0.05193,0.38354,0.59707,-0.55735,0.43100,-0.53963,0.28479,-0.10400,
1403636939501666560,8.24077,-6.29134,-0.05843,0.38527,0.59712,-0.55349,0.43436,-0.54326,0.30477,-0.03321,
1403636939601666560,8.18579,-6.26049,-0.05643,0.38989,0.59544,-0.54785,0.43965,-0.53519,0.30938,0.05912,
1403636939701666560,8.12750,-6.22234,-0.04846,0.39099,0.59216,-0.54563,0.44583,-0.54822,0.36899,0.09092,
1403636939801666560,8.07163,-6.18452,-0.04108,0.39237,0.59194,-0.54424,0.44661,-0.55250,0.40404,0.04482,
1403636939901666304,8.01180,-6.13981,-0.04195,0.38989,0.59224,-0.54611,0.44609,-0.56080,0.45081,-0.03468,
1403636940001666560,7.95291,-6.09489,-0.04896,0.38846,0.58866,-0.55182,0.44505,-0.58788,0.48106,-0.09634,
1403636940101666560,7.88772,-6.04334,-0.06219,0.38935,0.58529,-0.55865,0.44017,-0.61042,0.51065,-0.15855,
1403636940201666560,7.82201,-5.99000,-0.07986,0.38767,0.58218,-0.56607,0.43628,-0.62098,0.52830,-0.19263,
1403636940301666560,7.75514,-5.93489,-0.10078,0.38862,0.57905,-0.57046,0.43387,-0.64174,0.53369,-0.22104,
1403636940401666304,7.68687,-5.87896,-0.12441,0.39062,0.57569,-0.57344,0.43262,-0.66544,0.54990,-0.25106,
1403636940501666560,7.61572,-5.82099,-0.14851,-0.39195,-0.57329,0.57606,-0.43112,-0.68212,0.57015,-0.22276,
1403636940601666560,7.54488,-5.76282,-0.16686,-0.38925,-0.57445,0.58098,-0.42539,-0.70733,0.58480,-0.15133,
1403636940701666560,7.47161,-5.70687,-0.17811,-0.38884,-0.57856,0.58353,-0.41661,-0.72468,0.57013,-0.05783,
1403636940801666560,7.39747,-5.65217,-0.18064,-0.38778,-0.58221,0.58540,-0.40984,-0.73344,0.55058,0.01678,
1403636940901666304,7.32242,-5.60070,-0.17498,-0.38856,-0.58517,0.58535,-0.40492,-0.73006,0.52353,0.08711,
1403636941001666560,7.24880,-5.55401,-0.16167,0.39052,0.58520,-0.58388,0.40510,-0.71519,0.46842,0.16215,
1403636941101666560,7.17698,-5.51187,-0.14139,0.39361,0.58411,-0.58159,0.40700,-0.70982,0.43433,0.21584,
1403636941201666560,7.10635,-5.47044,-0.11888,0.39552,0.58313,-0.57948,0.40953,-0.69360,0.41740,0.22802,
1403636941301666560,7.03666,-5.43076,-0.09698,0.39778,0.58154,-0.57649,0.41382,-0.68154,0.40674,0.20014,
1403636941401666304,6.96878,-5.39088,-0.08022,0.39913,0.58205,-0.57314,0.41643,-0.66697,0.40760,0.14441,
1403636941501666560,6.90162,-5.35083,-0.06934,0.39955,0.58304,-0.57006,0.41887,-0.65526,0.41285,0.08473,
1403636941601666560,6.83487,-5.31051,-0.06396,0.39855,0.58548,-0.56817,0.41900,-0.64858,0.42092,0.03672,
1403636941701666560,6.77020,-5.26935,-0.06285,0.39750,0.58756,-0.56687,0.41885,-0.62946,0.42586,-0.00715,
1403636941801666560,6.70652,-5.22805,-0.06224,0.39560,0.58906,-0.56633,0.41926,-0.61007,0.40559,0.04478,
1403636941901666304,6.64396,-5.18614,-0.05578,0.39300,0.59052,-0.56676,0.41907,-0.60638,0.41896,0.10290,
1403636942001666560,6.58210,-5.14470,-0.04362,0.39008,0.59078,-0.56781,0.42000,-0.60464,0.41645,0.16118,
1403636942101666560,6.51976,-5.10207,-0.02720,0.38817,0.58945,-0.56882,0.42227,-0.61483,0.41026,0.19126,
1403636942201666560,6.45753,-5.05976,-0.00994,0.38751,0.58756,-0.56949,0.42460,-0.61681,0.42215,0.14547,
1403636942301666560,6.39410,-5.01813,0.00034,0.38636,0.58537,-0.57118,0.42641,-0.63002,0.42388,0.07783,
1403636942401666304,6.33079,-4.97762,0.00505,0.38434,0.58208,-0.57392,0.42905,-0.64249,0.42492,0.00679,
1403636942501666560,6.26511,-4.93553,0.00292,0.38206,0.58003,-0.57726,0.42937,-0.66577,0.41756,-0.05100,
1403636942601666560,6.19675,-4.89490,-0.00497,-0.37969,-0.58041,0.58048,-0.42662,-0.69593,0.41394,-0.09897,
1403636942701666560,6.12570,-4.85594,-0.01741,0.37954,0.58326,-0.58199,0.42075,-0.72487,0.39961,-0.13688,
1403636942801666560,6.05260,-4.81797,-0.03163,0.38120,0.58487,-0.58214,0.41680,-0.73879,0.37644,-0.11476,
1403636942901666304,5.97907,-4.78242,-0.03870,0.38771,0.58388,-0.57909,0.41643,-0.74288,0.35659,-0.02698,
1403636943001666560,5.90566,-4.74951,-0.03726,0.39244,0.58286,-0.57706,0.41625,-0.73516,0.33602,0.06679,
1403636943101666560,5.83264,-4.71723,-0.02699,0.39713,0.58119,-0.57506,0.41691,-0.73689,0.33042,0.12111,
1403636943201666560,5.76064,-4.68606,-0.01508,0.39878,0.57866,-0.57518,0.41868,-0.71963,0.33687,0.09512,
1403636943301666560,5.68954,-4.65319,-0.00870,0.40089,0.57784,-0.57531,0.41762,-0.70841,0.34708,0.03224,
1403636943401666304,5.61963,-4.61869,-0.00812,0.40345,0.57617,-0.57559,0.41707,-0.68863,0.36166,-0.03058,
1403636943501666560,5.55115,-4.58252,-0.01338,-0.40537,-0.57518,0.57591,-0.41614,-0.67292,0.37348,-0.08468,
1403636943601666560,5.48345,-4.54541,-0.02481,-0.40779,-0.57463,0.57551,-0.41509,-0.66258,0.39229,-0.13501,
1403636943701666560,5.41661,-4.50653,-0.04096,-0.40979,-0.57374,0.57497,-0.41510,-0.65002,0.40814,-0.19540,
1403636943801666560,5.35152,-4.46541,-0.06316,-0.41105,-0.57396,0.57494,-0.41359,-0.62004,0.42988,-0.24829,
1403636943901666304,5.28896,-4.42233,-0.09176,0.40473,0.57848,-0.57507,0.41333,-0.58769,0.44936,-0.31691,
1403636944001666560,5.22695,-4.37824,-0.12620,0.39064,0.59031,-0.57627,0.40847,-0.57921,0.44275,-0.35340,
1403636944101666560,5.16793,-4.33700,-0.15965,0.37702,0.60270,-0.57789,0.40081,-0.56329,0.40548,-0.30746,
1403636944201666560,5.10992,-4.30156,-0.18491,0.36928,0.61116,-0.57687,0.39666,-0.54782,0.32769,-0.21793,
1403636944301666560,5.05526,-4.27513,-0.20108,0.36639,0.61396,-0.57428,0.39876,-0.53230,0.23517,-0.11067,
1403636944401666304,5.00239,-4.25656,-0.20770,0.36936,0.61196,-0.56898,0.40661,-0.51572,0.16290,-0.03163,
1403636944501666560,4.95218,-4.24349,-0.20650,0.37980,0.60989,-0.55925,0.41355,-0.49889,0.11105,0.04647,
1403636944601666560,4.90534,-4.23299,-0.19970,0.39378,0.60966,-0.54753,0.41649,-0.46045,0.12695,0.07424,
1403636944701666560,4.86502,-4.22198,-0.18918,0.40165,0.61285,-0.53783,0.41693,-0.38688,0.13014,0.11970,
1403636944801666560,4.83173,-4.20972,-0.17477,0.39645,0.61307,-0.53610,0.42375,-0.33037,0.15243,0.15925,
1403636944901666304,4.80138,-4.19495,-0.15385,0.39067,0.61281,-0.53576,0.42989,-0.29011,0.16526,0.21752,
1403636945001666560,4.77641,-4.17986,-0.13409,0.38722,0.61273,-0.53499,0.43406,-0.26101,0.17409,0.14544,
1403636945101666560,4.75122,-4.16125,-0.12567,0.38601,0.61347,-0.53342,0.43603,-0.23851,0.19825,0.01027,
1403636945201666560,4.73089,-4.13980,-0.12846,0.38505,0.61455,-0.53241,0.43657,-0.22104,0.23804,-0.05693,
1403636945301666560,4.71038,-4.11549,-0.13412,0.38438,0.61482,-0.53191,0.43740,-0.20188,0.25428,-0.02243,
1403636945401666304,4.69304,-4.08913,-0.13316,0.38460,0.61549,-0.53175,0.43647,-0.18051,0.27910,0.05686,
1403636945501666560,4.67821,-4.06007,-0.12631,0.38490,0.61484,-0.53234,0.43639,-0.15762,0.30330,0.07160,
1403636945601666560,4.66585,-4.02959,-0.12224,0.38114,0.61589,-0.53661,0.43296,-0.13890,0.32360,0.00595,
1403636945701666560,4.65492,-3.99959,-0.12614,0.37415,0.62165,-0.54338,0.42225,-0.11563,0.31642,-0.06698,
1403636945801666560,4.64802,-3.97083,-0.13656,0.36755,0.62801,-0.54945,0.41062,-0.08165,0.27597,-0.12750,
1403636945901666304,4.64322,-3.94678,-0.14931,0.36513,0.62849,-0.55284,0.40750,-0.04453,0.21017,-0.13602,
1403636946001666560,4.64185,-3.92908,-0.16536,0.37299,0.62328,-0.54865,0.41399,-0.00271,0.16409,-0.17302,
1403636946101666560,4.64291,-3.91302,-0.18635,0.37978,0.61815,-0.54546,0.41967,0.02791,0.14810,-0.24294,
1403636946201666560,4.64600,-3.89703,-0.21426,0.38206,0.61494,-0.54575,0.42195,0.04750,0.13476,-0.30312,
1403636946301666560,4.65120,-3.88156,-0.24827,0.38680,0.61182,-0.54393,0.42451,0.06111,0.14236,-0.35666,
1403636946401666304,4.65857,-3.86593,-0.28876,0.38995,0.60854,-0.54357,0.42678,0.08538,0.15795,-0.43112,
1403636946501666560,4.66802,-3.84808,-0.33508,0.39097,0.60654,-0.54492,0.42698,0.10474,0.17425,-0.47236,
1403636946601666560,4.67907,-3.82734,-0.38081,0.39261,0.60504,-0.54563,0.42669,0.11873,0.20692,-0.44436,
1403636946701666560,4.69178,-3.80430,-0.42218,0.38645,0.60244,-0.55142,0.42856,0.14604,0.22738,-0.39312,
1403636946801666560,4.70445,-3.77852,-0.45668,0.37202,0.59416,-0.56266,0.43816,0.12233,0.23799,-0.31427,
1403636946901666304,4.71462,-3.75599,-0.48609,0.36240,0.58937,-0.57004,0.44313,0.07214,0.23061,-0.30804,
1403636947001666560,4.71753,-3.73226,-0.51726,0.35057,0.58320,-0.57830,0.45005,-0.00983,0.22178,-0.35270,
1403636947101666560,4.71138,-3.71222,-0.55186,0.34821,0.58362,-0.58017,0.44893,-0.11619,0.18583,-0.35057,
1403636947201666560,4.69601,-3.69504,-0.58476,0.35592,0.59495,-0.57583,0.43333,-0.20087,0.18244,-0.30046,
1403636947301666560,4.67484,-3.67899,-0.61220,0.36059,0.61008,-0.57320,0.41136,-0.23321,0.12750,-0.22991,
1403636947401666304,4.65289,-3.67176,-0.63031,0.35962,0.61963,-0.57382,0.39681,-0.21550,0.04137,-0.13954,
1403636947501666560,4.63132,-3.67408,-0.63839,0.35939,0.61979,-0.57454,0.39574,-0.19566,-0.07550,-0.03429,
1403636947601666560,4.61155,-3.68655,-0.63789,0.36308,0.61264,-0.57310,0.40547,-0.19831,-0.14856,0.04852,
1403636947701666560,4.59251,-3.70509,-0.63237,0.36989,0.61055,-0.56863,0.40875,-0.19212,-0.20892,0.04433,
1403636947801666560,4.57418,-3.72890,-0.62966,0.37679,0.61309,-0.56344,0.40581,-0.17629,-0.24708,-0.01160,
1403636947901666304,4.55788,-3.75466,-0.63326,0.38665,0.61763,-0.55578,0.40018,-0.14368,-0.28929,-0.05708,
1403636948001666560,4.54691,-3.78332,-0.64124,0.38706,0.61894,-0.55467,0.39931,-0.08579,-0.30327,-0.12025,
1403636948101666560,4.54182,-3.81220,-0.65420,0.37967,0.61973,-0.55888,0.39930,-0.04430,-0.32373,-0.16132,
1403636948201666560,4.53971,-3.84576,-0.67126,0.38043,0.62144,-0.55686,0.39873,-0.00279,-0.35465,-0.19191,
1403636948301666560,4.54282,-3.88335,-0.69033,0.38238,0.62275,-0.55386,0.39902,0.03956,-0.38855,-0.21275,
1403636948401666304,4.55041,-3.92367,-0.71225,0.38492,0.62486,-0.55006,0.39853,0.08841,-0.41972,-0.23417,
1403636948501666560,4.56458,-3.96491,-0.73533,0.39140,0.62886,-0.54293,0.39569,0.14655,-0.44511,-0.24095,
1403636948601666560,4.58514,-4.00805,-0.76051,0.40409,0.63364,-0.53128,0.39109,0.24309,-0.45353,-0.25025,
1403636948701666560,4.61836,-4.05133,-0.78129,0.41071,0.63426,-0.52428,0.39263,0.37560,-0.44515,-0.18378,
1403636948801666560,4.66304,-4.09531,-0.79490,0.40178,0.62736,-0.52955,0.40567,0.48736,-0.43054,-0.10828,
1403636948901666304,4.71550,-4.13838,-0.80122,0.39153,0.61859,-0.53540,0.42119,0.55278,-0.42167,-0.03998,
1403636949001666560,4.77123,-4.17995,-0.80341,0.38159,0.60884,-0.54059,0.43756,0.55277,-0.40023,-0.04645,
1403636949101666560,4.82514,-4.21904,-0.81061,0.37917,0.60639,-0.54053,0.44312,0.52871,-0.38358,-0.09432,
1403636949201666560,4.87694,-4.25432,-0.82267,0.38015,0.60814,-0.53852,0.44233,0.50831,-0.36254,-0.14339,
1403636949301666560,4.92707,-4.28430,-0.83951,0.38044,0.60985,-0.53742,0.44106,0.50043,-0.31189,-0.19161,
1403636949401666304,4.97641,-4.31226,-0.86016,0.37728,0.60805,-0.53858,0.44482,0.48210,-0.28656,-0.23440,
1403636949501666560,5.02377,-4.33648,-0.88535,0.37479,0.60589,-0.53983,0.44834,0.45904,-0.24867,-0.25566,
1403636949601666560,5.06870,-4.35914,-0.90775,0.37122,0.60412,-0.54168,0.45145,0.42630,-0.23477,-0.20352,
1403636949701666560,5.10949,-4.37558,-0.92255,0.36796,0.60696,-0.54414,0.44734,0.38855,-0.20871,-0.12698,
1403636949801666560,5.14512,-4.39362,-0.93257,0.36593,0.61272,-0.54526,0.43973,0.35719,-0.17726,-0.06417,
1403636949901666304,5.17938,-4.40667,-0.93709,0.36077,0.61706,-0.54905,0.43315,0.32855,-0.17682,-0.03234,
1403636950001666560,5.21141,-4.42401,-0.93669,0.35642,0.61934,-0.55231,0.42934,0.31234,-0.22392,0.01638,
1403636950101666560,5.24146,-4.44650,-0.93240,0.35256,0.62085,-0.55556,0.42615,0.29945,-0.26435,0.02815,
1403636950201666560,5.26868,-4.47329,-0.93055,0.35475,0.62298,-0.55476,0.42225,0.28185,-0.30702,-0.02327,
1403636950301666560,5.29477,-4.50227,-0.93281,0.35940,0.62369,-0.55218,0.42065,0.26625,-0.34122,-0.06198,
1403636950401666304,5.32270,-4.53692,-0.94032,0.36625,0.62283,-0.54791,0.42159,0.27797,-0.36844,-0.09894,
1403636950501666560,5.35062,-4.57330,-0.95137,0.37567,0.62215,-0.54159,0.42248,0.28864,-0.38336,-0.13403,
1403636950601666560,5.37991,-4.60843,-0.96287,0.38524,0.62296,-0.53463,0.42151,0.31778,-0.37855,-0.11712,
1403636950701666560,5.41361,-4.64401,-0.97040,0.38666,0.62177,-0.53322,0.42376,0.35858,-0.35761,-0.06857,
1403636950801666560,5.45036,-4.67900,-0.97299,0.38409,0.61772,-0.53431,0.43058,0.39443,-0.32863,0.00346,
1403636950901666304,5.48950,-4.71172,-0.96822,0.38097,0.61565,-0.53550,0.43483,0.40240,-0.30501,0.08335,
1403636951001666560,5.53039,-4.74360,-0.95896,0.37952,0.61467,-0.53577,0.43715,0.40996,-0.29749,0.15656,
1403636951101666560,5.57253,-4.77590,-0.94429,0.37357,0.61180,-0.53949,0.44169,0.40053,-0.25904,0.19028,
1403636951201666560,5.61288,-4.80429,-0.93174,0.36510,0.61301,-0.54542,0.43981,0.37552,-0.25501,0.11670,
1403636951301666560,5.64973,-4.83534,-0.92775,0.36132,0.61853,-0.54832,0.43153,0.35487,-0.27090,0.02387,
1403636951401666304,5.68521,-4.86825,-0.93081,0.35786,0.62423,-0.55067,0.42312,0.34520,-0.31244,-0.02547,
1403636951501666560,5.71991,-4.90391,-0.93830,0.35767,0.62705,-0.55103,0.41862,0.34097,-0.34853,-0.06305,
1403636951601666560,5.75344,-4.94344,-0.94977,0.35973,0.62847,-0.54977,0.41638,0.34657,-0.39130,-0.09176,
1403636951701666560,5.78716,-4.98541,-0.95884,0.36437,0.62781,-0.54691,0.41711,0.35510,-0.42891,-0.08718,
1403636951801666560,5.82289,-5.03673,-0.96461,0.36910,0.62520,-0.54367,0.42108,0.37439,-0.51201,0.01328,
1403636951901666304,5.86059,-5.08847,-0.96108,0.37587,0.62481,-0.53878,0.42195,0.38549,-0.50939,0.06094,
1403636952001666560,5.90040,-5.14180,-0.95743,0.38161,0.62581,-0.53469,0.42054,0.41867,-0.51982,0.04206,
1403636952101666560,5.94462,-5.19485,-0.95649,0.38384,0.62417,-0.53344,0.42252,0.45351,-0.51021,-0.01486,
1403636952201666560,5.99115,-5.24498,-0.95958,0.38291,0.62037,-0.53414,0.42804,0.47168,-0.49648,-0.07100,
1403636952301666560,6.03996,-5.29372,-0.96985,0.37943,0.61474,-0.53633,0.43643,0.48975,-0.47241,-0.12697,
1403636952401666304,6.08771,-5.34002,-0.98449,0.37668,0.60988,-0.53818,0.44330,0.47054,-0.44645,-0.18261,
1403636952501666560,6.13440,-5.38386,-1.00379,0.37922,0.60984,-0.53591,0.44395,0.45638,-0.42189,-0.22700,
1403636952601666560,6.17908,-5.42435,-1.02677,0.38249,0.61184,-0.53307,0.44179,0.44363,-0.37714,-0.22188,
1403636952701666560,6.22257,-5.45986,-1.04632,0.38387,0.61270,-0.53168,0.44109,0.44285,-0.33365,-0.16220,
1403636952801666560,6.26750,-5.49083,-1.06194,0.38071,0.61624,-0.53392,0.43617,0.44176,-0.28085,-0.14280,
1403636952901666304,6.31291,-5.51998,-1.07471,0.37523,0.61882,-0.53801,0.43222,0.45043,-0.28125,-0.13638,
1403636953001666560,6.36080,-5.55026,-1.09116,0.36578,0.61894,-0.54540,0.43088,0.45161,-0.28479,-0.19405,
1403636953101666560,6.40742,-5.58247,-1.11407,0.35806,0.61658,-0.55127,0.43328,0.43718,-0.30551,-0.24491,
1403636953201666560,6.45148,-5.61740,-1.14120,0.35531,0.61604,-0.55346,0.43352,0.40392,-0.33367,-0.28663,
1403636953301666560,6.49115,-5.65476,-1.17073,0.35578,0.61688,-0.55283,0.43273,0.37435,-0.36415,-0.26158,
1403636953401666304,6.52749,-5.69289,-1.19296,0.35977,0.61820,-0.54960,0.43166,0.34862,-0.38683,-0.18671,
1403636953501666560,6.56081,-5.73372,-1.20886,0.36700,0.62010,-0.54381,0.43018,0.32623,-0.37620,-0.10767,
1403636953601666560,6.59337,-5.77546,-1.21804,0.37120,0.62225,-0.54004,0.42822,0.32833,-0.40507,-0.06643,
1403636953701666560,6.62746,-5.81927,-1.22177,0.37255,0.62793,-0.53768,0.42166,0.34823,-0.39684,0.00641,
1403636953801666560,6.66068,-5.86608,-1.21900,0.37570,0.63315,-0.53381,0.41595,0.37984,-0.43094,0.10910,
1403636953901666304,6.70223,-5.91469,-1.20736,0.37604,0.63390,-0.53209,0.41670,0.44095,-0.45893,0.16908,
1403636954001666560,6.74827,-5.96343,-1.19352,0.37268,0.63235,-0.53366,0.42006,0.47385,-0.46690,0.15928,
1403636954101666560,6.79525,-6.01161,-1.17570,0.37140,0.63122,-0.53431,0.42205,0.49526,-0.46663,0.11961,
1403636954201666560,6.84526,-6.06166,-1.16441,0.37044,0.63042,-0.53470,0.42361,0.52777,-0.49216,0.08128,
1403636954301666560,6.89940,-6.11347,-1.15723,0.36915,0.63134,-0.53585,0.42190,0.55781,-0.52708,0.10895,
1403636954401666304,6.95841,-6.17024,-1.14742,0.36692,0.63208,-0.53835,0.41954,0.58953,-0.54083,0.14643,
1403636954501666560,7.01884,-6.22705,-1.13159,0.36545,0.63149,-0.54095,0.41838,0.60837,-0.56285,0.19335,
1403636954601666560,7.08223,-6.28817,-1.11542,0.36804,0.63122,-0.54133,0.41602,0.62763,-0.60385,0.14433,
1403636954701666560,7.14633,-6.35001,-1.10828,0.37217,0.62808,-0.54146,0.41692,0.64715,-0.63064,-0.02211,
1403636954801666560,7.21195,-6.41336,-1.11853,0.37681,0.62220,-0.54154,0.42145,0.66398,-0.64018,-0.12971,
1403636954901666304,7.27812,-6.47621,-1.13664,0.38089,0.61649,-0.54220,0.42530,0.68401,-0.63671,-0.20221,
1403636955001666560,7.34575,-6.53604,-1.16211,0.38486,0.61211,-0.54313,0.42685,0.68792,-0.60279,-0.25625,
1403636955101666560,7.40981,-6.59141,-1.18891,0.38752,0.61108,-0.54506,0.42346,0.68602,-0.57310,-0.21697,
1403636955201666560,7.47890,-6.64749,-1.20725,0.39060,0.61000,-0.54680,0.41994,0.70795,-0.57961,-0.13405,
1403636955301666560,7.55062,-6.70535,-1.21739,0.39252,0.60657,-0.54963,0.41940,0.72573,-0.57312,-0.06827,
1403636955401666304,7.62349,-6.76033,-1.22171,0.39515,0.60397,-0.55176,0.41790,0.74492,-0.54518,-0.02472,
1403636955501666560,7.69896,-6.81376,-1.22683,0.39713,0.60273,-0.55339,0.41564,0.76270,-0.54111,-0.08522,
1403636955601666560,7.77411,-6.86574,-1.23729,0.39820,0.60124,-0.55492,0.41474,0.77851,-0.51604,-0.14510,
1403636955701666560,7.85241,-6.91496,-1.25260,0.39936,0.60027,-0.55605,0.41353,0.79389,-0.49476,-0.14758,
1403636955801666560,7.93225,-6.96259,-1.26358,0.40022,0.59979,-0.55670,0.41251,0.81275,-0.48578,-0.09701,
1403636955901666304,8.01034,-7.00894,-1.26807,0.39693,0.59731,-0.55992,0.41492,0.83043,-0.47913,-0.00941,
1403636956001666560,8.09061,-7.05648,-1.26463,0.38942,0.59133,-0.56654,0.42156,0.82157,-0.47371,0.06924,
1403636956101666560,8.16361,-7.09601,-1.25083,0.38171,0.58386,-0.57310,0.43007,0.77274,-0.44323,0.14072,
1403636956201666560,8.23243,-7.13380,-1.23672,0.37786,0.58018,-0.57697,0.43326,0.71322,-0.41742,0.10879,
1403636956301666560,8.29613,-7.17067,-1.22796,0.37980,0.58064,-0.57709,0.43079,0.65020,-0.40168,0.03871,
1403636956401666304,8.35882,-7.20929,-1.22780,0.38961,0.58637,-0.57171,0.42134,0.61307,-0.38430,-0.02148,
1403636956501666560,8.41679,-7.24343,-1.23128,0.39763,0.59067,-0.56539,0.41632,0.61668,-0.36358,-0.06706,
1403636956601666560,8.47845,-7.27953,-1.24066,0.39764,0.59145,-0.55787,0.42527,0.62941,-0.33155,-0.12345,
1403636956701666560,8.53837,-7.30935,-1.25382,0.38582,0.59275,-0.55227,0.44135,0.63406,-0.28863,-0.16675,
1403636956801666560,8.59666,-7.33659,-1.26781,0.36744,0.60083,-0.54499,0.45495,0.58163,-0.25383,-0.11793,
1403636956901666304,8.65225,-7.36158,-1.27528,0.35009,0.61629,-0.53145,0.46387,0.51927,-0.22577,-0.03955,
1403636957001666560,8.70359,-7.38683,-1.27549,0.34016,0.63501,-0.50964,0.47045,0.46052,-0.20484,0.03910,
1403636957101666560,8.75120,-7.40950,-1.26885,0.33231,0.65465,-0.48406,0.47612,0.43990,-0.18529,0.11664,
1403636957201666560,8.79646,-7.42930,-1.25733,0.32281,0.67280,-0.46067,0.48054,0.41894,-0.15737,0.16144,
1403636957301666560,8.83936,-7.44674,-1.24260,0.31233,0.68471,-0.44448,0.48586,0.40196,-0.14634,0.13839,
1403636957401666304,8.87918,-7.46107,-1.23259,0.30355,0.69244,-0.43316,0.49067,0.38877,-0.12545,0.06326,
1403636957501666560,8.91884,-7.47505,-1.23062,0.29702,0.69660,-0.42650,0.49459,0.39542,-0.11724,-0.01592,
1403636957601666560,8.95766,-7.48783,-1.23575,0.29034,0.69959,-0.42119,0.49888,0.38722,-0.11094,-0.08090,
1403636957701666560,8.99548,-7.49911,-1.24790,0.28201,0.70408,-0.41326,0.50394,0.38459,-0.09929,-0.15875,
1403636957801666560,9.03214,-7.50949,-1.26603,0.26807,0.71201,-0.40140,0.50996,0.37935,-0.08593,-0.20741,
1403636957901666304,9.06752,-7.51879,-1.28711,0.25008,0.72299,-0.38259,0.51805,0.35824,-0.08052,-0.22662,
1403636958001666560,9.10037,-7.52703,-1.30621,0.23112,0.73549,-0.35826,0.52658,0.32050,-0.07342,-0.17110,
1403636958101666560,9.13180,-7.53623,-1.31679,0.21300,0.74790,-0.33296,0.53331,0.29952,-0.10020,-0.06721,
1403636958201666560,9.16063,-7.54761,-1.31917,0.19768,0.75801,-0.31179,0.53770,0.27559,-0.12603,0.04215,
1403636958301666560,9.18685,-7.55894,-1.31002,0.18581,0.76522,-0.29212,0.54274,0.23315,-0.11227,0.12632,
1403636958401666304,9.20888,-7.57233,-1.29481,0.17769,0.77297,-0.27422,0.54383,0.18964,-0.12925,0.20207,
1403636958501666560,9.22960,-7.58696,-1.27565,0.17247,0.77812,-0.26271,0.54385,0.17318,-0.13581,0.18594,
1403636958601666560,9.24998,-7.60273,-1.26168,0.16992,0.78040,-0.25619,0.54449,0.17390,-0.14720,0.13277,
1403636958701666560,9.27170,-7.62005,-1.25191,0.17010,0.78126,-0.25271,0.54482,0.17879,-0.16574,0.08590,
1403636958801666560,9.29077,-7.63757,-1.24576,0.17051,0.78149,-0.25196,0.54472,0.18745,-0.16979,0.04795,
1403636958901666304,9.31545,-7.65563,-1.24494,0.17259,0.78208,-0.25294,0.54275,0.20166,-0.18643,-0.01007,
1403636959001666560,9.33630,-7.67387,-1.24853,0.17542,0.78173,-0.25424,0.54175,0.21165,-0.18475,-0.06723,
1403636959101666560,9.35951,-7.69137,-1.25842,0.17638,0.78182,-0.25712,0.53994,0.22360,-0.17358,-0.13872,
1403636959201666560,9.38370,-7.70936,-1.27363,0.17746,0.78116,-0.25953,0.53938,0.24712,-0.18362,-0.17919,
1403636959301666560,9.41278,-7.72772,-1.29624,0.18326,0.78089,-0.25882,0.53819,0.26527,-0.18528,-0.22691,
1403636959401666304,9.43940,-7.74497,-1.32251,0.18928,0.78127,-0.25686,0.53648,0.29007,-0.16237,-0.28845,
1403636959501666560,9.46804,-7.75843,-1.35499,0.19340,0.77952,-0.25560,0.53815,0.31150,-0.13166,-0.32393,
1403636959601666560,9.50229,-7.77156,-1.38735,0.18988,0.77385,-0.25951,0.54567,0.32735,-0.11261,-0.28385,
1403636959701666560,9.53313,-7.78038,-1.41344,0.18777,0.77340,-0.26267,0.54553,0.32133,-0.09895,-0.22353,
1403636959801666560,9.56449,-7.78752,-1.43064,0.18616,0.77441,-0.26537,0.54334,0.32564,-0.08536,-0.12175,
1403636959901666304,9.59407,-7.79218,-1.43989,0.18553,0.77519,-0.26748,0.54140,0.30563,-0.06327,-0.05978,
1403636960001666560,9.62321,-7.79834,-1.44165,0.18478,0.77541,-0.26854,0.54082,0.29291,-0.05609,0.00173,
1403636960101666560,9.65290,-7.80356,-1.43559,0.18513,0.77515,-0.26852,0.54108,0.31933,-0.06872,0.05872,
1403636960201666560,9.68140,-7.80727,-1.42699,0.18790,0.77584,-0.26668,0.54004,0.31500,-0.06211,0.01928,
1403636960301666560,9.71078,-7.80896,-1.42382,0.19638,0.77800,-0.26071,0.53682,0.33915,-0.05148,-0.03831,
1403636960401666304,9.74242,-7.80844,-1.42577,0.20120,0.77735,-0.25682,0.53785,0.37169,-0.02322,-0.06775,
1403636960501666560,9.77401,-7.80498,-1.43019,0.20230,0.77582,-0.25051,0.54260,0.38491,0.03494,-0.10144,
1403636960601666560,9.81242,-7.79690,-1.44219,0.20268,0.77570,-0.24241,0.54630,0.39962,0.09621,-0.14054,
1403636960701666560,9.84669,-7.78218,-1.45288,0.19500,0.77537,-0.24036,0.55046,0.40036,0.15234,-0.17734,
1403636960801666560,9.88192,-7.76269,-1.46880,0.18073,0.77737,-0.24229,0.55166,0.39066,0.19535,-0.21677,
1403636960901666304,9.91796,-7.74051,-1.48760,0.16629,0.78170,-0.23516,0.55317,0.38927,0.21850,-0.21042,
1403636961001666560,9.95583,-7.71636,-1.50433,0.15275,0.78717,-0.21797,0.55635,0.38635,0.23776,-0.15238,
1403636961101666560,9.99208,-7.69091,-1.51623,0.13681,0.79234,-0.19708,0.56093,0.36820,0.24916,-0.08739,
1403636961201666560,10.02631,-7.66396,-1.52230,0.11961,0.79762,-0.17446,0.56485,0.33468,0.25964,-0.03011,
1403636961301666560,10.05873,-7.63674,-1.52007,0.10424,0.80240,-0.15209,0.56758,0.33052,0.24736,0.05276,
1403636961401666304,10.08982,-7.60992,-1.51045,0.09302,0.80519,-0.13314,0.57034,0.30076,0.25342,0.13498,
1403636961501666560,10.11823,-7.58326,-1.49359,0.08323,0.80738,-0.12033,0.57161,0.27656,0.25543,0.21511,
1403636961601666560,10.14676,-7.55676,-1.46893,0.07310,0.80909,-0.10747,0.57313,0.26349,0.26463,0.27686,
1403636961701666560,10.17477,-7.53005,-1.43744,0.06202,0.81023,-0.09327,0.57530,0.25985,0.26293,0.35429,
1403636961801666560,10.20168,-7.50331,-1.40277,0.05161,0.81145,-0.07720,0.57699,0.24589,0.26275,0.33118,
1403636961901666304,10.22654,-7.47584,-1.37321,0.04172,0.81345,-0.05924,0.57710,0.23913,0.27587,0.26825,
1403636962001666560,10.25028,-7.44743,-1.35030,0.02836,0.81449,-0.04125,0.57802,0.22435,0.28286,0.19937,
1403636962101666560,10.27277,-7.41834,-1.33268,0.01514,0.81617,-0.02228,0.57718,0.20760,0.29637,0.17351,
1403636962201666560,10.29370,-7.38850,-1.31394,0.00125,0.81640,-0.00272,0.57749,0.19110,0.29130,0.21885,
1403636962301666560,10.31333,-7.35763,-1.28910,-0.01150,0.81516,0.01907,0.57880,0.16944,0.30607,0.28220,
1403636962401666304,10.33079,-7.32554,-1.25906,-0.02621,0.81393,0.04028,0.57897,0.16701,0.32158,0.34224,
1403636962501666560,10.34704,-7.29250,-1.22237,-0.03781,0.81238,0.06367,0.57840,0.14655,0.32834,0.39736,
1403636962601666560,10.36095,-7.25759,-1.18242,-0.04686,0.81031,0.08970,0.57720,0.12809,0.35101,0.39502,
1403636962701666560,10.37180,-7.22098,-1.14609,-0.05254,0.80729,0.11403,0.57665,0.09963,0.37677,0.33643,
1403636962801666560,10.37844,-7.18129,-1.11671,-0.05761,0.80474,0.13073,0.57619,0.06731,0.40475,0.25727,
1403636962901666304,10.38378,-7.13669,-1.09382,-0.06436,0.80276,0.13829,0.57646,0.02795,0.45267,0.18377,
1403636963001666560,10.38684,-7.08797,-1.07532,-0.07506,0.79933,0.13710,0.58021,-0.00225,0.48300,0.15003,
1403636963101666560,10.38825,-7.03677,-1.05972,-0.08220,0.79405,0.13385,0.58721,-0.03743,0.49473,0.09444,
1403636963201666560,10.38460,-6.98536,-1.04986,-0.08409,0.79388,0.13091,0.58783,-0.07810,0.50446,0.03692,
1403636963301666560,10.37616,-6.93394,-1.04593,-0.08784,0.79856,0.12504,0.58220,-0.11509,0.50135,-0.00649,
1403636963401666304,10.36186,-6.88384,-1.04770,-0.09026,0.80194,0.11879,0.57848,-0.14038,0.48991,-0.03135,
1403636963501666560,10.34674,-6.83492,-1.05022,-0.08618,0.80354,0.11690,0.57726,-0.17342,0.47292,-0.01460,
1403636963601666560,10.32832,-6.78622,-1.04941,-0.08187,0.80409,0.11506,0.57749,-0.22073,0.45112,0.02060,
1403636963701666560,10.30955,-6.73760,-1.04139,-0.07745,0.80487,0.11296,0.57743,-0.19682,0.46843,0.11174,
1403636963801666560,10.28903,-6.68930,-1.02499,-0.07466,0.80557,0.11049,0.57729,-0.23331,0.46386,0.17502,
1403636963901666304,10.26656,-6.64135,-1.00385,-0.07220,0.80512,0.10875,0.57857,-0.24745,0.46609,0.25644,
1403636964001666560,10.24155,-6.59237,-0.97504,-0.07125,0.80493,0.10740,0.57921,-0.27909,0.46631,0.31172,
1403636964101666560,10.21537,-6.54350,-0.94039,-0.07034,0.80461,0.10735,0.57977,-0.29872,0.47569,0.35277,
1403636964201666560,10.18545,-6.49421,-0.90709,-0.06985,0.80310,0.10795,0.58181,-0.32749,0.47746,0.30029,
1403636964301666560,10.15261,-6.44365,-0.88082,-0.06846,0.80315,0.10977,0.58156,-0.35468,0.49092,0.22587,
1403636964401666304,10.11719,-6.39293,-0.86025,-0.06808,0.80252,0.11133,0.58218,-0.37339,0.50552,0.17013,
1403636964501666560,10.08151,-6.34044,-0.84674,-0.06680,0.80183,0.11463,0.58263,-0.39442,0.52449,0.12769,
1403636964601666560,10.04031,-6.28656,-0.83690,-0.06445,0.80012,0.12384,0.58337,-0.43002,0.55241,0.08712,
1403636964701666560,9.99772,-6.22947,-0.83614,-0.06708,0.79843,0.13623,0.58263,-0.46226,0.59268,0.02946,
1403636964801666560,9.95140,-6.17066,-0.84072,-0.07161,0.79516,0.15298,0.58240,-0.50179,0.63549,-0.01632,
1403636964901666304,9.89874,-6.10495,-0.84362,-0.08855,0.79041,0.16766,0.58249,-0.56872,0.67302,0.02574,
1403636965001666560,9.83935,-6.03411,-0.83884,-0.10483,0.78398,0.18667,0.58271,-0.62742,0.71968,0.07776,
1403636965101666560,9.77540,-5.95898,-0.82612,-0.12099,0.78071,0.20393,0.57815,-0.67257,0.73070,0.15753,
1403636965201666560,9.70907,-5.88454,-0.80720,-0.13223,0.78158,0.21800,0.56931,-0.70298,0.74367,0.22341,
1403636965301666560,9.63971,-5.80900,-0.78309,-0.13676,0.78877,0.22981,0.55347,-0.70706,0.75873,0.26321,
1403636965401666304,9.56958,-5.73208,-0.75422,-0.13672,0.79980,0.23873,0.53351,-0.69356,0.78805,0.33828,
1403636965501666560,9.50295,-5.65028,-0.71590,-0.14099,0.80775,0.23961,0.51985,-0.62273,0.84944,0.44307,
1403636965601666560,9.44623,-5.56292,-0.66502,-0.15264,0.80354,0.23225,0.52639,-0.52144,0.89933,0.57137,
1403636965701666560,9.39789,-5.47405,-0.60498,-0.16751,0.79339,0.22103,0.54187,-0.45981,0.90017,0.57419,
1403636965801666560,9.35058,-5.38617,-0.55062,-0.17344,0.78628,0.21465,0.55282,-0.44373,0.86403,0.48773,
1403636965901666304,9.30401,-5.30227,-0.50439,-0.16476,0.78172,0.21778,0.56065,-0.45430,0.81403,0.40839,
1403636966001666560,9.25459,-5.21923,-0.46713,-0.15601,0.77951,0.22122,0.56487,-0.46934,0.79832,0.34242,
1403636966101666560,9.20390,-5.13863,-0.43695,-0.15119,0.77812,0.22225,0.56770,-0.49648,0.79125,0.27661,
1403636966201666560,9.15377,-5.06014,-0.41351,-0.14837,0.77781,0.22192,0.56899,-0.53178,0.78106,0.20035,
1403636966301666560,9.10043,-4.98176,-0.40036,-0.14747,0.77711,0.22035,0.57078,-0.55638,0.78129,0.13538,
1403636966401666304,9.04433,-4.90494,-0.39184,-0.15708,0.77828,0.21182,0.56986,-0.59218,0.76698,0.06238,
1403636966501666560,8.98837,-4.83024,-0.39308,-0.17238,0.78044,0.19879,0.56716,-0.59225,0.72386,0.01001,
1403636966601666560,8.93145,-4.76222,-0.39766,-0.17589,0.78098,0.19378,0.56708,-0.58629,0.64480,-0.04833,
1403636966701666560,8.87400,-4.70332,-0.40756,-0.16472,0.78081,0.19855,0.56902,-0.59760,0.58272,-0.08182,
1403636966801666560,8.81678,-4.64907,-0.41547,-0.15669,0.77958,0.20171,0.57186,-0.60802,0.53675,-0.02420,
1403636966901666304,8.75656,-4.59729,-0.41582,-0.15732,0.78011,0.19948,0.57174,-0.62710,0.50058,0.05593,
1403636967001666560,8.69858,-4.54898,-0.41126,-0.15949,0.78068,0.19666,0.57134,-0.62906,0.45259,0.07497,
1403636967101666560,8.63384,-4.50505,-0.40769,-0.15434,0.78026,0.19886,0.57257,-0.64717,0.41346,0.01903,
1403636967201666560,8.57248,-4.46387,-0.41227,-0.14987,0.77999,0.20096,0.57338,-0.66459,0.38643,-0.05519,
1403636967301666560,8.50475,-4.42482,-0.42145,-0.14784,0.78013,0.20123,0.57363,-0.68303,0.36514,-0.09433,
1403636967401666304,8.43412,-4.38740,-0.42924,-0.14512,0.77922,0.20212,0.57524,-0.71064,0.35126,-0.04602,
1403636967501666560,8.36346,-4.35266,-0.43039,-0.14545,0.77904,0.20111,0.57575,-0.73370,0.34366,0.03068,
1403636967601666560,8.28555,-4.31760,-0.42334,-0.14321,0.77860,0.20131,0.57684,-0.79047,0.31977,0.08372,
1403636967701666560,8.20597,-4.28612,-0.41862,-0.14102,0.77886,0.20166,0.57690,-0.81674,0.31172,-0.01118,
1403636967801666560,8.12375,-4.25160,-0.42792,-0.14109,0.77878,0.20092,0.57726,-0.84289,0.31474,-0.18166,
1403636967901666304,8.04016,-4.22161,-0.45366,-0.14107,0.77812,0.20090,0.57816,-0.87958,0.30095,-0.29566,
1403636968001666560,7.95211,-4.19165,-0.48693,-0.14144,0.77782,0.20079,0.57851,-0.90761,0.29363,-0.36452,
1403636968101666560,7.86478,-4.16355,-0.52492,-0.14387,0.77720,0.20004,0.57901,-0.93903,0.27840,-0.38334,
1403636968201666560,7.76975,-4.13638,-0.56189,-0.14644,0.77823,0.19839,0.57754,-0.96512,0.25296,-0.34584,
1403636968301666560,7.67527,-4.11221,-0.59168,-0.14617,0.77912,0.19877,0.57628,-1.01703,0.22176,-0.25445,
1403636968401666304,7.57712,-4.08871,-0.61299,-0.14569,0.78023,0.19913,0.57478,-1.03405,0.20591,-0.17382,
1403636968501666560,7.47248,-4.06525,-0.62693,-0.14608,0.78129,0.19840,0.57348,-1.06034,0.18602,-0.08735,
1403636968601666560,7.36761,-4.04458,-0.63433,-0.14434,0.78094,0.19955,0.57399,-1.06361,0.17973,-0.02251,
1403636968701666560,7.25809,-4.02614,-0.63441,-0.13837,0.78028,0.20344,0.57500,-1.10125,0.17015,-0.00901,
1403636968801666560,7.15034,-4.00509,-0.63821,-0.13421,0.77990,0.20617,0.57553,-1.11269,0.18952,-0.06013,
1403636968901666304,7.03698,-3.98260,-0.64119,-0.13663,0.78057,0.20385,0.57488,-1.14459,0.20784,-0.00994,
1403636969001666560,6.92492,-3.95958,-0.63726,-0.13884,0.78132,0.20223,0.57390,-1.15308,0.21966,0.07775,
1403636969101666560,6.80752,-3.93568,-0.62683,-0.14331,0.78243,0.19894,0.57243,-1.18716,0.21144,0.13147,
1403636969201666560,6.69097,-3.91371,-0.61257,-0.14326,0.78734,0.19873,0.56575,-1.19491,0.19875,0.18158,
1403636969301666560,6.57525,-3.89426,-0.59127,-0.14245,0.79405,0.19880,0.55648,-1.19917,0.18499,0.24015,
1403636969401666304,6.45880,-3.87404,-0.56394,-0.13917,0.79823,0.20032,0.55076,-1.15288,0.20473,0.30321,
1403636969501666560,6.34604,-3.85104,-0.53503,-0.13658,0.80079,0.20085,0.54748,-1.11475,0.22098,0.25787,
1403636969601666560,6.23914,-3.82544,-0.51141,-0.13507,0.80251,0.20030,0.54555,-1.07437,0.24048,0.19836,
1403636969701666560,6.13173,-3.80060,-0.49554,-0.13466,0.80242,0.19954,0.54605,-1.03455,0.25685,0.13858,
1403636969801666560,6.03131,-3.77239,-0.48359,-0.13373,0.80254,0.19926,0.54621,-1.00149,0.28207,0.09262,
1403636969901666304,5.93308,-3.74358,-0.47740,-0.13414,0.80294,0.19846,0.54580,-0.95511,0.29827,0.03658,
1403636970001666560,5.84253,-3.71366,-0.47529,-0.13655,0.80055,0.19679,0.54931,-0.90567,0.31376,0.00977,
1403636970101666560,5.75190,-3.68249,-0.47878,-0.13803,0.79432,0.19661,0.55798,-0.88483,0.31954,-0.03802,
1403636970201666560,5.66498,-3.65351,-0.48518,-0.13956,0.78965,0.19604,0.56439,-0.88084,0.31604,-0.05431,
1403636970301666560,5.57799,-3.62321,-0.49174,-0.14026,0.78821,0.19625,0.56616,-0.88970,0.30273,-0.07368,
1403636970401666304,5.49175,-3.59279,-0.49978,-0.13913,0.79268,0.19721,0.55983,-0.87812,0.30587,-0.07609,
1403636970501666560,5.40466,-3.56128,-0.50668,-0.13852,0.79836,0.19825,0.55148,-0.85998,0.31064,-0.05413,
1403636970601666560,5.31998,-3.52751,-0.51077,-0.13707,0.80285,0.20004,0.54464,-0.82248,0.33312,-0.01673,
1403636970701666560,5.23934,-3.49100,-0.50645,-0.13533,0.80647,0.20235,0.53884,-0.76928,0.36283,0.08587,
1403636970801666560,5.16336,-3.45139,-0.49490,-0.13460,0.81011,0.20388,0.53296,-0.71991,0.39127,0.12857,
1403636970901666304,5.09539,-3.40948,-0.48449,-0.13328,0.81498,0.20573,0.52509,-0.64083,0.43366,0.08405,
1403636971001666560,5.03278,-3.36292,-0.47868,-0.13706,0.81717,0.20366,0.52150,-0.56055,0.47636,0.03539,
1403636971101666560,4.97862,-3.31411,-0.47839,-0.14729,0.81495,0.19667,0.52486,-0.47845,0.49600,-0.02001,
1403636971201666560,4.93365,-3.26471,-0.48281,-0.16007,0.81041,0.18799,0.53129,-0.40939,0.48601,-0.08132,
1403636971301666560,4.89409,-3.21905,-0.49159,-0.17255,0.80584,0.17905,0.53740,-0.34362,0.43327,-0.13161,
1403636971401666304,4.86244,-3.17986,-0.50639,-0.18072,0.80368,0.17378,0.53967,-0.28741,0.36120,-0.17954,
1403636971501666560,4.83670,-3.14526,-0.52563,-0.17786,0.80263,0.17618,0.54140,-0.22800,0.29351,-0.22158,
1403636971601666560,4.81323,-3.11712,-0.54852,-0.17082,0.79902,0.18201,0.54705,-0.18665,0.23508,-0.25092,
1403636971701666560,4.79577,-3.09454,-0.57575,-0.16121,0.79295,0.18970,0.55611,-0.15976,0.19643,-0.29460,
1403636971801666560,4.78038,-3.07551,-0.60746,-0.15935,0.78797,0.19217,0.56284,-0.15270,0.16851,-0.33304,
1403636971901666304,4.76546,-3.05937,-0.63899,-0.15990,0.78567,0.19302,0.56559,-0.16439,0.13013,-0.30405,
1403636972001666560,4.74942,-3.04740,-0.66577,-0.15984,0.78568,0.19399,0.56526,-0.15560,0.10390,-0.22021,
1403636972101666560,4.73269,-3.03830,-0.68410,-0.15834,0.78551,0.19516,0.56552,-0.19065,0.06010,-0.17811,
1403636972201666560,4.71214,-3.03319,-0.69659,-0.15966,0.78907,0.19406,0.56054,-0.20538,0.03332,-0.11756,
1403636972301666560,4.69088,-3.03191,-0.69991,-0.16121,0.79473,0.19274,0.55251,-0.18750,0.00744,-0.04235,
1403636972401666304,4.67687,-3.03320,-0.69395,-0.15823,0.79688,0.19430,0.54973,-0.12583,-0.00103,0.06223,
1403636972501666560,4.66529,-3.03577,-0.68118,-0.15497,0.79575,0.19609,0.55164,-0.09668,-0.01288,0.13013,
1403636972601666560,4.65585,-3.03857,-0.66320,-0.15250,0.79390,0.19693,0.55470,-0.08311,-0.02947,0.20858,
1403636972701666560,4.64552,-3.04285,-0.64343,-0.14932,0.79168,0.19822,0.55826,-0.09431,-0.03838,0.15735,
1403636972801666560,4.63536,-3.04666,-0.62996,-0.14839,0.79166,0.19808,0.55859,-0.09381,-0.03778,0.09545,
1403636972901666304,4.62377,-3.05285,-0.61980,-0.14701,0.79213,0.19763,0.55845,-0.10140,-0.04460,0.03581,
1403636973001666560,4.61406,-3.05908,-0.61936,-0.14166,0.79557,0.19224,0.55682,-0.09481,-0.06366,-0.03215,
1403636973101666560,4.60414,-3.06630,-0.62400,-0.13511,0.80007,0.18238,0.55531,-0.08960,-0.06951,-0.07122,
1403636973201666560,4.59519,-3.07400,-0.63139,-0.12933,0.80297,0.17407,0.55517,-0.08682,-0.06363,-0.11870,
1403636973301666560,4.58678,-3.08052,-0.64442,-0.12380,0.80343,0.16840,0.55751,-0.08425,-0.05973,-0.16654,
1403636973401666304,4.58006,-3.08628,-0.66250,-0.11969,0.80406,0.16426,0.55874,-0.06705,-0.04306,-0.20510,
1403636973501666560,4.57474,-3.09082,-0.68485,-0.11754,0.80483,0.16074,0.55911,-0.05469,-0.03031,-0.23546,
1403636973601666560,4.57055,-3.09370,-0.71092,-0.11522,0.80322,0.15890,0.56242,-0.05131,-0.01836,-0.26576,
1403636973701666560,4.56735,-3.09571,-0.73775,-0.11405,0.80159,0.15778,0.56529,-0.05214,-0.00908,-0.25229,
1403636973801666560,4.56360,-3.09669,-0.75897,-0.11278,0.79860,0.15810,0.56966,-0.05119,-0.00398,-0.16896,
1403636973901666304,4.55780,-3.09750,-0.77355,-0.11284,0.79747,0.15854,0.57111,-0.06001,0.00160,-0.09808,
1403636974001666560,4.55168,-3.09779,-0.78093,-0.11494,0.79914,0.15633,0.56896,-0.10159,-0.00975,-0.06169,
1403636974101666560,4.54426,-3.09878,-0.78386,-0.11374,0.80350,0.14845,0.56517,-0.07413,-0.01916,-0.03338,
1403636974201666560,4.53739,-3.10214,-0.78769,-0.10451,0.80877,0.13492,0.56282,-0.04943,-0.04175,-0.07657,
1403636974301666560,4.53305,-3.10730,-0.79650,-0.08793,0.81204,0.11765,0.56481,-0.02287,-0.04899,-0.13121,
1403636974401666304,4.53095,-3.11067,-0.81163,-0.06996,0.81418,0.09569,0.56838,-0.02677,-0.04299,-0.17605,
1403636974501666560,4.52765,-3.11439,-0.83064,-0.05188,0.81442,0.07049,0.57363,-0.03993,-0.03736,-0.22767,
1403636974601666560,4.52241,-3.11875,-0.85363,-0.03267,0.81411,0.04471,0.57806,-0.04246,-0.03075,-0.25385,
1403636974701666560,4.51582,-3.12242,-0.87729,-0.01520,0.81630,0.01878,0.57712,-0.07341,-0.02663,-0.21324,
1403636974801666560,4.50713,-3.12528,-0.89478,-0.00154,0.81982,-0.00683,0.57258,-0.08774,-0.01639,-0.14428,
1403636974901666304,4.49925,-3.12742,-0.90414,0.00606,0.82382,-0.03345,0.56584,-0.07234,-0.01734,-0.05610,
1403636975001666560,4.49348,-3.13069,-0.90537,0.01438,0.82615,-0.05714,0.56036,-0.05570,-0.04206,0.02244,
1403636975101666560,4.49274,-3.13736,-0.89950,0.02689,0.82438,-0.07483,0.56042,-0.00317,-0.07680,0.06815,
1403636975201666560,4.49620,-3.14543,-0.89404,0.04080,0.81927,-0.08447,0.56569,0.02722,-0.09252,0.03122,
1403636975301666560,4.50221,-3.15409,-0.89380,0.05221,0.81379,-0.08875,0.57196,0.03873,-0.08582,-0.02591,
1403636975401666304,4.50795,-3.16167,-0.90070,0.05883,0.81072,-0.09062,0.57537,0.03204,-0.07651,-0.09223,
1403636975501666560,4.51249,-3.16771,-0.91398,0.06123,0.81173,-0.09154,0.57355,0.02841,-0.05955,-0.14352,
1403636975601666560,4.51611,-3.17329,-0.92540,0.06218,0.81575,-0.09071,0.56786,0.04264,-0.04598,-0.07790,
1403636975701666560,4.52146,-3.17731,-0.92975,0.06128,0.81884,-0.08867,0.56382,0.05047,-0.03498,0.00316,
1403636975801666560,4.52798,-3.18082,-0.92469,0.05980,0.82109,-0.08666,0.56100,0.08839,-0.03342,0.07852,
1403636975901666304,4.53989,-3.18523,-0.91533,0.06322,0.82220,-0.09047,0.55839,0.13366,-0.04019,0.09503,
1403636976001666560,4.55212,-3.18979,-0.90855,0.06738,0.81973,-0.10309,0.55935,0.14652,-0.04487,0.04689,
1403636976101666560,4.56565,-3.19519,-0.90574,0.07042,0.81195,-0.12357,0.56614,0.15191,-0.05063,0.00874,
1403636976201666560,4.57870,-3.20311,-0.90774,0.07209,0.80293,-0.14936,0.57254,0.13142,-0.08651,-0.04284,
1403636976301666560,4.58957,-3.21470,-0.91518,0.07927,0.79543,-0.17544,0.57466,0.09802,-0.13831,-0.08706,
1403636976401666304,4.59681,-3.23155,-0.92709,0.09255,0.78889,-0.19997,0.57368,0.05735,-0.19382,-0.15029,
1403636976501666560,4.59982,-3.25415,-0.94376,0.11277,0.78448,-0.21912,0.56909,0.01857,-0.24502,-0.18057,
1403636976601666560,4.59976,-3.27889,-0.96542,0.13574,0.78273,-0.22884,0.56262,-0.00283,-0.25617,-0.23879,
1403636976701666560,4.59758,-3.30386,-0.99255,0.15227,0.78123,-0.23522,0.55782,-0.01339,-0.25612,-0.29388,
1403636976801666560,4.59562,-3.32781,-1.02585,0.15953,0.78037,-0.24267,0.55379,-0.01713,-0.24296,-0.36121,
1403636976901666304,4.59379,-3.35121,-1.06221,0.15891,0.78287,-0.25007,0.54711,-0.01104,-0.24672,-0.33509,
1403636977001666560,4.59228,-3.37560,-1.08953,0.15644,0.78373,-0.25501,0.54429,0.00189,-0.25348,-0.23207,
1403636977101666560,4.59228,-3.40198,-1.10702,0.15419,0.78483,-0.25708,0.54237,0.02093,-0.29299,-0.11691,
1403636977201666560,4.59294,-3.43161,-1.11559,0.15118,0.78611,-0.25734,0.54125,0.02164,-0.31262,-0.04691,
1403636977301666560,4.59443,-3.46423,-1.11966,0.14953,0.78675,-0.25534,0.54173,0.03433,-0.34729,-0.01770,
1403636977401666304,4.59831,-3.50050,-1.12503,0.15023,0.78468,-0.25062,0.54672,0.03562,-0.37011,-0.05969,
1403636977501666560,4.60236,-3.53910,-1.13522,0.15285,0.78168,-0.24453,0.55300,0.03433,-0.38052,-0.11611,
1403636977601666560,4.60630,-3.57797,-1.14980,0.15342,0.77886,-0.24105,0.55833,0.02451,-0.37995,-0.17324,
1403636977701666560,4.60872,-3.61731,-1.17155,0.15407,0.77792,-0.24035,0.55977,0.00433,-0.39088,-0.23788,
1403636977801666560,4.60946,-3.65674,-1.19638,0.15010,0.77806,-0.24777,0.55741,-0.00975,-0.39798,-0.27362,
1403636977901666304,4.60809,-3.69763,-1.22390,0.14785,0.77798,-0.25377,0.55542,-0.01810,-0.41561,-0.26307,
1403636978001666560,4.60672,-3.74119,-1.24708,0.15254,0.77608,-0.25442,0.55650,-0.04822,-0.42604,-0.17414,
1403636978101666560,4.60115,-3.78427,-1.26159,0.15970,0.77598,-0.25257,0.55548,-0.04161,-0.44394,-0.08583,
1403636978201666560,4.59760,-3.83100,-1.27114,0.16332,0.77751,-0.25221,0.55245,-0.06446,-0.44418,-0.02043,
1403636978301666560,4.58766,-3.87565,-1.27251,0.16572,0.77995,-0.25198,0.54838,-0.07736,-0.43281,0.03255,
1403636978401666304,4.58303,-3.92395,-1.26993,0.16653,0.78309,-0.25286,0.54324,-0.05642,-0.43233,0.12505,
1403636978501666560,4.57469,-3.96885,-1.25894,0.16642,0.78851,-0.25416,0.53475,-0.04473,-0.42452,0.12087,
1403636978601666560,4.57346,-4.01808,-1.25461,0.16508,0.79372,-0.25660,0.52622,-0.00902,-0.43881,0.06345,
1403636978701666560,4.57558,-4.06683,-1.25355,0.16481,0.79695,-0.25810,0.52067,0.04433,-0.45802,0.00627,
1403636978801666560,4.58429,-4.11586,-1.25747,0.16481,0.79894,-0.25911,0.51710,0.11287,-0.48585,-0.04180,
1403636978901666304,4.59872,-4.16689,-1.26346,0.16602,0.79572,-0.25839,0.52201,0.17591,-0.52144,-0.06751,
1403636979001666560,4.62090,-4.21998,-1.27445,0.17083,0.78797,-0.25526,0.53364,0.22022,-0.52944,-0.11043,
1403636979101666560,4.64398,-4.27162,-1.29102,0.17473,0.78018,-0.25238,0.54506,0.23633,-0.51219,-0.20813,
1403636979201666560,4.66916,-4.32367,-1.31546,0.17596,0.77730,-0.25131,0.54926,0.24462,-0.49035,-0.27320,
1403636979301666560,4.69365,-4.37147,-1.34509,0.17387,0.78247,-0.25258,0.54195,0.24389,-0.46911,-0.25433,
1403636979401666304,4.72044,-4.41875,-1.36750,0.17202,0.78856,-0.25364,0.53315,0.28066,-0.45863,-0.19082,
1403636979501666560,4.75058,-4.46703,-1.38292,0.16883,0.79252,-0.25579,0.52724,0.29880,-0.44814,-0.11893,
1403636979601666560,4.78503,-4.51410,-1.38894,0.16807,0.79446,-0.25691,0.52401,0.36115,-0.46918,-0.05361,
1403636979701666560,4.82407,-4.56156,-1.38778,0.17016,0.79554,-0.25713,0.52157,0.40617,-0.47769,0.00373,
1403636979801666560,4.86865,-4.61091,-1.38091,0.17182,0.79416,-0.25805,0.52268,0.46372,-0.49337,0.07949,
1403636979901666304,4.91692,-4.65912,-1.37005,0.17536,0.78867,-0.25814,0.52973,0.51640,-0.49968,0.08486,
1403636980001666560,4.96880,-4.70790,-1.35957,0.17958,0.78474,-0.25788,0.53426,0.53532,-0.48341,0.03358,
1403636980101666560,5.02173,-4.75570,-1.35581,0.18186,0.78276,-0.25836,0.53616,0.54578,-0.47240,-0.02203,
1403636980201666560,5.07711,-4.80271,-1.35784,0.18241,0.78125,-0.25989,0.53742,0.56685,-0.46370,-0.06913,
1403636980301666560,5.13490,-4.84883,-1.36676,0.18178,0.77850,-0.26183,0.54069,0.57164,-0.44466,-0.11707,
1403636980401666304,5.19352,-4.89314,-1.37788,0.18128,0.77403,-0.26266,0.54683,0.58071,-0.42461,-0.16896,
1403636980501666560,5.25217,-4.93549,-1.39686,0.17997,0.77031,-0.26354,0.55206,0.57592,-0.40578,-0.20833,
1403636980601666560,5.30965,-4.97811,-1.41803,0.17574,0.76792,-0.26521,0.55595,0.54968,-0.38839,-0.21605,
1403636980701666560,5.36368,-5.01835,-1.43709,0.17461,0.76714,-0.26450,0.55771,0.53629,-0.39698,-0.14370,
1403636980801666560,5.41450,-5.05714,-1.44898,0.17698,0.77091,-0.26132,0.55325,0.51904,-0.38893,-0.08559,
1403636980901666304,5.46326,-5.09260,-1.45417,0.17838,0.77668,-0.25859,0.54597,0.53021,-0.39382,0.00303,
1403636981001666560,5.51141,-5.12608,-1.45474,0.18030,0.78004,-0.25588,0.54181,0.53946,-0.37635,0.00277,
1403636981101666560,5.55836,-5.15464,-1.45759,0.17975,0.77920,-0.25592,0.54318,0.54159,-0.34134,-0.05620,
1403636981201666560,5.60893,-5.18473,-1.46570,0.17432,0.77628,-0.26045,0.54697,0.54278,-0.32051,-0.11260,
1403636981301666560,5.65554,-5.21093,-1.47650,0.16478,0.77050,-0.26884,0.55399,0.52290,-0.31658,-0.13592,
1403636981401666304,5.69360,-5.23430,-1.49049,0.15904,0.76658,-0.27473,0.55819,0.47001,-0.32191,-0.18221,
1403636981501666560,5.73094,-5.26218,-1.50887,0.16613,0.76878,-0.27244,0.55422,0.41845,-0.33304,-0.18887,
1403636981601666560,5.77012,-5.29515,-1.52534,0.17797,0.77426,-0.26693,0.54552,0.40097,-0.33853,-0.14263,
1403636981701666560,5.80625,-5.32482,-1.53432,0.18587,0.77825,-0.26429,0.53845,0.40238,-0.32361,-0.04803,
1403636981801666560,5.83740,-5.34948,-1.53467,0.18951,0.78112,-0.26496,0.53266,0.40210,-0.29876,0.02087,
1403636981901666304,5.87479,-5.37519,-1.52682,0.19030,0.78513,-0.26737,0.52524,0.44279,-0.28789,0.10447,
1403636982001666560,5.92236,-5.40548,-1.51722,0.18698,0.79001,-0.27212,0.51660,0.48940,-0.29187,0.08422,
1403636982101666560,5.97155,-5.43489,-1.51087,0.18220,0.79415,-0.27712,0.50924,0.54647,-0.31332,0.05158,
1403636982201666560,6.03080,-5.46839,-1.50910,0.17753,0.79527,-0.28136,0.50681,0.60665,-0.33269,0.00718,
1403636982301666560,6.09318,-5.50538,-1.51075,0.17160,0.79223,-0.28577,0.51114,0.65902,-0.38385,-0.03283,
1403636982401666304,6.16171,-5.54769,-1.51495,0.17009,0.78565,-0.28645,0.52132,0.70016,-0.44372,-0.04034,
1403636982501666560,6.23189,-5.59637,-1.51651,0.17095,0.77677,-0.28450,0.53522,0.71232,-0.49858,0.02961,
1403636982601666560,6.30327,-5.64858,-1.51132,0.17385,0.77263,-0.28070,0.54224,0.71720,-0.54064,0.07458,
1403636982701666560,6.37599,-5.70450,-1.50314,0.17118,0.77333,-0.28041,0.54225,0.69562,-0.55863,0.07622,
1403636982801666560,6.44675,-5.76133,-1.49482,0.17100,0.77741,-0.27828,0.53754,0.67779,-0.57401,0.06442,
1403636982901666304,6.51497,-5.81873,-1.48945,0.17270,0.78083,-0.27625,0.53308,0.67695,-0.59249,0.00894,
1403636983001666560,6.58446,-5.87795,-1.48973,0.17550,0.78043,-0.27378,0.53401,0.69322,-0.60522,-0.04673,
1403636983101666560,6.65457,-5.93915,-1.49581,0.17847,0.77681,-0.27128,0.53956,0.69657,-0.61055,-0.10665,
1403636983201666560,6.72534,-5.99990,-1.50696,0.18324,0.77503,-0.26803,0.54214,0.68855,-0.60433,-0.16338,
1403636983301666560,6.79695,-6.06132,-1.52250,0.18735,0.77383,-0.26569,0.54360,0.68678,-0.59023,-0.19495,
1403636983401666304,6.86441,-6.12146,-1.54376,0.18980,0.77298,-0.26455,0.54452,0.67349,-0.57436,-0.23300,
1403636983501666560,6.93560,-6.18010,-1.56308,0.18981,0.77282,-0.26568,0.54419,0.66909,-0.54447,-0.19066,
1403636983601666560,7.00332,-6.23453,-1.57713,0.19079,0.77486,-0.26657,0.54049,0.65927,-0.51005,-0.12729,
1403636983701666560,7.07295,-6.28586,-1.58356,0.19047,0.77838,-0.26872,0.53444,0.68171,-0.50087,-0.02574,
1403636983801666560,7.14274,-6.33407,-1.58097,0.19170,0.78113,-0.26977,0.52945,0.69750,-0.48310,0.05864,
1403636983901666304,7.21437,-6.38005,-1.57078,0.19179,0.78335,-0.27152,0.52522,0.71910,-0.45632,0.11151,
1403636984001666560,7.28932,-6.42720,-1.55692,0.19136,0.78433,-0.27402,0.52261,0.75807,-0.45737,0.16796,
1403636984101666560,7.37106,-6.47624,-1.53898,0.19140,0.78502,-0.27618,0.52041,0.79385,-0.46718,0.15135,
1403636984201666560,7.45267,-6.52474,-1.52580,0.19385,0.78241,-0.27627,0.52338,0.81957,-0.46151,0.09747,
1403636984301666560,7.54367,-6.57700,-1.51900,0.19681,0.77826,-0.27590,0.52864,0.85745,-0.45796,0.01756,
1403636984401666304,7.63568,-6.62643,-1.52087,0.19820,0.77539,-0.27636,0.53209,0.88039,-0.44984,-0.06045,
1403636984501666560,7.72918,-6.67754,-1.52999,0.20029,0.77301,-0.27577,0.53506,0.89013,-0.43315,-0.12683,
1403636984601666560,7.82242,-6.72412,-1.54245,0.20106,0.77221,-0.27532,0.53617,0.90649,-0.41533,-0.11056,
1403636984701666560,7.91541,-6.76868,-1.55041,0.20144,0.77199,-0.27434,0.53683,0.89635,-0.38176,-0.05051,
1403636984801666560,8.00760,-6.80822,-1.55249,0.19851,0.77070,-0.27556,0.53915,0.90124,-0.36210,-0.00602,
1403636984901666304,8.10196,-6.84850,-1.55077,0.19312,0.76979,-0.27861,0.54083,0.87267,-0.33827,0.02755,
1403636985001666560,8.19379,-6.88598,-1.54328,0.19158,0.76911,-0.27939,0.54195,0.84920,-0.32085,0.07474,
1403636985101666560,8.28292,-6.92217,-1.53305,0.19279,0.76968,-0.27877,0.54102,0.84270,-0.32146,0.05554,
1403636985201666560,8.37301,-6.95619,-1.53078,0.19546,0.77090,-0.27738,0.53904,0.83604,-0.29945,-0.06228,
1403636985301666560,8.45968,-6.98761,-1.54278,0.19784,0.77077,-0.27639,0.53886,0.84402,-0.28365,-0.17986,
1403636985401666304,8.55603,-7.02098,-1.55647,0.19731,0.77233,-0.27290,0.53862,0.87010,-0.26085,-0.15549,
1403636985501666560,8.64035,-7.04756,-1.56910,0.19480,0.77628,-0.26332,0.53861,0.87512,-0.23211,-0.07540,
1403636985601666560,8.73678,-7.07636,-1.57080,0.19198,0.77865,-0.25399,0.54069,0.88901,-0.21059,-0.00119,
1403636985701666560,8.83221,-7.09996,-1.56532,0.19209,0.78012,-0.24527,0.54254,0.89889,-0.17548,0.07705,
1403636985801666560,8.92615,-7.11813,-1.55391,0.19165,0.77928,-0.23870,0.54682,0.90120,-0.12427,0.11939,
1403636985901666304,9.01710,-7.12903,-1.53820,0.19321,0.77006,-0.23202,0.56200,0.90272,-0.07569,0.11264,
1403636986001666560,9.10567,-7.13416,-1.52903,0.19579,0.75933,-0.22590,0.57797,0.84653,-0.00756,0.01868,
1403636986101666560,9.18861,-7.13022,-1.53072,0.19622,0.75900,-0.22367,0.57912,0.79652,0.07876,-0.08115,
1403636986201666560,9.26653,-7.11805,-1.54116,0.19154,0.76725,-0.22667,0.56856,0.74171,0.15744,-0.13346,
1403636986301666560,9.33917,-7.09991,-1.55742,0.18751,0.77667,-0.22973,0.55574,0.72276,0.21368,-0.15817,
1403636986401666304,9.41203,-7.07608,-1.57483,0.18339,0.78145,-0.23251,0.54921,0.71901,0.26099,-0.17649,
1403636986501666560,9.48456,-7.04755,-1.59257,0.17587,0.78245,-0.23759,0.54809,0.72724,0.28490,-0.14757,
1403636986601666560,9.55623,-7.01588,-1.60279,0.16903,0.78148,-0.24195,0.54971,0.70158,0.31149,-0.04956,
1403636986701666560,9.62701,-6.98454,-1.60359,0.16402,0.78081,-0.24528,0.55070,0.68799,0.31182,0.03237,
1403636986801666560,9.69570,-6.95530,-1.59498,0.15846,0.77963,-0.24883,0.55240,0.67145,0.29314,0.12677,
1403636986901666304,9.76127,-6.92781,-1.57760,0.15739,0.77833,-0.24988,0.55407,0.63898,0.26897,0.21802,
1403636987001666560,9.82363,-6.90338,-1.55225,0.16002,0.77772,-0.24855,0.55476,0.60746,0.24247,0.29164,
1403636987101666560,9.88308,-6.87835,-1.52049,0.16569,0.77739,-0.24625,0.55459,0.57674,0.25163,0.30153,
1403636987201666560,9.93912,-6.85469,-1.49273,0.16856,0.77622,-0.24606,0.55545,0.54731,0.24704,0.24775,
1403636987301666560,9.99403,-6.82992,-1.47084,0.16997,0.77449,-0.24703,0.55700,0.52658,0.25248,0.17190,
1403636987401666304,10.04642,-6.80303,-1.45575,0.16970,0.77316,-0.24633,0.55924,0.50835,0.27202,0.11599,
1403636987501666560,10.09622,-6.77532,-1.44442,0.17092,0.77135,-0.24083,0.56375,0.47924,0.28863,0.07649,
1403636987601666560,10.14330,-6.74436,-1.43699,0.17358,0.76918,-0.23492,0.56837,0.43977,0.31966,0.04062,
1403636987701666560,10.18609,-6.71061,-1.43354,0.17358,0.76840,-0.23159,0.57078,0.39173,0.35770,0.02128,
1403636987801666560,10.22553,-6.67355,-1.42752,0.17090,0.76863,-0.22995,0.57195,0.34823,0.39101,0.07821,
1403636987901666304,10.25968,-6.63323,-1.41392,0.16575,0.76948,-0.23091,0.57193,0.29712,0.41977,0.14197,
1403636988001666560,10.28780,-6.58990,-1.39518,0.15670,0.77169,-0.23527,0.56973,0.25368,0.43253,0.17032,
1403636988101666560,10.31112,-6.54600,-1.37901,0.14773,0.77421,-0.24117,0.56623,0.21073,0.42580,0.12009,
1403636988201666560,10.33083,-6.50343,-1.36729,0.14189,0.77506,-0.24577,0.56458,0.17056,0.39779,0.07673,
1403636988301666560,10.34545,-6.46455,-1.35880,0.13899,0.77130,-0.24865,0.56916,0.12546,0.36260,0.07689,
1403636988401666304,10.35479,-6.43023,-1.34890,0.14013,0.76479,-0.24856,0.57764,0.05344,0.32541,0.12818,
1403636988501666560,10.35533,-6.39817,-1.33094,0.14353,0.76062,-0.24625,0.58328,-0.05383,0.31331,0.20269,
1403636988601666560,10.34600,-6.36629,-1.30792,0.14413,0.75835,-0.24551,0.58639,-0.16222,0.30301,0.24101,
1403636988701666560,10.32948,-6.33551,-1.28434,0.14392,0.75729,-0.24569,0.58774,-0.23700,0.29101,0.21262,
1403636988801666560,10.30358,-6.30601,-1.26596,0.14521,0.75561,-0.24465,0.59002,-0.32035,0.28042,0.16115,
1403636988901666304,10.27035,-6.27761,-1.25409,0.14481,0.75303,-0.24487,0.59330,-0.40822,0.27184,0.11211,
1403636989001666560,10.22502,-6.25036,-1.24656,0.14404,0.75043,-0.24562,0.59647,-0.51872,0.26427,0.04255,
1403636989101666560,10.17057,-6.22296,-1.24395,0.14370,0.74860,-0.24662,0.59843,-0.62486,0.25352,0.01985,
1403636989201666560,10.10321,-6.19699,-1.24357,0.14376,0.74862,-0.24747,0.59805,-0.73916,0.24893,0.01641,
1403636989301666560,10.02540,-6.17218,-1.24118,0.14955,0.75492,-0.24533,0.58953,-0.81806,0.22174,0.05928,
1403636989401666304,9.94205,-6.14761,-1.23204,0.15612,0.76483,-0.24294,0.57589,-0.88326,0.21481,0.13912,
1403636989501666560,9.85239,-6.12384,-1.21554,0.15782,0.77256,-0.24314,0.56491,-0.92011,0.22073,0.20963,
1403636989601666560,9.76033,-6.09972,-1.19290,0.16068,0.77641,-0.24209,0.55925,-0.91983,0.21707,0.24412,
1403636989701666560,9.66670,-6.07542,-1.17296,0.16514,0.77952,-0.23927,0.55482,-0.91680,0.22277,0.19305,
1403636989801666560,9.57326,-6.04899,-1.15946,0.16699,0.78089,-0.23820,0.55281,-0.90886,0.24359,0.12393,
1403636989901666304,9.48266,-6.02376,-1.14992,0.16652,0.77934,-0.23827,0.55509,-0.90007,0.24681,0.08240,
1403636990001666560,9.38888,-5.99545,-1.14541,0.16651,0.77449,-0.23807,0.56192,-0.90437,0.27053,0.05533,
1403636990101666560,9.29787,-5.96777,-1.13643,0.16771,0.77050,-0.23707,0.56745,-0.91736,0.28930,0.10693,
1403636990201666560,9.20018,-5.93571,-1.12240,0.16911,0.77022,-0.23577,0.56796,-0.94489,0.31183,0.16599,
1403636990301666560,9.10553,-5.90385,-1.10254,0.16938,0.77372,-0.23454,0.56361,-0.97277,0.33755,0.23772,
1403636990401666304,9.00367,-5.86608,-1.07640,0.16942,0.77711,-0.23315,0.55950,-0.96975,0.36205,0.25475,
1403636990501666560,8.90695,-5.82947,-1.05450,0.16607,0.77998,-0.23341,0.55639,-0.96057,0.38049,0.19991,
1403636990601666560,8.80751,-5.79051,-1.03846,0.16456,0.78166,-0.23274,0.55476,-0.95916,0.38526,0.13860,
1403636990701666560,8.71332,-5.75176,-1.02931,0.16376,0.78391,-0.23154,0.55232,-0.94423,0.38848,0.06551,
1403636990801666560,8.61828,-5.71166,-1.02738,0.16380,0.78516,-0.23015,0.55111,-0.93287,0.40562,-0.00540,
1403636990901666304,8.52625,-5.67176,-1.03083,0.16284,0.78553,-0.22969,0.55106,-0.90938,0.41329,-0.06800,
1403636991001666560,8.43473,-5.63258,-1.03946,0.16335,0.78559,-0.22885,0.55117,-0.88749,0.41017,-0.09926,
1403636991101666560,8.34574,-5.59350,-1.05070,0.16417,0.78515,-0.22844,0.55172,-0.87055,0.40897,-0.14237,
1403636991201666560,8.25857,-5.55317,-1.06344,0.16534,0.78522,-0.22855,0.55123,-0.85269,0.41512,-0.09603,
1403636991301666560,8.17301,-5.51012,-1.07020,0.16517,0.78558,-0.22940,0.55042,-0.86861,0.44485,-0.04576,
1403636991401666304,8.09239,-5.46740,-1.06902,0.16522,0.78608,-0.23078,0.54912,-0.84194,0.44659,0.06108,
1403636991501666560,8.01337,-5.42419,-1.05891,0.16646,0.78631,-0.23174,0.54800,-0.79682,0.43707,0.17076,
1403636991601666560,7.93952,-5.38406,-1.03921,0.16441,0.78552,-0.23518,0.54829,-0.75813,0.42416,0.24190,
1403636991701666560,7.86296,-5.34043,-1.01413,0.15844,0.78390,-0.24218,0.54931,-0.73932,0.41929,0.30299,
1403636991801666560,7.79058,-5.29999,-0.98578,0.15374,0.78229,-0.24864,0.55006,-0.72209,0.38821,0.33678,
1403636991901666304,7.71074,-5.25838,-0.95526,0.15112,0.78140,-0.25369,0.54974,-0.73198,0.35419,0.29330,
1403636992001666560,7.63730,-5.22330,-0.93494,0.15391,0.78109,-0.25485,0.54887,-0.72732,0.31927,0.22104,
1403636992101666560,7.56112,-5.19132,-0.91798,0.16331,0.77971,-0.25095,0.54992,-0.72757,0.29020,0.16113,
1403636992201666560,7.48458,-5.16207,-0.91250,0.17016,0.77672,-0.24814,0.55333,-0.73178,0.28717,0.09227,
1403636992301666560,7.41274,-5.13613,-0.90746,0.17356,0.77568,-0.24752,0.55401,-0.72989,0.28828,0.04742,
1403636992401666304,7.34161,-5.10821,-0.91084,0.17523,0.77771,-0.24866,0.55012,-0.71936,0.29441,0.00486,
1403636992501666560,7.27216,-5.07961,-0.90912,0.17572,0.78061,-0.25070,0.54491,-0.70926,0.30235,0.06747,
1403636992601666560,7.20433,-5.04849,-0.90220,0.17765,0.78221,-0.25182,0.54145,-0.68201,0.30614,0.13944,
1403636992701666560,7.13430,-5.01612,-0.88619,0.17906,0.78265,-0.25302,0.53979,-0.65033,0.30962,0.18439,
1403636992801666560,7.07256,-4.98463,-0.86980,0.18090,0.78327,-0.25392,0.53786,-0.61242,0.30938,0.14330,
1403636992901666304,7.00811,-4.95102,-0.86271,0.18397,0.78289,-0.25379,0.53743,-0.57417,0.31622,0.08307,
1403636993001666560,6.95398,-4.91865,-0.85808,0.18587,0.78107,-0.25429,0.53918,-0.53903,0.32280,0.02822,
1403636993101666560,6.89755,-4.88407,-0.86044,0.18326,0.77705,-0.25620,0.54494,-0.50108,0.34672,0.00042,
1403636993201666560,6.84713,-4.84948,-0.85784,0.17608,0.77521,-0.25362,0.55112,-0.48502,0.36589,0.05043,
1403636993301666560,6.79630,-4.81482,-0.84875,0.16752,0.77661,-0.24503,0.55568,-0.46545,0.36821,0.11980,
1403636993401666304,6.74584,-4.77824,-0.83391,0.15746,0.77947,-0.23182,0.56027,-0.47834,0.37897,0.20374,
1403636993501666560,6.69537,-4.73958,-0.81174,0.14569,0.78364,-0.21600,0.56394,-0.50098,0.39064,0.25473,
1403636993601666560,6.64387,-4.69982,-0.78429,0.13436,0.78837,-0.19892,0.56643,-0.51426,0.39896,0.27522,
1403636993701666560,6.59201,-4.66013,-0.75745,0.12431,0.79325,-0.18577,0.56638,-0.52452,0.39183,0.24651,
1403636993801666560,6.54069,-4.62073,-0.73737,0.11792,0.79677,-0.17605,0.56592,-0.52176,0.38270,0.17928,
1403636993901666304,6.48951,-4.58155,-0.72305,0.11548,0.79890,-0.16756,0.56599,-0.52506,0.38503,0.11879,
1403636994001666560,6.43863,-4.54320,-0.71322,0.11352,0.79694,-0.16230,0.57067,-0.51734,0.38838,0.07044,
1403636994101666560,6.38606,-4.50380,-0.70678,0.11564,0.79229,-0.15716,0.57811,-0.53300,0.40268,0.03474,
1403636994201666560,6.33100,-4.46309,-0.70498,0.11694,0.78731,-0.15397,0.58546,-0.55595,0.42778,-0.00981,
1403636994301666560,6.27406,-4.42017,-0.70724,0.11768,0.78281,-0.15261,0.59166,-0.59056,0.45478,-0.04375,
1403636994401666304,6.21160,-4.37532,-0.71435,0.11882,0.78024,-0.15169,0.59507,-0.65001,0.48917,-0.07951,
1403636994501666560,6.14493,-4.32561,-0.72063,0.11899,0.78093,-0.15227,0.59398,-0.70605,0.52901,-0.05554,
1403636994601666560,6.07181,-4.27160,-0.72315,0.11471,0.78404,-0.15589,0.58976,-0.74280,0.55231,0.01493,
1403636994701666560,5.99448,-4.21425,-0.71915,0.10782,0.78938,-0.16184,0.58229,-0.79130,0.57873,0.07062,
1403636994801666560,5.91558,-4.15714,-0.70781,0.09819,0.79471,-0.16977,0.57443,-0.80214,0.57424,0.12306,
1403636994901666304,5.83521,-4.10137,-0.69355,0.09103,0.79652,-0.17589,0.57125,-0.81556,0.54177,0.10264,
1403636995001666560,5.75328,-4.04961,-0.68390,0.09106,0.79481,-0.17675,0.57337,-0.82826,0.50144,0.05659,
1403636995101666560,5.67076,-4.00162,-0.67998,0.09820,0.79178,-0.17149,0.57796,-0.83737,0.48292,0.03045,
1403636995201666560,5.58617,-3.95447,-0.67648,0.10436,0.78919,-0.16628,0.58193,-0.85251,0.47482,0.07321,
1403636995301666560,5.49987,-3.90899,-0.66606,0.10771,0.78785,-0.16252,0.58419,-0.89383,0.48258,0.15662,
1403636995401666304,5.40858,-3.86167,-0.64867,0.10951,0.79031,-0.15939,0.58138,-0.91614,0.49453,0.21459,
1403636995501666560,5.31534,-3.81370,-0.62503,0.10844,0.79503,-0.15884,0.57527,-0.94986,0.51286,0.28186,
1403636995601666560,5.21871,-3.76443,-0.59436,0.10749,0.79681,-0.15866,0.57303,-0.95545,0.50922,0.31965,
1403636995701666560,5.12498,-3.71652,-0.56485,0.10514,0.79685,-0.16027,0.57297,-0.95763,0.52276,0.27490,
1403636995801666560,5.03022,-3.66648,-0.54040,0.10049,0.79682,-0.16398,0.57279,-0.96210,0.50910,0.19586,
1403636995901666304,4.93741,-3.62017,-0.52436,0.09310,0.79789,-0.16968,0.57089,-0.95943,0.47788,0.13760,
1403636996001666560,4.84107,-3.57523,-0.51265,0.08952,0.79893,-0.17298,0.56901,-0.96451,0.44412,0.08041,
1403636996101666560,4.74724,-3.53490,-0.50672,0.09464,0.80084,-0.16990,0.56642,-0.95661,0.39910,0.04795,
1403636996201666560,4.65161,-3.49719,-0.49998,0.09997,0.80208,-0.16637,0.56479,-0.95509,0.37664,0.08323,
1403636996301666560,4.56193,-3.46275,-0.48828,0.10383,0.80287,-0.16288,0.56400,-0.91912,0.36457,0.17163,
1403636996401666304,4.47245,-3.42915,-0.46607,0.10152,0.80399,-0.15830,0.56412,-0.87906,0.35588,0.26710,
1403636996501666560,4.38669,-3.39601,-0.43800,0.09720,0.80588,-0.14902,0.56472,-0.86220,0.36344,0.31286,
1403636996601666560,4.30154,-3.36301,-0.40440,0.09021,0.80866,-0.13611,0.56516,-0.84253,0.36716,0.35948,
1403636996701666560,4.22110,-3.33157,-0.37373,0.08013,0.81207,-0.11997,0.56544,-0.83060,0.36623,0.23349,
1403636996801666560,4.13896,-3.29650,-0.35710,0.06753,0.81548,-0.10208,0.56570,-0.81313,0.37038,0.07882,
1403636996901666304,4.05343,-3.25955,-0.35296,0.05197,0.81836,-0.08383,0.56618,-0.80052,0.37068,-0.00055,
1403636997001666560,3.97154,-3.22346,-0.35475,0.03669,0.82071,-0.06419,0.56653,-0.77372,0.36192,-0.05816,
1403636997101666560,3.89374,-3.18955,-0.36177,0.02322,0.82270,-0.04620,0.56613,-0.75293,0.34061,-0.10421,
1403636997201666560,3.82098,-3.15799,-0.37371,0.01314,0.82416,-0.03323,0.56523,-0.71922,0.31835,-0.14666,
1403636997301666560,3.75472,-3.12897,-0.38930,0.00730,0.82500,-0.02337,0.56460,-0.68860,0.29118,-0.14931,
1403636997401666304,3.69061,-3.10132,-0.40004,0.00446,0.82575,-0.01718,0.56375,-0.64747,0.27609,-0.05693,
1403636997501666560,3.63353,-3.07594,-0.40354,0.00346,0.82545,-0.01431,0.56428,-0.59055,0.25893,0.01560,
1403636997601666560,3.57895,-3.04996,-0.39870,0.00331,0.82619,-0.01410,0.56321,-0.54970,0.25060,0.09841,
1403636997701666560,3.52653,-3.02585,-0.38446,0.00496,0.82657,-0.01430,0.56263,-0.49613,0.24306,0.16348,
1403636997801666560,3.48092,-3.00054,-0.36393,0.00799,0.82767,-0.01516,0.56096,-0.43525,0.24931,0.24210,
1403636997901666304,3.44012,-2.97782,-0.33510,0.01001,0.82786,-0.01672,0.56059,-0.38783,0.24330,0.29136,
1403636998001666560,3.40445,-2.95601,-0.29947,0.01103,0.82779,-0.01892,0.56061,-0.34499,0.22994,0.37482,
1403636998101666560,3.37622,-2.93587,-0.25825,0.01185,0.82802,-0.02101,0.56018,-0.30411,0.23204,0.40071,
1403636998201666560,3.35404,-2.91609,-0.21837,0.01091,0.82669,-0.02410,0.56203,-0.26359,0.23002,0.34929,
1403636998301666560,3.33173,-2.89518,-0.18562,0.01198,0.82717,-0.02552,0.56124,-0.22667,0.21719,0.29280,
1403636998401666304,3.31230,-2.87534,-0.15760,0.01175,0.82681,-0.02704,0.56170,-0.18094,0.21265,0.22901,
1403636998501666560,3.29664,-2.85608,-0.13405,0.01118,0.82653,-0.02899,0.56203,-0.14588,0.19930,0.25820,
1403636998601666560,3.28370,-2.83802,-0.10465,0.01279,0.82330,-0.02874,0.56674,-0.13622,0.18570,0.31228,
1403636998701666560,3.27317,-2.82170,-0.06746,0.01613,0.81513,-0.02714,0.57842,-0.13280,0.18467,0.38072,
1403636998801666560,3.25950,-2.80724,-0.02361,0.01911,0.81000,-0.02590,0.58554,-0.15783,0.17421,0.40016,
1403636998901666304,3.24720,-2.79193,0.01744,0.02458,0.80852,-0.02250,0.58753,-0.17953,0.18498,0.34207,
1403636999001666560,3.23106,-2.77399,0.05066,0.02826,0.80893,-0.02068,0.58685,-0.19928,0.21105,0.28199,
1403636999101666560,3.21170,-2.75203,0.07651,0.03111,0.80917,-0.01921,0.58644,-0.21801,0.24190,0.22116,
1403636999201666560,3.19109,-2.72712,0.09670,0.03265,0.81086,-0.01891,0.58402,-0.22580,0.27069,0.15436,
1403636999301666560,3.17089,-2.70004,0.11247,0.03132,0.81261,-0.02028,0.58161,-0.22716,0.30003,0.10234,
1403636999401666304,3.14637,-2.66930,0.12165,0.02661,0.81315,-0.02401,0.58094,-0.22684,0.32524,0.06325,
1403636999501666560,3.12263,-2.63733,0.12596,0.02372,0.81281,-0.02629,0.58145,-0.23069,0.33117,0.02898,
1403636999601666560,3.10126,-2.60654,0.12485,0.02206,0.81067,-0.02782,0.58442,-0.24090,0.33685,-0.00732,
1403636999701666560,3.07361,-2.57247,0.12266,0.02156,0.80877,-0.02883,0.58702,-0.26842,0.34637,-0.05281,
1403636999801666560,3.04347,-2.53901,0.11709,0.02157,0.80835,-0.02969,0.58756,-0.30069,0.34089,-0.07389,
1403636999901666304,3.01142,-2.50681,0.10980,0.02318,0.80858,-0.02888,0.58723,-0.33193,0.34506,-0.10350,
1403637000001666560,2.97587,-2.47145,0.10314,0.02734,0.80850,-0.02639,0.58727,-0.37273,0.35676,-0.05452,
1403637000101666560,2.93734,-2.43398,0.10121,0.02959,0.80948,-0.02464,0.58588,-0.41296,0.37544,-0.00007,
1403637000201666560,2.89644,-2.39457,0.10772,0.02867,0.81115,-0.02481,0.58360,-0.43222,0.39700,0.06619,
1403637000301666560,2.85667,-2.35364,0.12017,0.02743,0.81269,-0.02558,0.58148,-0.42329,0.41613,0.06565,
1403637000401666304,2.81517,-2.31061,0.12688,0.02527,0.81207,-0.02705,0.58238,-0.43896,0.41328,0.03164,
1403637000501666560,2.77295,-2.26763,0.13043,0.02729,0.81211,-0.02565,0.58230,-0.44518,0.42800,-0.00293,
1403637000601666560,2.72791,-2.22257,0.13147,0.02795,0.81223,-0.02526,0.58212,-0.46429,0.45504,0.02285,
1403637000701666560,2.68187,-2.17558,0.13899,0.02584,0.81132,-0.02686,0.58342,-0.46629,0.46817,0.09215,
1403637000801666560,2.63734,-2.12893,0.15496,0.02579,0.81071,-0.02744,0.58423,-0.46592,0.48049,0.17941,
1403637000901666304,2.59002,-2.08089,0.17128,0.02522,0.81076,-0.02846,0.58414,-0.47568,0.48901,0.14139,
1403637001001666560,2.54111,-2.03285,0.18212,0.02543,0.81047,-0.02933,0.58449,-0.49532,0.49487,0.07924,
1403637001101666560,2.49174,-1.98196,0.18771,0.02523,0.81033,-0.03013,0.58466,-0.51023,0.50317,0.03163,
1403637001201666560,2.43874,-1.93255,0.18987,0.02425,0.80962,-0.03134,0.58561,-0.53613,0.50296,0.03186,
1403637001301666560,2.38218,-1.88336,0.19616,0.02338,0.80976,-0.03224,0.58541,-0.56748,0.50486,0.11259,
1403637001401666304,2.32317,-1.83370,0.21198,0.02107,0.81110,-0.03435,0.58352,-0.57665,0.49803,0.19506,
1403637001501666560,2.26381,-1.78435,0.23264,0.02112,0.81410,-0.03548,0.57926,-0.56983,0.48644,0.23358,
1403637001601666560,2.19972,-1.73681,0.25504,0.02144,0.81561,-0.03652,0.57705,-0.58004,0.47804,0.19883,
1403637001701666560,2.13979,-1.69123,0.26921,0.02177,0.81572,-0.03722,0.57683,-0.58171,0.46313,0.14301,
1403637001801666560,2.07447,-1.64451,0.28131,0.02115,0.81485,-0.03864,0.57800,-0.58980,0.46495,0.07567,
1403637001901666304,2.01505,-1.59986,0.28344,0.02217,0.81638,-0.03858,0.57580,-0.58710,0.45238,0.01946,
1403637002001666560,1.95363,-1.55527,0.28258,0.02273,0.81728,-0.03853,0.57451,-0.58167,0.45602,-0.02652,
1403637002101666560,1.89641,-1.51335,0.27668,0.02314,0.81792,-0.03876,0.57355,-0.57282,0.44805,-0.06025,
1403637002201666560,1.83830,-1.47016,0.26771,0.02292,0.81810,-0.03887,0.57330,-0.56753,0.44668,-0.10517,
1403637002301666560,1.78218,-1.42986,0.25516,0.02428,0.81812,-0.03804,0.57328,-0.56045,0.43489,-0.10524,
1403637002401666304,1.72446,-1.39073,0.24654,0.02615,0.81863,-0.03631,0.57258,-0.54520,0.43295,-0.04394,
1403637002501666560,1.67089,-1.35099,0.24457,0.02769,0.81810,-0.03506,0.57334,-0.51635,0.43625,0.03674,
1403637002601666560,1.61529,-1.30965,0.25236,0.03033,0.81776,-0.03297,0.57381,-0.51271,0.44098,0.13138,
1403637002701666560,1.56081,-1.26556,0.26634,0.03162,0.81805,-0.03295,0.57333,-0.52024,0.44774,0.16549,
1403637002801666560,1.50712,-1.22062,0.27964,0.03181,0.81781,-0.03391,0.57361,-0.50984,0.45943,0.12673,
1403637002901666304,1.45230,-1.17678,0.28663,0.02869,0.81723,-0.03719,0.57440,-0.50994,0.46604,0.05427,
1403637003001666560,1.39895,-1.12964,0.28696,0.02842,0.81743,-0.03882,0.57402,-0.50193,0.47086,-0.01448,
1403637003101666560,1.34853,-1.08468,0.28211,0.02831,0.81774,-0.04060,0.57346,-0.48968,0.46992,-0.06412,
1403637003201666560,1.29549,-1.03936,0.27196,0.02902,0.81724,-0.04165,0.57406,-0.48974,0.45972,-0.11083,
1403637003301666560,1.24778,-0.99460,0.26063,0.02900,0.81614,-0.04319,0.57551,-0.48139,0.46363,-0.09226,
1403637003401666304,1.19761,-0.94884,0.25333,0.02888,0.81480,-0.04426,0.57732,-0.46945,0.45897,-0.02818,
1403637003501666560,1.14722,-0.90508,0.25296,0.02830,0.81350,-0.04580,0.57907,-0.46617,0.45144,0.06016,
1403637003601666560,1.09868,-0.86164,0.26173,0.02769,0.81376,-0.04711,0.57863,-0.47373,0.44835,0.13032,
1403637003701666560,1.04758,-0.81843,0.27535,0.02754,0.81394,-0.04790,0.57831,-0.48189,0.44095,0.13990,
1403637003801666560,0.99184,-0.77449,0.28555,0.02595,0.81438,-0.04818,0.57774,-0.49894,0.43301,0.07692,
1403637003901666304,0.94397,-0.73288,0.29200,0.02733,0.81626,-0.04605,0.57519,-0.48533,0.41877,0.03135,
1403637004001666560,0.88167,-0.69091,0.28874,0.02775,0.81887,-0.04312,0.57169,-0.49387,0.41133,-0.04850,
1403637004101666560,0.83709,-0.65214,0.28122,0.02842,0.82102,-0.04084,0.56872,-0.47340,0.40765,-0.10017,
1403637004201666560,0.78678,-0.61146,0.26882,0.02873,0.82226,-0.03885,0.56706,-0.45084,0.40937,-0.10427,
1403637004301666560,0.74404,-0.57223,0.26188,0.02646,0.82239,-0.03848,0.56700,-0.40604,0.41040,-0.00512,
1403637004401666304,0.69937,-0.53468,0.26456,0.02398,0.82126,-0.04003,0.56864,-0.37365,0.39364,0.06356,
1403637004501666560,0.65979,-0.49411,0.27853,0.02399,0.81692,-0.04152,0.57476,-0.35401,0.38635,0.20119,
1403637004601666560,0.61664,-0.45600,0.30354,0.02354,0.81448,-0.04438,0.57802,-0.40178,0.38045,0.28952,
1403637004701666560,0.57820,-0.41938,0.33152,0.01534,0.81386,-0.05346,0.57839,-0.40087,0.35949,0.26521,
1403637004801666560,0.53380,-0.38333,0.35102,0.00874,0.81333,-0.06126,0.57851,-0.39975,0.32543,0.14230,
1403637004901666304,0.49405,-0.35209,0.35645,0.00731,0.81604,-0.06515,0.57426,-0.40167,0.27762,-0.02846,
1403637005001666560,0.45347,-0.32572,0.34725,0.01088,0.82026,-0.06500,0.56819,-0.38308,0.22699,-0.13666,
1403637005101666560,0.41593,-0.30516,0.33096,0.01905,0.82022,-0.06105,0.56847,-0.35771,0.18502,-0.15733,
1403637005201666560,0.37972,-0.28456,0.31386,0.02627,0.81912,-0.05730,0.57015,-0.33660,0.17033,-0.19020,
1403637005301666560,0.34732,-0.26996,0.29165,0.02983,0.82105,-0.05492,0.56743,-0.32326,0.15888,-0.23253,
1403637005401666304,0.31259,-0.25373,0.26812,0.03070,0.82202,-0.05319,0.56613,-0.30304,0.15447,-0.22539,
1403637005501666560,0.27862,-0.23693,0.24590,0.03213,0.81901,-0.04941,0.57074,-0.28887,0.16235,-0.21178,
1403637005601666560,0.24984,-0.21956,0.22962,0.03009,0.81817,-0.04823,0.57215,-0.28280,0.17511,-0.12206,
1403637005701666560,0.21738,-0.20190,0.22305,0.02348,0.82233,-0.05042,0.56629,-0.26851,0.17335,-0.01429,
1403637005801666560,0.19367,-0.18729,0.22880,0.02026,0.82396,-0.05128,0.56396,-0.24024,0.14826,0.10260,
1403637005901666304,0.17329,-0.17393,0.24129,0.02355,0.82237,-0.04784,0.56645,-0.20899,0.13945,0.10923,
1403637006001666560,0.15395,-0.16007,0.25095,0.02611,0.81995,-0.04572,0.57001,-0.19648,0.13328,0.06511,
1403637006101666560,0.13590,-0.14746,0.25618,0.02426,0.81796,-0.04695,0.57284,-0.19213,0.13393,0.03147,
1403637006201666560,0.11669,-0.13390,0.25984,0.02327,0.81800,-0.04705,0.57281,-0.18905,0.13556,0.01684,
1403637006301666560,0.09908,-0.12096,0.26107,0.02058,0.82220,-0.04894,0.56672,-0.18174,0.12529,-0.00935,
1403637006401666304,0.08125,-0.10781,0.26101,0.01820,0.82867,-0.05025,0.55718,-0.15217,0.11707,-0.01893,
1403637006501666560,0.06793,-0.09668,0.25890,0.01206,0.83124,-0.05441,0.55311,-0.10223,0.09518,-0.03120,
1403637006601666560,0.06055,-0.08928,0.25734,0.00831,0.82675,-0.05229,0.56008,-0.05387,0.05727,-0.01954,
1403637006701666560,0.05680,-0.08406,0.25430,0.00652,0.82191,-0.04202,0.56802,-0.02598,0.04138,-0.04515,
1403637006801666560,0.05414,-0.08055,0.24841,0.00074,0.81790,-0.02799,0.57468,-0.02261,0.02980,-0.07890,
1403637006901666304,0.05217,-0.07806,0.23944,-0.01096,0.81806,-0.01200,0.57491,-0.01044,0.02854,-0.09752,
1403637007001666560,0.05000,-0.07652,0.22988,-0.02075,0.81938,0.01010,0.57278,-0.02285,0.01001,-0.08636,
1403637007101666560,0.04822,-0.07648,0.22053,-0.02860,0.81804,0.02909,0.57372,-0.01696,-0.00500,-0.09064,
1403637007201666560,0.04586,-0.07731,0.21084,-0.03513,0.81586,0.04334,0.57555,-0.01543,-0.01128,-0.08286,
1403637007301666560,0.04305,-0.07846,0.20188,-0.03645,0.81069,0.05509,0.58174,-0.03154,-0.00924,-0.08811,
1403637007401666304,0.03782,-0.07889,0.19250,-0.03739,0.80730,0.06193,0.58569,-0.06442,0.00443,-0.10969,
1403637007501666560,0.02923,-0.07791,0.18138,-0.03927,0.80869,0.06461,0.58335,-0.09272,0.01351,-0.11471,
1403637007601666560,0.01860,-0.07550,0.16889,-0.04049,0.81324,0.06506,0.57686,-0.11540,0.03283,-0.14576,
1403637007701666560,0.00647,-0.07159,0.15479,-0.04016,0.82147,0.06442,0.56517,-0.11725,0.05181,-0.13772,
1403637007801666560,-0.00404,-0.06607,0.14255,-0.03814,0.82509,0.06406,0.56005,-0.08235,0.06973,-0.09917,
1403637007901666304,-0.01147,-0.05826,0.13300,-0.04169,0.82028,0.05943,0.56733,-0.05240,0.09130,-0.07906,
1403637008001666560,-0.01835,-0.04971,0.12467,-0.04782,0.81382,0.05260,0.57675,-0.05735,0.08003,-0.06988,
1403637008101666560,-0.02655,-0.04194,0.11643,-0.04428,0.81557,0.05170,0.57464,-0.08582,0.06858,-0.09226,
1403637008201666560,-0.03569,-0.03493,0.10805,-0.03962,0.82474,0.05165,0.56175,-0.07832,0.07196,-0.06410,
1403637008301666560,-0.04215,-0.02722,0.10345,-0.03445,0.83094,0.05237,0.55282,-0.04008,0.07942,-0.02038,
1403637008401666304,-0.04462,-0.01799,0.10330,-0.03176,0.83116,0.05164,0.55273,0.01188,0.09801,0.04019,
1403637008501666560,-0.04267,-0.00669,0.10805,-0.03492,0.82379,0.04714,0.56386,0.04507,0.11213,0.06264,
1403637008601666560,-0.03809,0.00474,0.11370,-0.03761,0.81767,0.04271,0.57287,0.04433,0.11156,0.03391,
1403637008701666560,-0.03400,0.01596,0.11506,-0.04234,0.81559,0.03717,0.57588,0.03871,0.11223,-0.00755,
1403637008801666560,-0.02967,0.02451,0.11150,-0.05458,0.81921,0.02697,0.57025,0.03619,0.08209,-0.03812,
1403637008901666304,-0.02388,0.02783,0.10345,-0.06253,0.82334,0.02059,0.56372,0.06538,0.01986,-0.09262,
1403637009001666560,-0.01679,0.02575,0.09191,-0.05904,0.82369,0.02139,0.56355,0.08800,-0.05549,-0.12343,
1403637009101666560,-0.00711,0.01859,0.07763,-0.04683,0.82248,0.02842,0.56615,0.09739,-0.10193,-0.15264,
1403637009201666560,0.00325,0.00788,0.06186,-0.03490,0.82145,0.03567,0.56809,0.11546,-0.12112,-0.17201,
1403637009301666560,0.01584,-0.00358,0.04370,-0.01863,0.82138,0.04621,0.56820,0.15848,-0.10731,-0.17664,
1403637009401666304,0.02827,-0.01217,0.02944,-0.03255,0.81723,0.04750,0.57343,0.06908,-0.08100,-0.04855,
1403637009501666560,0.02932,-0.02128,0.02654,-0.04648,0.80746,0.06167,0.58484,0.04203,-0.02449,-0.06825,
1403637009601666560,0.02877,-0.02645,0.01976,-0.08885,0.78531,0.05072,0.61060,-0.10464,-0.06990,0.21984,
1403637009701666560,0.01930,-0.03340,0.01816,-0.07776,0.79107,0.03766,0.60559,-0.01416,0.03120,0.15703,
1403637009801666560,0.01762,-0.03323,0.01802,-0.07744,0.79045,0.03447,0.60663,-0.01366,0.02748,0.00520,
1403637009901666304,0.01608,-0.03306,0.01746,-0.07784,0.79039,0.03532,0.60661,-0.01976,0.02193,0.00065,
1403637010001666560,0.01492,-0.03311,0.01892,-0.07817,0.79048,0.03532,0.60646,-0.01680,0.00220,0.00259,
1403637010101666560,0.01527,-0.03325,0.01861,-0.07900,0.79066,0.03502,0.60613,-0.01292,-0.00611,0.00231,
1403637010201666560,0.01528,-0.03360,0.01865,-0.07916,0.79069,0.03490,0.60608,-0.01268,-0.00601,0.00146,
1403637010301666560,0.01528,-0.03376,0.01874,-0.07947,0.79094,0.03478,0.60572,-0.01316,-0.01077,0.00404,
1403637010401666304,0.01538,-0.03384,0.01889,-0.07935,0.79093,0.03475,0.60574,-0.01181,-0.00730,-0.00055,
1403637010501666560,0.01557,-0.03385,0.01893,-0.07929,0.79108,0.03467,0.60556,-0.01076,-0.01174,0.00293,
1403637010601666560,0.01561,-0.03382,0.01902,-0.07933,0.79116,0.03460,0.60545,-0.01237,-0.01408,0.00290,
