1403638131795097088,-0.01466,-0.02019,-0.16320,-0.07835,0.81231,0.08188,0.57211,-0.02587,-0.05707,-0.40154,
1403638131895097088,-0.01907,-0.02670,-0.21096,-0.07090,0.81283,0.08708,0.57158,-0.03022,-0.05428,-0.37478,
1403638131995096832,-0.02177,-0.02946,-0.25177,-0.06583,0.81376,0.09489,0.56960,-0.01452,-0.02339,-0.24171,
1403638132095097088,-0.02161,-0.02832,-0.26901,-0.05849,0.81795,0.11285,0.56107,0.00308,0.01201,-0.01358,
1403638132195097088,-0.02142,-0.02671,-0.25519,-0.06024,0.81756,0.12108,0.55974,0.00914,0.01490,0.30178,
1403638132295097088,-0.02183,-0.02499,-0.21295,-0.07679,0.80965,0.11477,0.57043,0.00167,0.02334,0.50416,
1403638132395097088,-0.02199,-0.02241,-0.15833,-0.09284,0.80491,0.11113,0.57546,-0.00038,0.03880,0.56174,
1403638132495096832,-0.02191,-0.02055,-0.10106,-0.11585,0.79688,0.10136,0.58419,-0.00304,0.01879,0.57090,
1403638132595097088,-0.02199,-0.01945,-0.04720,-0.13796,0.78331,0.08728,0.59981,0.00217,0.04306,0.48760,
1403638132695097088,-0.02224,-0.01280,-0.00596,-0.14771,0.78274,0.08597,0.59842,-0.01089,0.08922,0.30812,
1403638132795097088,-0.02398,-0.00342,0.02006,-0.15155,0.78758,0.08690,0.59093,-0.03538,0.09282,0.18262,
1403638132895097088,-0.02751,0.00259,0.03143,-0.15847,0.78053,0.07781,0.59967,-0.02993,0.04219,0.02344,
1403638132995096832,-0.02906,0.00307,0.02748,-0.16414,0.77372,0.07554,0.60721,0.01056,-0.02328,-0.12644,
1403638133095097088,-0.02590,-0.00350,0.01064,-0.15280,0.77577,0.08989,0.60560,0.05508,-0.12426,-0.21591,
1403638133195097088,-0.02046,-0.02383,-0.01331,-0.14346,0.77857,0.09359,0.60373,0.08022,-0.24638,-0.23277,
1403638133295097088,-0.01403,-0.05503,-0.03449,-0.12925,0.77990,0.08384,0.60665,0.07839,-0.35585,-0.24547,
1403638133395097088,-0.00804,-0.09338,-0.05726,-0.10985,0.78575,0.07574,0.60398,0.05472,-0.42446,-0.23468,
1403638133495096832,-0.00591,-0.13817,-0.07646,-0.08712,0.78980,0.05926,0.60425,0.00907,-0.47345,-0.18675,
1403638133595097088,-0.01079,-0.18280,-0.08690,-0.07842,0.79170,0.03624,0.60476,-0.04393,-0.45937,-0.16690,
1403638133695097088,-0.01772,-0.22567,-0.10211,-0.07580,0.79577,0.01872,0.60054,-0.08118,-0.41655,-0.15434,
1403638133795097088,-0.02774,-0.26684,-0.11781,-0.05631,0.79994,-0.00009,0.59744,-0.04944,-0.35129,-0.14842,
1403638133895097088,-0.04035,-0.29883,-0.13120,-0.02876,0.80405,-0.01768,0.59360,0.00834,-0.21274,-0.11993,
1403638133995096832,-0.04473,-0.30816,-0.14095,-0.01096,0.80660,-0.03555,0.58993,0.11542,0.01736,-0.03394,
1403638134095097088,-0.01962,-0.29092,-0.14953,-0.01748,0.81374,-0.02418,0.58047,0.20200,0.21065,-0.00626,
1403638134195097088,0.01589,-0.26391,-0.15514,-0.02792,0.81504,-0.00682,0.57870,0.26339,0.30629,0.04597,
1403638134295097088,0.04139,-0.22952,-0.14746,-0.03057,0.80712,-0.01764,0.58933,0.28673,0.38746,0.05280,
1403638134395097088,0.06953,-0.18617,-0.14446,-0.03841,0.80917,-0.02300,0.58587,0.26822,0.44265,0.01846,
1403638134495096832,0.09347,-0.14215,-0.14147,-0.04414,0.81047,-0.02775,0.58346,0.21187,0.43693,0.03341,
1403638134595097088,0.11059,-0.09870,-0.13789,-0.05411,0.80896,-0.03343,0.58441,0.13333,0.44526,0.03782,
1403638134695097088,0.11998,-0.05506,-0.13331,-0.05876,0.81235,-0.03196,0.57932,0.05848,0.44381,0.04982,
1403638134795097088,0.12476,-0.01028,-0.12983,-0.05966,0.81947,-0.02630,0.56940,0.03968,0.42055,0.08614,
1403638134895097088,0.12837,0.03282,-0.12088,-0.05692,0.82213,-0.02231,0.56601,0.01102,0.35580,0.10733,
1403638134995096832,0.12969,0.06876,-0.11527,-0.05680,0.81876,-0.02441,0.57080,-0.01123,0.29768,0.02704,
1403638135095097088,0.12928,0.09649,-0.11657,-0.05136,0.82255,-0.01784,0.56609,-0.01751,0.21488,-0.04184,
1403638135195097088,0.12757,0.11421,-0.12387,-0.04845,0.82683,-0.01116,0.56025,-0.04109,0.06913,-0.09011,
1403638135295097088,0.12393,0.11639,-0.13437,-0.04439,0.82885,-0.00961,0.55762,-0.05063,-0.09798,-0.11640,
1403638135395097088,0.11932,0.10792,-0.14673,-0.04038,0.82698,-0.01307,0.56063,-0.07465,-0.19722,-0.11415,
1403638135495096832,0.11089,0.08730,-0.15853,-0.02869,0.82949,-0.01379,0.55761,-0.07455,-0.26989,-0.10654,
1403638135595097088,0.10357,0.05858,-0.16397,-0.01864,0.83440,-0.01493,0.55064,-0.05712,-0.37458,-0.01073,
1403638135695097088,0.09726,0.02199,-0.16461,-0.01290,0.83092,-0.02572,0.55564,-0.08567,-0.40989,-0.02592,
1403638135795097088,0.08548,-0.01552,-0.16727,-0.01436,0.82860,-0.04012,0.55822,-0.14037,-0.36328,-0.05128,
1403638135895097088,0.06842,-0.04955,-0.17011,-0.00232,0.83339,-0.03633,0.55148,-0.18502,-0.33070,0.00211,
1403638135995096832,0.04880,-0.08177,-0.16227,0.01137,0.83868,-0.03316,0.54350,-0.17642,-0.35420,0.14146,
1403638136095097088,0.03240,-0.12134,-0.14392,0.02048,0.83189,-0.04000,0.55312,-0.15489,-0.43419,0.18375,
1403638136195097088,0.01478,-0.16536,-0.12945,0.01814,0.82229,-0.05478,0.56614,-0.18468,-0.45470,0.07163,
1403638136295097088,-0.00421,-0.21036,-0.12793,0.02493,0.82020,-0.06048,0.56833,-0.18060,-0.41798,-0.05308,
1403638136395097088,-0.02175,-0.24655,-0.13442,0.03486,0.82241,-0.06151,0.56448,-0.15095,-0.28750,-0.09550,
1403638136495096832,-0.03421,-0.26827,-0.14046,0.04085,0.82489,-0.06361,0.56021,-0.08744,-0.09942,-0.02270,
1403638136595097088,-0.03893,-0.26934,-0.13682,0.03472,0.82567,-0.07402,0.55819,-0.01559,0.10961,0.08606,
1403638136695097088,-0.03790,-0.25353,-0.12536,0.02004,0.82388,-0.07528,0.56138,0.02245,0.27159,0.13502,
1403638136795097088,-0.03411,-0.22306,-0.11077,0.00255,0.82286,-0.07105,0.56378,0.05618,0.38659,0.14484,
1403638136895097088,-0.02720,-0.18204,-0.10132,-0.02326,0.81537,-0.07279,0.57388,0.07241,0.43874,0.04070,
1403638136995096832,-0.01984,-0.13917,-0.10525,-0.04291,0.80545,-0.07637,0.58615,0.06443,0.42996,-0.13337,
1403638137095097088,-0.01467,-0.09856,-0.12804,-0.04984,0.80542,-0.07055,0.58637,0.03675,0.37112,-0.29142,
1403638137195097088,-0.01221,-0.06480,-0.16284,-0.04641,0.81281,-0.05666,0.57790,0.00872,0.30789,-0.38040,
1403638137295097088,-0.01172,-0.03843,-0.20290,-0.04240,0.82077,-0.04190,0.56814,-0.01248,0.22673,-0.39645,
1403638137395097088,-0.01343,-0.01913,-0.24304,-0.03945,0.82596,-0.03451,0.56129,-0.02498,0.14271,-0.38990,
1403638137495096832,-0.01380,-0.00270,-0.28101,-0.02841,0.83386,-0.02580,0.55065,-0.01039,0.11021,-0.35490,
1403638137595097088,-0.01305,0.00736,-0.31440,-0.01274,0.84207,-0.01434,0.53903,0.00693,0.06768,-0.27728,
1403638137695097088,-0.01377,0.01311,-0.33935,-0.00415,0.84286,-0.01469,0.53792,-0.00550,0.03408,-0.20191,
1403638137795097088,-0.01565,0.01542,-0.35746,-0.00151,0.84230,-0.02021,0.53863,-0.01557,0.01851,-0.16409,
1403638137895097088,-0.01813,0.01748,-0.37181,0.00590,0.84787,-0.01697,0.52989,-0.01393,0.01872,-0.12258,
1403638137995096832,-0.01924,0.01977,-0.38268,0.01247,0.85590,-0.00874,0.51691,-0.00001,0.02229,-0.07343,
1403638138095097088,-0.01930,0.02142,-0.38873,0.01455,0.85594,-0.00548,0.51684,0.00775,0.00111,-0.01932,
1403638138195097088,-0.01968,0.02021,-0.38910,0.01135,0.84838,-0.01440,0.52907,-0.00106,-0.00241,-0.04047,
1403638138295097088,-0.02022,0.01973,-0.39127,0.00927,0.84478,-0.01782,0.53473,-0.00482,0.00633,0.00961,
1403638138395097088,-0.02200,0.02017,-0.39149,0.01019,0.84087,-0.01981,0.54078,-0.01575,-0.00225,-0.00985,
1403638138495096832,-0.02241,0.01994,-0.39166,0.01129,0.84063,-0.01906,0.54115,-0.00112,-0.00073,-0.00519,
1403638138595097088,-0.02253,0.02001,-0.39168,0.01124,0.84061,-0.01942,0.54118,-0.00019,-0.00363,-0.00110,
1403638138695097088,-0.02246,0.02025,-0.39187,0.01070,0.84051,-0.02019,0.54131,0.00254,-0.00677,0.00011,
1403638138795097088,-0.02253,0.02014,-0.39186,0.01091,0.84050,-0.01970,0.54135,-0.00083,-0.00515,-0.00104,
1403638138895097088,-0.02229,0.02059,-0.39195,0.00971,0.84030,-0.02079,0.54164,0.00609,0.00991,0.00331,
1403638138995096832,-0.02241,0.02051,-0.39194,0.01014,0.84032,-0.02049,0.54161,0.00013,0.01483,-0.00181,
1403638139095097088,-0.02229,0.02037,-0.39199,0.01037,0.84028,-0.02012,0.54168,0.00227,0.01269,-0.00261,
1403638139195097088,-0.02223,0.02031,-0.39206,0.01080,0.84022,-0.02004,0.54176,0.00368,0.00811,-0.00027,
1403638139295097088,-0.02227,0.02030,-0.39210,0.01105,0.84019,-0.02014,0.54181,0.00002,0.00144,0.00012,
1403638139395097088,-0.02226,0.02033,-0.39210,0.01085,0.84013,-0.02020,0.54190,0.00198,-0.00296,0.00001,
1403638139495096832,-0.02226,0.02036,-0.39213,0.01074,0.84010,-0.02031,0.54194,0.00198,-0.00301,0.00039,
1403638139595097088,-0.02222,0.02035,-0.39219,0.01077,0.84005,-0.02040,0.54201,0.00101,-0.00225,-0.00009,
1403638139695097088,-0.02226,0.02039,-0.39221,0.01086,0.84002,-0.02045,0.54206,0.00165,-0.00077,0.00006,
1403638139795097088,-0.02222,0.02036,-0.39222,0.01079,0.84001,-0.02047,0.54208,0.00062,-0.00023,-0.00090,
1403638139895097088,-0.02224,0.02032,-0.39221,0.01095,0.83996,-0.02046,0.54215,0.00115,0.00141,0.00025,
1403638139995096832,-0.02221,0.02033,-0.39224,0.01090,0.83995,-0.02037,0.54216,0.00229,0.00133,0.00021,
1403638140095097088,-0.02215,0.02033,-0.39226,0.01093,0.83992,-0.02036,0.54221,0.00131,0.00069,-0.00074,
1403638140195097088,-0.02215,0.02031,-0.39227,0.01093,0.83991,-0.02039,0.54224,0.00271,0.00001,0.00070,
1403638140295097088,-0.02214,0.02031,-0.39232,0.01097,0.83987,-0.02043,0.54229,0.00070,0.00058,-0.00072,
1403638140395097088,-0.02212,0.02030,-0.39234,0.01098,0.83985,-0.02050,0.54232,0.00156,-0.00061,-0.00071,
1403638140495096832,-0.02216,0.02029,-0.39232,0.01105,0.83987,-0.02057,0.54228,0.00032,0.00021,0.00092,
1403638140595097088,-0.02207,0.02028,-0.39234,0.01096,0.83982,-0.02045,0.54236,0.00207,0.00072,-0.00115,
1403638140695097088,-0.02214,0.02031,-0.39236,0.01112,0.83979,-0.02048,0.54241,0.00148,-0.00047,0.00052,
1403638140795097088,-0.02214,0.02028,-0.39233,0.01113,0.83977,-0.02050,0.54243,0.00047,-0.00028,-0.00035,
1403638140895097088,-0.02210,0.02031,-0.39234,0.01108,0.83976,-0.02050,0.54246,0.00194,0.00030,0.00074,
1403638140995096832,-0.02212,0.02032,-0.39235,0.01108,0.83973,-0.02046,0.54250,0.00192,-0.00009,-0.00006,
1403638141095097088,-0.02207,0.02031,-0.39237,0.01109,0.83970,-0.02046,0.54255,0.00090,-0.00001,-0.00132,
1403638141195097088,-0.02209,0.02029,-0.39240,0.01106,0.83969,-0.02050,0.54256,0.00144,-0.00019,-0.00013,
1403638141295097088,-0.02211,0.02030,-0.39239,0.01112,0.83969,-0.02051,0.54256,0.00120,0.00017,-0.00043,
1403638141395097088,-0.02217,0.02029,-0.39238,0.01110,0.83966,-0.02051,0.54261,0.00061,-0.00026,0.00050,
1403638141495096832,-0.02215,0.02032,-0.39238,0.01108,0.83966,-0.02048,0.54261,0.00131,0.00091,-0.00016,
1403638141595097088,-0.02216,0.02032,-0.39236,0.01115,0.83965,-0.02049,0.54263,0.00069,0.00061,-0.00007,
1403638141695097088,-0.02210,0.02029,-0.39240,0.01109,0.83965,-0.02043,0.54263,0.00236,0.00061,-0.00042,
1403638141795097088,-0.02211,0.02028,-0.39237,0.01109,0.83965,-0.02043,0.54263,0.00149,-0.00051,0.00037,
1403638141895097088,-0.02216,0.02029,-0.39236,0.01111,0.83963,-0.02044,0.54265,0.00073,-0.00016,0.00016,
1403638141995096832,-0.02211,0.02031,-0.39242,0.01103,0.83962,-0.02038,0.54267,0.00213,0.00858,-0.00000,
1403638142095097088,-0.02219,0.02030,-0.39237,0.01107,0.83968,-0.02042,0.54259,0.00070,0.00381,-0.00002,
1403638142195097088,-0.02221,0.02028,-0.39237,0.01118,0.83965,-0.02062,0.54262,0.00004,-0.00847,0.00031,
1403638142295097088,-0.02219,0.02019,-0.39238,0.01156,0.83967,-0.02100,0.54256,0.00072,0.00192,-0.00206,
1403638142395097088,-0.02224,0.02026,-0.39236,0.01162,0.83975,-0.02096,0.54245,0.00246,0.02109,-0.00011,
1403638142495096832,-0.02221,0.02031,-0.39236,0.01128,0.83985,-0.02079,0.54231,0.00243,0.01413,-0.00287,
1403638142595097088,-0.02232,0.02038,-0.39227,0.01083,0.83986,-0.02031,0.54232,-0.00088,0.01020,-0.00042,
1403638142695097088,-0.02233,0.02040,-0.39226,0.01100,0.83997,-0.02039,0.54214,-0.00062,-0.00090,-0.00098,
1403638142795097088,-0.02226,0.02029,-0.39231,0.01136,0.84005,-0.02069,0.54200,-0.00054,0.00013,-0.00001,
1403638142895097088,-0.02225,0.02032,-0.39230,0.01130,0.84007,-0.02057,0.54197,0.00238,-0.00001,-0.00175,
1403638142995096832,-0.02227,0.02038,-0.39230,0.01120,0.84006,-0.02021,0.54200,0.00157,0.01257,0.00217,
1403638143095097088,-0.02229,0.02037,-0.39225,0.01119,0.84010,-0.02017,0.54194,0.00056,0.01034,0.00293,
1403638143195097088,-0.02233,0.02036,-0.39223,0.01110,0.84014,-0.02023,0.54187,0.00095,0.00393,0.00049,
1403638143295097088,-0.02235,0.02033,-0.39223,0.01114,0.84015,-0.02036,0.54185,-0.00036,-0.00175,-0.00174,
1403638143395097088,-0.02236,0.02037,-0.39221,0.01127,0.84016,-0.02042,0.54183,0.00032,0.00008,0.00115,
1403638143495096832,-0.02231,0.02035,-0.39224,0.01126,0.84016,-0.02041,0.54184,0.00126,-0.00091,-0.00087,
1403638143595097088,-0.02232,0.02030,-0.39226,0.01136,0.84017,-0.02059,0.54181,0.00129,-0.00303,0.00096,
1403638143695097088,-0.02231,0.02031,-0.39225,0.01120,0.84016,-0.02058,0.54183,0.00033,-0.00274,0.00020,
1403638143795097088,-0.02232,0.02031,-0.39223,0.01114,0.84015,-0.02048,0.54185,0.00078,-0.00011,0.00087,
1403638143895097088,-0.02234,0.02036,-0.39218,0.01113,0.84015,-0.02053,0.54185,-0.00041,-0.00107,-0.00044,
1403638143995096832,-0.02233,0.02034,-0.39219,0.01112,0.84013,-0.02053,0.54188,0.00064,-0.00014,0.00032,
1403638144095097088,-0.02235,0.02034,-0.39219,0.01105,0.84018,-0.02053,0.54181,0.00087,-0.00117,0.00033,
1403638144195097088,-0.02232,0.02033,-0.39221,0.01108,0.84014,-0.02049,0.54187,0.00166,0.00120,-0.00028,
1403638144295097088,-0.02231,0.02031,-0.39220,0.01106,0.84013,-0.02042,0.54188,0.00039,0.00128,-0.00070,
1403638144395097088,-0.02233,0.02035,-0.39221,0.01108,0.84011,-0.02044,0.54191,0.00057,-0.00066,-0.00050,
1403638144495096832,-0.02230,0.02032,-0.39225,0.01109,0.84012,-0.02047,0.54191,0.00190,-0.00165,-0.00109,
1403638144595097088,-0.02232,0.02031,-0.39221,0.01104,0.84013,-0.02050,0.54189,0.00151,0.00076,0.00156,
1403638144695097088,-0.02234,0.02036,-0.39215,0.01092,0.84007,-0.02032,0.54199,-0.00129,-0.00115,-0.00032,
1403638144795097088,-0.02235,0.02037,-0.39214,0.01096,0.84011,-0.02039,0.54193,-0.00065,-0.00300,-0.00106,
1403638144895097088,-0.02234,0.02035,-0.39215,0.01102,0.84016,-0.02043,0.54185,-0.00094,-0.00163,-0.00016,
1403638144995096832,-0.02237,0.02031,-0.39215,0.01102,0.84013,-0.02042,0.54189,0.00068,-0.00116,-0.00033,
1403638145095097088,-0.02233,0.02033,-0.39218,0.01096,0.84014,-0.02044,0.54187,-0.00017,-0.00333,0.00027,
1403638145195097088,-0.02232,0.02033,-0.39218,0.01095,0.84011,-0.02039,0.54193,-0.00007,-0.00037,0.00141,
1403638145295097088,-0.02233,0.02035,-0.39213,0.01089,0.84013,-0.02034,0.54190,-0.00000,-0.00048,0.00077,
1403638145395097088,-0.02233,0.02035,-0.39213,0.01099,0.84010,-0.02037,0.54193,-0.00291,-0.00365,0.00052,
1403638145495096832,-0.02229,0.02037,-0.39213,0.01087,0.84008,-0.02029,0.54197,0.00061,0.00343,0.00045,
1403638145595097088,-0.02235,0.02033,-0.39208,0.01082,0.84009,-0.02025,0.54195,0.00143,0.00158,0.00293,
1403638145695097088,-0.02231,0.02036,-0.39211,0.01076,0.84006,-0.02020,0.54201,0.00081,0.00272,-0.00338,
1403638145795097088,-0.02231,0.02037,-0.39215,0.01082,0.84012,-0.02016,0.54191,0.00082,0.00235,0.00089,
1403638145895097088,-0.02236,0.02040,-0.39211,0.01086,0.84012,-0.02026,0.54192,-0.00058,-0.00017,-0.00033,
1403638145995096832,-0.02235,0.02038,-0.39212,0.01079,0.84013,-0.02028,0.54190,-0.00082,-0.00101,-0.00056,
1403638146095097088,-0.02238,0.02035,-0.39207,0.01077,0.84019,-0.02019,0.54181,-0.00374,-0.00156,0.00013,
1403638146195097088,-0.02233,0.02037,-0.39209,0.01080,0.84015,-0.02021,0.54187,-0.00011,0.00049,-0.00063,
1403638146295097088,-0.02237,0.02040,-0.39206,0.01095,0.84023,-0.02037,0.54174,-0.00073,-0.00086,-0.00096,
1403638146395097088,-0.02239,0.02038,-0.39206,0.01091,0.84026,-0.02032,0.54170,-0.00169,0.00007,0.00097,
1403638146495096832,-0.02236,0.02040,-0.39207,0.01085,0.84028,-0.02033,0.54166,0.00048,-0.00136,-0.00285,
1403638146595097088,-0.02241,0.02040,-0.39208,0.01092,0.84026,-0.02036,0.54169,-0.00705,-0.00064,-0.00152,
1403638146695097088,-0.02245,0.02037,-0.39202,0.01094,0.84033,-0.02041,0.54158,-0.00064,-0.00090,0.00331,
1403638146795097088,-0.02244,0.02040,-0.39209,0.01096,0.84031,-0.02047,0.54162,-0.00042,0.00213,0.00012,
1403638146895097088,-0.02243,0.02038,-0.39204,0.01111,0.84040,-0.02043,0.54147,-0.00264,0.00107,-0.00049,
1403638146995096832,-0.02249,0.02039,-0.39200,0.01106,0.84047,-0.02042,0.54136,-0.00204,-0.00077,0.00176,
1403638147095097088,-0.02249,0.02051,-0.39201,0.01072,0.84047,-0.02018,0.54137,0.00216,0.00101,0.00252,
1403638147195097088,-0.02245,0.02051,-0.39203,0.01077,0.84059,-0.02009,0.54119,-0.00370,-0.00226,0.00119,
1403638147295097088,-0.02242,0.02057,-0.39204,0.01056,0.84051,-0.02015,0.54131,-0.00422,-0.00148,-0.00170,
1403638147395097088,-0.02237,0.02058,-0.39204,0.01063,0.84041,-0.02016,0.54147,-0.00081,-0.00058,0.00055,
1403638147495096832,-0.02243,0.02043,-0.39179,0.01043,0.83993,-0.01992,0.54223,-0.00212,-0.00349,0.00660,
1403638147595097088,-0.02233,0.02042,-0.39162,0.00977,0.83949,-0.02003,0.54291,0.00561,-0.00242,0.00269,
1403638147695097088,-0.02183,0.02048,-0.39174,0.00938,0.83962,-0.01924,0.54276,0.00971,0.00223,0.00532,
1403638147795097088,-0.01987,0.02019,-0.39063,0.00979,0.83751,-0.01988,0.54597,0.03720,-0.00714,0.01935,
1403638147895097088,-0.01446,0.01923,-0.38644,0.01185,0.83055,-0.02310,0.55634,0.07346,-0.00689,0.07717,
1403638147995096832,-0.00554,0.01842,-0.37548,0.01204,0.82404,-0.02550,0.56583,0.09299,-0.00555,0.13810,
1403638148095097088,0.00584,0.01766,-0.35707,0.01241,0.81901,-0.02493,0.57310,0.11459,-0.00918,0.22180,
1403638148195097088,0.03004,0.01752,-0.33781,0.01095,0.81580,-0.02081,0.57785,0.17405,-0.00800,0.29293,
1403638148295097088,0.02891,0.01672,-0.28764,0.01090,0.81600,-0.01914,0.57763,0.09984,-0.00439,0.49482,
1403638148395097088,0.03871,0.01691,-0.23703,0.00917,0.81557,-0.01613,0.57836,0.08508,0.00247,0.46507,
1403638148495096832,0.04706,0.01711,-0.20226,0.00933,0.81923,-0.01290,0.57324,0.07678,0.01075,0.21985,
1403638148595097088,0.05590,0.01762,-0.19170,0.00949,0.82312,-0.01023,0.56770,0.07990,0.01795,-0.01680,
1403638148695097088,0.06639,0.01967,-0.19810,0.00901,0.82667,-0.00797,0.56256,0.11166,0.03238,-0.10656,
1403638148795097088,0.08022,0.02185,-0.19654,0.00764,0.82902,-0.00706,0.55912,0.13440,0.04063,-0.01480,
1403638148895097088,0.09576,0.02644,-0.19130,0.00635,0.82964,-0.00571,0.55823,0.16833,0.05082,0.08241,
1403638148995096832,0.11425,0.03143,-0.17225,0.00543,0.82768,-0.00463,0.56116,0.19455,0.06059,0.23341,
1403638149095097088,0.13494,0.03909,-0.14587,0.00473,0.82387,-0.00306,0.56675,0.22282,0.07488,0.34677,
1403638149195097088,0.15434,0.04623,-0.11643,0.00404,0.82152,-0.00252,0.57016,0.23283,0.08742,0.33854,
1403638149295097088,0.17720,0.05501,-0.08590,0.00188,0.82025,-0.00375,0.57199,0.22437,0.09261,0.29926,
1403638149395097088,0.19847,0.06343,-0.05667,0.00106,0.81888,-0.00391,0.57395,0.21608,0.09771,0.25348,
1403638149495096832,0.22035,0.07156,-0.03204,0.00141,0.81802,-0.00334,0.57518,0.21034,0.09750,0.19952,
1403638149595097088,0.24136,0.07985,-0.01352,0.00210,0.81783,-0.00186,0.57545,0.20229,0.10418,0.12801,
1403638149695097088,0.26285,0.09083,-0.00111,-0.00061,0.81783,0.00276,0.57545,0.19963,0.11664,0.08070,
1403638149795097088,0.28631,0.10375,0.00781,-0.00374,0.81779,0.00803,0.57546,0.20131,0.12716,0.02949,
1403638149895097088,0.30689,0.11466,0.01421,-0.00655,0.81758,0.01174,0.57565,0.19249,0.12330,-0.00625,
1403638149995096832,0.32951,0.12732,0.01921,-0.00683,0.81783,0.01554,0.57521,0.18774,0.12891,-0.04542,
1403638150095097088,0.34860,0.14095,0.01266,-0.00098,0.81762,0.02217,0.57533,0.18368,0.15277,-0.10660,
1403638150195097088,0.37104,0.15824,0.00396,0.00592,0.81758,0.02845,0.57508,0.18312,0.18717,-0.15668,
1403638150295097088,0.39209,0.17964,-0.01128,0.00918,0.81855,0.03112,0.57351,0.18364,0.24349,-0.21543,
1403638150395097088,0.41266,0.20624,-0.02971,0.00619,0.82281,0.03057,0.56746,0.17977,0.30898,-0.22180,
1403638150495096832,0.43434,0.23859,-0.04377,-0.00496,0.82852,0.03081,0.55909,0.19761,0.36448,-0.13720,
1403638150595097088,0.45942,0.27526,-0.04829,-0.01289,0.83206,0.03526,0.55342,0.24265,0.39393,-0.02318,
1403638150695097088,0.48746,0.31445,-0.04179,-0.01909,0.83221,0.03942,0.55273,0.27706,0.40206,0.05953,
1403638150795097088,0.52037,0.35376,-0.03063,-0.02310,0.83089,0.04637,0.55403,0.33393,0.42220,0.13852,
1403638150895097088,0.55725,0.39676,-0.01580,-0.02772,0.82796,0.05585,0.55731,0.36361,0.43225,0.12505,
1403638150995096832,0.59591,0.44063,-0.00470,-0.03228,0.82338,0.06403,0.56295,0.37521,0.45373,0.07275,
1403638151095097088,0.63475,0.48721,0.00039,-0.03818,0.82061,0.07612,0.56511,0.37442,0.47882,0.01748,
1403638151195097088,0.67350,0.53689,0.00078,-0.04739,0.81740,0.09306,0.56653,0.37117,0.51355,-0.05753,
1403638151295097088,0.71075,0.59024,-0.00493,-0.06133,0.81606,0.11170,0.56375,0.37070,0.53738,-0.09372,
1403638151395097088,0.74752,0.64541,-0.01299,-0.07677,0.81368,0.13187,0.56093,0.35675,0.56954,-0.06274,
1403638151495096832,0.78241,0.70350,-0.01600,-0.09278,0.81041,0.15122,0.55836,0.34344,0.58567,-0.00524,
1403638151595097088,0.81775,0.76323,-0.01373,-0.10517,0.80729,0.16754,0.55602,0.34773,0.59132,0.06741,
1403638151695097088,0.85292,0.82432,-0.00493,-0.11370,0.80413,0.17963,0.55513,0.34843,0.60652,0.13246,
1403638151795097088,0.88647,0.88741,0.01306,-0.11856,0.80273,0.18826,0.55329,0.33446,0.62339,0.21016,
1403638151895097088,0.91928,0.95204,0.03798,-0.12197,0.80186,0.19326,0.55209,0.33978,0.63565,0.27644,
1403638151995096832,0.95416,1.01880,0.06511,-0.12215,0.80162,0.19727,0.55098,0.35371,0.66624,0.26855,
1403638152095097088,0.98787,1.08711,0.08998,-0.12272,0.80178,0.19848,0.55018,0.33898,0.68359,0.21765,
1403638152195097088,1.01946,1.15598,0.10986,-0.12287,0.80158,0.19929,0.55014,0.33712,0.70126,0.15669,
1403638152295097088,1.05206,1.22823,0.12163,-0.12049,0.80099,0.20073,0.55100,0.33565,0.72246,0.08590,
1403638152395097088,1.08441,1.30282,0.12736,-0.11684,0.80070,0.20172,0.55186,0.32291,0.75746,0.00694,
1403638152495096832,1.11484,1.37923,0.12513,-0.11355,0.80119,0.20260,0.55150,0.31732,0.79898,-0.05383,
1403638152595097088,1.14354,1.45843,0.11899,-0.11403,0.80143,0.20223,0.55120,0.30129,0.82959,-0.07796,
1403638152695097088,1.17411,1.54373,0.11208,-0.11900,0.80342,0.20037,0.54791,0.29778,0.87149,-0.05658,
1403638152795097088,1.20506,1.63275,0.11160,-0.12668,0.80179,0.20349,0.54743,0.32405,0.91792,0.03635,
1403638152895097088,1.23639,1.72409,0.12184,-0.13830,0.79753,0.20957,0.54855,0.33151,0.93157,0.12243,
1403638152995096832,1.26485,1.81662,0.13765,-0.14939,0.79282,0.22094,0.54800,0.32035,0.92545,0.16779,
1403638153095097088,1.29257,1.90899,0.15946,-0.15782,0.79239,0.23318,0.54115,0.31421,0.91690,0.20245,
1403638153195097088,1.32049,2.00112,0.18060,-0.16333,0.79225,0.24324,0.53526,0.32584,0.91483,0.17877,
1403638153295097088,1.35104,2.09227,0.19746,-0.16687,0.79080,0.25198,0.53226,0.33576,0.92399,0.12907,
1403638153395097088,1.38145,2.18362,0.20896,-0.17334,0.78822,0.26252,0.52892,0.33748,0.93515,0.08382,
1403638153495096832,1.41430,2.27864,0.22064,-0.17555,0.78365,0.27885,0.52662,0.34044,0.95162,0.11132,
1403638153595097088,1.44887,2.37857,0.23866,-0.17802,0.77837,0.29697,0.52370,0.34286,0.99932,0.18424,
1403638153695097088,1.48172,2.48404,0.26071,-0.18632,0.77170,0.31324,0.52119,0.33395,1.06094,0.19864,
1403638153795097088,1.51481,2.59192,0.28124,-0.19888,0.76461,0.32544,0.51952,0.33509,1.09998,0.15963,
1403638153895097088,1.54741,2.70274,0.29733,-0.20910,0.75825,0.33421,0.51927,0.32369,1.11930,0.10497,
1403638153995096832,1.57904,2.81771,0.30761,-0.21833,0.75304,0.33786,0.52068,0.30898,1.13786,0.03429,
1403638154095097088,1.61112,2.93462,0.31006,-0.22338,0.74927,0.33992,0.52263,0.29886,1.14881,-0.01773,
1403638154195097088,1.64249,3.05327,0.30908,-0.22529,0.74442,0.34088,0.52809,0.28019,1.15320,-0.05854,
1403638154295097088,1.67143,3.17255,0.30523,-0.22531,0.74059,0.34143,0.53309,0.25746,1.15728,-0.08328,
1403638154395097088,1.69715,3.29119,0.29836,-0.22798,0.73563,0.33870,0.54052,0.22622,1.15301,-0.10259,
1403638154495096832,1.71761,3.40671,0.28605,-0.23040,0.73243,0.33567,0.54570,0.17265,1.13353,-0.13530,
1403638154595097088,1.73167,3.52113,0.27701,-0.23202,0.73370,0.33533,0.54351,0.09046,1.09955,-0.07311,
1403638154695097088,1.73708,3.62945,0.27271,-0.23471,0.73602,0.33987,0.53636,0.04155,1.08541,0.00050,
1403638154795097088,1.73902,3.73657,0.27706,-0.23397,0.73659,0.34974,0.52951,0.00082,1.06309,0.06506,
1403638154895097088,1.73383,3.84079,0.28828,-0.23332,0.73469,0.35898,0.52623,-0.03284,1.07303,0.14646,
1403638154995096832,1.72628,3.94370,0.30626,-0.23512,0.73062,0.36839,0.52459,-0.09493,1.06732,0.21218,
1403638155095097088,1.71307,4.04909,0.33044,-0.24135,0.72475,0.37815,0.52296,-0.15310,1.06903,0.24918,
1403638155195097088,1.69626,4.15797,0.35471,-0.24952,0.71916,0.38514,0.52174,-0.18106,1.07757,0.22208,
1403638155295097088,1.67496,4.26518,0.37239,-0.25674,0.71273,0.38981,0.52360,-0.23002,1.06720,0.14740,
1403638155395097088,1.64929,4.37174,0.38340,-0.26215,0.70538,0.39641,0.52591,-0.28111,1.05780,0.08021,
1403638155495096832,1.61749,4.47673,0.38655,-0.26693,0.69825,0.40574,0.52590,-0.34730,1.04699,0.01344,
1403638155595097088,1.57840,4.57887,0.38428,-0.28089,0.69246,0.41255,0.52097,-0.41696,1.02251,-0.04171,
1403638155695097088,1.53319,4.67670,0.37885,-0.29915,0.68339,0.42031,0.51655,-0.47360,0.98118,-0.08228,
1403638155795097088,1.48269,4.76865,0.36847,-0.31389,0.67457,0.43283,0.50901,-0.52127,0.92454,-0.13482,
1403638155895097088,1.42913,4.85596,0.35404,-0.32660,0.66741,0.44885,0.49641,-0.56227,0.86133,-0.14337,
1403638155995096832,1.37241,4.93765,0.34079,-0.33577,0.66205,0.46984,0.47770,-0.59172,0.80276,-0.10751,
1403638156095097088,1.31414,5.01516,0.33485,-0.34394,0.65549,0.49195,0.45827,-0.59422,0.77011,-0.00097,
1403638156195097088,1.25584,5.09011,0.33790,-0.35529,0.64711,0.50759,0.44426,-0.57729,0.76974,0.08012,
1403638156295097088,1.20003,5.16787,0.34692,-0.36265,0.63948,0.52321,0.43104,-0.55526,0.77858,0.12047,
1403638156395097088,1.14640,5.24372,0.35501,-0.36849,0.63403,0.53476,0.41982,-0.52375,0.76880,0.06471,
1403638156495096832,1.09514,5.32234,0.35750,-0.37194,0.63083,0.54219,0.41201,-0.48618,0.79392,-0.00457,
1403638156595097088,1.04606,5.40436,0.35422,-0.37472,0.62789,0.54591,0.40904,-0.45294,0.82922,-0.06137,
1403638156695097088,1.00018,5.48868,0.34513,-0.37534,0.62698,0.54778,0.40737,-0.43336,0.86133,-0.11990,
1403638156795097088,0.95703,5.57710,0.33193,-0.37523,0.62637,0.54849,0.40745,-0.39210,0.89738,-0.15365,
1403638156895097088,0.91565,5.66859,0.31604,-0.37420,0.62695,0.54821,0.40789,-0.37372,0.91086,-0.16758,
1403638156995096832,0.87663,5.76088,0.30296,-0.37245,0.62851,0.54707,0.40862,-0.35207,0.95383,-0.09820,
1403638157095097088,0.84126,5.86072,0.29800,-0.36990,0.63158,0.54630,0.40723,-0.31365,1.01040,-0.03214,
1403638157195097088,0.81213,5.96166,0.29732,-0.36571,0.63491,0.54656,0.40548,-0.28751,1.04673,0.03040,
1403638157295097088,0.78341,6.06365,0.30443,-0.36697,0.63499,0.54562,0.40549,-0.26979,1.07365,0.10594,
1403638157395097088,0.75679,6.17289,0.31655,-0.36637,0.63076,0.54848,0.40876,-0.25133,1.12389,0.10472,
1403638157495096832,0.73157,6.28649,0.32400,-0.36810,0.62486,0.55099,0.41287,-0.25716,1.16285,0.05585,
1403638157595097088,0.70664,6.40137,0.32900,-0.37423,0.61592,0.55539,0.41488,-0.25942,1.18891,0.01124,
1403638157695097088,0.68082,6.52123,0.32849,-0.38173,0.60201,0.56367,0.41731,-0.27915,1.19190,0.00822,
1403638157795097088,0.65315,6.63858,0.33294,-0.38953,0.58719,0.57593,0.41446,-0.30423,1.19166,0.07259,
1403638157895097088,0.62185,6.75528,0.34625,-0.40162,0.57357,0.58766,0.40544,-0.33296,1.18544,0.16266,
1403638157995096832,0.58888,6.87082,0.36536,-0.41133,0.56141,0.59885,0.39625,-0.33472,1.16238,0.18421,
1403638158095097088,0.55414,6.98595,0.38131,-0.42004,0.55587,0.60670,0.38273,-0.33390,1.14686,0.13350,
1403638158195097088,0.52172,7.09741,0.39153,-0.42843,0.55213,0.61045,0.37276,-0.31273,1.13353,0.06866,
1403638158295097088,0.49064,7.20835,0.39650,-0.43183,0.54736,0.61412,0.36984,-0.29347,1.12504,0.02217,
1403638158395097088,0.46238,7.31851,0.39657,-0.43089,0.54354,0.61800,0.37009,-0.27701,1.11093,-0.01366,
1403638158495096832,0.43536,7.42748,0.39242,-0.42887,0.53885,0.62093,0.37437,-0.26870,1.08296,-0.06499,
1403638158595097088,0.40729,7.53760,0.38544,-0.42716,0.53621,0.62204,0.37826,-0.28316,1.07857,-0.08237,
1403638158695097088,0.37686,7.64707,0.37745,-0.42819,0.53681,0.62026,0.37917,-0.31384,1.06375,-0.08343,
1403638158795097088,0.34404,7.75460,0.37112,-0.42902,0.54149,0.61849,0.37443,-0.32819,1.04962,-0.06177,
1403638158895097088,0.31165,7.86247,0.37014,-0.42767,0.54792,0.61755,0.36813,-0.33041,1.05662,0.01940,
1403638158995096832,0.28006,7.96772,0.37809,-0.42535,0.55295,0.61765,0.36309,-0.31239,1.04655,0.10424,
1403638159095097088,0.25081,8.07609,0.39281,-0.41815,0.55906,0.62108,0.35617,-0.29456,1.07942,0.16065,
1403638159195097088,0.22321,8.18701,0.40708,-0.40819,0.56603,0.62632,0.34745,-0.28537,1.12652,0.12062,
1403638159295097088,0.19758,8.30892,0.41826,-0.40903,0.56642,0.62448,0.34911,-0.26588,1.21383,0.10394,
1403638159395097088,0.17171,8.43535,0.42651,-0.42345,0.56079,0.61394,0.35956,-0.24618,1.26508,0.06733,
1403638159495096832,0.14769,8.56175,0.43602,-0.44211,0.55321,0.60026,0.37172,-0.21882,1.26497,0.11313,
1403638159595097088,0.12773,8.68670,0.45087,-0.46221,0.55110,0.58548,0.37399,-0.16616,1.21140,0.18187,
1403638159695097088,0.11493,8.80688,0.47383,-0.47593,0.55138,0.57531,0.37215,-0.07580,1.16039,0.26011,
1403638159795097088,0.11308,8.91827,0.50346,-0.47906,0.55006,0.57345,0.37295,0.03540,1.06337,0.33941,
1403638159895097088,0.12214,9.01829,0.54170,-0.47238,0.54381,0.57917,0.38169,0.12977,0.98054,0.43592,
1403638159995096832,0.13977,9.10667,0.58733,-0.46289,0.53788,0.58690,0.38982,0.17916,0.85337,0.52480,
1403638160095097088,0.16095,9.18085,0.64016,-0.45620,0.53615,0.59288,0.39106,0.20803,0.75299,0.57030,
1403638160195097088,0.18498,9.24743,0.69948,-0.44610,0.53961,0.60164,0.38451,0.22050,0.71632,0.67276,
1403638160295097088,0.20880,9.31419,0.76824,-0.43410,0.54604,0.61119,0.37397,0.23431,0.67995,0.73627,
1403638160395097088,0.23376,9.37412,0.84139,-0.42541,0.54945,0.61800,0.36772,0.23670,0.66773,0.76720,
1403638160495096832,0.25806,9.43783,0.91420,-0.42303,0.55134,0.61971,0.36472,0.23562,0.68605,0.72052,
1403638160595097088,0.28159,9.50640,0.98223,-0.42182,0.55215,0.62046,0.36363,0.22465,0.71403,0.66353,
1403638160695097088,0.30392,9.57947,1.04476,-0.42204,0.55251,0.61998,0.36366,0.21299,0.74095,0.62791,
1403638160795097088,0.32851,9.65223,1.10457,-0.43068,0.55301,0.61313,0.36439,0.24106,0.75969,0.59221,
1403638160895097088,0.35376,9.73167,1.16366,-0.44190,0.55523,0.59875,0.37141,0.27271,0.75563,0.56261,
1403638160995096832,0.38413,9.80359,1.21619,-0.44541,0.56015,0.58417,0.38286,0.33161,0.71291,0.50901,
1403638161095097088,0.42114,9.87247,1.26673,-0.44149,0.56955,0.57113,0.39308,0.37672,0.64713,0.48203,
1403638161195097088,0.46111,9.93543,1.31353,-0.42907,0.58240,0.56029,0.40346,0.42180,0.59211,0.43907,
1403638161295097088,0.50499,9.99700,1.35875,-0.41386,0.59890,0.54719,0.41306,0.45251,0.58061,0.43690,
1403638161395097088,0.55046,10.05213,1.40200,-0.39747,0.61600,0.53565,0.41910,0.46279,0.52514,0.40715,
1403638161495096832,0.59721,10.10497,1.44255,-0.38128,0.63025,0.52946,0.42080,0.47008,0.51943,0.38267,
1403638161595097088,0.64448,10.15667,1.47872,-0.37152,0.64004,0.52355,0.42216,0.48332,0.52339,0.32540,
1403638161695097088,0.69193,10.20846,1.50797,-0.36820,0.64751,0.51689,0.42188,0.49420,0.52950,0.27364,
1403638161795097088,0.74187,10.26152,1.53213,-0.36926,0.65117,0.50953,0.42427,0.52335,0.53718,0.23160,
1403638161895097088,0.79558,10.31473,1.55291,-0.36900,0.65263,0.50130,0.43198,0.55874,0.53491,0.18524,
1403638161995096832,0.85269,10.36569,1.56841,-0.36545,0.65638,0.49387,0.43784,0.58140,0.51761,0.17705,
1403638162095097088,0.91151,10.41693,1.58696,-0.36266,0.65985,0.48881,0.44062,0.61314,0.52632,0.24395,
1403638162195097088,0.97325,10.46780,1.61340,-0.36092,0.66537,0.48520,0.43772,0.63252,0.50015,0.30020,
1403638162295097088,1.03827,10.51823,1.64258,-0.35936,0.66984,0.48269,0.43496,0.67458,0.50470,0.27828,
1403638162395097088,1.10807,10.56881,1.66760,-0.36209,0.67213,0.47891,0.43334,0.72676,0.51154,0.23981,
1403638162495096832,1.18240,10.61731,1.68633,-0.36333,0.67107,0.47704,0.43600,0.77216,0.48915,0.19903,
1403638162595097088,1.26254,10.66473,1.70647,-0.36008,0.66902,0.47981,0.43880,0.82255,0.48330,0.24546,
1403638162695097088,1.34494,10.71032,1.73094,-0.35606,0.66654,0.48377,0.44150,0.84845,0.45614,0.30643,
1403638162795097088,1.43125,10.75649,1.76577,-0.35420,0.66793,0.48478,0.43978,0.87315,0.43982,0.36559,
1403638162895097088,1.52070,10.80284,1.80595,-0.35540,0.67151,0.47884,0.43986,0.91321,0.44086,0.45123,
1403638162995096832,1.61371,10.84832,1.85345,-0.36091,0.67138,0.46957,0.44553,0.95709,0.43366,0.48389,
1403638163095097088,1.70953,10.89135,1.89379,-0.36525,0.67004,0.46016,0.45375,0.99020,0.39853,0.31954,
1403638163195097088,1.80910,10.93075,1.91645,-0.35937,0.67400,0.45410,0.45866,1.01876,0.35098,0.13444,
1403638163295097088,1.91369,10.96690,1.92503,-0.34727,0.67957,0.44874,0.46500,1.05221,0.32508,0.03684,
1403638163395097088,2.02130,10.99956,1.92978,-0.33445,0.68554,0.44027,0.47364,1.07026,0.29636,0.01127,
1403638163495096832,2.13021,11.03042,1.93283,-0.32423,0.69263,0.42993,0.47991,1.07433,0.28228,0.03554,
1403638163595097088,2.23565,11.05568,1.94090,-0.31776,0.69835,0.42158,0.48333,1.05890,0.24766,0.11916,
1403638163695097088,2.34035,11.08060,1.95927,-0.31238,0.70121,0.41693,0.48672,1.05438,0.22693,0.21549,
1403638163795097088,2.44267,11.10280,1.98594,-0.30947,0.70260,0.41401,0.48906,1.03895,0.20040,0.31185,
1403638163895097088,2.54466,11.12006,2.02005,-0.31101,0.70384,0.41049,0.48927,1.01919,0.14913,0.36650,
1403638163995096832,2.64720,11.13492,2.06030,-0.31404,0.70663,0.40793,0.48543,1.02458,0.13104,0.42576,
1403638164095097088,2.75081,11.14661,2.10589,-0.31775,0.70828,0.40640,0.48189,1.04081,0.10385,0.49324,
1403638164195097088,2.85693,11.15403,2.15668,-0.32285,0.70829,0.40422,0.48032,1.06682,0.06086,0.49756,
1403638164295097088,2.96380,11.15843,2.20416,-0.32682,0.70648,0.40329,0.48108,1.08921,0.02747,0.44432,
1403638164395097088,3.07389,11.15788,2.24397,-0.32964,0.70498,0.40304,0.48157,1.10839,-0.02399,0.37686,
1403638164495096832,3.18633,11.15251,2.27836,-0.33164,0.70460,0.40345,0.48039,1.14208,-0.06547,0.33022,
1403638164595097088,3.30098,11.14211,2.30782,-0.33471,0.70527,0.40190,0.47858,1.17072,-0.12315,0.27518,
1403638164695097088,3.41997,11.12381,2.33197,-0.33220,0.70748,0.39869,0.47974,1.21907,-0.19541,0.21894,
1403638164795097088,3.54245,11.10165,2.35235,-0.32279,0.70536,0.39840,0.48943,1.24653,-0.24658,0.20018,
1403638164895097088,3.66628,11.07436,2.36926,-0.30972,0.69990,0.40131,0.50315,1.23181,-0.28915,0.15540,
1403638164995096832,3.78535,11.04236,2.38110,-0.30661,0.69782,0.39799,0.51054,1.18513,-0.32545,0.10540,
1403638165095097088,3.90198,11.00668,2.38833,-0.31320,0.70093,0.38481,0.51237,1.14248,-0.38387,0.02952,
1403638165195097088,4.01379,10.96567,2.38813,-0.31066,0.70887,0.37823,0.50787,1.12299,-0.44228,-0.01827,
1403638165295097088,4.12311,10.91959,2.38254,-0.30259,0.72061,0.37710,0.49695,1.10549,-0.48363,-0.06982,
1403638165395097088,4.23424,10.87071,2.37315,-0.30166,0.72776,0.37159,0.49121,1.12395,-0.50535,-0.09334,
1403638165495096832,4.34793,10.81930,2.36195,-0.30067,0.72569,0.36772,0.49775,1.15613,-0.53867,-0.11460,
1403638165595097088,4.46321,10.76428,2.34773,-0.30084,0.71806,0.36380,0.51140,1.14957,-0.57881,-0.14987,
1403638165695097088,4.57677,10.70461,2.32881,-0.29976,0.70892,0.36227,0.52567,1.12471,-0.64435,-0.21123,
1403638165795097088,4.68758,10.63659,2.30395,-0.29577,0.70567,0.36399,0.53110,1.07069,-0.71812,-0.27812,
1403638165895097088,4.79288,10.56238,2.27711,-0.28989,0.71137,0.36825,0.52375,1.01531,-0.78577,-0.23311,
1403638165995096832,4.89444,10.48401,2.25629,-0.28432,0.71744,0.37292,0.51514,0.98167,-0.81545,-0.16521,
1403638166095097088,4.99453,10.40368,2.24552,-0.27810,0.72266,0.37840,0.50719,0.96550,-0.82787,-0.05441,
1403638166195097088,5.08957,10.32362,2.24833,-0.27353,0.72387,0.38370,0.50395,0.94758,-0.79774,0.11266,
1403638166295097088,5.18013,10.24604,2.27201,-0.27207,0.72283,0.38730,0.50348,0.92232,-0.77650,0.32451,
1403638166395097088,5.26647,10.17104,2.31525,-0.27021,0.72159,0.39081,0.50355,0.87885,-0.77728,0.48601,
1403638166495096832,5.34699,10.09810,2.36658,-0.26931,0.72126,0.39304,0.50277,0.83752,-0.74953,0.47894,
1403638166595097088,5.42479,10.02952,2.41371,-0.27104,0.72057,0.39330,0.50262,0.81470,-0.71959,0.40908,
1403638166695097088,5.50126,9.96335,2.45275,-0.27409,0.72157,0.39211,0.50045,0.79344,-0.68785,0.32867,
1403638166795097088,5.57656,9.89970,2.48317,-0.28133,0.72637,0.38823,0.49246,0.78126,-0.65313,0.23786,
1403638166895097088,5.65375,9.83621,2.50312,-0.28657,0.73706,0.38504,0.47578,0.79451,-0.63850,0.14981,
1403638166995096832,5.73469,9.77755,2.51503,-0.28462,0.74533,0.38626,0.46290,0.84989,-0.59560,0.11790,
1403638167095097088,5.82257,9.72403,2.52706,-0.27898,0.74810,0.39007,0.45865,0.93508,-0.53692,0.16788,
1403638167195097088,5.91801,9.67512,2.54668,-0.27352,0.74627,0.39406,0.46149,1.00638,-0.44808,0.25334,
1403638167295097088,6.02161,9.63431,2.57390,-0.26934,0.74325,0.39709,0.46623,1.06595,-0.35860,0.31116,
1403638167395097088,6.13126,9.60087,2.60695,-0.26865,0.74169,0.39722,0.46898,1.10009,-0.28791,0.34529,
1403638167495096832,6.24507,9.57232,2.63903,-0.27190,0.73969,0.39425,0.47275,1.13235,-0.24551,0.28885,
1403638167595097088,6.36065,9.54700,2.66566,-0.27872,0.73698,0.38835,0.47786,1.15625,-0.21445,0.21825,
1403638167695097088,6.47824,9.52416,2.68553,-0.28655,0.73799,0.37756,0.48031,1.19416,-0.20997,0.14987,
1403638167795097088,6.59871,9.50155,2.69863,-0.28995,0.74171,0.36411,0.48293,1.24226,-0.21537,0.10593,
1403638167895097088,6.72557,9.47739,2.70812,-0.28792,0.74740,0.34987,0.48588,1.29817,-0.24040,0.07325,
1403638167995096832,6.85830,9.45025,2.71384,-0.28148,0.75277,0.33631,0.49092,1.35062,-0.26975,0.05054,
1403638168095097088,6.99567,9.42096,2.72233,-0.27617,0.75697,0.32406,0.49570,1.40551,-0.28804,0.12159,
1403638168195097088,7.13708,9.38588,2.73831,-0.26802,0.76065,0.31392,0.50103,1.43349,-0.36233,0.20302,
1403638168295097088,7.28295,9.34612,2.76201,-0.25438,0.76523,0.30528,0.50647,1.46869,-0.41695,0.26919,
1403638168395097088,7.43253,9.30481,2.79298,-0.24247,0.76879,0.29356,0.51380,1.50228,-0.43784,0.33724,
1403638168495096832,7.58419,9.26212,2.82668,-0.22559,0.77331,0.28860,0.51750,1.51024,-0.44495,0.30020,
1403638168595097088,7.73618,9.22124,2.85320,-0.20667,0.77883,0.28983,0.51644,1.51639,-0.42145,0.22507,
1403638168695097088,7.88811,9.18414,2.87238,-0.19175,0.78259,0.29169,0.51546,1.51665,-0.37142,0.13844,
1403638168795097088,8.04014,9.15370,2.88284,-0.18511,0.78462,0.29200,0.51463,1.50808,-0.31381,0.06740,
1403638168895097088,8.19301,9.13063,2.88737,-0.18094,0.78599,0.29314,0.51336,1.52296,-0.22816,0.02530,
1403638168995096832,8.34569,9.11489,2.88554,-0.18102,0.78578,0.29412,0.51310,1.52697,-0.14536,-0.02245,
1403638169095097088,8.49936,9.10782,2.87956,-0.18771,0.78010,0.29275,0.52011,1.52496,-0.07229,-0.07632,
1403638169195097088,8.65177,9.10254,2.86905,-0.19892,0.77639,0.28911,0.52351,1.51068,-0.04224,-0.14016,
1403638169295097088,8.80387,9.10200,2.85210,-0.21290,0.77484,0.27869,0.52595,1.51155,-0.03524,-0.19271,
1403638169395097088,8.95594,9.10054,2.83120,-0.22824,0.77374,0.25921,0.53107,1.52838,-0.06772,-0.22276,
1403638169495096832,9.10921,9.09222,2.80901,-0.23253,0.77353,0.24055,0.53825,1.54060,-0.15138,-0.19847,
1403638169595097088,9.26370,9.07207,2.79399,-0.22573,0.77497,0.22521,0.54566,1.54044,-0.27687,-0.11939,
1403638169695097088,9.41532,9.04157,2.78385,-0.20704,0.77942,0.21424,0.55113,1.51488,-0.37313,-0.07035,
1403638169795097088,9.56603,9.00315,2.78115,-0.18311,0.78385,0.20368,0.55728,1.47847,-0.45542,0.02207,
1403638169895097088,9.71522,8.95794,2.78765,-0.15475,0.78756,0.19374,0.56415,1.44123,-0.48994,0.12135,
1403638169995096832,9.86022,8.91259,2.80118,-0.13069,0.78530,0.18002,0.57776,1.37423,-0.48010,0.18301,
1403638170095097088,9.99846,8.86768,2.81705,-0.11731,0.78397,0.15882,0.58857,1.29525,-0.47296,0.15421,
1403638170195097088,10.12803,8.82404,2.82728,-0.10830,0.78760,0.13372,0.59167,1.20742,-0.47459,0.06345,
1403638170295097088,10.25019,8.77894,2.83120,-0.10083,0.79239,0.10764,0.59191,1.13079,-0.49276,0.00386,
1403638170395097088,10.36434,8.73057,2.82689,-0.09083,0.79886,0.08310,0.58878,1.06570,-0.52225,-0.05564,
1403638170495096832,10.46008,8.66969,2.81529,-0.08226,0.80374,0.05957,0.58625,1.00730,-0.57146,-0.07326,
1403638170595097088,10.56820,8.62334,2.81735,-0.07698,0.80418,0.03354,0.58842,0.99682,-0.61002,0.02454,
1403638170695097088,10.65878,8.56064,2.82392,-0.06749,0.80141,0.01141,0.59419,0.91613,-0.68148,0.11327,
1403638170795097088,10.73723,8.48935,2.83511,-0.05522,0.80090,-0.00722,0.59620,0.82513,-0.75224,0.15329,
1403638170895097088,10.80773,8.41036,2.84969,-0.04078,0.80123,-0.02390,0.59648,0.73293,-0.81963,0.11909,
1403638170995096832,10.87025,8.32494,2.85859,-0.02614,0.80100,-0.04090,0.59670,0.65224,-0.88515,0.06150,
1403638171095097088,10.92299,8.23467,2.86174,-0.01478,0.79888,-0.05724,0.59858,0.57003,-0.92786,0.01618,
1403638171195097088,10.96831,8.13995,2.86038,-0.00746,0.79663,-0.07027,0.60032,0.47464,-0.97700,-0.01344,
1403638171295097088,11.00760,8.04059,2.85654,-0.00242,0.79471,-0.07920,0.60179,0.38547,-1.02172,-0.03379,
1403638171395097088,11.03896,7.93632,2.85115,0.00026,0.79259,-0.08567,0.60370,0.29002,-1.07891,-0.05004,
1403638171495096832,11.06234,7.82649,2.84389,0.00336,0.79040,-0.09292,0.60549,0.20230,-1.12435,-0.06050,
1403638171595097088,11.07776,7.71135,2.83465,0.00518,0.78759,-0.10028,0.60796,0.10588,-1.19254,-0.08563,
1403638171695097088,11.08286,7.59023,2.82408,0.00633,0.78460,-0.11066,0.61002,-0.00465,-1.25262,-0.10672,
1403638171795097088,11.07606,7.46355,2.81213,0.01003,0.78219,-0.12152,0.61099,-0.12120,-1.31525,-0.09855,
1403638171895097088,11.05794,7.32974,2.80445,0.01168,0.77760,-0.13191,0.61466,-0.24057,-1.39463,-0.03066,
1403638171995096832,11.02485,7.18929,2.80370,0.02026,0.77409,-0.13552,0.61807,-0.37851,-1.46709,0.02542,
1403638172095097088,10.97732,7.04202,2.80735,0.02807,0.77313,-0.13733,0.61856,-0.52723,-1.51606,0.05138,
1403638172195097088,10.91755,6.88942,2.81029,0.03171,0.77361,-0.13894,0.61742,-0.64581,-1.55270,-0.00952,
1403638172295097088,10.84477,6.73451,2.80481,0.03525,0.77447,-0.13847,0.61626,-0.77087,-1.57468,-0.12010,
1403638172395097088,10.76152,6.57649,2.78898,0.03627,0.77421,-0.13800,0.61664,-0.86100,-1.60129,-0.22033,
1403638172495096832,10.67040,6.41469,2.76273,0.03453,0.77207,-0.13791,0.61943,-0.93852,-1.62709,-0.32647,
1403638172595097088,10.57109,6.25080,2.72755,0.03211,0.77005,-0.13725,0.62221,-1.03251,-1.66271,-0.40380,
1403638172695097088,10.45984,6.08293,2.68510,0.02760,0.76960,-0.13702,0.62304,-1.16119,-1.69938,-0.47002,
1403638172795097088,10.33528,5.91260,2.63872,0.02510,0.76998,-0.13538,0.62304,-1.28389,-1.74497,-0.50874,
1403638172895097088,10.19827,5.74041,2.58870,0.02112,0.77006,-0.13434,0.62332,-1.41179,-1.78969,-0.54383,
1403638172995096832,10.04839,5.56187,2.53465,0.01349,0.77270,-0.13497,0.62010,-1.53307,-1.83492,-0.59462,
1403638173095097088,9.88796,5.37778,2.47428,0.00658,0.77768,-0.13514,0.61393,-1.62743,-1.89520,-0.65669,
1403638173195097088,9.71877,5.18568,2.40743,0.00575,0.78266,-0.13270,0.60811,-1.71579,-1.97222,-0.71873,
1403638173295097088,9.54209,4.98823,2.33441,0.01187,0.78632,-0.12659,0.60459,-1.78045,-2.03208,-0.76946,
1403638173395097088,9.36042,4.78694,2.25449,0.02399,0.78975,-0.11800,0.60150,-1.83262,-2.07638,-0.82899,
1403638173495096832,9.17460,4.58383,2.16316,0.03785,0.79390,-0.10906,0.59698,-1.84774,-2.07978,-0.95179,
1403638173595097088,8.98827,4.37846,2.06756,0.04735,0.79521,-0.10338,0.59558,-1.83079,-2.06846,-0.97802,
1403638173695097088,8.79974,4.17516,1.96902,0.04913,0.79542,-0.10294,0.59522,-1.88321,-2.02894,-1.01569,
1403638173795097088,8.60882,3.97375,1.86707,0.04850,0.79606,-0.10417,0.59421,-1.89099,-2.01541,-1.02899,
1403638173895097088,8.41408,3.77349,1.76870,0.04960,0.79741,-0.10418,0.59231,-1.93755,-1.96971,-0.96439,
1403638173995096832,8.21654,3.57848,1.67745,0.04896,0.79660,-0.10513,0.59328,-1.98897,-1.93580,-0.89277,
1403638174095097088,8.01236,3.38776,1.59256,0.04830,0.79723,-0.10578,0.59237,-2.04141,-1.89777,-0.82753,
1403638174195097088,7.80591,3.19890,1.51050,0.04969,0.80045,-0.10511,0.58802,-2.05609,-1.87625,-0.83326,
1403638174295097088,7.59824,3.01232,1.42430,0.04887,0.80625,-0.10506,0.58011,-2.05834,-1.85444,-0.91461,
1403638174395097088,7.39625,2.82825,1.33338,0.04848,0.80991,-0.10493,0.57505,-2.00884,-1.83280,-0.94658,
1403638174495096832,7.19837,2.64675,1.24212,0.04777,0.81311,-0.10425,0.57071,-1.96250,-1.81013,-0.90657,
1403638174595097088,7.00921,2.46725,1.15554,0.04991,0.81685,-0.10200,0.56557,-1.88880,-1.80785,-0.82753,
1403638174695097088,6.82522,2.28727,1.07581,0.05204,0.82142,-0.10014,0.55904,-1.83616,-1.79522,-0.78613,
1403638174795097088,6.64669,2.11057,1.00436,0.05274,0.82561,-0.09954,0.55289,-1.77575,-1.76484,-0.69037,
1403638174895097088,6.47536,1.93462,0.93948,0.05471,0.82763,-0.09782,0.54997,-1.67452,-1.72994,-0.63714,
1403638174995096832,6.30959,1.76050,0.88029,0.05498,0.82898,-0.09821,0.54783,-1.60335,-1.69771,-0.58495,
1403638175095097088,6.15373,1.58754,0.82554,0.05590,0.82782,-0.09842,0.54946,-1.48924,-1.68015,-0.50275,
1403638175195097088,6.00830,1.41833,0.77724,0.05897,0.82761,-0.09800,0.54952,-1.39966,-1.65591,-0.44949,
1403638175295097088,5.87145,1.25306,0.73387,0.06129,0.82960,-0.09806,0.54625,-1.31254,-1.62615,-0.38681,
1403638175395097088,5.74192,1.09018,0.69693,0.06378,0.83481,-0.09775,0.53803,-1.23433,-1.59848,-0.31729,
1403638175495096832,5.61938,0.92878,0.66960,0.06757,0.84084,-0.09575,0.52844,-1.09455,-1.56911,-0.23336,
1403638175595097088,5.51004,0.76995,0.64999,0.06844,0.84828,-0.09494,0.51645,-0.98273,-1.52831,-0.15783,
1403638175695097088,5.41596,0.61666,0.63661,0.06683,0.85540,-0.09553,0.50467,-0.84710,-1.49383,-0.10194,
1403638175795097088,5.33972,0.47115,0.62900,0.06565,0.85948,-0.09569,0.49783,-0.69188,-1.46644,-0.14081,
1403638175895097088,5.28214,0.32970,0.61312,0.06785,0.86133,-0.09314,0.49480,-0.52931,-1.44876,-0.26024,
1403638175995096832,5.24520,0.19525,0.58913,0.07521,0.85990,-0.08627,0.49747,-0.34368,-1.40482,-0.29716,
1403638176095097088,5.22751,0.06666,0.56361,0.08266,0.85118,-0.07957,0.51218,-0.15511,-1.34328,-0.27747,
1403638176195097088,5.22630,-0.05430,0.54234,0.08411,0.83575,-0.07772,0.53704,-0.02604,-1.25116,-0.20776,
1403638176295097088,5.23070,-0.17187,0.52562,0.08134,0.82340,-0.07966,0.55592,0.01805,-1.16972,-0.16510,
1403638176395097088,5.23788,-0.27978,0.51242,0.08146,0.81802,-0.08023,0.56372,0.04716,-1.08758,-0.12721,
1403638176495096832,5.24800,-0.38045,0.50636,0.08346,0.81767,-0.07959,0.56401,0.07433,-0.99971,-0.04834,
1403638176595097088,5.26159,-0.47502,0.50560,0.08422,0.81922,-0.07989,0.56161,0.10531,-0.91463,-0.02117,
1403638176695097088,5.27439,-0.56258,0.50814,0.08537,0.81998,-0.07979,0.56034,0.15197,-0.83242,0.06973,
1403638176795097088,5.29185,-0.64411,0.51958,0.08392,0.82050,-0.08070,0.55966,0.17306,-0.74898,0.14285,
1403638176895097088,5.30867,-0.71680,0.53367,0.07918,0.82079,-0.08424,0.55941,0.18731,-0.67298,0.16375,
1403638176995096832,5.32720,-0.78571,0.54729,0.07992,0.82123,-0.08367,0.55874,0.20343,-0.62566,0.12408,
1403638177095097088,5.34780,-0.84635,0.55434,0.08258,0.82233,-0.08200,0.55698,0.22839,-0.57570,0.05208,
1403638177195097088,5.37132,-0.90032,0.55336,0.08585,0.82273,-0.08011,0.55618,0.25288,-0.50647,-0.03193,
1403638177295097088,5.39791,-0.94890,0.54547,0.08729,0.82277,-0.07921,0.55602,0.28091,-0.43760,-0.09583,
1403638177395097088,5.42758,-0.99065,0.53324,0.08775,0.82266,-0.07913,0.55612,0.30839,-0.37118,-0.15000,
1403638177495096832,5.46060,-1.02722,0.51633,0.08383,0.82289,-0.08290,0.55584,0.33918,-0.30138,-0.18929,
1403638177595097088,5.49584,-1.05674,0.49595,0.07068,0.82181,-0.09318,0.55763,0.36171,-0.25781,-0.22357,
1403638177695097088,5.53296,-1.08380,0.47148,0.06145,0.82072,-0.10147,0.55888,0.37903,-0.25342,-0.26713,
1403638177795097088,5.57209,-1.11215,0.44271,0.05397,0.81671,-0.11069,0.56376,0.39408,-0.26784,-0.28358,
1403638177895097088,5.61131,-1.14120,0.41504,0.05026,0.80921,-0.11667,0.57361,0.37836,-0.29567,-0.25299,
1403638177995096832,5.64524,-1.17507,0.39273,0.05075,0.80360,-0.11930,0.58087,0.33077,-0.33410,-0.18801,
1403638178095097088,5.67650,-1.20939,0.37820,0.05938,0.80031,-0.12057,0.58433,0.29279,-0.37609,-0.10795,
1403638178195097088,5.70275,-1.24731,0.37162,0.06839,0.79742,-0.12846,0.58561,0.21979,-0.39340,-0.05121,
1403638178295097088,5.72071,-1.28779,0.37272,0.07798,0.79311,-0.14256,0.58701,0.15732,-0.41358,0.05746,
1403638178395097088,5.73091,-1.33100,0.38117,0.08961,0.78862,-0.16032,0.58681,0.05884,-0.41348,0.07016,
1403638178495096832,5.73390,-1.37308,0.38596,0.10084,0.78654,-0.18284,0.58116,-0.00560,-0.41624,0.00804,
1403638178595097088,5.72924,-1.41601,0.38564,0.11131,0.78626,-0.20721,0.57138,-0.06467,-0.42808,-0.03619,
1403638178695097088,5.71997,-1.46165,0.38206,0.12162,0.78332,-0.23038,0.56440,-0.10568,-0.45066,-0.07658,
1403638178795097088,5.70662,-1.50929,0.37461,0.13424,0.77840,-0.25086,0.55959,-0.14787,-0.48194,-0.10793,
1403638178895097088,5.69069,-1.55930,0.36328,0.14583,0.77699,-0.26757,0.55084,-0.17092,-0.50358,-0.13785,
1403638178995096832,5.67215,-1.61282,0.34817,0.15335,0.77833,-0.27991,0.54068,-0.18324,-0.52782,-0.18100,
1403638179095097088,5.65457,-1.67122,0.32864,0.16075,0.78114,-0.28661,0.53088,-0.17563,-0.57502,-0.21472,
1403638179195097088,5.63877,-1.73343,0.30556,0.16964,0.78274,-0.29216,0.52267,-0.16076,-0.62476,-0.24883,
1403638179295097088,5.62472,-1.79985,0.28000,0.17917,0.78393,-0.29836,0.51413,-0.12297,-0.67004,-0.28147,
1403638179395097088,5.61428,-1.87011,0.25434,0.19012,0.77994,-0.30813,0.51050,-0.08082,-0.71164,-0.27734,
1403638179495096832,5.60748,-1.94409,0.22632,0.20050,0.76673,-0.32291,0.51735,-0.05851,-0.74559,-0.30192,
1403638179595097088,5.60076,-2.02014,0.19488,0.21319,0.75369,-0.33947,0.52082,-0.06535,-0.77086,-0.30680,
1403638179695097088,5.59317,-2.09745,0.16420,0.22621,0.74229,-0.35701,0.51998,-0.08720,-0.76805,-0.27156,
1403638179795097088,5.58221,-2.17423,0.14035,0.23987,0.73224,-0.37501,0.51542,-0.11235,-0.76236,-0.19040,
1403638179895097088,5.56792,-2.25308,0.12482,0.25273,0.72284,-0.39252,0.50947,-0.11517,-0.77560,-0.15300,
1403638179995096832,5.55391,-2.33240,0.11399,0.25972,0.71898,-0.40868,0.49859,-0.11342,-0.79076,-0.10269,
1403638180095097088,5.53941,-2.41444,0.10280,0.26251,0.71577,-0.42173,0.49083,-0.10943,-0.81870,-0.06251,
1403638180195097088,5.52739,-2.49462,0.10438,0.26682,0.71246,-0.42886,0.48711,-0.10921,-0.83732,-0.04528,
1403638180295097088,5.51828,-2.56937,0.11320,0.26907,0.71131,-0.43374,0.48322,-0.09867,-0.85906,-0.05872,
1403638180395097088,5.49931,-2.66565,0.08638,0.27000,0.71082,-0.43538,0.48195,-0.11338,-0.90181,-0.15178,
1403638180495096832,5.48499,-2.75671,0.06948,0.27316,0.71206,-0.43365,0.47989,-0.10819,-0.93586,-0.18644,
1403638180595097088,5.47247,-2.85105,0.04895,0.27577,0.71373,-0.43088,0.47841,-0.10419,-0.96136,-0.19367,
1403638180695097088,5.46010,-2.94625,0.03209,0.27570,0.71752,-0.42889,0.47455,-0.07669,-0.98576,-0.14641,
1403638180795097088,5.45224,-3.04697,0.02099,0.27200,0.72202,-0.42842,0.47028,-0.04352,-1.03209,-0.06411,
1403638180895097088,5.44231,-3.15368,0.03802,0.26800,0.72426,-0.42705,0.47037,-0.01984,-1.08287,0.02885,
1403638180995096832,5.44417,-3.26129,0.01725,0.26557,0.72331,-0.42603,0.47412,0.01190,-1.11530,-0.04459,
1403638181095097088,5.44352,-3.37311,0.00964,0.26290,0.72257,-0.42463,0.47798,0.02831,-1.15061,-0.12104,
1403638181195097088,5.44643,-3.49185,-0.00574,0.26044,0.72002,-0.42418,0.48355,0.04242,-1.19042,-0.16026,
1403638181295097088,5.44677,-3.61211,-0.02405,0.26022,0.71203,-0.42600,0.49379,0.01685,-1.22229,-0.19819,
1403638181395097088,5.44567,-3.73699,-0.04510,0.26353,0.70142,-0.43365,0.50051,-0.03118,-1.23579,-0.25855,
1403638181495096832,5.43702,-3.86517,-0.07319,0.26873,0.68727,-0.44736,0.50528,-0.09295,-1.26424,-0.27399,
1403638181595097088,5.42201,-3.99192,-0.10214,0.28291,0.66698,-0.46010,0.51324,-0.18953,-1.24798,-0.27508,
1403638181695097088,5.39727,-4.11566,-0.12736,0.30027,0.65613,-0.47242,0.50611,-0.28501,-1.20875,-0.21496,
1403638181795097088,5.36411,-4.23634,-0.14332,0.31649,0.64933,-0.48583,0.49211,-0.36680,-1.17662,-0.11856,
1403638181895097088,5.32385,-4.34778,-0.14777,0.33206,0.64518,-0.49873,0.47407,-0.41400,-1.12764,-0.03534,
1403638181995096832,5.28196,-4.46069,-0.14533,0.33982,0.64039,-0.51267,0.45999,-0.42042,-1.10053,0.02298,
1403638182095097088,5.23790,-4.57020,-0.13674,0.34147,0.63757,-0.52502,0.44861,-0.43558,-1.09657,0.10741,
1403638182195097088,5.19419,-4.67933,-0.12298,0.34236,0.63507,-0.53415,0.44064,-0.44081,-1.10885,0.10693,
1403638182295097088,5.15123,-4.79041,-0.11270,0.33717,0.63191,-0.54367,0.43753,-0.43828,-1.12941,0.06371,
1403638182395097088,5.10677,-4.90144,-0.10452,0.33224,0.63016,-0.54965,0.43635,-0.46379,-1.16353,0.05658,
1403638182495096832,5.05896,-5.01501,-0.09206,0.33541,0.63459,-0.54802,0.42950,-0.48907,-1.19728,0.14434,
1403638182595097088,5.01055,-5.13677,-0.07333,0.34168,0.64131,-0.54261,0.42137,-0.48299,-1.25152,0.22363,
1403638182695097088,4.96317,-5.26068,-0.04563,0.34269,0.64519,-0.53939,0.41875,-0.46577,-1.28409,0.28750,
1403638182795097088,4.91869,-5.38569,-0.01495,0.34169,0.64589,-0.53759,0.42080,-0.43327,-1.32434,0.26369,
1403638182895097088,4.87657,-5.52028,0.01001,0.34202,0.64498,-0.53503,0.42517,-0.41159,-1.36015,0.20778,
1403638182995096832,4.83575,-5.65763,0.02971,0.34453,0.64202,-0.53115,0.43243,-0.40550,-1.38930,0.16551,
1403638183095097088,4.79567,-5.79641,0.04547,0.34925,0.63976,-0.52574,0.43854,-0.39916,-1.40455,0.12137,
1403638183195097088,4.75737,-5.93568,0.05536,0.35441,0.64015,-0.52067,0.43989,-0.38017,-1.40284,0.06449,
1403638183295097088,4.72042,-6.07394,0.05938,0.35442,0.64505,-0.51950,0.43408,-0.35642,-1.37905,-0.00448,
1403638183395097088,4.68539,-6.21155,0.05866,0.34857,0.64979,-0.52283,0.42770,-0.33133,-1.38659,-0.02580,
1403638183495096832,4.65260,-6.35109,0.05418,0.34578,0.65466,-0.52443,0.42050,-0.29387,-1.40365,-0.06002,
1403638183595097088,4.62386,-6.49346,0.04746,0.34458,0.65715,-0.52494,0.41697,-0.25745,-1.43439,-0.08058,
1403638183695097088,4.59968,-6.64055,0.04335,0.35009,0.65447,-0.52104,0.42146,-0.20852,-1.48172,-0.00652,
1403638183795097088,4.58170,-6.78727,0.04411,0.35768,0.64917,-0.51588,0.42956,-0.17168,-1.46556,0.04917,
1403638183895097088,4.56439,-6.93235,0.05449,0.36472,0.64452,-0.51094,0.43648,-0.14072,-1.42104,0.11220,
1403638183995096832,4.55391,-7.07575,0.06536,0.36558,0.64366,-0.51081,0.43718,-0.09877,-1.38408,0.17194,
1403638184095097088,4.54192,-7.22170,0.08876,0.36113,0.64579,-0.51404,0.43394,-0.06865,-1.37911,0.21289,
1403638184195097088,4.54325,-7.34268,0.11047,0.35521,0.64956,-0.51933,0.42684,-0.02175,-1.34669,0.16153,
1403638184295097088,4.54483,-7.47993,0.12531,0.35221,0.65114,-0.52223,0.42337,0.01157,-1.36196,0.11055,
1403638184395097088,4.54968,-7.61764,0.13704,0.35501,0.64891,-0.52085,0.42614,0.05939,-1.38151,0.08267,
1403638184495096832,4.55661,-7.75495,0.14482,0.35939,0.64677,-0.51825,0.42889,0.08942,-1.37390,0.05598,
1403638184595097088,4.56815,-7.89607,0.15173,0.36112,0.64483,-0.51770,0.43102,0.12465,-1.36821,0.06302,
1403638184695097088,4.58204,-8.03675,0.15727,0.36175,0.64419,-0.51732,0.43190,0.15582,-1.36193,0.05940,
1403638184795097088,4.59918,-8.17152,0.16597,0.36096,0.64291,-0.51806,0.43358,0.18291,-1.34550,0.06761,
1403638184895097088,4.61783,-8.31041,0.17574,0.36211,0.64352,-0.51779,0.43203,0.21647,-1.33902,0.08592,
1403638184995096832,4.64008,-8.44515,0.18600,0.36312,0.64209,-0.51740,0.43378,0.24043,-1.31876,0.10075,
1403638185095097088,4.66613,-8.58215,0.19901,0.36296,0.64294,-0.51739,0.43266,0.26613,-1.31160,0.12439,
1403638185195097088,4.69423,-8.71301,0.21158,0.36372,0.64408,-0.51664,0.43121,0.29406,-1.30044,0.12234,
1403638185295097088,4.72516,-8.84485,0.22470,0.36679,0.64639,-0.51383,0.42852,0.32933,-1.28868,0.13086,
1403638185395097088,4.76179,-8.97190,0.23636,0.37074,0.64758,-0.50953,0.42845,0.39224,-1.26653,0.13292,
1403638185495096832,4.80369,-9.10181,0.24976,0.37334,0.65068,-0.49975,0.43298,0.45228,-1.23657,0.14187,
1403638185595097088,4.85378,-9.22273,0.26310,0.37138,0.65634,-0.48814,0.43934,0.52022,-1.19867,0.13419,
1403638185695097088,4.90705,-9.34360,0.27790,0.36682,0.66095,-0.47832,0.44699,0.57345,-1.15534,0.13373,
1403638185795097088,4.96717,-9.45689,0.29192,0.35417,0.66229,-0.47679,0.45673,0.61737,-1.10661,0.12713,
1403638185895097088,5.02779,-9.56318,0.30409,0.33159,0.66133,-0.48511,0.46622,0.61461,-1.06605,0.08973,
1403638185995096832,5.08734,-9.67190,0.31111,0.31663,0.66139,-0.49028,0.47111,0.57437,-1.06116,0.03757,
1403638186095097088,5.14214,-9.77974,0.31370,0.31659,0.66636,-0.48756,0.46693,0.53723,-1.07067,-0.00935,
1403638186195097088,5.19527,-9.88663,0.31329,0.32164,0.67048,-0.48294,0.46236,0.51724,-1.06632,-0.01596,
1403638186295097088,5.24570,-9.99453,0.31591,0.32429,0.67257,-0.48052,0.45999,0.51168,-1.06951,0.04603,
1403638186395097088,5.29623,-10.10031,0.32526,0.32624,0.67400,-0.47939,0.45768,0.51847,-1.06312,0.11931,
1403638186495096832,5.34825,-10.20671,0.33935,0.32826,0.67318,-0.47857,0.45831,0.51252,-1.03948,0.15058,
1403638186595097088,5.39929,-10.31198,0.35586,0.33112,0.67443,-0.47745,0.45557,0.52708,-1.03336,0.11908,
1403638186695097088,5.45115,-10.41685,0.36741,0.33542,0.67615,-0.47526,0.45215,0.55489,-1.03958,0.06564,
1403638186795097088,5.50890,-10.52083,0.37174,0.34052,0.67998,-0.46837,0.44979,0.59626,-1.03553,0.01576,
1403638186895097088,5.57073,-10.62332,0.37245,0.34078,0.68688,-0.45889,0.44887,0.65387,-1.01760,-0.02512,
1403638186995096832,5.63935,-10.72456,0.37420,0.33291,0.69511,-0.44790,0.45319,0.73553,-0.99323,0.00250,
1403638187095097088,5.71758,-10.82446,0.38263,0.31771,0.70072,-0.43430,0.46843,0.80270,-0.98709,0.09972,
1403638187195097088,5.80072,-10.92114,0.39680,0.30154,0.70634,-0.41572,0.48717,0.83207,-0.94177,0.16309,
1403638187295097088,5.88378,-11.01435,0.41963,0.28699,0.71195,-0.39363,0.50579,0.83133,-0.91339,0.23723,
1403638187395097088,5.96767,-11.10289,0.44826,0.27569,0.71692,-0.37332,0.52025,0.80935,-0.85967,0.30709,
1403638187495096832,6.04741,-11.18606,0.48125,0.26711,0.72185,-0.35804,0.52858,0.76888,-0.79954,0.32284,
1403638187595097088,6.12203,-11.26067,0.51294,0.25839,0.72948,-0.35008,0.52776,0.73035,-0.74143,0.29844,
1403638187695097088,6.19143,-11.33010,0.54411,0.25195,0.73670,-0.34659,0.52314,0.70662,-0.69925,0.26539,
1403638187795097088,6.26234,-11.39831,0.56884,0.25173,0.74116,-0.34269,0.51950,0.70227,-0.66869,0.20632,
1403638187895097088,6.32939,-11.46083,0.59131,0.25716,0.74318,-0.33768,0.51722,0.70132,-0.61401,0.17746,
1403638187995096832,6.39843,-11.51614,0.60880,0.26469,0.74143,-0.33342,0.51871,0.70409,-0.55348,0.15212,
1403638188095097088,6.47013,-11.56816,0.62198,0.27340,0.73933,-0.32917,0.51989,0.71290,-0.47744,0.10572,
1403638188195097088,6.54174,-11.60966,0.63104,0.28072,0.73612,-0.32614,0.52245,0.73098,-0.38261,0.05489,
1403638188295097088,6.62087,-11.70697,0.64043,0.27887,0.72620,-0.32664,0.53682,0.72263,-0.35990,0.02121,
1403638188395097088,6.69109,-11.67071,0.63613,0.27925,0.71266,-0.32969,0.55267,0.70424,-0.17656,-0.02234,
1403638188495096832,6.76240,-11.68422,0.63384,0.27772,0.70288,-0.33159,0.56470,0.63822,-0.05504,-0.05219,
1403638188595097088,6.82486,-11.68557,0.62945,0.27611,0.69755,-0.33190,0.57187,0.55398,0.08899,-0.04025,
1403638188695097088,6.88226,-11.67576,0.63107,0.27167,0.70152,-0.32940,0.57058,0.46711,0.23296,0.04739,
1403638188795097088,6.92510,-11.64591,0.63901,0.26355,0.71108,-0.32664,0.56410,0.35724,0.36370,0.10414,
1403638188895097088,6.96142,-11.60339,0.65728,0.25662,0.71877,-0.32401,0.55905,0.32828,0.42839,0.24068,
1403638188995096832,6.92314,-11.51458,0.67785,0.25029,0.72479,-0.32056,0.55613,0.20088,0.55015,0.32763,
1403638189095097088,7.01258,-11.49322,0.71581,0.24336,0.72900,-0.31651,0.55602,0.23213,0.58834,0.36232,
1403638189195097088,7.03165,-11.42985,0.74692,0.23272,0.73388,-0.30769,0.55909,0.18000,0.65828,0.30206,
1403638189295097088,7.04867,-11.36058,0.77094,0.21915,0.74169,-0.29604,0.56057,0.13288,0.70530,0.24461,
1403638189395097088,7.05573,-11.28590,0.78879,0.20495,0.75513,-0.28467,0.55384,0.07589,0.73384,0.18342,
1403638189495096832,7.05432,-11.20997,0.80271,0.19219,0.76933,-0.27588,0.54322,0.03870,0.74973,0.22553,
1403638189595097088,7.05823,-11.13475,0.82513,0.18289,0.77763,-0.27012,0.53747,0.04301,0.72772,0.32633,
1403638189695097088,7.06186,-11.06145,0.84880,0.17415,0.78394,-0.26760,0.53245,0.05924,0.69815,0.29476,
1403638189795097088,7.06650,-10.99018,0.86754,0.16648,0.78909,-0.26867,0.52672,0.06952,0.65567,0.21801,
1403638189895097088,7.06831,-10.92523,0.88200,0.16372,0.79437,-0.26839,0.51975,0.10063,0.60463,0.16709,
1403638189995096832,7.07768,-10.86702,0.89133,0.16384,0.79571,-0.26816,0.51778,0.14250,0.54030,0.11042,
1403638190095097088,7.09278,-10.81499,0.89776,0.16753,0.79034,-0.26625,0.52575,0.19115,0.48724,0.07568,
1403638190195097088,7.10903,-10.76733,0.90144,0.17424,0.78273,-0.26290,0.53653,0.20780,0.45977,0.00799,
1403638190295097088,7.13067,-10.71989,0.89716,0.18793,0.77589,-0.25232,0.54682,0.21031,0.47225,-0.04761,
1403638190395097088,7.15140,-10.67065,0.88673,0.19986,0.77316,-0.23581,0.55377,0.20992,0.52222,-0.09469,
1403638190495096832,7.17167,-10.61181,0.87426,0.20445,0.77473,-0.22294,0.55524,0.20311,0.60449,-0.16288,
1403638190595097088,7.19177,-10.54572,0.85684,0.19867,0.77762,-0.21825,0.55516,0.20716,0.68177,-0.18788,
1403638190695097088,7.21267,-10.47299,0.83902,0.19190,0.77927,-0.21644,0.55594,0.19709,0.75102,-0.16892,
1403638190795097088,7.23343,-10.39351,0.82469,0.18354,0.77952,-0.21689,0.55823,0.17435,0.82333,-0.15639,
1403638190895097088,7.25312,-10.30969,0.81724,0.17226,0.78000,-0.22106,0.55952,0.17936,0.85151,-0.04828,
1403638190995096832,7.27016,-10.22145,0.81957,0.16687,0.78003,-0.22222,0.56065,0.13557,0.88801,0.02913,
1403638191095097088,7.28625,-10.13229,0.82987,0.16570,0.77703,-0.22165,0.56536,0.09891,0.90667,0.10319,
1403638191195097088,7.29555,-10.04241,0.84367,0.16335,0.78077,-0.22282,0.56041,0.07571,0.91287,0.14859,
1403638191295097088,7.31065,-9.95127,0.86759,0.15914,0.78815,-0.22645,0.54974,0.06672,0.92384,0.20289,
1403638191395097088,7.32279,-9.86234,0.89150,0.15953,0.79283,-0.22682,0.54270,0.07630,0.90916,0.19692,
1403638191495096832,7.33737,-9.77482,0.91248,0.15866,0.79417,-0.22878,0.54016,0.11415,0.88875,0.15648,
1403638191595097088,7.35061,-9.68835,0.92794,0.16089,0.79424,-0.22834,0.53959,0.13564,0.87610,0.08909,
1403638191695097088,7.37221,-9.60560,0.93846,0.16461,0.79508,-0.22666,0.53793,0.17341,0.85402,0.03614,
1403638191795097088,7.39352,-9.52122,0.94230,0.17064,0.79620,-0.22320,0.53585,0.21710,0.85493,-0.01166,
1403638191895097088,7.42493,-9.43485,0.94003,0.17312,0.79658,-0.22265,0.53470,0.26523,0.86171,-0.04581,
1403638191995096832,7.45404,-9.34873,0.93764,0.17233,0.79657,-0.22323,0.53473,0.30285,0.86903,-0.01562,
1403638192095097088,7.48912,-9.26125,0.94224,0.17389,0.79649,-0.22232,0.53473,0.35278,0.88160,0.06884,
1403638192195097088,7.53901,-9.17403,0.95530,0.17176,0.79482,-0.22408,0.53717,0.42078,0.88302,0.18404,
1403638192295097088,7.58231,-9.08533,0.97978,0.16986,0.79012,-0.22493,0.54430,0.46516,0.88090,0.28501,
1403638192395097088,7.63348,-8.98685,1.00891,0.16938,0.78562,-0.22515,0.55083,0.48382,0.89806,0.34805,
1403638192495096832,7.68401,-8.88418,1.04404,0.16878,0.78327,-0.22544,0.55423,0.47074,0.92344,0.42188,
1403638192595097088,7.73241,-8.78261,1.08374,0.17048,0.77955,-0.22460,0.55927,0.46262,0.94475,0.44435,
1403638192695097088,7.77908,-8.68177,1.12779,0.17164,0.77229,-0.22440,0.56898,0.43058,0.97708,0.39956,
1403638192795097088,7.82055,-8.57837,1.16470,0.17227,0.76512,-0.22429,0.57846,0.37347,1.01101,0.33564,
1403638192895097088,7.85355,-8.47406,1.19660,0.16898,0.75678,-0.22613,0.58957,0.30067,1.05425,0.31044,
1403638192995096832,7.87844,-8.36597,1.22551,0.16080,0.74448,-0.23025,0.60570,0.18991,1.07669,0.27144,
1403638193095097088,7.88732,-8.25726,1.25371,0.15165,0.74203,-0.22982,0.61121,0.03869,1.09825,0.29112,
1403638193195097088,7.88090,-8.14633,1.28601,0.14691,0.75176,-0.22265,0.60308,-0.09997,1.10815,0.37027,
1403638193295097088,7.85905,-8.03697,1.32702,0.14489,0.76051,-0.21433,0.59556,-0.25271,1.12899,0.46909,
1403638193395097088,7.82561,-7.92794,1.37832,0.14785,0.76641,-0.20458,0.59067,-0.33723,1.12138,0.55623,
1403638193495096832,7.78681,-7.81716,1.43227,0.14968,0.76752,-0.19801,0.59102,-0.40387,1.13410,0.53591,
1403638193595097088,7.73586,-7.70779,1.47965,0.14836,0.76944,-0.19479,0.58993,-0.47977,1.15981,0.45012,
1403638193695097088,7.68109,-7.59325,1.51785,0.14512,0.77708,-0.19497,0.58058,-0.54444,1.17537,0.36675,
1403638193795097088,7.62518,-7.47350,1.55113,0.14003,0.78455,-0.19740,0.57088,-0.58709,1.18500,0.30401,
1403638193895097088,7.56601,-7.35371,1.57795,0.13868,0.78873,-0.19866,0.56499,-0.60701,1.18451,0.25787,
1403638193995096832,7.50644,-7.23472,1.60064,0.13713,0.79108,-0.20027,0.56150,-0.59617,1.18009,0.20386,
1403638194095097088,7.44746,-7.11758,1.61795,0.13956,0.78902,-0.19969,0.56400,-0.59418,1.16110,0.15743,
1403638194195097088,7.38826,-7.00262,1.63060,0.14225,0.78360,-0.19895,0.57109,-0.60957,1.15079,0.10518,
1403638194295097088,7.32661,-6.88820,1.63592,0.14340,0.78044,-0.19894,0.57513,-0.63663,1.16432,0.03240,
1403638194395097088,7.26645,-6.76844,1.64283,0.14132,0.78433,-0.20169,0.56936,-0.65815,1.16834,0.07154,
1403638194495096832,7.19401,-6.65779,1.64507,0.13795,0.78805,-0.20443,0.56406,-0.68181,1.14468,0.12634,
1403638194595097088,7.12339,-6.54461,1.65671,0.13756,0.79171,-0.20548,0.55861,-0.71701,1.14613,0.15431,
1403638194695097088,7.05395,-6.43503,1.67208,0.13620,0.79722,-0.20713,0.55044,-0.68715,1.10962,0.16270,
1403638194795097088,6.98570,-6.32863,1.68431,0.13631,0.80119,-0.20805,0.54427,-0.66508,1.07526,0.12705,
1403638194895097088,6.91910,-6.22464,1.69167,0.13675,0.80420,-0.20863,0.53947,-0.63225,1.04121,0.05719,
1403638194995096832,6.85694,-6.12372,1.69579,0.13677,0.80581,-0.20872,0.53703,-0.59662,1.00191,-0.00005,
1403638195095097088,6.80234,-6.02606,1.69535,0.13711,0.80695,-0.20862,0.53527,-0.53922,0.96853,-0.05453,
1403638195195097088,6.75225,-5.93274,1.68871,0.13483,0.81034,-0.21053,0.52994,-0.48570,0.93928,-0.11427,
1403638195295097088,6.70817,-5.84067,1.67595,0.13031,0.81831,-0.21370,0.51742,-0.41398,0.88628,-0.15084,
1403638195395097088,6.67356,-5.76042,1.66123,0.12912,0.82083,-0.21424,0.51348,-0.30559,0.80819,-0.15246,
1403638195495096832,6.64858,-5.68498,1.64613,0.13217,0.81215,-0.21236,0.52711,-0.22669,0.75435,-0.16685,
1403638195595097088,6.62906,-5.61352,1.62659,0.13554,0.80267,-0.20986,0.54158,-0.17763,0.71308,-0.21550,
1403638195695097088,6.61692,-5.54794,1.60625,0.13653,0.80011,-0.20880,0.54552,-0.15071,0.68226,-0.20560,
1403638195795097088,6.60653,-5.48538,1.58989,0.13472,0.80203,-0.20950,0.54287,-0.11604,0.64879,-0.14597,
1403638195895097088,6.59511,-5.41953,1.57872,0.13356,0.80690,-0.20982,0.53576,-0.07690,0.61538,-0.07985,
1403638195995096832,6.58955,-5.36020,1.57440,0.13153,0.81128,-0.21085,0.52921,-0.00296,0.56047,-0.00563,
1403638196095097088,6.59238,-5.30693,1.58381,0.13158,0.81154,-0.21059,0.52890,0.08476,0.50015,0.10062,
1403638196195097088,6.59742,-5.25514,1.60048,0.13373,0.80689,-0.20859,0.53622,0.13121,0.46220,0.19955,
1403638196295097088,6.60277,-5.20281,1.61726,0.13578,0.80181,-0.20690,0.54394,0.13838,0.45449,0.19626,
1403638196395097088,6.61358,-5.15629,1.63200,0.13583,0.80006,-0.20668,0.54657,0.14236,0.45208,0.11544,
1403638196495096832,6.62592,-5.11175,1.64012,0.13535,0.80048,-0.20729,0.54584,0.15552,0.42757,0.03847,
1403638196595097088,6.64208,-5.07213,1.64248,0.13282,0.80360,-0.20974,0.54091,0.17264,0.40549,-0.03565,
1403638196695097088,6.66116,-5.03370,1.63799,0.12955,0.80968,-0.21291,0.53133,0.20959,0.35874,-0.08913,
1403638196795097088,6.68427,-5.00019,1.62828,0.12947,0.81192,-0.21362,0.52763,0.25545,0.32065,-0.11875,
1403638196895097088,6.71300,-4.97320,1.61755,0.13054,0.80951,-0.21322,0.53122,0.31238,0.26416,-0.12533,
1403638196995096832,6.74739,-4.94979,1.60954,0.13259,0.80439,-0.21143,0.53913,0.34773,0.21974,-0.05503,
1403638197095097088,6.78426,-4.93009,1.60815,0.13427,0.80088,-0.21056,0.54427,0.35350,0.20363,-0.00476,
1403638197195097088,6.82050,-4.91380,1.61315,0.13729,0.79965,-0.20838,0.54615,0.38900,0.17134,0.05572,
1403638197295097088,6.85977,-4.89747,1.62268,0.14473,0.79723,-0.20295,0.54981,0.39526,0.16715,0.15466,
1403638197395097088,6.89850,-4.88045,1.64168,0.15340,0.79477,-0.19661,0.55332,0.39403,0.18807,0.19779,
1403638197495096832,6.93934,-4.86082,1.66564,0.15684,0.79263,-0.19402,0.55631,0.39834,0.23249,0.26856,
1403638197595097088,6.97917,-4.83863,1.69486,0.15570,0.79134,-0.19439,0.55834,0.39109,0.26044,0.32353,
1403638197695097088,7.01884,-4.81069,1.72868,0.15582,0.79109,-0.19406,0.55878,0.39212,0.29168,0.34341,
1403638197795097088,7.05826,-4.78032,1.75833,0.15518,0.79099,-0.19405,0.55910,0.38334,0.31972,0.28352,
1403638197895097088,7.09826,-4.74854,1.78557,0.15077,0.78749,-0.19641,0.56441,0.38587,0.33923,0.23066,
1403638197995096832,7.13511,-4.71358,1.80517,0.14939,0.77828,-0.19649,0.57737,0.35706,0.36531,0.09065,
1403638198095097088,7.16995,-4.67614,1.80293,0.14818,0.77566,-0.19685,0.58107,0.30774,0.38854,-0.11972,
1403638198195097088,7.19957,-4.63491,1.78283,0.14501,0.77861,-0.19886,0.57724,0.24467,0.42489,-0.30204,
1403638198295097088,7.22710,-4.58774,1.75268,0.14502,0.78201,-0.19913,0.57252,0.20146,0.45637,-0.37209,
1403638198395097088,7.25122,-4.53843,1.71743,0.14650,0.78589,-0.19803,0.56718,0.17506,0.47179,-0.41385,
1403638198495096832,7.27741,-4.48616,1.68027,0.15227,0.78923,-0.19424,0.56231,0.16501,0.49722,-0.44082,
1403638198595097088,7.29598,-4.43275,1.63648,0.16534,0.79143,-0.18466,0.55876,0.16405,0.53685,-0.44965,
1403638198695097088,7.32211,-4.37255,1.59548,0.18264,0.79076,-0.17220,0.55829,0.18336,0.61743,-0.42879,
1403638198795097088,7.34107,-4.30516,1.55535,0.19524,0.78860,-0.16244,0.56000,0.18912,0.75253,-0.34761,
1403638198895097088,7.37034,-4.21974,1.52978,0.19815,0.78828,-0.15988,0.56017,0.20206,0.90129,-0.25290,
1403638198995096832,7.39171,-4.12328,1.50665,0.19564,0.78944,-0.16166,0.55890,0.21186,1.04339,-0.17984,
1403638199095097088,7.42381,-4.01045,1.49973,0.19240,0.79044,-0.16436,0.55783,0.26076,1.16787,-0.05455,
1403638199195097088,7.44882,-3.88739,1.49896,0.18991,0.78931,-0.16677,0.55957,0.27518,1.29573,0.05102,
1403638199295097088,7.48348,-3.75117,1.51204,0.18836,0.78596,-0.16784,0.56447,0.30657,1.40574,0.15417,
1403638199395097088,7.51101,-3.60527,1.52674,0.19072,0.78472,-0.16665,0.56574,0.27690,1.51713,0.19552,
1403638199495096832,7.54374,-3.44623,1.55008,0.19483,0.78699,-0.16497,0.56168,0.28393,1.63258,0.26868,
1403638199595097088,7.57416,-3.27689,1.57927,0.19528,0.79098,-0.16125,0.55697,0.32018,1.75118,0.31424,
1403638199695097088,7.60843,-3.09680,1.61431,0.18582,0.79317,-0.15715,0.55826,0.34147,1.87800,0.37681,
1403638199795097088,7.64291,-2.91014,1.65349,0.16662,0.79586,-0.16022,0.55963,0.33952,1.94367,0.34304,
1403638199895097088,7.67966,-2.71757,1.68797,0.15117,0.79818,-0.16262,0.56000,0.34590,1.97853,0.28804,
1403638199995096832,7.71785,-2.52095,1.71607,0.14184,0.79956,-0.16159,0.56078,0.35405,2.00326,0.24927,
1403638200095097088,7.75445,-2.32247,1.74162,0.13652,0.80167,-0.15314,0.56147,0.35344,2.01188,0.20503,
1403638200195097088,7.79011,-2.12151,1.76700,0.13564,0.80136,-0.13623,0.56645,0.35209,2.04076,0.25503,
1403638200295097088,7.82431,-1.91534,1.79706,0.12855,0.79832,-0.11966,0.57606,0.33824,2.09705,0.31788,
1403638200395097088,7.85554,-1.70401,1.83396,0.12018,0.79631,-0.10338,0.58375,0.32110,2.14332,0.38063,
1403638200495096832,7.88050,-1.48741,1.87581,0.11900,0.79866,-0.08586,0.58362,0.29379,2.19559,0.45767,
1403638200595097088,7.90307,-1.26396,1.92352,0.11621,0.80160,-0.07043,0.58221,0.25249,2.27796,0.50938,
1403638200695097088,7.92247,-1.03175,1.97543,0.11541,0.80361,-0.05173,0.58156,0.23625,2.35133,0.54404,
1403638200795097088,7.93865,-0.79119,2.02756,0.11044,0.80750,-0.03985,0.57807,0.20014,2.43730,0.51683,
1403638200895097088,7.95160,-0.54245,2.07597,0.10272,0.81095,-0.03526,0.57495,0.18604,2.52520,0.44728,
1403638200995096832,7.96575,-0.28617,2.11764,0.08658,0.81150,-0.04044,0.57649,0.17455,2.58840,0.38377,
1403638201095097088,7.97811,-0.02466,2.15115,0.07458,0.81091,-0.04581,0.57859,0.15217,2.61918,0.29937,
1403638201195097088,7.98626,0.23916,2.17755,0.06903,0.81047,-0.04950,0.57959,0.12507,2.63427,0.23254,
1403638201295097088,7.99226,0.50250,2.19554,0.06688,0.80990,-0.05263,0.58036,0.09837,2.64108,0.15833,
1403638201395097088,7.99512,0.76580,2.20749,0.06951,0.81013,-0.05256,0.57973,0.07398,2.63617,0.09751,
1403638201495096832,7.99716,1.02848,2.21020,0.07010,0.80882,-0.05463,0.58130,0.05521,2.64357,0.01605,
1403638201595097088,7.99891,1.29187,2.20570,0.07363,0.80722,-0.05480,0.58307,0.02957,2.65034,-0.05027,
1403638201695097088,7.99778,1.55464,2.19319,0.07332,0.80574,-0.05680,0.58496,-0.00822,2.64902,-0.14860,
1403638201795097088,7.99668,1.81869,2.17307,0.07516,0.80568,-0.05744,0.58475,-0.04173,2.65018,-0.22294,
1403638201895097088,7.99349,2.08506,2.14755,0.07335,0.80578,-0.05901,0.58469,-0.07502,2.66852,-0.25955,
1403638201995096832,7.98568,2.35455,2.12442,0.06941,0.80676,-0.05473,0.58424,-0.13755,2.68941,-0.21144,
1403638202095097088,7.97300,2.62677,2.10661,0.05899,0.80835,-0.05237,0.58339,-0.18158,2.69635,-0.17605,
1403638202195097088,7.95688,2.89672,2.09514,0.04730,0.81221,-0.05225,0.57910,-0.22864,2.67558,-0.10987,
1403638202295097088,7.93822,3.16355,2.08988,0.03952,0.81726,-0.05109,0.57264,-0.21416,2.64115,-0.03153,
1403638202395097088,7.92561,3.42600,2.09127,0.03568,0.81903,-0.04952,0.57049,-0.18695,2.58612,-0.01908,
1403638202495096832,7.91576,3.68318,2.08951,0.03309,0.82000,-0.04820,0.56937,-0.16132,2.54659,-0.08488,
1403638202595097088,7.90958,3.93443,2.07950,0.02874,0.82100,-0.05000,0.56801,-0.13181,2.48420,-0.15309,
1403638202695097088,7.90482,4.18003,2.06144,0.02795,0.82241,-0.05058,0.56596,-0.09582,2.42187,-0.19415,
1403638202795097088,7.90052,4.42040,2.03713,0.02940,0.82207,-0.05027,0.56640,-0.07880,2.35510,-0.24153,
1403638202895097088,7.89703,4.65374,2.00896,0.03121,0.82091,-0.04966,0.56804,-0.06675,2.31252,-0.25627,
1403638202995096832,7.89265,4.88208,1.98191,0.03022,0.82023,-0.05119,0.56894,-0.06769,2.26373,-0.22524,
1403638203095097088,7.88643,5.10498,1.95876,0.02982,0.81957,-0.05175,0.56985,-0.07939,2.20779,-0.16572,
1403638203195097088,7.88026,5.32420,1.94531,0.03330,0.81690,-0.04973,0.57366,-0.08350,2.16220,-0.09349,
1403638203295097088,7.87175,5.53615,1.93792,0.03391,0.81398,-0.04903,0.57783,-0.10860,2.12007,-0.02996,
1403638203395097088,7.86175,5.74397,1.93159,0.03223,0.81274,-0.04970,0.57960,-0.12563,2.06978,-0.07355,
1403638203495096832,7.85033,5.94860,1.91893,0.03059,0.81276,-0.05089,0.57957,-0.13244,2.02823,-0.13426,
1403638203595097088,7.83778,6.15039,1.90210,0.02774,0.81305,-0.05293,0.57912,-0.15178,1.97837,-0.14737,
1403638203695097088,7.82213,6.34522,1.88823,0.02725,0.81421,-0.05290,0.57751,-0.17780,1.92661,-0.08931,
1403638203795097088,7.80344,6.53559,1.88219,0.02880,0.81401,-0.05175,0.57783,-0.18871,1.86900,-0.01485,
1403638203895097088,7.78318,6.71998,1.88230,0.02909,0.81353,-0.05065,0.57859,-0.22012,1.81572,0.04296,
1403638203995096832,7.76032,6.90056,1.88931,0.02749,0.81403,-0.05042,0.57797,-0.23546,1.77086,0.09627,
1403638204095097088,7.73494,7.07540,1.90400,0.02568,0.81623,-0.05018,0.57497,-0.25840,1.72937,0.18454,
1403638204195097088,7.71007,7.24751,1.92471,0.02031,0.81879,-0.05295,0.57129,-0.25946,1.67893,0.25323,
1403638204295097088,7.68540,7.41456,1.95120,0.01139,0.82227,-0.05920,0.56590,-0.24001,1.61694,0.29274,
1403638204395097088,7.66161,7.57384,1.97948,0.00076,0.82652,-0.06783,0.55881,-0.22035,1.52249,0.30975,
1403638204495096832,7.63980,7.72397,2.00610,-0.00333,0.82775,-0.07243,0.55639,-0.19736,1.42380,0.26012,
1403638204595097088,7.62104,7.86524,2.02726,-0.00492,0.82581,-0.07319,0.55915,-0.16338,1.32731,0.19229,
1403638204695097088,7.60438,7.99473,2.04105,-0.00510,0.82572,-0.06577,0.56021,-0.14752,1.24043,0.12435,
1403638204795097088,7.58858,8.11219,2.04703,-0.00283,0.82633,-0.04862,0.56108,-0.13640,1.15480,0.05165,
1403638204895097088,7.57556,8.22265,2.04629,0.00067,0.82469,-0.02164,0.56517,-0.11888,1.11851,-0.02655,
1403638204995096832,7.56349,8.33146,2.03880,-0.00640,0.82376,0.00802,0.56685,-0.11022,1.10749,-0.08521,
1403638205095097088,7.55348,8.44030,2.02611,-0.02056,0.82200,0.04277,0.56751,-0.10079,1.12330,-0.13134,
1403638205195097088,7.54221,8.55125,2.01460,-0.04568,0.81832,0.07933,0.56743,-0.10680,1.13508,-0.07929,
1403638205295097088,7.53103,8.66386,2.00998,-0.07308,0.81204,0.11964,0.56652,-0.10260,1.14396,0.00574,
1403638205395097088,7.51967,8.77801,2.01409,-0.10092,0.80202,0.15997,0.56656,-0.11073,1.14189,0.08658,
1403638205495096832,7.50638,8.89027,2.02629,-0.11935,0.78993,0.19824,0.56786,-0.13153,1.12362,0.15056,
1403638205595097088,7.48837,9.00094,2.04596,-0.12671,0.77836,0.22989,0.57031,-0.20100,1.11304,0.22878,
1403638205695097088,7.46256,9.11242,2.07315,-0.12929,0.76601,0.25283,0.57670,-0.27028,1.14283,0.28845,
1403638205795097088,7.42878,9.22791,2.10460,-0.13589,0.75763,0.26972,0.57860,-0.38039,1.18815,0.31455,
1403638205895097088,7.38139,9.34758,2.14108,-0.14696,0.75288,0.28629,0.57412,-0.48987,1.24111,0.35817,
1403638205995096832,7.32361,9.47247,2.18453,-0.16501,0.74844,0.30180,0.56703,-0.59242,1.29167,0.43338,
1403638206095097088,7.25754,9.59957,2.23383,-0.18182,0.74231,0.31892,0.56054,-0.70177,1.29150,0.48652,
1403638206195097088,7.18165,9.72626,2.28635,-0.19807,0.73419,0.33550,0.55604,-0.77806,1.30155,0.48471,
1403638206295097088,7.09781,9.85275,2.33559,-0.21500,0.72611,0.34949,0.55172,-0.85673,1.30721,0.42756,
1403638206395097088,7.00806,9.97946,2.37786,-0.23491,0.72203,0.35534,0.54519,-0.90679,1.26190,0.36824,
1403638206495096832,6.91402,10.10425,2.41551,-0.24877,0.71834,0.35800,0.54216,-0.94966,1.22236,0.30847,
1403638206595097088,6.81479,10.22244,2.44641,-0.25667,0.71551,0.35970,0.54110,-0.98749,1.16273,0.24215,
1403638206695097088,6.71229,10.33636,2.47008,-0.26407,0.71255,0.36213,0.53982,-1.03492,1.11660,0.18079,
1403638206795097088,6.60653,10.44521,2.48623,-0.27012,0.70990,0.36913,0.53555,-1.06412,1.04695,0.11108,
1403638206895097088,6.49813,10.54731,2.49690,-0.27452,0.70642,0.37473,0.53403,-1.08541,0.99924,0.05587,
1403638206995096832,6.38900,10.64541,2.49933,-0.28077,0.70285,0.37622,0.53445,-1.10975,0.93879,-0.00182,
1403638207095097088,6.27703,10.73252,2.49437,-0.28392,0.69931,0.37757,0.53646,-1.12748,0.85825,-0.07231,
1403638207195097088,6.16202,10.81094,2.48057,-0.28798,0.69778,0.37805,0.53595,-1.17068,0.77458,-0.16946,
1403638207295097088,6.04196,10.88263,2.46120,-0.29232,0.69344,0.38334,0.53548,-1.21448,0.69329,-0.23415,
1403638207395097088,5.91601,10.95002,2.43618,-0.30142,0.68603,0.39111,0.53436,-1.25787,0.62233,-0.26617,
1403638207495096832,5.78542,11.00770,2.41416,-0.31221,0.67648,0.40440,0.53043,-1.31570,0.51674,-0.21210,
1403638207595097088,5.65154,11.05604,2.39783,-0.32000,0.67112,0.42025,0.52018,-1.35050,0.40616,-0.14453,
1403638207695097088,5.51597,11.09277,2.38642,-0.32621,0.67234,0.43285,0.50417,-1.34655,0.31366,-0.08049,
1403638207795097088,5.38084,11.12240,2.38397,-0.33145,0.67337,0.44083,0.49233,-1.33032,0.24673,0.01611,
1403638207895097088,5.24825,11.14547,2.38789,-0.33258,0.67714,0.44712,0.48057,-1.29140,0.20791,0.09974,
1403638207995096832,5.11867,11.16570,2.39767,-0.33183,0.67871,0.45081,0.47541,-1.25056,0.17450,0.13112,
1403638208095097088,4.99452,11.18054,2.40850,-0.33284,0.67755,0.45097,0.47620,-1.21885,0.12744,0.08533,
1403638208195097088,4.87232,11.19296,2.41441,-0.33770,0.67479,0.44697,0.48046,-1.18570,0.09491,0.02043,
1403638208295097088,4.75321,11.20290,2.41257,-0.33721,0.67371,0.44540,0.48376,-1.16598,0.06333,-0.05453,
1403638208395097088,4.63665,11.20792,2.40197,-0.33351,0.67680,0.44655,0.48094,-1.14419,0.02041,-0.13291,
1403638208495096832,4.52102,11.20805,2.38833,-0.33209,0.67793,0.44969,0.47740,-1.13133,-0.00923,-0.11257,
1403638208595097088,4.40509,11.20502,2.38067,-0.33475,0.67528,0.45728,0.47206,-1.11510,-0.04248,-0.03909,
1403638208695097088,4.29076,11.19924,2.38020,-0.34143,0.66962,0.46482,0.46795,-1.09284,-0.05833,0.03176,
1403638208795097088,4.18029,11.19171,2.38736,-0.34814,0.66500,0.47078,0.46362,-1.05181,-0.09223,0.09915,
1403638208895097088,4.07529,11.18271,2.39528,-0.35188,0.65963,0.47635,0.46277,-1.01873,-0.10675,0.06214,
1403638208995096832,3.97511,11.17082,2.39727,-0.35459,0.65555,0.48063,0.46207,-0.98860,-0.14456,-0.02225,
1403638209095097088,3.87711,11.15527,2.39223,-0.35741,0.65378,0.48292,0.46001,-0.96585,-0.17310,-0.09596,
1403638209195097088,3.78036,11.13793,2.38000,-0.35784,0.65292,0.48471,0.45903,-0.93991,-0.20184,-0.15094,
1403638209295097088,3.68672,11.11782,2.36105,-0.35973,0.65300,0.48452,0.45763,-0.90647,-0.21455,-0.21795,
1403638209395097088,3.59479,11.09567,2.33737,-0.36090,0.65347,0.48421,0.45636,-0.88250,-0.23189,-0.27051,
1403638209495096832,3.50852,11.07005,2.30657,-0.36284,0.65279,0.48309,0.45698,-0.84062,-0.24624,-0.34144,
1403638209595097088,3.42307,11.04323,2.26336,-0.36452,0.65136,0.48151,0.45936,-0.80983,-0.27243,-0.52550,
1403638209695097088,3.34063,11.01327,2.20105,-0.36402,0.65300,0.48068,0.45828,-0.78042,-0.29728,-0.70952,
1403638209795097088,3.25775,10.98010,2.12085,-0.36113,0.65179,0.48206,0.46084,-0.76315,-0.32369,-0.88504,
1403638209895097088,3.17976,10.94480,2.02729,-0.35947,0.64975,0.48258,0.46446,-0.74710,-0.35573,-0.97984,
1403638209995096832,3.10144,10.90565,1.92538,-0.36112,0.64595,0.48088,0.47020,-0.74218,-0.39325,-1.00732,
1403638210095097088,3.02620,10.86407,1.82508,-0.36460,0.64189,0.47788,0.47610,-0.73497,-0.44146,-0.96010,
1403638210195097088,2.95050,10.81367,1.73102,-0.36849,0.63848,0.47492,0.48064,-0.74341,-0.53404,-0.90079,
1403638210295097088,2.87734,10.75601,1.64226,-0.36924,0.63881,0.47431,0.48022,-0.74544,-0.62635,-0.84918,
1403638210395097088,2.80354,10.68827,1.55701,-0.36845,0.63947,0.47474,0.47953,-0.74439,-0.70516,-0.86096,
1403638210495096832,2.72854,10.61499,1.46973,-0.36932,0.63976,0.47394,0.47926,-0.73603,-0.76959,-0.90033,
1403638210595097088,2.65473,10.53534,1.37567,-0.36916,0.63930,0.47360,0.48033,-0.73773,-0.83256,-0.96056,
1403638210695097088,2.58062,10.44883,1.27793,-0.37160,0.63968,0.47130,0.48021,-0.72845,-0.90132,-0.97216,
1403638210795097088,2.50669,10.35535,1.18415,-0.37150,0.63982,0.47105,0.48034,-0.73372,-0.98945,-0.91328,
1403638210895097088,2.43426,10.25376,1.09581,-0.37110,0.64294,0.47157,0.47596,-0.71638,-1.04073,-0.83737,
1403638210995096832,2.36537,10.14759,1.01580,-0.36860,0.64631,0.47381,0.47108,-0.70955,-1.11310,-0.77975,
1403638211095097088,2.30062,10.03495,0.94651,-0.36711,0.64907,0.47557,0.46666,-0.68093,-1.14116,-0.66060,
1403638211195097088,2.23675,9.91934,0.88719,-0.36666,0.65188,0.47654,0.46208,-0.64297,-1.15226,-0.59133,
1403638211295097088,2.17622,9.80606,0.83729,-0.36494,0.65306,0.47730,0.46100,-0.60187,-1.15043,-0.50778,
1403638211395097088,2.11942,9.68917,0.79155,-0.36165,0.65630,0.47348,0.46292,-0.56396,-1.18762,-0.52549,
1403638211495096832,2.06450,9.56722,0.73629,-0.35593,0.66303,0.46528,0.46606,-0.53626,-1.22863,-0.56516,
1403638211595097088,2.01364,9.44261,0.67868,-0.34988,0.67215,0.45239,0.47025,-0.50090,-1.25634,-0.63521,
1403638211695097088,1.96474,9.31448,0.61675,-0.34274,0.68263,0.43466,0.47710,-0.46071,-1.29227,-0.67660,
1403638211795097088,1.91879,9.18355,0.54921,-0.33220,0.69666,0.41401,0.48260,-0.41722,-1.32591,-0.67270,
1403638211895097088,1.87919,9.04792,0.48367,-0.32217,0.71104,0.39096,0.48763,-0.36577,-1.34729,-0.63446,
1403638211995096832,1.84439,8.91079,0.42638,-0.30850,0.72345,0.36950,0.49489,-0.31020,-1.38554,-0.53961,
1403638212095097088,1.81672,8.76941,0.37577,-0.29385,0.73347,0.34989,0.50324,-0.24573,-1.41030,-0.46552,
1403638212195097088,1.79125,8.62636,0.33353,-0.27664,0.74141,0.33210,0.51331,-0.20427,-1.44701,-0.37591,
1403638212295097088,1.77147,8.47812,0.30028,-0.26112,0.74981,0.31281,0.52130,-0.19784,-1.48780,-0.27460,
1403638212395097088,1.75227,8.32699,0.27142,-0.24420,0.75717,0.29463,0.52940,-0.16351,-1.50327,-0.21530,
1403638212495096832,1.73325,8.17224,0.25096,-0.22990,0.76442,0.27414,0.53634,-0.16332,-1.55551,-0.12816,
1403638212595097088,1.71577,8.01328,0.23532,-0.21576,0.77226,0.25356,0.54108,-0.15175,-1.57938,-0.06446,
1403638212695097088,1.69919,7.85173,0.22735,-0.20196,0.77981,0.23188,0.54528,-0.14980,-1.61031,-0.00232,
1403638212795097088,1.68394,7.68776,0.22816,-0.18508,0.78620,0.21099,0.55056,-0.14576,-1.63828,0.05812,
1403638212895097088,1.67106,7.52207,0.23224,-0.17010,0.79323,0.18697,0.55399,-0.14947,-1.66245,0.08512,
1403638212995096832,1.65932,7.35376,0.24109,-0.15217,0.79976,0.16302,0.55737,-0.12594,-1.68736,0.14807,
1403638213095097088,1.65022,7.18585,0.25798,-0.13535,0.80533,0.13662,0.56077,-0.10764,-1.69812,0.17572,
1403638213195097088,1.64121,7.01708,0.27327,-0.12083,0.81308,0.10798,0.55915,-0.09677,-1.71344,0.11976,
1403638213295097088,1.63500,6.84485,0.28219,-0.10927,0.82284,0.07736,0.55227,-0.05576,-1.73816,0.06307,
1403638213395097088,1.63469,6.66966,0.28616,-0.09919,0.83156,0.04576,0.54459,-0.00531,-1.77112,0.00334,
1403638213495096832,1.64104,6.48846,0.28569,-0.09031,0.83627,0.01430,0.54065,0.06473,-1.84214,-0.03537,
1403638213595097088,1.65426,6.29967,0.28137,-0.07324,0.83438,-0.00644,0.54627,0.14965,-1.91018,-0.03918,
1403638213695097088,1.67323,6.10485,0.27844,-0.05028,0.82579,-0.01319,0.56157,0.18491,-1.95103,0.00585,
1403638213795097088,1.69590,5.90978,0.28052,-0.03092,0.81903,-0.01417,0.57274,0.21088,-1.95861,0.05632,
1403638213895097088,1.71984,5.71569,0.28869,-0.02013,0.81620,-0.01467,0.57724,0.22449,-1.95158,0.11540,
1403638213995096832,1.74203,5.52038,0.30070,-0.01560,0.81686,-0.01438,0.57645,0.19893,-1.93653,0.15306,
1403638214095097088,1.76150,5.32548,0.31715,-0.01281,0.82270,-0.01217,0.56820,0.19308,-1.91836,0.18246,
1403638214195097088,1.78103,5.13197,0.33830,-0.01354,0.82953,-0.00965,0.55821,0.22139,-1.89090,0.22543,
1403638214295097088,1.80397,4.94030,0.35718,-0.01545,0.83466,-0.00656,0.55051,0.25157,-1.86816,0.16616,
1403638214395097088,1.83196,4.75022,0.36940,-0.01695,0.83800,-0.00269,0.54540,0.31374,-1.85535,0.11009,
1403638214495096832,1.86619,4.56166,0.37669,-0.01854,0.83586,0.00173,0.54862,0.36595,-1.84952,0.05281,
1403638214595097088,1.90294,4.37432,0.37962,-0.01975,0.82954,0.00564,0.55807,0.39806,-1.82701,-0.00565,
1403638214695097088,1.94272,4.18842,0.37754,-0.02160,0.82288,0.00915,0.56774,0.40119,-1.81188,-0.04673,
1403638214795097088,1.98196,4.00643,0.37075,-0.02353,0.81762,0.01226,0.57515,0.38197,-1.78486,-0.09721,
1403638214895097088,2.01875,3.82746,0.35836,-0.02463,0.81451,0.01520,0.57943,0.35787,-1.76441,-0.16447,
1403638214995096832,2.05592,3.65219,0.34014,-0.02552,0.81269,0.01703,0.58189,0.34521,-1.73730,-0.22011,
1403638215095097088,2.09206,3.47895,0.31621,-0.02533,0.81255,0.01898,0.58203,0.32224,-1.70872,-0.25773,
1403638215195097088,2.12427,3.30661,0.28941,-0.02511,0.81381,0.01995,0.58024,0.29314,-1.68562,-0.30106,
1403638215295097088,2.15723,3.13654,0.26000,-0.02163,0.81580,0.02244,0.57749,0.28425,-1.65487,-0.31061,
1403638215395097088,2.18879,2.97055,0.23022,-0.01745,0.81650,0.02499,0.57654,0.29217,-1.60624,-0.28022,
1403638215495096832,2.21932,2.81016,0.20731,-0.01373,0.81613,0.02785,0.57703,0.27834,-1.55764,-0.19263,
1403638215595097088,2.24728,2.65663,0.19336,-0.01240,0.81492,0.02869,0.57873,0.25831,-1.49627,-0.12071,
1403638215695097088,2.27247,2.50973,0.18482,-0.01567,0.81421,0.02654,0.57976,0.23097,-1.43481,-0.06918,
1403638215795097088,2.29522,2.36762,0.17858,-0.01848,0.81381,0.02263,0.58040,0.20786,-1.40430,-0.09083,
1403638215895097088,2.31361,2.22940,0.16666,-0.01737,0.81410,0.01682,0.58022,0.17882,-1.36877,-0.13522,
1403638215995096832,2.32783,2.09486,0.15058,-0.01584,0.81405,0.01204,0.58045,0.13445,-1.34283,-0.19897,
1403638216095097088,2.34010,1.96150,0.13076,-0.01236,0.81396,0.00984,0.58070,0.11439,-1.30596,-0.19845,
1403638216195097088,2.35106,1.83079,0.11455,-0.00993,0.81408,0.00838,0.58061,0.08914,-1.26930,-0.12637,
1403638216295097088,2.35972,1.70427,0.10492,-0.00749,0.81298,0.00740,0.58219,0.07627,-1.22917,-0.07040,
1403638216395097088,2.36766,1.58125,0.10096,-0.00568,0.81156,0.00694,0.58420,0.04906,-1.18843,-0.00786,
1403638216495096832,2.37208,1.46243,0.10235,-0.00506,0.81112,0.00638,0.58483,0.01626,-1.14124,0.01269,
1403638216595097088,2.37373,1.34853,0.10000,-0.00296,0.81182,0.00697,0.58386,-0.00782,-1.10611,-0.06177,
1403638216695097088,2.37076,1.24087,0.09046,-0.00000,0.81356,0.00853,0.58141,-0.02984,-1.06058,-0.13937,
1403638216795097088,2.36834,1.13436,0.07431,0.00330,0.81271,0.01006,0.58258,-0.03943,-1.01864,-0.17775,
1403638216895097088,2.36340,1.03452,0.05477,0.00736,0.80911,0.00554,0.58759,-0.06539,-0.96943,-0.21654,
1403638216995096832,2.35473,0.93843,0.03303,0.01081,0.80841,-0.00494,0.58849,-0.10709,-0.93382,-0.24939,
1403638217095097088,2.34080,0.84524,0.00912,0.01505,0.81062,-0.01962,0.58505,-0.15702,-0.89353,-0.27389,
1403638217195097088,2.32333,0.75553,-0.01745,0.02131,0.81283,-0.03431,0.58110,-0.17417,-0.86133,-0.28759,
1403638217295097088,2.30553,0.66964,-0.04230,0.02808,0.81447,-0.04364,0.57788,-0.17413,-0.82291,-0.22712,
1403638217395097088,2.28706,0.58896,-0.05978,0.03362,0.81582,-0.05009,0.57515,-0.19159,-0.77929,-0.12031,
1403638217495096832,2.26587,0.51036,-0.06801,0.03855,0.81650,-0.05315,0.57360,-0.20099,-0.75252,-0.04131,
1403638217595097088,2.24377,0.43489,-0.06859,0.04528,0.81756,-0.05248,0.57166,-0.20189,-0.70783,0.03975,
1403638217695097088,2.22150,0.36396,-0.06117,0.05365,0.81796,-0.04841,0.57071,-0.20931,-0.65880,0.11464,
1403638217795097088,2.19995,0.29962,-0.04697,0.05981,0.81943,-0.04379,0.56836,-0.21067,-0.58442,0.18389,
1403638217895097088,2.17971,0.24371,-0.02875,0.06217,0.81990,-0.04122,0.56763,-0.19631,-0.50106,0.18906,
1403638217995096832,2.16238,0.19754,-0.01267,0.06320,0.81763,-0.03860,0.57096,-0.17892,-0.41723,0.13337,
1403638218095097088,2.14828,0.15872,-0.00615,0.06349,0.81619,-0.03656,0.57312,-0.16680,-0.33923,0.06430,
1403638218195097088,2.13210,0.12824,-0.00291,0.06108,0.81447,-0.03624,0.57584,-0.17105,-0.26419,0.01500,
1403638218295097088,2.11630,0.10520,-0.00568,0.05873,0.81078,-0.03511,0.58133,-0.17775,-0.18990,-0.02862,
1403638218395097088,2.10076,0.09054,-0.01199,0.05213,0.80853,-0.03719,0.58495,-0.20117,-0.10532,0.01147,
1403638218495096832,2.07927,0.08260,-0.00655,0.04683,0.80878,-0.03894,0.58494,-0.21691,-0.04662,0.09015,
1403638218595097088,2.05735,0.08227,0.00228,0.04480,0.80979,-0.03921,0.58369,-0.25684,0.01276,0.16371,
1403638218695097088,2.02962,0.08365,0.01786,0.04252,0.81359,-0.04106,0.57843,-0.29382,0.04077,0.13410,
1403638218795097088,2.00158,0.08983,0.02956,0.04580,0.81806,-0.04656,0.57141,-0.29292,0.06256,0.09485,
1403638218895097088,1.97461,0.09850,0.03285,0.04957,0.82003,-0.05447,0.56756,-0.27213,0.10144,0.03568,
1403638218995096832,1.94963,0.10918,0.03218,0.04010,0.81953,-0.06943,0.56739,-0.26103,0.12219,-0.01548,
1403638219095097088,1.92506,0.12002,0.03029,0.03261,0.81716,-0.08146,0.56970,-0.24759,0.10318,-0.03547,
1403638219195097088,1.90170,0.12960,0.02343,0.03625,0.81467,-0.08378,0.57270,-0.25901,0.08034,-0.05489,
1403638219295097088,1.87582,0.13708,0.01625,0.04513,0.80901,-0.08087,0.58045,-0.26683,0.07604,-0.09207,
1403638219395097088,1.84957,0.14444,0.00837,0.05131,0.80152,-0.07811,0.59062,-0.28948,0.08231,-0.06263,
1403638219495096832,1.82093,0.15382,0.00487,0.05527,0.79636,-0.07588,0.59749,-0.32349,0.10476,-0.01609,
1403638219595097088,1.78669,0.16494,0.00585,0.05313,0.79702,-0.07748,0.59659,-0.37023,0.12694,0.01294,
1403638219695097088,1.74535,0.17862,0.00982,0.04754,0.79945,-0.08103,0.59334,-0.42232,0.14201,0.01782,
1403638219795097088,1.69837,0.19207,0.01108,0.04029,0.80279,-0.08577,0.58869,-0.46506,0.13219,-0.03053,
1403638219895097088,1.64729,0.20404,0.00693,0.03174,0.80571,-0.09154,0.58433,-0.50340,0.10589,-0.08644,
1403638219995096832,1.59247,0.21320,-0.00076,0.02470,0.80811,-0.09653,0.58055,-0.53345,0.06126,-0.12931,
1403638220095097088,1.53782,0.21569,-0.01450,0.02260,0.81040,-0.09798,0.57718,-0.55836,0.00191,-0.14434,
1403638220195097088,1.48044,0.21242,-0.02378,0.03085,0.81262,-0.09250,0.57459,-0.54356,-0.06952,-0.06732,
1403638220295097088,1.42516,0.20469,-0.02893,0.04613,0.81491,-0.08208,0.57189,-0.53958,-0.09011,0.01348,
1403638220395097088,1.36443,0.19699,-0.02359,0.05496,0.81542,-0.07642,0.57117,-0.58198,-0.06640,0.08307,
1403638220495096832,1.30432,0.19153,-0.01176,0.05845,0.81569,-0.07423,0.57073,-0.58729,-0.04773,0.14446,
1403638220595097088,1.24760,0.18730,0.00246,0.05925,0.81515,-0.07474,0.57134,-0.56748,-0.02585,0.13497,
1403638220695097088,1.18853,0.18502,0.01310,0.06019,0.81472,-0.07564,0.57174,-0.56733,-0.00859,0.06482,
1403638220795097088,1.13284,0.18484,0.01599,0.05955,0.81489,-0.07761,0.57130,-0.55901,0.01247,-0.00084,
1403638220895097088,1.07745,0.18700,0.01153,0.05979,0.81478,-0.07892,0.57125,-0.55244,0.02798,-0.07566,
1403638220995096832,1.02340,0.19005,0.00048,0.05893,0.81565,-0.08070,0.56985,-0.53862,0.04367,-0.13684,
1403638221095097088,0.97082,0.19378,-0.01436,0.05910,0.81607,-0.08163,0.56910,-0.53477,0.06351,-0.16195,
1403638221195097088,0.91739,0.19912,-0.02909,0.05918,0.81733,-0.08226,0.56719,-0.51903,0.07104,-0.10095,
1403638221295097088,0.86576,0.20674,-0.03483,0.05778,0.81875,-0.08382,0.56505,-0.51090,0.08665,-0.02473,
1403638221395097088,0.81604,0.21386,-0.03396,0.05558,0.81985,-0.08613,0.56333,-0.49214,0.08932,0.00502,
1403638221495096832,0.76922,0.22140,-0.03358,0.05334,0.82010,-0.08825,0.56285,-0.47062,0.08478,-0.04030,
1403638221595097088,0.72471,0.22894,-0.03819,0.05181,0.81934,-0.09026,0.56379,-0.45010,0.07068,-0.08472,
1403638221695097088,0.68265,0.23455,-0.04696,0.05105,0.81764,-0.09085,0.56622,-0.42465,0.05502,-0.11518,
1403638221795097088,0.64169,0.23940,-0.05480,0.04881,0.81554,-0.09219,0.56922,-0.40715,0.04246,-0.07114,
1403638221895097088,0.60267,0.24350,-0.05611,0.05077,0.81443,-0.09031,0.57094,-0.39545,0.02874,0.02274,
1403638221995096832,0.56371,0.24686,-0.04999,0.05465,0.81378,-0.08692,0.57203,-0.39595,0.02322,0.09536,
1403638222095097088,0.52405,0.24942,-0.03887,0.05803,0.81545,-0.08449,0.56968,-0.39130,0.03101,0.10858,
1403638222195097088,0.48738,0.25274,-0.03091,0.05854,0.81928,-0.08443,0.56412,-0.38801,0.04092,0.05720,
1403638222295097088,0.44873,0.25733,-0.02811,0.05774,0.82275,-0.08544,0.55897,-0.36325,0.04672,0.00202,
1403638222395097088,0.41432,0.26188,-0.03078,0.05702,0.82567,-0.08637,0.55458,-0.32463,0.04192,-0.04191,
1403638222495096832,0.38366,0.26687,-0.03735,0.05680,0.82799,-0.08637,0.55114,-0.28486,0.04267,-0.07829,
1403638222595097088,0.35765,0.27055,-0.04749,0.05680,0.82432,-0.08613,0.55665,-0.23272,0.03793,-0.10060,
1403638222695097088,0.33539,0.27500,-0.05930,0.05567,0.81902,-0.08691,0.56440,-0.20882,0.03442,-0.13033,
1403638222795097088,0.31360,0.27984,-0.07440,0.05651,0.81664,-0.08637,0.56785,-0.20153,0.04380,-0.16117,
1403638222895097088,0.29237,0.28473,-0.09081,0.05785,0.81106,-0.08513,0.57584,-0.19573,0.05202,-0.15473,
1403638222995096832,0.26956,0.29154,-0.10747,0.05687,0.80644,-0.08522,0.58238,-0.22550,0.06389,-0.15691,
1403638223095097088,0.24560,0.29913,-0.12014,0.05721,0.80919,-0.08484,0.57857,-0.27262,0.08094,-0.09292,
1403638223195097088,0.21459,0.30649,-0.12807,0.05511,0.81822,-0.08684,0.56564,-0.29074,0.08509,-0.06632,
1403638223295097088,0.18803,0.31426,-0.13341,0.04969,0.82586,-0.09103,0.55426,-0.25992,0.07837,-0.04126,
1403638223395097088,0.16389,0.32061,-0.13661,0.04665,0.82400,-0.09353,0.55687,-0.23003,0.05990,-0.06343,
1403638223495096832,0.14228,0.32466,-0.14123,0.03627,0.81905,-0.10078,0.56363,-0.20910,0.02279,-0.08518,
1403638223595097088,0.12283,0.32339,-0.14989,0.03514,0.81655,-0.10175,0.56715,-0.20246,-0.03730,-0.08941,
1403638223695097088,0.10433,0.31697,-0.15857,0.04587,0.81629,-0.09448,0.56801,-0.18959,-0.06915,-0.11197,
1403638223795097088,0.08550,0.30994,-0.17074,0.05658,0.81728,-0.08726,0.56678,-0.19016,-0.07510,-0.13139,
1403638223895097088,0.06679,0.30412,-0.18493,0.06198,0.81785,-0.08325,0.56599,-0.18211,-0.06087,-0.14211,
1403638223995096832,0.05078,0.29857,-0.19921,0.06569,0.81823,-0.08057,0.56541,-0.17024,-0.04226,-0.16553,
1403638224095097088,0.03413,0.29590,-0.21687,0.06504,0.82228,-0.08082,0.55955,-0.15474,-0.01112,-0.19467,
1403638224195097088,0.02003,0.29600,-0.23529,0.06297,0.82859,-0.08230,0.55019,-0.11306,0.00959,-0.18038,
1403638224295097088,0.01224,0.29888,-0.24891,0.06238,0.82797,-0.08264,0.55113,-0.05974,0.02529,-0.12635,
1403638224395097088,0.00734,0.30190,-0.26110,0.05960,0.82186,-0.08502,0.56015,-0.02329,0.04689,-0.13738,
1403638224495096832,0.00531,0.30605,-0.27303,0.05443,0.81439,-0.08850,0.57094,-0.01289,0.04168,-0.12372,
1403638224595097088,0.00145,0.31011,-0.28574,0.05620,0.81109,-0.08702,0.57567,-0.03175,0.05163,-0.13361,
1403638224695097088,-0.00225,0.31507,-0.29950,0.05706,0.81860,-0.08651,0.56494,-0.04625,0.05843,-0.14151,
1403638224795097088,-0.00533,0.32111,-0.31096,0.05689,0.82729,-0.08695,0.55208,-0.01318,0.06649,-0.06979,
1403638224895097088,-0.00411,0.32745,-0.31550,0.05268,0.82357,-0.08948,0.55763,0.03400,0.06781,-0.01704,
1403638224995096832,-0.00052,0.33290,-0.31570,0.04448,0.81560,-0.09427,0.56915,0.04455,0.05199,0.01441,
1403638225095097088,0.00399,0.33650,-0.31412,0.04357,0.81181,-0.09401,0.57466,0.04021,0.01580,0.02614,
1403638225195097088,0.00664,0.33733,-0.31084,0.04923,0.81509,-0.08906,0.57033,0.01620,0.00426,0.02977,
1403638225295097088,0.00846,0.33726,-0.30640,0.05272,0.82236,-0.08576,0.55998,0.02682,-0.00949,0.05855,
1403638225395097088,0.01264,0.33690,-0.30071,0.05505,0.82157,-0.08359,0.56125,0.05707,-0.00202,0.02472,
1403638225495096832,0.01791,0.33655,-0.29987,0.05706,0.81348,-0.08215,0.57292,0.06284,0.00242,-0.03002,
1403638225595097088,0.02303,0.33658,-0.30652,0.05963,0.80276,-0.08063,0.58781,0.03848,0.01308,-0.09236,
1403638225695097088,0.02355,0.33819,-0.32122,0.06065,0.79766,-0.07958,0.59475,-0.02378,0.02990,-0.21996,
1403638225795097088,0.01924,0.34236,-0.34829,0.06005,0.80483,-0.07987,0.58504,-0.06940,0.05634,-0.31196,
1403638225895097088,0.01266,0.34857,-0.38245,0.05982,0.81739,-0.08020,0.56733,-0.07128,0.06649,-0.36630,
1403638225995096832,0.00622,0.35611,-0.42046,0.05600,0.82570,-0.08283,0.55518,-0.05428,0.08812,-0.40055,
1403638226095097088,0.01019,0.36815,-0.42148,0.03654,0.82916,-0.09303,0.55001,0.09916,0.09013,0.16741,
1403638226195097088,0.01876,0.37711,-0.42312,0.03702,0.83429,-0.09046,0.54259,0.10072,0.05901,-0.13568,
1403638226295097088,0.01925,0.38579,-0.43073,0.04939,0.82629,-0.08964,0.55386,-0.03734,0.08186,0.06622,
1403638226395097088,0.02156,0.38842,-0.43429,0.05540,0.83085,-0.07860,0.54813,0.00732,-0.03298,0.04819,
1403638226495096832,0.02321,0.39143,-0.44043,0.05513,0.83075,-0.08079,0.54798,-0.00174,-0.00810,0.00376,
1403638226595097088,0.02288,0.39098,-0.44162,0.05581,0.83038,-0.08037,0.54854,0.00021,-0.00893,0.00562,
1403638226695097088,0.02300,0.39025,-0.44134,0.05592,0.83069,-0.08019,0.54809,-0.00260,-0.00588,0.01905,
1403638226795097088,0.02300,0.39019,-0.44107,0.05612,0.83052,-0.08019,0.54832,-0.00682,-0.00300,0.00362,
1403638226895097088,0.02259,0.39013,-0.44066,0.05586,0.83070,-0.08028,0.54807,0.00205,-0.00201,0.00052,
1403638226995096832,0.02253,0.39014,-0.44046,0.05497,0.83078,-0.08098,0.54793,-0.00603,-0.00582,-0.00567,
1403638227095097088,0.02247,0.39014,-0.44036,0.05487,0.83070,-0.08105,0.54805,0.00264,-0.00299,0.00336,
1403638227195097088,0.02263,0.38984,-0.44009,0.05507,0.83071,-0.08082,0.54805,-0.00336,0.00279,-0.00012,
1403638227295097088,0.02270,0.38966,-0.44000,0.05533,0.83072,-0.08057,0.54805,0.00201,0.00483,0.00509,
1403638227395097088,0.02261,0.38952,-0.43985,0.05553,0.83074,-0.08045,0.54802,0.00147,0.00416,0.00053,
1403638227495096832,0.02266,0.38935,-0.43965,0.05539,0.83078,-0.08054,0.54796,-0.00106,0.00089,0.00103,
1403638227595097088,0.02282,0.38909,-0.43948,0.05514,0.83076,-0.08061,0.54800,-0.00048,-0.00099,0.00319,
1403638227695097088,0.02280,0.38900,-0.43938,0.05502,0.83079,-0.08072,0.54795,-0.00185,0.00092,-0.00028,
1403638227795097088,0.02282,0.38890,-0.43933,0.05503,0.83075,-0.08071,0.54800,0.00309,0.00114,0.00139,
1403638227895097088,0.02281,0.38889,-0.43931,0.05509,0.83077,-0.08060,0.54799,-0.00076,0.00218,0.00045,
1403638227995096832,0.02283,0.38873,-0.43927,0.05506,0.83076,-0.08060,0.54801,-0.00077,0.00008,0.00108,
1403638228095097088,0.02283,0.38870,-0.43921,0.05516,0.83077,-0.08058,0.54798,0.00102,0.00225,0.00094,
1403638228195097088,0.02286,0.38862,-0.43914,0.05511,0.83076,-0.08061,0.54800,0.00058,0.00230,0.00075,
1403638228295097088,0.02295,0.38857,-0.43909,0.05505,0.83075,-0.08062,0.54802,0.00330,0.00098,0.00157,
1403638228395097088,0.02314,0.38825,-0.43909,0.05497,0.83075,-0.08065,0.54802,-0.00138,0.00141,0.00075,
1403638228495096832,0.02316,0.38819,-0.43904,0.05497,0.83073,-0.08060,0.54805,-0.00069,0.00159,0.00118,
1403638228595097088,0.02314,0.38814,-0.43903,0.05494,0.83077,-0.08058,0.54800,0.00041,0.00067,0.00102,
1403638228695097088,0.02313,0.38812,-0.43898,0.05497,0.83075,-0.08058,0.54803,-0.00078,0.00134,0.00093,
1403638228795097088,0.02310,0.38803,-0.43894,0.05494,0.83079,-0.08057,0.54798,-0.00031,0.00049,0.00192,
