1403638522327829504,-0.02363,-0.01097,0.01344,-0.07281,0.80944,0.04405,0.58100,-0.14382,-0.08260,0.18953,
1403638522427829504,-0.01168,-0.00793,0.03115,-0.07710,0.81547,0.04327,0.57201,-0.06489,-0.04484,0.23988,
1403638522527829504,-0.01495,-0.01099,0.05437,-0.08071,0.82540,0.03848,0.55742,-0.07294,-0.04645,0.24772,
1403638522627829504,-0.00702,-0.01111,0.07778,-0.06852,0.84679,0.02188,0.52705,-0.01357,-0.04718,0.24363,
1403638522727829504,-0.01082,-0.01953,0.10281,-0.07769,0.84182,0.03310,0.53311,-0.02401,-0.04611,0.25951,
1403638522827829504,-0.00373,-0.00952,0.12851,-0.05852,0.83564,0.02188,0.54571,-0.01758,-0.02266,0.26678,
1403638522927829504,-0.01809,-0.02154,0.15699,-0.08328,0.82902,0.02283,0.55252,-0.08449,-0.09274,0.24724,
1403638523027829504,-0.01221,-0.01934,0.17268,-0.06355,0.82497,0.00724,0.56155,-0.08183,-0.09635,0.09894,
1403638523127829504,-0.01195,-0.01890,0.17760,-0.04691,0.82052,-0.00103,0.56970,-0.10265,-0.08784,-0.09281,
1403638523227829504,-0.01313,0.00077,0.19466,0.00913,0.80257,-0.03167,0.59565,-0.07495,-0.08065,-0.26813,
1403638523327829504,-0.00399,0.01351,0.16822,0.03326,0.79728,-0.04111,0.60129,-0.00887,-0.02268,-0.49016,
1403638523427829504,-0.00226,0.02319,0.14296,0.06684,0.78997,-0.05986,0.60655,0.00360,-0.03498,-0.56205,
1403638523527829504,0.00303,0.01533,0.11022,0.07802,0.79379,-0.06245,0.59993,-0.00323,-0.02908,-0.57732,
1403638523627829504,0.00308,0.01910,0.07105,0.10093,0.80081,-0.07353,0.58576,-0.00415,-0.01154,-0.55014,
1403638523727829504,0.00129,-0.01436,0.05240,0.14038,0.80540,-0.09802,0.56746,0.01609,-0.05662,-0.46627,
1403638523827829504,-0.01864,-0.03266,0.02416,0.12401,0.80631,-0.08465,0.57211,-0.01152,-0.04077,-0.39470,
1403638523927829504,-0.02322,-0.03665,0.00203,0.14832,0.80540,-0.09256,0.56636,-0.00338,-0.00824,-0.27616,
1403638524027829504,-0.02898,-0.04227,-0.01258,0.14254,0.80849,-0.07539,0.56599,0.02375,0.03367,-0.07415,
1403638524127829504,-0.05132,-0.05419,-0.02331,0.13531,0.81702,-0.06061,0.55721,-0.00025,0.05059,0.17977,
1403638524227829504,-0.06087,-0.05637,-0.01345,0.11678,0.82381,-0.04762,0.55266,0.00540,0.05738,0.42141,
1403638524327829504,-0.06077,-0.05147,0.03728,0.11068,0.82321,-0.04929,0.55466,0.03253,0.07266,0.56872,
1403638524427829504,-0.05634,-0.04551,0.09740,0.10264,0.81851,-0.05016,0.56302,0.05373,0.07886,0.63359,
1403638524527829504,-0.05072,-0.03858,0.16077,0.09893,0.81070,-0.04901,0.57496,0.07750,0.08378,0.63661,
1403638524627829504,-0.04237,-0.03102,0.22138,0.09686,0.80224,-0.04840,0.58711,0.09416,0.08767,0.58574,
1403638524727829504,-0.03405,-0.02250,0.27310,0.10569,0.79583,-0.05177,0.59397,0.08437,0.09773,0.45501,
1403638524827829504,-0.02614,-0.01697,0.31057,0.11952,0.79224,-0.05684,0.59568,0.07808,0.07858,0.32092,
1403638524927829504,-0.02184,-0.01027,0.33414,0.11351,0.79155,-0.05518,0.59793,0.04281,0.05712,0.16471,
1403638525027829504,-0.02104,-0.00866,0.33801,0.10712,0.79066,-0.04958,0.60077,0.01555,0.01830,-0.04661,
1403638525127829504,-0.02260,-0.01069,0.31703,0.10697,0.78876,-0.04261,0.60382,0.02022,-0.00314,-0.26488,
1403638525227829504,-0.02689,-0.01581,0.27301,0.10125,0.79028,-0.03385,0.60337,-0.00586,-0.02295,-0.40065,
1403638525327829504,-0.02931,-0.01871,0.22599,0.09832,0.79715,-0.02978,0.59498,-0.01927,-0.01483,-0.46450,
1403638525427829504,-0.03192,-0.02212,0.17302,0.08889,0.80979,-0.02709,0.57932,-0.04178,0.00295,-0.46007,
1403638525527829504,-0.03355,-0.02991,0.11894,0.07568,0.82272,-0.02682,0.56275,-0.04464,-0.01415,-0.41603,
1403638525627829504,-0.02992,-0.04261,0.07344,0.06993,0.82940,-0.02861,0.55352,-0.01925,-0.03681,-0.33968,
1403638525727829504,-0.03050,-0.04770,0.03397,0.06766,0.82944,-0.03019,0.55365,-0.00499,-0.02504,-0.26410,
1403638525827829504,-0.03030,-0.05031,0.00470,0.07054,0.82563,-0.03395,0.55876,-0.00147,-0.01459,-0.18101,
1403638525927829504,-0.03310,-0.05524,-0.01627,0.07716,0.82204,-0.03412,0.56314,-0.05570,-0.07734,-0.08574,
1403638526027829504,-0.03946,-0.06769,-0.02491,0.08167,0.82222,-0.03319,0.56231,-0.08349,-0.17851,0.01543,
1403638526127829504,-0.04883,-0.09012,-0.02243,0.08274,0.82419,-0.03902,0.55888,-0.11540,-0.26578,0.10565,
1403638526227829504,-0.06064,-0.11953,-0.00966,0.08258,0.82403,-0.04700,0.55852,-0.14509,-0.32158,0.17600,
1403638526327829504,-0.07535,-0.15364,0.00738,0.08291,0.81984,-0.05315,0.56406,-0.18231,-0.36310,0.18945,
1403638526427829504,-0.09642,-0.19310,0.02501,0.08789,0.81406,-0.06318,0.57060,-0.22172,-0.40667,0.17494,
1403638526527829504,-0.11993,-0.23771,0.04003,0.08921,0.80742,-0.07396,0.57848,-0.25687,-0.47347,0.14368,
1403638526627829504,-0.14373,-0.29012,0.05150,0.08703,0.80003,-0.08010,0.58819,-0.29180,-0.55055,0.12646,
1403638526727829504,-0.17263,-0.34821,0.06212,0.09150,0.79487,-0.08609,0.59363,-0.33731,-0.60089,0.11567,
1403638526827829504,-0.20397,-0.41068,0.07073,0.09996,0.79189,-0.08847,0.59590,-0.35669,-0.60882,0.09299,
1403638526927829504,-0.23346,-0.47123,0.07734,0.10040,0.79246,-0.09061,0.59475,-0.35599,-0.58266,0.08843,
1403638527027829504,-0.26362,-0.53049,0.08352,0.10221,0.79558,-0.09944,0.58882,-0.33964,-0.55505,0.09282,
1403638527127829504,-0.28875,-0.58833,0.09003,0.10378,0.79767,-0.11196,0.58346,-0.31259,-0.50800,0.11309,
1403638527227829504,-0.30824,-0.64084,0.09782,0.10504,0.79568,-0.12271,0.58378,-0.25935,-0.42221,0.12621,
1403638527327829504,-0.32078,-0.68118,0.10608,0.11295,0.79015,-0.13014,0.58819,-0.19173,-0.27597,0.12224,
1403638527427829504,-0.31820,-0.70365,0.11167,0.11734,0.78567,-0.12995,0.59336,-0.12501,-0.09961,0.09907,
1403638527527829504,-0.31805,-0.70534,0.11545,0.11898,0.78414,-0.12921,0.59521,-0.06774,0.08445,0.07274,
1403638527627829504,-0.29965,-0.68478,0.11688,0.10958,0.78622,-0.12142,0.59591,-0.01395,0.26068,0.05518,
1403638527727829504,-0.30872,-0.65118,0.12100,0.11093,0.78691,-0.11809,0.59542,0.00296,0.36490,0.05173,
1403638527827829504,-0.30441,-0.60639,0.12528,0.10149,0.79046,-0.11222,0.59353,-0.00596,0.43581,0.08431,
1403638527927829504,-0.29070,-0.55322,0.13091,0.08402,0.79445,-0.10487,0.59228,-0.02140,0.47302,0.10763,
1403638528027829504,-0.21641,-0.49885,0.13500,0.04781,0.79783,-0.07541,0.59624,0.02571,0.47992,0.11572,
1403638528127829504,-0.17068,-0.42078,0.12083,0.03329,0.79921,-0.06287,0.59683,0.05683,0.48387,0.05843,
1403638528227829504,-0.13591,-0.35717,0.10978,0.02056,0.80154,-0.05164,0.59536,0.14220,0.42545,0.01961,
1403638528327829504,-0.10785,-0.31195,0.10316,0.01035,0.80287,-0.04154,0.59462,0.21506,0.30968,0.01135,
1403638528427829504,-0.07606,-0.28182,0.10054,0.00655,0.80200,-0.03467,0.59628,0.26157,0.19863,0.02375,
1403638528527829504,-0.04439,-0.26781,0.10023,0.00750,0.80282,-0.03389,0.59521,0.27106,0.11531,0.03695,
1403638528627829504,-0.01367,-0.25499,0.09963,0.00848,0.80534,-0.04248,0.59123,0.26622,0.06204,0.05336,
1403638528727829504,0.01189,-0.24945,0.10610,0.01075,0.80550,-0.04869,0.59050,0.19945,-0.00575,0.09789,
1403638528827829504,0.03806,-0.23948,0.11097,0.01147,0.80498,-0.05427,0.59070,0.06015,-0.02170,0.12383,
1403638528927829504,0.03869,-0.23488,0.12507,0.00569,0.80430,-0.06258,0.59089,-0.11912,-0.01565,0.18027,
1403638529027829504,0.03427,-0.21636,0.13606,-0.00018,0.80560,-0.06694,0.58867,-0.27328,0.03641,0.20212,
1403638529127829504,0.00211,-0.20659,0.15342,0.01149,0.80649,-0.06452,0.58760,-0.37120,0.09541,0.14541,
1403638529227829504,-0.03452,-0.18946,0.16007,0.02758,0.80801,-0.05795,0.58566,-0.42477,0.14160,0.04088,
1403638529327829504,-0.05935,-0.15869,0.15332,0.03420,0.81201,-0.05256,0.58026,-0.42532,0.16047,-0.05371,
1403638529427829504,-0.08828,-0.13847,0.12591,0.03692,0.82002,-0.04980,0.56897,-0.36347,0.14641,-0.16476,
1403638529527829504,-0.10954,-0.11865,0.09627,0.03356,0.83174,-0.04850,0.55202,-0.28662,0.11399,-0.21533,
1403638529627829504,-0.12468,-0.10521,0.06495,0.03493,0.83954,-0.04565,0.54025,-0.19928,0.09034,-0.21958,
1403638529727829504,-0.12271,-0.08381,0.03135,0.03538,0.84003,-0.04417,0.53959,-0.10779,0.09730,-0.21844,
1403638529827829504,-0.12555,-0.07350,0.00681,0.03437,0.83385,-0.04499,0.54908,-0.05511,0.08028,-0.19321,
1403638529927829504,-0.12297,-0.06773,-0.01217,0.03403,0.82879,-0.04501,0.55671,0.01171,0.04128,-0.14148,
1403638530027829504,-0.11588,-0.06536,-0.02483,0.03441,0.82849,-0.04510,0.55712,0.09160,0.01111,-0.10598,
1403638530127829504,-0.10370,-0.06562,-0.03402,0.03437,0.83071,-0.04705,0.55365,0.13140,-0.01008,-0.08775,
1403638530227829504,-0.08917,-0.06714,-0.04322,0.03672,0.83110,-0.05307,0.55236,0.15168,-0.02196,-0.08929,
1403638530327829504,-0.07520,-0.07013,-0.05263,0.03818,0.83025,-0.05930,0.55292,0.12543,-0.04070,-0.08763,
1403638530427829504,-0.06270,-0.07437,-0.06077,0.04184,0.82960,-0.06362,0.55315,0.11628,-0.04542,-0.06572,
1403638530527829504,-0.05251,-0.07854,-0.06705,0.03965,0.82942,-0.06752,0.55312,0.07695,-0.05069,-0.05157,
1403638530627829504,-0.04608,-0.08283,-0.07248,0.04170,0.83065,-0.07019,0.55078,0.04565,-0.03623,-0.05198,
1403638530727829504,-0.04213,-0.08566,-0.07802,0.04202,0.83458,-0.07249,0.54447,0.03670,-0.02839,-0.05780,
1403638530827829504,-0.03915,-0.08786,-0.08350,0.04186,0.83666,-0.07309,0.54120,0.02782,-0.01340,-0.04791,
1403638530927829504,-0.03727,-0.08889,-0.08709,0.03971,0.83578,-0.07257,0.54280,0.01431,-0.00232,-0.02996,
1403638531027829504,-0.03620,-0.08906,-0.08995,0.03850,0.83301,-0.07240,0.54715,0.00576,0.00032,-0.03313,
1403638531127829504,-0.03681,-0.08790,-0.09006,0.04108,0.82935,-0.07099,0.55268,0.00353,0.02135,0.00879,
1403638531227829504,-0.03615,-0.08661,-0.09073,0.04320,0.82911,-0.06817,0.55323,0.00567,0.00831,-0.03147,
1403638531327829504,-0.03603,-0.08522,-0.09141,0.04359,0.82546,-0.06791,0.55866,-0.00199,0.01266,0.00607,
1403638531427829504,-0.03598,-0.08531,-0.09156,0.04418,0.82633,-0.06725,0.55741,-0.00491,-0.00606,-0.00051,
1403638531527829504,-0.03636,-0.08536,-0.09152,0.04378,0.82550,-0.06776,0.55860,0.00223,-0.00372,0.00072,
1403638531627829504,-0.03647,-0.08547,-0.09160,0.04461,0.82564,-0.06690,0.55844,-0.00034,0.00388,0.00068,
1403638531727829504,-0.03649,-0.08544,-0.09164,0.04466,0.82574,-0.06739,0.55822,-0.00067,-0.00534,-0.00100,
1403638531827829504,-0.03647,-0.08543,-0.09165,0.04475,0.82571,-0.06753,0.55824,-0.00068,-0.00490,0.00153,
1403638531927829504,-0.03647,-0.08540,-0.09166,0.04471,0.82566,-0.06773,0.55829,0.00190,-0.00644,0.00325,
1403638532027829504,-0.03647,-0.08538,-0.09168,0.04470,0.82563,-0.06791,0.55833,-0.00103,-0.00391,0.00016,
1403638532127829504,-0.03644,-0.08541,-0.09168,0.04484,0.82560,-0.06806,0.55834,-0.00030,-0.00103,0.00057,
1403638532227829504,-0.03648,-0.08543,-0.09168,0.04502,0.82564,-0.06793,0.55829,0.00112,0.00139,0.00096,
1403638532327829504,-0.03647,-0.08550,-0.09168,0.04531,0.82560,-0.06801,0.55831,-0.00108,0.00185,-0.00022,
1403638532427829504,-0.03648,-0.08554,-0.09168,0.04544,0.82560,-0.06799,0.55830,0.00090,0.00139,0.00085,
1403638532527829504,-0.03648,-0.08556,-0.09168,0.04553,0.82559,-0.06807,0.55830,-0.00075,0.00069,-0.00002,
1403638532627829504,-0.03648,-0.08557,-0.09168,0.04560,0.82558,-0.06815,0.55830,0.00146,-0.00124,0.00151,
1403638532727829504,-0.03649,-0.08556,-0.09169,0.04565,0.82555,-0.06822,0.55832,-0.00073,-0.00096,0.00092,
1403638532827829504,-0.03647,-0.08558,-0.09168,0.04569,0.82554,-0.06831,0.55833,-0.00044,-0.00058,0.00114,
1403638532927829504,-0.03650,-0.08558,-0.09168,0.04581,0.82554,-0.06832,0.55832,0.00051,-0.00159,0.00186,
1403638533027829504,-0.03649,-0.08561,-0.09167,0.04594,0.82551,-0.06841,0.55833,-0.00121,-0.00060,0.00054,
1403638533127829504,-0.03649,-0.08563,-0.09168,0.04601,0.82551,-0.06845,0.55833,0.00082,-0.00122,0.00123,
1403638533227829504,-0.03651,-0.08565,-0.09168,0.04610,0.82549,-0.06850,0.55834,-0.00045,-0.00089,0.00148,
1403638533327829504,-0.03650,-0.08566,-0.09168,0.04623,0.82547,-0.06856,0.55836,-0.00081,-0.00036,0.00055,
1403638533427829504,-0.03651,-0.08568,-0.09169,0.04623,0.82546,-0.06863,0.55836,0.00105,-0.00041,0.00163,
1403638533527829504,-0.03650,-0.08569,-0.09168,0.04635,0.82544,-0.06869,0.55837,-0.00090,0.00082,0.00033,
1403638533627829504,-0.03651,-0.08572,-0.09167,0.04645,0.82543,-0.06869,0.55837,0.00022,0.00041,0.00133,
1403638533727829504,-0.03653,-0.08572,-0.09168,0.04654,0.82545,-0.06872,0.55834,-0.00018,-0.00042,0.00059,
1403638533827829504,-0.03651,-0.08575,-0.09168,0.04658,0.82541,-0.06882,0.55839,-0.00078,-0.00155,0.00074,
1403638533927829504,-0.03649,-0.08579,-0.09171,0.04654,0.82544,-0.06873,0.55836,-0.00234,-0.00751,0.00050,
1403638534027829504,-0.03649,-0.08578,-0.09175,0.04663,0.82538,-0.06887,0.55842,-0.00203,-0.00330,-0.00126,
1403638534127829504,-0.03652,-0.08581,-0.09170,0.04675,0.82543,-0.06900,0.55832,-0.00014,0.00171,0.00075,
1403638534227829504,-0.03654,-0.08581,-0.09168,0.04663,0.82541,-0.06902,0.55836,-0.00190,0.00190,0.00289,
1403638534327829504,-0.03657,-0.08576,-0.09162,0.04645,0.82544,-0.06896,0.55833,-0.00411,-0.00635,-0.00442,
1403638534427829504,-0.03659,-0.08572,-0.09160,0.04631,0.82550,-0.06894,0.55826,0.00052,-0.00590,0.00177,
1403638534527829504,-0.03656,-0.08578,-0.09158,0.04662,0.82549,-0.06924,0.55820,-0.00346,-0.00079,0.00184,
1403638534627829504,-0.03658,-0.08579,-0.09149,0.04644,0.82554,-0.06884,0.55820,-0.00006,-0.00599,0.00247,
1403638534727829504,-0.03656,-0.08579,-0.09149,0.04637,0.82554,-0.06864,0.55823,-0.00412,-0.00699,0.00146,
1403638534827829504,-0.03656,-0.08579,-0.09149,0.04651,0.82551,-0.06875,0.55825,-0.00204,-0.00591,0.00105,
1403638534927829504,-0.03660,-0.08584,-0.09149,0.04677,0.82551,-0.06894,0.55821,-0.00402,-0.00686,0.00109,
1403638535027829504,-0.03660,-0.08587,-0.09147,0.04672,0.82552,-0.06890,0.55820,-0.00365,-0.00201,0.00141,
1403638535127829504,-0.03660,-0.08587,-0.09146,0.04674,0.82554,-0.06886,0.55817,-0.00132,-0.00139,-0.00006,
1403638535227829504,-0.03660,-0.08588,-0.09148,0.04672,0.82551,-0.06888,0.55821,-0.00274,-0.00070,0.00169,
1403638535327829504,-0.03661,-0.08590,-0.09147,0.04679,0.82553,-0.06895,0.55818,-0.00167,-0.00193,0.00358,
1403638535427829504,-0.03661,-0.08588,-0.09145,0.04687,0.82552,-0.06892,0.55818,-0.00199,-0.00238,0.00355,
1403638535527829504,-0.03660,-0.08589,-0.09145,0.04690,0.82550,-0.06901,0.55819,-0.00156,-0.00018,0.00151,
1403638535627829504,-0.03660,-0.08588,-0.09146,0.04688,0.82552,-0.06896,0.55818,-0.00128,-0.00111,0.00206,
1403638535727829504,-0.03661,-0.08590,-0.09145,0.04692,0.82550,-0.06901,0.55819,-0.00271,-0.00223,0.00136,
1403638535827829504,-0.03661,-0.08591,-0.09145,0.04689,0.82550,-0.06900,0.55821,-0.00158,0.00056,0.00220,
1403638535927829504,-0.03662,-0.08589,-0.09146,0.04688,0.82550,-0.06903,0.55819,-0.00268,-0.00285,0.00151,
1403638536027829504,-0.03661,-0.08590,-0.09146,0.04685,0.82550,-0.06902,0.55820,-0.00302,-0.00198,0.00137,
1403638536127829504,-0.03662,-0.08590,-0.09145,0.04689,0.82550,-0.06905,0.55820,-0.00165,-0.00205,0.00403,
1403638536227829504,-0.03660,-0.08592,-0.09144,0.04691,0.82548,-0.06909,0.55821,-0.00112,-0.00243,0.00281,
1403638536327829504,-0.03660,-0.08593,-0.09146,0.04699,0.82543,-0.06913,0.55828,-0.00238,-0.00248,0.00196,
1403638536427829504,-0.03661,-0.08594,-0.09147,0.04710,0.82543,-0.06922,0.55826,-0.00257,-0.00126,0.00288,
1403638536527829504,-0.03662,-0.08596,-0.09145,0.04711,0.82544,-0.06920,0.55825,-0.00293,-0.00216,0.00280,
1403638536627829504,-0.03663,-0.08595,-0.09145,0.04715,0.82540,-0.06931,0.55829,-0.00207,-0.00296,0.00137,
1403638536727829504,-0.03661,-0.08596,-0.09146,0.04726,0.82540,-0.06926,0.55828,-0.00276,-0.00034,0.00105,
1403638536827829504,-0.03662,-0.08599,-0.09147,0.04729,0.82539,-0.06932,0.55830,-0.00023,-0.00110,0.00226,
1403638536927829504,-0.03663,-0.08602,-0.09146,0.04737,0.82537,-0.06936,0.55831,-0.00361,-0.00547,0.00217,
1403638537027829504,-0.03661,-0.08601,-0.09145,0.04735,0.82539,-0.06932,0.55829,-0.00306,-0.00410,0.00111,
1403638537127829504,-0.03660,-0.08599,-0.09144,0.04744,0.82537,-0.06927,0.55831,-0.00169,-0.00612,0.00143,
1403638537227829504,-0.03662,-0.08600,-0.09142,0.04748,0.82538,-0.06940,0.55828,-0.00194,-0.00546,0.00306,
1403638537327829504,-0.03660,-0.08600,-0.09143,0.04750,0.82535,-0.06943,0.55832,-0.00097,-0.00294,0.00124,
1403638537427829504,-0.03661,-0.08600,-0.09143,0.04749,0.82534,-0.06944,0.55833,-0.00158,-0.00314,0.00074,
1403638537527829504,-0.03661,-0.08599,-0.09141,0.04755,0.82535,-0.06942,0.55832,-0.00541,-0.00391,0.00224,
1403638537627829504,-0.03660,-0.08599,-0.09138,0.04760,0.82535,-0.06932,0.55833,-0.00298,0.00007,0.00089,
1403638537727829504,-0.03661,-0.08603,-0.09137,0.04765,0.82539,-0.06938,0.55826,-0.00256,0.00168,0.00364,
1403638537827829504,-0.03663,-0.08602,-0.09135,0.04771,0.82536,-0.06944,0.55828,0.00406,-0.00246,0.00037,
1403638537927829504,-0.03660,-0.08603,-0.09135,0.04775,0.82533,-0.06947,0.55833,-0.00680,-0.00109,0.00401,
1403638538027829504,-0.03660,-0.08606,-0.09132,0.04778,0.82537,-0.06951,0.55826,-0.00076,-0.00309,0.00495,
1403638538127829504,-0.03661,-0.08606,-0.09131,0.04795,0.82529,-0.06954,0.55836,-0.00096,-0.00287,0.00303,
1403638538227829504,-0.03658,-0.08605,-0.09131,0.04795,0.82531,-0.06960,0.55832,0.00260,-0.00431,0.00072,
1403638538327829504,-0.03660,-0.08604,-0.09131,0.04789,0.82530,-0.06949,0.55835,-0.00161,-0.00184,0.00328,
1403638538427829504,-0.03654,-0.08604,-0.09124,0.04804,0.82518,-0.06963,0.55850,-0.00296,-0.00089,0.00743,
1403638538527829504,-0.03658,-0.08610,-0.09116,0.04806,0.82516,-0.06974,0.55851,-0.00711,-0.00077,-0.00059,
1403638538627829504,-0.03664,-0.08613,-0.09107,0.04825,0.82497,-0.06987,0.55876,-0.00591,-0.00124,0.00061,
1403638538727829504,-0.03666,-0.08618,-0.09095,0.04832,0.82466,-0.06980,0.55922,-0.00486,-0.00194,0.00879,
1403638538827829504,-0.03588,-0.08603,-0.09076,0.04782,0.82414,-0.06927,0.56010,0.01160,0.00342,0.00939,
1403638538927829504,-0.03373,-0.08577,-0.08907,0.04812,0.82118,-0.06849,0.56450,0.02349,-0.00093,0.04335,
1403638539027829504,-0.02903,-0.08612,-0.08640,0.04954,0.81644,-0.06916,0.57112,0.04228,-0.00491,0.03265,
1403638539127829504,-0.02221,-0.08673,-0.08136,0.04939,0.80956,-0.07051,0.58068,0.07225,-0.00449,0.08164,
1403638539227829504,-0.01335,-0.08720,-0.07048,0.04946,0.80468,-0.06990,0.58750,0.08471,-0.00328,0.16511,
1403638539327829504,-0.00456,-0.08764,-0.05107,0.04894,0.80376,-0.06960,0.58884,0.07547,-0.00545,0.24788,
1403638539427829504,0.00361,-0.08819,-0.02371,0.04889,0.80542,-0.06864,0.58668,0.07893,-0.00742,0.30766,
1403638539527829504,0.01256,-0.08888,0.00857,0.04854,0.80752,-0.06762,0.58394,0.07934,-0.00898,0.34269,
1403638539627829504,0.02118,-0.08952,0.04177,0.04771,0.80823,-0.06669,0.58313,0.08316,-0.01130,0.29521,
1403638539727829504,0.03175,-0.09007,0.06470,0.04705,0.80897,-0.06572,0.58227,0.10135,-0.00460,0.17326,
1403638539827829504,0.04814,-0.09260,0.07525,0.04641,0.81080,-0.06421,0.57993,0.13038,-0.01230,0.10314,
1403638539927829504,0.06210,-0.09345,0.08371,0.04515,0.81475,-0.06370,0.57453,0.15244,-0.00682,0.09357,
1403638540027829504,0.07851,-0.09436,0.09226,0.04383,0.82027,-0.06442,0.56665,0.18668,-0.01736,0.09372,
1403638540127829504,0.09904,-0.09566,0.10072,0.04346,0.82627,-0.06448,0.55788,0.24530,-0.01959,0.08730,
1403638540227829504,0.12813,-0.09728,0.11177,0.04400,0.82625,-0.06322,0.55801,0.32452,-0.02478,0.12159,
1403638540327829504,0.16389,-0.09995,0.12545,0.04489,0.81994,-0.06205,0.56730,0.37669,-0.02824,0.12549,
1403638540427829504,0.20338,-0.10226,0.13674,0.04446,0.81535,-0.05802,0.57434,0.41172,-0.01899,0.11392,
1403638540527829504,0.24572,-0.10290,0.14669,0.03928,0.81507,-0.04934,0.57592,0.43903,0.00375,0.09780,
1403638540627829504,0.29115,-0.10199,0.15657,0.03082,0.81561,-0.03531,0.57670,0.46630,0.02244,0.10801,
1403638540727829504,0.33908,-0.10012,0.16653,0.02418,0.81526,-0.01378,0.57842,0.49272,0.04048,0.11081,
1403638540827829504,0.38905,-0.09563,0.17490,0.01581,0.81526,0.01254,0.57874,0.50239,0.08147,0.08654,
1403638540927829504,0.44067,-0.08535,0.18196,0.00473,0.81495,0.04073,0.57809,0.52147,0.13586,0.06998,
1403638541027829504,0.49329,-0.06951,0.18703,-0.00961,0.81377,0.06345,0.57763,0.52560,0.18208,0.04521,
1403638541127829504,0.54745,-0.04956,0.18904,-0.02138,0.81190,0.07985,0.57792,0.53821,0.22307,0.00431,
1403638541227829504,0.60316,-0.02744,0.18640,-0.02871,0.81136,0.09094,0.57671,0.54566,0.26227,-0.01465,
1403638541327829504,0.66001,-0.00111,0.18614,-0.03249,0.81104,0.09691,0.57599,0.55070,0.31940,0.04757,
1403638541427829504,0.71744,0.03040,0.19229,-0.03485,0.81134,0.09811,0.57523,0.54444,0.36457,0.09929,
1403638541527829504,0.77482,0.06872,0.20398,-0.03326,0.81033,0.09862,0.57666,0.56039,0.42107,0.16152,
1403638541627829504,0.83751,0.11222,0.22435,-0.03429,0.80905,0.10095,0.57799,0.59397,0.50365,0.23776,
1403638541727829504,0.89847,0.16506,0.25138,-0.04151,0.80743,0.10540,0.57899,0.58544,0.56641,0.29822,
1403638541827829504,0.95991,0.22391,0.28581,-0.05424,0.80671,0.11234,0.57763,0.56349,0.61890,0.36313,
1403638541927829504,1.01679,0.28667,0.32154,-0.06668,0.80590,0.12459,0.57494,0.55975,0.65542,0.32864,
1403638542027829504,1.07196,0.35247,0.35039,-0.08054,0.80445,0.14102,0.57139,0.54566,0.67465,0.25738,
1403638542127829504,1.12558,0.42041,0.37310,-0.09466,0.80185,0.16085,0.56763,0.53642,0.70137,0.20180,
1403638542227829504,1.17905,0.49102,0.39071,-0.11111,0.79834,0.18235,0.56308,0.53144,0.72039,0.14720,
1403638542327829504,1.23145,0.56348,0.40359,-0.12616,0.79357,0.20661,0.55825,0.53520,0.74986,0.11700,
1403638542427829504,1.28254,0.63482,0.41374,-0.13675,0.78269,0.22787,0.56282,0.52774,0.76429,0.09520,
1403638542527829504,1.33138,0.70764,0.42106,-0.13798,0.76939,0.24785,0.57234,0.49320,0.77589,0.06513,
1403638542627829504,1.37481,0.78423,0.42793,-0.13594,0.76119,0.26309,0.57697,0.42010,0.83369,0.08888,
1403638542727829504,1.40997,0.86356,0.43943,-0.14079,0.76177,0.26799,0.57277,0.33188,0.88591,0.15612,
1403638542827829504,1.43822,0.94804,0.45945,-0.15124,0.76643,0.26570,0.56490,0.24976,0.91105,0.23008,
1403638542927829504,1.45995,1.03543,0.48674,-0.15856,0.77191,0.26309,0.55659,0.20745,0.93975,0.30144,
1403638543027829504,1.47517,1.12425,0.52005,-0.16290,0.77575,0.26112,0.55091,0.17083,0.95448,0.32291,
1403638543127829504,1.49116,1.21795,0.55036,-0.16525,0.77792,0.25815,0.54854,0.17167,0.97345,0.27726,
1403638543227829504,1.50442,1.30492,0.57660,-0.16600,0.77864,0.25750,0.54760,0.16536,0.97506,0.21346,
1403638543327829504,1.52220,1.40129,0.59549,-0.16630,0.77931,0.25533,0.54757,0.16484,0.98612,0.15632,
1403638543427829504,1.53926,1.49784,0.60976,-0.16783,0.77931,0.25708,0.54628,0.16922,1.01172,0.11718,
1403638543527829504,1.55047,1.58520,0.62121,-0.17323,0.77747,0.26539,0.54322,0.16113,1.01592,0.08561,
1403638543627829504,1.56431,1.68461,0.62608,-0.17860,0.77304,0.28114,0.53988,0.14355,1.03409,0.04968,
1403638543727829504,1.57435,1.77469,0.63026,-0.18885,0.76615,0.30139,0.53527,0.13160,1.06347,0.07833,
1403638543827829504,1.58549,1.86940,0.63941,-0.19928,0.75633,0.32511,0.53156,0.11984,1.07911,0.14187,
1403638543927829504,1.59668,1.97163,0.65736,-0.21379,0.74688,0.34618,0.52596,0.11447,1.11691,0.22599,
1403638544027829504,1.60518,2.07582,0.68106,-0.22880,0.74027,0.36100,0.51897,0.10211,1.13000,0.26296,
1403638544127829504,1.61379,2.17943,0.70654,-0.24083,0.73664,0.37075,0.51177,0.11379,1.14414,0.26930,
1403638544227829504,1.62345,2.28056,0.72874,-0.25081,0.73359,0.37563,0.50778,0.12984,1.14262,0.19460,
1403638544327829504,1.63388,2.39279,0.74629,-0.25566,0.73170,0.37894,0.50562,0.13427,1.13732,0.13555,
1403638544427829504,1.64669,2.49970,0.75807,-0.25718,0.73220,0.38039,0.50305,0.14976,1.14358,0.10192,
1403638544527829504,1.66100,2.60368,0.76719,-0.25692,0.73130,0.38084,0.50414,0.15353,1.14704,0.08183,
1403638544627829504,1.67815,2.71283,0.77748,-0.26143,0.72602,0.38028,0.50983,0.16198,1.16261,0.14667,
1403638544727829504,1.69630,2.81976,0.79367,-0.26522,0.72156,0.38055,0.51399,0.15302,1.13799,0.18681,
1403638544827829504,1.71215,2.91226,0.81130,-0.26494,0.72316,0.38315,0.50995,0.15077,1.10530,0.16155,
1403638544927829504,1.72795,3.00784,0.82470,-0.26439,0.72598,0.38507,0.50475,0.16050,1.09328,0.11269,
1403638545027829504,1.74445,3.10671,0.83170,-0.26599,0.72535,0.38547,0.50451,0.16289,1.08689,0.06153,
1403638545127829504,1.76069,3.19604,0.83284,-0.26768,0.72410,0.38637,0.50473,0.16574,1.05777,-0.00200,
1403638545227829504,1.77692,3.29009,0.82722,-0.26670,0.72434,0.38832,0.50341,0.16550,1.04843,-0.06355,
1403638545327829504,1.79356,3.37197,0.81628,-0.26815,0.72206,0.38941,0.50506,0.16621,1.02120,-0.10814,
1403638545427829504,1.80891,3.46761,0.80116,-0.27025,0.72104,0.38872,0.50592,0.14853,1.01066,-0.16293,
1403638545527829504,1.82310,3.55527,0.78455,-0.27367,0.71961,0.39246,0.50323,0.13210,1.00559,-0.11798,
1403638545627829504,1.83576,3.63200,0.77432,-0.28128,0.71585,0.40185,0.49695,0.12281,0.99354,-0.05414,
1403638545727829504,1.84819,3.72180,0.77075,-0.28955,0.70942,0.41601,0.48971,0.12424,0.98293,0.00551,
1403638545827829504,1.86062,3.79941,0.77502,-0.30013,0.69854,0.43478,0.48262,0.12176,0.96960,0.08385,
1403638545927829504,1.87281,3.88178,0.78748,-0.31063,0.68655,0.45603,0.47350,0.11578,0.96034,0.16116,
1403638546027829504,1.88551,3.96436,0.80590,-0.31927,0.67393,0.47669,0.46545,0.12843,0.94406,0.20548,
1403638546127829504,1.89829,4.04942,0.82328,-0.32568,0.66294,0.49274,0.46005,0.12020,0.95341,0.15476,
1403638546227829504,1.90989,4.14439,0.83427,-0.33285,0.65639,0.50199,0.45428,0.11234,0.96838,0.08788,
1403638546327829504,1.91876,4.23719,0.83909,-0.33896,0.65298,0.50689,0.44921,0.10282,0.98052,0.02856,
1403638546427829504,1.92759,4.33189,0.83846,-0.34386,0.65246,0.50816,0.44478,0.09510,0.99341,-0.03114,
1403638546527829504,1.93635,4.43446,0.83416,-0.34513,0.65133,0.51007,0.44327,0.09375,1.02011,-0.03769,
1403638546627829504,1.94495,4.53701,0.83318,-0.34716,0.64755,0.51505,0.44146,0.08240,1.03028,0.02740,
1403638546727829504,1.95110,4.64002,0.84029,-0.35104,0.64242,0.52094,0.43896,0.07706,1.05868,0.13175,
1403638546827829504,1.95826,4.74935,0.85712,-0.35183,0.63801,0.52670,0.43789,0.06931,1.10753,0.23129,
1403638546927829504,1.96283,4.85946,0.87752,-0.35212,0.63481,0.53109,0.43701,0.05297,1.10355,0.19974,
1403638547027829504,1.96760,4.97319,0.89297,-0.35056,0.63176,0.53496,0.43795,0.03944,1.12192,0.14122,
1403638547127829504,1.96840,5.08574,0.90035,-0.34719,0.62894,0.53909,0.43962,0.00876,1.14429,0.07249,
1403638547227829504,1.96669,5.19974,0.90358,-0.34524,0.62767,0.54116,0.44043,-0.02962,1.16467,0.03659,
1403638547327829504,1.95988,5.31167,0.90185,-0.34425,0.62666,0.54222,0.44135,-0.07567,1.17556,-0.01332,
1403638547427829504,1.94896,5.42698,0.89832,-0.34933,0.63012,0.53842,0.43706,-0.11154,1.19232,-0.04304,
1403638547527829504,1.93565,5.54222,0.89065,-0.35411,0.63346,0.53448,0.43321,-0.13070,1.20821,-0.08263,
1403638547627829504,1.91911,5.65104,0.87449,-0.35662,0.63561,0.53213,0.43089,-0.14002,1.21267,-0.14177,
1403638547727829504,1.90355,5.77036,0.85689,-0.35521,0.63596,0.53184,0.43188,-0.15019,1.23114,-0.18050,
1403638547827829504,1.88571,5.88031,0.83247,-0.35143,0.63361,0.53433,0.43534,-0.16896,1.23636,-0.22539,
1403638547927829504,1.86693,5.99842,0.80854,-0.35107,0.63337,0.53442,0.43587,-0.19388,1.24805,-0.21676,
1403638548027829504,1.84599,6.11320,0.78692,-0.35279,0.63261,0.53564,0.43409,-0.22440,1.27411,-0.14129,
1403638548127829504,1.82205,6.24292,0.77763,-0.35615,0.62982,0.53951,0.43060,-0.24539,1.30874,-0.06671,
1403638548227829504,1.79490,6.36934,0.77435,-0.36235,0.62421,0.54620,0.42513,-0.27846,1.30638,0.01192,
1403638548327829504,1.76507,6.49413,0.77878,-0.37000,0.61592,0.55591,0.41797,-0.29798,1.32059,0.11400,
1403638548427829504,1.73341,6.62083,0.79227,-0.37706,0.60593,0.56808,0.40982,-0.31687,1.32647,0.17914,
1403638548527829504,1.70253,6.74246,0.80999,-0.38491,0.59714,0.57659,0.40350,-0.31731,1.32590,0.14791,
1403638548627829504,1.67122,6.86261,0.82357,-0.39021,0.58975,0.58342,0.39944,-0.31741,1.32907,0.10385,
1403638548727829504,1.64149,6.98359,0.83277,-0.39397,0.58510,0.58794,0.39593,-0.31324,1.32410,0.07846,
1403638548827829504,1.60855,7.11660,0.84342,-0.39626,0.58216,0.59100,0.39342,-0.32301,1.34125,0.14021,
1403638548927829504,1.57742,7.24703,0.86242,-0.39812,0.58050,0.59230,0.39204,-0.32491,1.34703,0.20827,
1403638549027829504,1.54512,7.38269,0.88589,-0.39719,0.57980,0.59406,0.39135,-0.33917,1.33407,0.27006,
1403638549127829504,1.51272,7.51395,0.91641,-0.39934,0.58032,0.59259,0.39064,-0.33731,1.33506,0.32679,
1403638549227829504,1.48016,7.64743,0.95391,-0.39972,0.58038,0.59209,0.39090,-0.33376,1.36576,0.37133,
1403638549327829504,1.44649,7.78191,0.99527,-0.40120,0.58175,0.59013,0.39032,-0.33889,1.37703,0.43055,
1403638549427829504,1.41444,7.91730,1.03916,-0.40370,0.58302,0.58763,0.38963,-0.33794,1.38207,0.40224,
1403638549527829504,1.38234,8.05454,1.07733,-0.40439,0.58446,0.58612,0.38904,-0.32816,1.39122,0.35012,
1403638549627829504,1.35324,8.19091,1.11107,-0.40646,0.58370,0.58424,0.39083,-0.31775,1.39131,0.30358,
1403638549727829504,1.32857,8.32684,1.14008,-0.40547,0.58313,0.58421,0.39275,-0.28837,1.38297,0.30327,
1403638549827829504,1.30161,8.47116,1.17380,-0.40563,0.58471,0.58392,0.39065,-0.27810,1.41948,0.37657,
1403638549927829504,1.27491,8.61112,1.21620,-0.40374,0.58553,0.58473,0.39018,-0.26861,1.44458,0.43975,
1403638550027829504,1.25021,8.76396,1.26538,-0.40452,0.58642,0.58417,0.38888,-0.24655,1.49360,0.53883,
1403638550127829504,1.22668,8.91086,1.32217,-0.40567,0.58733,0.58371,0.38697,-0.23094,1.49592,0.61842,
1403638550227829504,1.20492,9.06354,1.38602,-0.40566,0.58703,0.58453,0.38621,-0.21444,1.48521,0.69723,
1403638550327829504,1.18289,9.21431,1.45660,-0.40498,0.58620,0.58534,0.38696,-0.19952,1.50001,0.73806,
1403638550427829504,1.16400,9.36971,1.52315,-0.40730,0.58569,0.58456,0.38647,-0.18303,1.50004,0.65271,
1403638550527829504,1.14462,9.52236,1.58441,-0.40977,0.58704,0.58304,0.38411,-0.16811,1.50434,0.58818,
1403638550627829504,1.12852,9.67976,1.64014,-0.41451,0.58626,0.58009,0.38469,-0.13210,1.50160,0.53048,
1403638550727829504,1.11649,9.82849,1.68908,-0.41870,0.58514,0.57718,0.38621,-0.09838,1.49312,0.49568,
1403638550827829504,1.10739,9.98451,1.73500,-0.42224,0.58295,0.57446,0.38971,-0.06023,1.47452,0.45728,
1403638550927829504,1.10275,10.13401,1.77671,-0.42846,0.57865,0.56968,0.39629,-0.02372,1.44391,0.41155,
1403638551027829504,1.10063,10.27540,1.81075,-0.43354,0.57567,0.56584,0.40058,0.01040,1.38634,0.37363,
1403638551127829504,1.10246,10.40489,1.84065,-0.43663,0.57489,0.56343,0.40174,0.05255,1.30143,0.37594,
1403638551227829504,1.10864,10.52270,1.87359,-0.44026,0.57536,0.56136,0.40000,0.09919,1.22170,0.42360,
1403638551327829504,1.12168,10.63012,1.90999,-0.43758,0.57978,0.56047,0.39781,0.16097,1.11361,0.44801,
1403638551427829504,1.13994,10.74433,1.95446,-0.43184,0.59036,0.55405,0.39751,0.23456,1.05628,0.40346,
1403638551527829504,1.16461,10.85000,1.98720,-0.42468,0.60526,0.54139,0.40026,0.30672,1.00795,0.33967,
1403638551627829504,1.19532,10.95928,2.01756,-0.41872,0.62197,0.52352,0.40465,0.37358,0.97766,0.28219,
1403638551727829504,1.23654,11.06070,2.04121,-0.41107,0.63744,0.50518,0.41168,0.46632,0.95024,0.23382,
1403638551827829504,1.28640,11.15618,2.05883,-0.40177,0.65105,0.48745,0.42085,0.54886,0.91133,0.19821,
1403638551927829504,1.34455,11.24232,2.07616,-0.39017,0.65786,0.47666,0.43334,0.62233,0.84610,0.22692,
1403638552027829504,1.41070,11.31958,2.09947,-0.37987,0.65968,0.47043,0.44633,0.68405,0.78240,0.30974,
1403638552127829504,1.48123,11.39053,2.13026,-0.37241,0.66264,0.46667,0.45215,0.72472,0.72058,0.34933,
1403638552227829504,1.55635,11.45538,2.16725,-0.36786,0.66750,0.46474,0.45070,0.76503,0.66770,0.40288,
1403638552327829504,1.63551,11.51255,2.20694,-0.36602,0.66999,0.46360,0.44969,0.79831,0.62554,0.39905,
1403638552427829504,1.71784,11.56535,2.24379,-0.37201,0.66839,0.45858,0.45228,0.83897,0.57031,0.34458,
1403638552527829504,1.80368,11.61843,2.27568,-0.37879,0.66495,0.45378,0.45656,0.88339,0.50544,0.29415,
1403638552627829504,1.89411,11.65653,2.30084,-0.38249,0.66128,0.45242,0.46014,0.91968,0.40784,0.22198,
1403638552727829504,1.98815,11.68681,2.31980,-0.38240,0.66030,0.45447,0.45959,0.96199,0.31276,0.17450,
1403638552827829504,2.08677,11.71286,2.33418,-0.38116,0.65897,0.45765,0.45938,0.99756,0.23209,0.12919,
1403638552927829504,2.18765,11.73371,2.34377,-0.37714,0.65750,0.46330,0.45914,1.02776,0.16031,0.07791,
1403638553027829504,2.29129,11.74740,2.34883,-0.37221,0.65509,0.46944,0.46038,1.04164,0.09984,0.02434,
1403638553127829504,2.39570,11.75712,2.35122,-0.37265,0.65218,0.47173,0.46181,1.04291,0.05068,0.00447,
1403638553227829504,2.49968,11.75925,2.35102,-0.38067,0.64721,0.46805,0.46599,1.04954,-0.01292,0.00509,
1403638553327829504,2.60440,11.75273,2.35204,-0.38556,0.64134,0.46649,0.47161,1.05230,-0.11063,0.06716,
1403638553427829504,2.70921,11.73607,2.35889,-0.38339,0.63607,0.46934,0.47766,1.04110,-0.22570,0.10911,
1403638553527829504,2.81353,11.70965,2.37225,-0.38018,0.63160,0.47269,0.48282,1.01013,-0.34393,0.16578,
1403638553627829504,2.91520,11.66974,2.38994,-0.37723,0.62866,0.47529,0.48640,0.96490,-0.48854,0.18556,
1403638553727829504,3.01467,11.61971,2.41410,-0.37559,0.62823,0.47718,0.48636,0.91755,-0.61322,0.27400,
1403638553827829504,3.10927,11.55970,2.44570,-0.37324,0.62947,0.47914,0.48465,0.87722,-0.68221,0.33116,
1403638553927829504,3.19744,11.48803,2.48271,-0.37108,0.63129,0.48031,0.48278,0.83241,-0.76754,0.33426,
1403638554027829504,3.28963,11.41660,2.51726,-0.37131,0.63591,0.48003,0.47677,0.81730,-0.82584,0.29205,
1403638554127829504,3.37041,11.33158,2.54560,-0.36893,0.63761,0.48177,0.47460,0.78721,-0.87696,0.23984,
1403638554227829504,3.44880,11.24777,2.56585,-0.36030,0.64267,0.48789,0.46811,0.76339,-0.89979,0.16792,
1403638554327829504,3.52378,11.15543,2.58044,-0.35313,0.64709,0.49324,0.46183,0.73709,-0.92322,0.12303,
1403638554427829504,3.59872,11.06806,2.59387,-0.34920,0.64953,0.49622,0.45820,0.71477,-0.90516,0.10748,
1403638554527829504,3.66979,10.98201,2.60499,-0.34742,0.65044,0.49749,0.45688,0.69148,-0.88221,0.07722,
1403638554627829504,3.73742,10.89867,2.61537,-0.34986,0.65242,0.49606,0.45373,0.67202,-0.86630,0.09763,
1403638554727829504,3.80558,10.81072,2.62743,-0.35556,0.65328,0.49236,0.45208,0.66188,-0.89094,0.13550,
1403638554827829504,3.87255,10.72756,2.64625,-0.35987,0.65428,0.48963,0.45021,0.67561,-0.85720,0.18287,
1403638554927829504,3.94078,10.64278,2.66802,-0.36322,0.65451,0.48699,0.45003,0.68511,-0.84881,0.19014,
1403638555027829504,4.01120,10.56193,2.68868,-0.36336,0.65642,0.48281,0.45163,0.70399,-0.85830,0.12949,
1403638555127829504,4.08438,10.47575,2.70084,-0.35726,0.66103,0.47804,0.45484,0.72333,-0.87381,0.07449,
1403638555227829504,4.15963,10.39250,2.70886,-0.35120,0.66797,0.46998,0.45782,0.73816,-0.87734,0.02326,
1403638555327829504,4.23559,10.30662,2.70983,-0.34531,0.67333,0.46319,0.46135,0.75462,-0.87528,-0.00647,
1403638555427829504,4.31576,10.21842,2.70762,-0.33772,0.67560,0.46032,0.46649,0.76733,-0.87181,-0.03724,
1403638555527829504,4.39675,10.13112,2.70198,-0.33494,0.67768,0.45686,0.46888,0.77423,-0.86953,-0.06658,
1403638555627829504,4.47395,10.04734,2.69687,-0.33263,0.67878,0.45547,0.47028,0.76925,-0.85776,-0.00679,
1403638555727829504,4.55006,9.96287,2.70043,-0.33290,0.68029,0.45424,0.46910,0.76431,-0.88883,0.08856,
1403638555827829504,4.62516,9.87710,2.71401,-0.33135,0.68068,0.45546,0.46844,0.75944,-0.90230,0.19334,
1403638555927829504,4.69998,9.78930,2.73352,-0.32982,0.68044,0.45697,0.46840,0.76988,-0.87098,0.21023,
1403638556027829504,4.77420,9.71315,2.75967,-0.32867,0.67940,0.45838,0.46934,0.77303,-0.83080,0.26441,
1403638556127829504,4.85126,9.63016,2.78535,-0.32739,0.68134,0.45948,0.46633,0.77090,-0.82592,0.20902,
1403638556227829504,4.92582,9.55756,2.80249,-0.32501,0.68601,0.46072,0.45989,0.77365,-0.79674,0.14076,
1403638556327829504,5.00402,9.48020,2.81629,-0.32410,0.68858,0.46132,0.45607,0.78580,-0.76384,0.11191,
1403638556427829504,5.08089,9.41693,2.82584,-0.32294,0.69058,0.46200,0.45317,0.80221,-0.70690,0.09397,
1403638556527829504,5.16252,9.34939,2.83620,-0.32015,0.69408,0.46332,0.44844,0.82283,-0.65532,0.09644,
1403638556627829504,5.24330,9.29839,2.84444,-0.32435,0.69724,0.45954,0.44438,0.84307,-0.59711,0.11103,
1403638556727829504,5.32807,9.25039,2.85739,-0.33193,0.69688,0.45342,0.44563,0.88298,-0.57723,0.20212,
1403638556827829504,5.41615,9.19819,2.88120,-0.33815,0.69411,0.44895,0.44980,0.93158,-0.56012,0.25725,
1403638556927829504,5.51033,9.15528,2.90923,-0.34279,0.69283,0.44547,0.45171,0.98453,-0.52670,0.30351,
1403638557027829504,5.60928,9.11082,2.93536,-0.34397,0.69159,0.44475,0.45342,1.02727,-0.51557,0.25219,
1403638557127829504,5.71399,9.06701,2.95504,-0.34152,0.68987,0.44698,0.45569,1.06337,-0.50732,0.18112,
1403638557227829504,5.82199,9.02413,2.96808,-0.34047,0.68855,0.44818,0.45729,1.09623,-0.49673,0.11150,
1403638557327829504,5.92963,8.98287,2.97414,-0.33924,0.68772,0.44945,0.45820,1.13127,-0.48685,0.07279,
1403638557427829504,6.04387,8.93900,2.97987,-0.33594,0.68560,0.45253,0.46078,1.14998,-0.48029,0.09344,
1403638557527829504,6.15966,8.89692,2.98966,-0.33037,0.68265,0.45701,0.46474,1.15776,-0.46732,0.17348,
1403638557627829504,6.27637,8.85480,3.00532,-0.32727,0.68025,0.45968,0.46781,1.14539,-0.44990,0.19974,
1403638557727829504,6.39108,8.81609,3.02506,-0.32633,0.67949,0.46049,0.46878,1.12929,-0.42237,0.23177,
1403638557827829504,6.50219,8.77635,3.04286,-0.32449,0.67916,0.46121,0.46982,1.11260,-0.41026,0.16622,
1403638557927829504,6.61169,8.73678,3.05414,-0.32181,0.67934,0.46290,0.46974,1.09270,-0.39699,0.09220,
1403638558027829504,6.72111,8.69793,3.05872,-0.32032,0.68188,0.46398,0.46600,1.06768,-0.37531,0.02747,
1403638558127829504,6.82921,8.66043,3.05860,-0.31831,0.68687,0.46502,0.45897,1.06560,-0.35637,-0.00949,
1403638558227829504,6.93838,8.62603,3.06058,-0.31535,0.69305,0.46638,0.45025,1.06590,-0.30997,0.04892,
1403638558327829504,7.04784,8.59856,3.06987,-0.31121,0.69471,0.46874,0.44812,1.08489,-0.21370,0.14157,
1403638558427829504,7.15651,8.57859,3.09031,-0.30503,0.69714,0.47233,0.44481,1.07767,-0.16844,0.23493,
1403638558527829504,7.26483,8.56712,3.11750,-0.30151,0.70040,0.47390,0.44039,1.07718,-0.07631,0.30789,
1403638558627829504,7.37357,8.56589,3.15198,-0.30624,0.70184,0.46989,0.43914,1.10394,0.02473,0.38592,
1403638558727829504,7.48604,8.57403,3.18985,-0.31660,0.70260,0.46196,0.43898,1.13313,0.10635,0.38688,
1403638558827829504,7.60317,8.58784,3.22230,-0.32212,0.70219,0.45761,0.44018,1.16689,0.14841,0.30762,
1403638558927829504,7.72271,8.60610,3.24683,-0.32303,0.69907,0.45692,0.44518,1.20552,0.18510,0.24122,
1403638559027829504,7.84532,8.62887,3.26443,-0.32381,0.69389,0.45680,0.45276,1.22530,0.21862,0.16144,
1403638559127829504,7.97126,8.65376,3.27580,-0.32507,0.69006,0.45647,0.45802,1.23710,0.24389,0.08806,
1403638559227829504,8.09493,8.67981,3.27968,-0.32424,0.68671,0.45796,0.46214,1.23726,0.25463,0.02965,
1403638559327829504,8.22006,8.70703,3.27770,-0.32261,0.68428,0.45996,0.46488,1.22989,0.26560,-0.03381,
1403638559427829504,8.34427,8.73656,3.27111,-0.31865,0.68160,0.46352,0.46801,1.19734,0.27018,-0.08769,
1403638559527829504,8.46160,8.76603,3.25854,-0.31743,0.67974,0.46473,0.47033,1.16866,0.28806,-0.14243,
1403638559627829504,8.57796,8.79783,3.24158,-0.31784,0.67807,0.46517,0.47204,1.14090,0.30555,-0.17971,
1403638559727829504,8.68896,8.83106,3.22391,-0.31827,0.67713,0.46566,0.47261,1.08890,0.31178,-0.14320,
1403638559827829504,8.79492,8.86471,3.21259,-0.31945,0.67768,0.46573,0.47095,1.05331,0.33883,-0.08497,
1403638559927829504,8.90092,8.90104,3.20663,-0.31965,0.67878,0.46331,0.47162,1.03681,0.35182,-0.06966,
1403638560027829504,9.00475,8.93574,3.19729,-0.31655,0.68484,0.45395,0.47404,1.02260,0.34374,-0.13737,
1403638560127829504,9.10872,8.97167,3.18137,-0.30917,0.69422,0.43836,0.47992,1.01264,0.34169,-0.20962,
1403638560227829504,9.21282,9.00774,3.15957,-0.29763,0.70528,0.41893,0.48836,1.01464,0.34581,-0.24242,
1403638560327829504,9.31722,9.04328,3.13535,-0.28590,0.71486,0.39619,0.50027,0.99945,0.33310,-0.25525,
1403638560427829504,9.41517,9.07572,3.10845,-0.27423,0.72350,0.37158,0.51310,0.96452,0.31127,-0.28524,
1403638560527829504,9.51034,9.10455,3.07757,-0.26189,0.73222,0.34615,0.52483,0.93007,0.27197,-0.32483,
1403638560627829504,9.60352,9.12978,3.04165,-0.25196,0.74312,0.31842,0.53189,0.89898,0.22328,-0.38009,
1403638560727829504,9.69338,9.14951,3.00526,-0.24483,0.75390,0.29112,0.53567,0.87442,0.17721,-0.33907,
1403638560827829504,9.78137,9.16207,2.97586,-0.23456,0.76171,0.26830,0.54111,0.84528,0.08097,-0.25694,
1403638560927829504,9.86923,9.16731,2.95341,-0.22444,0.76783,0.24585,0.54738,0.84829,0.00796,-0.18712,
1403638561027829504,9.95675,9.16407,2.93973,-0.21167,0.77068,0.22616,0.55686,0.83811,-0.07992,-0.09409,
1403638561127829504,10.04254,9.15227,2.93269,-0.20025,0.77349,0.20701,0.56459,0.79174,-0.17297,-0.04427,
1403638561227829504,10.12534,9.13254,2.93219,-0.19132,0.77491,0.19156,0.57115,0.75615,-0.24941,0.03840,
1403638561327829504,10.20332,9.10502,2.93805,-0.18514,0.77675,0.18167,0.57392,0.70789,-0.33558,0.05292,
1403638561427829504,10.27472,9.06829,2.94190,-0.17313,0.78296,0.18214,0.56905,0.67195,-0.40221,0.00434,
1403638561527829504,10.34238,9.02800,2.94027,-0.16036,0.78758,0.18701,0.56483,0.64263,-0.43310,-0.05114,
1403638561627829504,10.40519,8.98404,2.93313,-0.15342,0.79044,0.19060,0.56154,0.61913,-0.45133,-0.10767,
1403638561727829504,10.46338,8.93907,2.92143,-0.15173,0.79138,0.19287,0.55991,0.58851,-0.45692,-0.15002,
1403638561827829504,10.51992,8.89221,2.90493,-0.15030,0.79097,0.19467,0.56024,0.56676,-0.47506,-0.20111,
1403638561927829504,10.57604,8.84511,2.88001,-0.14597,0.79099,0.19354,0.56176,0.54677,-0.48446,-0.25863,
1403638562027829504,10.62598,8.79528,2.85337,-0.14039,0.79256,0.18607,0.56348,0.52676,-0.49722,-0.22932,
1403638562127829504,10.67333,8.74361,2.83314,-0.13283,0.79475,0.17631,0.56538,0.46654,-0.52307,-0.16123,
1403638562227829504,10.71843,8.69189,2.81852,-0.12580,0.79621,0.16817,0.56740,0.45381,-0.49714,-0.11387,
1403638562327829504,10.76105,8.64205,2.80854,-0.11967,0.79751,0.15834,0.56972,0.41751,-0.50400,-0.04948,
1403638562427829504,10.79818,8.59161,2.80386,-0.11265,0.79910,0.14439,0.57262,0.39021,-0.51154,-0.02192,
1403638562527829504,10.83463,8.54078,2.80547,-0.10351,0.80234,0.12647,0.57405,0.39515,-0.51366,0.06467,
1403638562627829504,10.86879,8.48951,2.81466,-0.09462,0.80472,0.10387,0.57679,0.37030,-0.53354,0.10814,
1403638562727829504,10.89986,8.43603,2.82707,-0.08543,0.80752,0.07886,0.57827,0.35653,-0.56024,0.11943,
1403638562827829504,10.92757,8.37873,2.83836,-0.07394,0.80956,0.05320,0.57992,0.31272,-0.60329,0.07876,
1403638562927829504,10.95057,8.31808,2.84519,-0.06002,0.81126,0.02914,0.58086,0.27945,-0.64291,0.02371,
1403638563027829504,10.96730,8.25373,2.84551,-0.04767,0.81167,0.00611,0.58213,0.24116,-0.67519,-0.03078,
1403638563127829504,10.97819,8.18566,2.84104,-0.04036,0.81222,-0.01824,0.58167,0.19598,-0.72669,-0.07216,
1403638563227829504,10.98150,8.11385,2.83242,-0.02675,0.81059,-0.03446,0.58399,0.14805,-0.77002,-0.11503,
1403638563327829504,10.98122,8.03772,2.81920,-0.01669,0.80610,-0.04568,0.58978,0.09062,-0.81082,-0.14867,
1403638563427829504,10.97546,7.95859,2.80077,-0.01263,0.79754,-0.05433,0.60068,0.01201,-0.84150,-0.21153,
1403638563527829504,10.96527,7.87419,2.77730,-0.00892,0.79535,-0.05723,0.60338,-0.08504,-0.89393,-0.22147,
1403638563627829504,10.94784,7.78587,2.75647,-0.00511,0.79798,-0.05660,0.60000,-0.16966,-0.92967,-0.15253,
1403638563727829504,10.92398,7.69212,2.74250,-0.00744,0.80083,-0.05731,0.59610,-0.24679,-0.97540,-0.09663,
1403638563827829504,10.89532,7.59311,2.73554,-0.01109,0.80217,-0.05739,0.59422,-0.30284,-1.02140,0.00146,
1403638563927829504,10.86047,7.48975,2.73881,-0.01432,0.80153,-0.05627,0.59512,-0.35495,-1.07573,0.05787,
1403638564027829504,10.82065,7.38019,2.74363,-0.01813,0.80110,-0.05401,0.59582,-0.42670,-1.12418,0.02496,
1403638564127829504,10.77519,7.26458,2.74417,-0.02142,0.80095,-0.05064,0.59619,-0.47938,-1.18039,-0.02471,
1403638564227829504,10.72222,7.14586,2.74018,-0.02178,0.80016,-0.04521,0.59768,-0.53676,-1.23845,-0.05026,
1403638564327829504,10.66330,7.02165,2.73713,-0.01986,0.79898,-0.03877,0.59978,-0.59190,-1.27546,0.01262,
1403638564427829504,10.59937,6.89472,2.74161,-0.02010,0.79698,-0.03491,0.60266,-0.65723,-1.32412,0.07917,
1403638564527829504,10.52637,6.76417,2.75280,-0.02119,0.79689,-0.03262,0.60287,-0.75104,-1.36116,0.11756,
1403638564627829504,10.44859,6.62821,2.76619,-0.02538,0.79901,-0.03343,0.59985,-0.81032,-1.39652,0.09072,
1403638564727829504,10.36267,6.48454,2.77577,-0.03036,0.80031,-0.03664,0.59770,-0.87480,-1.44593,0.03600,
1403638564827829504,10.27250,6.33861,2.77702,-0.03316,0.80049,-0.03970,0.59711,-0.91759,-1.49313,-0.03879,
1403638564927829504,10.17696,6.18911,2.76855,-0.03531,0.79964,-0.04216,0.59796,-0.96624,-1.54193,-0.21760,
1403638565027829504,10.07528,6.03418,2.73994,-0.03652,0.79958,-0.04314,0.59789,-1.01476,-1.59189,-0.38048,
1403638565127829504,9.97097,5.87606,2.69546,-0.03732,0.80027,-0.04375,0.59688,-1.03413,-1.64178,-0.53248,
1403638565227829504,9.86453,5.71200,2.64046,-0.03687,0.80116,-0.04327,0.59574,-1.06600,-1.69680,-0.60053,
1403638565327829504,9.75574,5.53828,2.58165,-0.03455,0.80209,-0.04234,0.59470,-1.09645,-1.75239,-0.61429,
1403638565427829504,9.64461,5.36412,2.52089,-0.03220,0.80304,-0.04110,0.59363,-1.13619,-1.79863,-0.61247,
1403638565527829504,9.53032,5.18346,2.46399,-0.02664,0.80104,-0.03948,0.59671,-1.15669,-1.84657,-0.53724,
1403638565627829504,9.41131,4.99774,2.41573,-0.01814,0.79951,-0.03598,0.59930,-1.20982,-1.87333,-0.44821,
1403638565727829504,9.28840,4.81262,2.37480,-0.00598,0.80060,-0.02957,0.59844,-1.23985,-1.86413,-0.37823,
1403638565827829504,9.15697,4.62590,2.34227,0.00023,0.80356,-0.02689,0.59462,-1.31082,-1.84755,-0.30608,
1403638565927829504,9.01947,4.44208,2.31635,0.00618,0.80591,-0.02471,0.59149,-1.35132,-1.81780,-0.25080,
1403638566027829504,8.87898,4.26140,2.28731,0.00686,0.80714,-0.02556,0.58977,-1.37356,-1.77438,-0.31238,
1403638566127829504,8.73536,4.08370,2.24861,0.00719,0.80732,-0.02593,0.58950,-1.39091,-1.73518,-0.40099,
1403638566227829504,8.59165,3.90747,2.20050,0.00739,0.80704,-0.02567,0.58989,-1.42831,-1.70641,-0.47959,
1403638566327829504,8.44851,3.73714,2.14604,0.00675,0.80810,-0.02567,0.58845,-1.42531,-1.67178,-0.55655,
1403638566427829504,8.30492,3.57211,2.08458,0.00643,0.80793,-0.02446,0.58873,-1.41943,-1.63835,-0.62388,
1403638566527829504,8.16380,3.41223,2.01811,0.00445,0.80826,-0.02387,0.58833,-1.41768,-1.60767,-0.67230,
1403638566627829504,8.02206,3.25758,1.94410,0.00279,0.81481,-0.02267,0.57928,-1.42633,-1.56976,-0.76600,
1403638566727829504,7.88585,3.10970,1.86267,0.00191,0.82714,-0.02157,0.56157,-1.37791,-1.53223,-0.80581,
1403638566827829504,7.75587,2.96230,1.77795,0.00249,0.83677,-0.01836,0.54723,-1.30901,-1.49522,-0.83633,
1403638566927829504,7.63415,2.81361,1.69034,0.00221,0.84297,-0.01567,0.53773,-1.21872,-1.46977,-0.86947,
1403638567027829504,7.52187,2.67065,1.60265,0.00097,0.84282,-0.01429,0.53800,-1.11519,-1.43968,-0.85391,
1403638567127829504,7.41754,2.52643,1.51678,0.00234,0.83034,-0.01176,0.55712,-1.03992,-1.40958,-0.87627,
1403638567227829504,7.31845,2.38384,1.42639,0.00369,0.81916,-0.01011,0.57347,-0.99702,-1.38502,-0.92143,
1403638567327829504,7.21942,2.24577,1.33053,0.00678,0.81360,-0.00872,0.58132,-0.99305,-1.34528,-0.98521,
1403638567427829504,7.11997,2.11194,1.23519,0.00905,0.81323,-0.00883,0.58180,-1.00762,-1.31230,-0.92272,
1403638567527829504,7.02452,1.98344,1.14582,0.01080,0.81601,-0.00985,0.57786,-1.00209,-1.26902,-0.88021,
1403638567627829504,6.92353,1.85890,1.06596,0.01302,0.81995,-0.01083,0.57218,-0.98403,-1.23087,-0.78372,
1403638567727829504,6.82388,1.73689,0.99573,0.01554,0.82323,-0.01128,0.56738,-0.95864,-1.16807,-0.67817,
1403638567827829504,6.72542,1.61652,0.93166,0.01746,0.82724,-0.01144,0.56146,-0.92461,-1.11826,-0.59737,
1403638567927829504,6.63669,1.50386,0.87566,0.01498,0.82883,-0.01389,0.55913,-0.85010,-1.07268,-0.53959,
1403638568027829504,6.55458,1.39761,0.82853,0.01600,0.82952,-0.01388,0.55808,-0.78643,-1.02805,-0.46606,
1403638568127829504,6.47571,1.29480,0.78939,0.01863,0.82866,-0.01223,0.55931,-0.75403,-0.97892,-0.38208,
1403638568227829504,6.40053,1.19843,0.75917,0.02059,0.82795,-0.01098,0.56032,-0.72460,-0.92935,-0.30214,
1403638568327829504,6.32585,1.10825,0.73149,0.02153,0.82798,-0.01102,0.56024,-0.68987,-0.87747,-0.29574,
1403638568427829504,6.25514,1.02401,0.70141,0.02165,0.82911,-0.01135,0.55855,-0.65745,-0.82613,-0.34827,
1403638568527829504,6.19018,0.94577,0.66465,0.02260,0.82977,-0.01099,0.55754,-0.61597,-0.76884,-0.37712,
1403638568627829504,6.12610,0.87076,0.62724,0.02317,0.83123,-0.01044,0.55534,-0.56774,-0.71227,-0.39736,
1403638568727829504,6.06936,0.80189,0.58682,0.02493,0.83251,-0.00881,0.55338,-0.52325,-0.65515,-0.37885,
1403638568827829504,6.01221,0.73972,0.55534,0.02296,0.83229,-0.00971,0.55378,-0.49691,-0.59418,-0.28501,
1403638568927829504,5.96433,0.68100,0.52948,0.02390,0.83220,-0.00916,0.55389,-0.42635,-0.53967,-0.19870,
1403638569027829504,5.91714,0.62547,0.51238,0.02378,0.83122,-0.00910,0.55535,-0.37870,-0.49683,-0.12253,
1403638569127829504,5.87828,0.57703,0.50085,0.02546,0.83127,-0.00788,0.55523,-0.33462,-0.44670,-0.06204,
1403638569227829504,5.83948,0.53029,0.49551,0.02734,0.83272,-0.00685,0.55297,-0.30702,-0.39009,-0.05586,
1403638569327829504,5.80949,0.49076,0.48475,0.02850,0.83340,-0.00667,0.55190,-0.26931,-0.33657,-0.10499,
1403638569427829504,5.77767,0.45233,0.46900,0.02946,0.83234,-0.00622,0.55345,-0.21651,-0.28968,-0.15566,
1403638569527829504,5.75981,0.42469,0.45140,0.02945,0.83117,-0.00592,0.55521,-0.17410,-0.24424,-0.18676,
1403638569627829504,5.74517,0.40285,0.43408,0.02897,0.82979,-0.00657,0.55729,-0.13798,-0.18444,-0.14197,
1403638569727829504,5.72984,0.38488,0.42246,0.02982,0.82882,-0.00636,0.55869,-0.10905,-0.12683,-0.08528,
1403638569827829504,5.72239,0.37507,0.41968,0.02977,0.82822,-0.00592,0.55959,-0.09244,-0.06955,-0.00731,
1403638569927829504,5.71809,0.37066,0.42235,0.03085,0.82642,-0.00525,0.56218,-0.06322,-0.01747,0.02466,
1403638570027829504,5.71678,0.37201,0.42597,0.02866,0.82529,-0.00648,0.56395,-0.03746,0.02906,-0.00703,
1403638570127829504,5.71767,0.37851,0.42418,0.02517,0.82547,-0.00882,0.56381,-0.01810,0.07847,-0.07471,
1403638570227829504,5.71942,0.38826,0.41583,0.01911,0.82507,-0.01221,0.56458,-0.00726,0.10831,-0.13071,
1403638570327829504,5.72228,0.40029,0.40242,0.01034,0.82485,-0.01859,0.56495,0.01485,0.11731,-0.17106,
1403638570427829504,5.72369,0.40970,0.38037,0.00676,0.82459,-0.02890,0.56495,0.03026,0.10253,-0.23426,
1403638570527829504,5.72830,0.41753,0.35683,0.00043,0.82369,-0.05094,0.56475,0.04183,0.05615,-0.28699,
1403638570627829504,5.73182,0.41710,0.32466,-0.00380,0.82037,-0.08020,0.56617,0.03929,-0.02541,-0.34273,
1403638570727829504,5.73385,0.40723,0.28863,0.00158,0.81279,-0.10783,0.57250,0.04018,-0.12635,-0.35783,
1403638570827829504,5.73271,0.38797,0.25123,0.01083,0.80060,-0.13506,0.58367,-0.01094,-0.23449,-0.37486,
1403638570927829504,5.72624,0.35720,0.21246,0.02467,0.79115,-0.15790,0.59037,-0.09522,-0.35197,-0.39640,
1403638571027829504,5.71191,0.31549,0.17112,0.03957,0.78475,-0.17897,0.59210,-0.17506,-0.45402,-0.42672,
1403638571127829504,5.68891,0.26461,0.12612,0.05972,0.78612,-0.19482,0.58352,-0.26718,-0.54373,-0.40863,
1403638571227829504,5.65753,0.20749,0.08866,0.08124,0.78869,-0.20331,0.57449,-0.33060,-0.62604,-0.30937,
1403638571327829504,5.61896,0.14323,0.06139,0.09943,0.78926,-0.20794,0.56917,-0.38518,-0.66593,-0.21826,
1403638571427829504,5.57547,0.07356,0.04359,0.10699,0.78727,-0.21376,0.56839,-0.43336,-0.70214,-0.12302,
1403638571527829504,5.52719,-0.00017,0.03421,0.11260,0.78432,-0.21700,0.57015,-0.48208,-0.73470,-0.08650,
1403638571627829504,5.47572,-0.07716,0.02419,0.11898,0.78322,-0.22383,0.56772,-0.52788,-0.76300,-0.14244,
1403638571727829504,5.41997,-0.15657,0.00835,0.12589,0.78333,-0.23558,0.56129,-0.56905,-0.79569,-0.20506,
1403638571827829504,5.36108,-0.23784,-0.01295,0.13425,0.78214,-0.25111,0.55424,-0.59299,-0.82620,-0.24459,
1403638571927829504,5.29984,-0.32240,-0.03504,0.14172,0.77755,-0.27063,0.54962,-0.61265,-0.87035,-0.21414,
1403638572027829504,5.23551,-0.41125,-0.05063,0.15077,0.77126,-0.29038,0.54598,-0.65348,-0.91867,-0.12547,
1403638572127829504,5.16761,-0.50427,-0.05681,0.16184,0.76406,-0.30866,0.54291,-0.69680,-0.96040,-0.04118,
1403638572227829504,5.09549,-0.60134,-0.05436,0.17850,0.75872,-0.32364,0.53641,-0.73847,-0.97952,0.00602,
1403638572327829504,5.02091,-0.70242,-0.05217,0.19186,0.75466,-0.34158,0.52631,-0.75452,-1.01986,-0.02731,
1403638572427829504,4.94684,-0.80687,-0.05387,0.20560,0.75006,-0.35854,0.51633,-0.74934,-1.05656,-0.05609,
1403638572527829504,4.87327,-0.91645,-0.05898,0.21825,0.74675,-0.36929,0.50828,-0.72974,-1.09621,-0.06336,
1403638572627829504,4.80209,-1.03075,-0.06439,0.22669,0.74368,-0.37602,0.50414,-0.70855,-1.12410,-0.05280,
1403638572727829504,4.73328,-1.14736,-0.06500,0.23380,0.74345,-0.37867,0.49923,-0.67894,-1.17757,0.04109,
1403638572827829504,4.66804,-1.26706,-0.05678,0.23963,0.74560,-0.37788,0.49383,-0.64356,-1.20172,0.12359,
1403638572927829504,4.60796,-1.38972,-0.04121,0.24106,0.74747,-0.37739,0.49066,-0.58122,-1.23384,0.17436,
1403638573027829504,4.55226,-1.51375,-0.02531,0.24151,0.74989,-0.37631,0.48757,-0.53329,-1.25470,0.14683,
1403638573127829504,4.49972,-1.64135,-0.01510,0.24025,0.75204,-0.37473,0.48611,-0.48331,-1.28008,0.07937,
1403638573227829504,4.45229,-1.76691,-0.00895,0.23873,0.75287,-0.37302,0.48687,-0.43305,-1.29703,0.06648,
1403638573327829504,4.40976,-1.89840,-0.00259,0.23721,0.75387,-0.37095,0.48766,-0.38219,-1.33047,0.08246,
1403638573427829504,4.36926,-2.03136,0.00569,0.23826,0.75485,-0.37130,0.48536,-0.34440,-1.34714,0.10667,
1403638573527829504,4.33979,-2.16706,0.02111,0.24135,0.75468,-0.37138,0.48403,-0.26941,-1.38559,0.19805,
1403638573627829504,4.31246,-2.30620,0.04524,0.24268,0.75433,-0.37177,0.48362,-0.21519,-1.40370,0.27506,
1403638573727829504,4.29175,-2.44668,0.07479,0.24715,0.75370,-0.37370,0.48084,-0.15189,-1.42748,0.30528,
1403638573827829504,4.27995,-2.59022,0.10699,0.25813,0.74669,-0.37795,0.48267,-0.10279,-1.42834,0.29249,
1403638573927829504,4.27532,-2.73096,0.13566,0.27253,0.73437,-0.38692,0.48654,-0.04101,-1.43123,0.24832,
1403638574027829504,4.27464,-2.87236,0.15700,0.28035,0.71642,-0.40542,0.49375,-0.02340,-1.39980,0.18056,
1403638574127829504,4.27560,-3.00963,0.17038,0.28609,0.69523,-0.42869,0.50103,-0.03428,-1.37313,0.11939,
1403638574227829504,4.27235,-3.14702,0.17906,0.29350,0.67447,-0.45263,0.50407,-0.08490,-1.34334,0.09465,
1403638574327829504,4.26305,-3.28057,0.18377,0.30439,0.65906,-0.47409,0.49822,-0.14205,-1.31295,0.04716,
1403638574427829504,4.24622,-3.41033,0.18518,0.31850,0.64743,-0.49263,0.48653,-0.20080,-1.28040,0.01271,
1403638574527829504,4.22460,-3.54028,0.18525,0.33034,0.63644,-0.50986,0.47525,-0.25523,-1.25132,0.04993,
1403638574627829504,4.19873,-3.66398,0.19138,0.34116,0.62702,-0.52059,0.46843,-0.29972,-1.23484,0.12451,
1403638574727829504,4.16902,-3.78310,0.20461,0.35357,0.62408,-0.52484,0.45831,-0.31220,-1.19739,0.17383,
1403638574827829504,4.13844,-3.90295,0.22354,0.36025,0.62617,-0.52776,0.44676,-0.31348,-1.17571,0.20777,
1403638574927829504,4.10781,-4.01269,0.23936,0.35906,0.62831,-0.53260,0.43891,-0.30987,-1.15475,0.16105,
1403638575027829504,4.07673,-4.12424,0.25095,0.35516,0.62910,-0.53642,0.43628,-0.30317,-1.14148,0.08943,
1403638575127829504,4.04536,-4.23591,0.25625,0.34784,0.62660,-0.54115,0.43993,-0.31413,-1.13792,0.03801,
1403638575227829504,4.01277,-4.34961,0.25713,0.34345,0.62451,-0.54293,0.44414,-0.33674,-1.14802,-0.00135,
1403638575327829504,3.97666,-4.46092,0.25183,0.34000,0.62502,-0.54340,0.44549,-0.37717,-1.14991,-0.05097,
1403638575427829504,3.93706,-4.57540,0.24407,0.33659,0.63009,-0.54298,0.44144,-0.39932,-1.16113,-0.09337,
1403638575527829504,3.89573,-4.69083,0.23229,0.33527,0.63462,-0.54087,0.43853,-0.42206,-1.18229,-0.08734,
1403638575627829504,3.85148,-4.81593,0.22482,0.33754,0.64124,-0.53633,0.43271,-0.43779,-1.22842,-0.03111,
1403638575727829504,3.80753,-4.93982,0.22591,0.34008,0.64734,-0.53181,0.42717,-0.43821,-1.25993,0.05815,
1403638575827829504,3.76370,-5.06835,0.23560,0.34085,0.65319,-0.52918,0.42087,-0.40833,-1.30164,0.14679,
1403638575927829504,3.72354,-5.20684,0.25524,0.33979,0.65502,-0.52813,0.42020,-0.36782,-1.36540,0.23932,
1403638576027829504,3.68890,-5.34519,0.28428,0.33994,0.65541,-0.52692,0.42099,-0.33094,-1.39686,0.32796,
1403638576127829504,3.65615,-5.49188,0.31880,0.34061,0.65518,-0.52627,0.42163,-0.30403,-1.43977,0.38281,
1403638576227829504,3.62706,-5.64425,0.35413,0.34294,0.65435,-0.52458,0.42314,-0.27553,-1.48365,0.34293,
1403638576327829504,3.60065,-5.79852,0.38406,0.34767,0.65539,-0.52138,0.42160,-0.23675,-1.52398,0.28754,
1403638576427829504,3.57902,-5.95784,0.40746,0.35105,0.65745,-0.51927,0.41818,-0.18991,-1.55407,0.22884,
1403638576527829504,3.56268,-6.11839,0.42604,0.35652,0.66113,-0.51558,0.41228,-0.13428,-1.58958,0.18297,
1403638576627829504,3.55408,-6.28104,0.44048,0.36019,0.66380,-0.51334,0.40757,-0.05360,-1.60848,0.13192,
1403638576727829504,3.55484,-6.44519,0.45064,0.36344,0.66294,-0.51105,0.40896,0.03959,-1.63554,0.10389,
1403638576827829504,3.56412,-6.60393,0.45566,0.36833,0.65871,-0.50780,0.41541,0.12139,-1.63245,0.05222,
1403638576927829504,3.58023,-6.76624,0.45567,0.36845,0.65300,-0.50818,0.42378,0.19484,-1.61410,-0.00966,
1403638577027829504,3.60259,-6.92550,0.45153,0.36442,0.64813,-0.51129,0.43095,0.24180,-1.58364,-0.01821,
1403638577127829504,3.62935,-7.08082,0.45277,0.36127,0.64432,-0.51404,0.43599,0.27571,-1.56897,0.05344,
1403638577227829504,3.65910,-7.23235,0.46145,0.35914,0.64260,-0.51590,0.43810,0.30512,-1.54566,0.11969,
1403638577327829504,3.69048,-7.38412,0.47684,0.36307,0.64494,-0.51303,0.43479,0.33164,-1.53990,0.21238,
1403638577427829504,3.72489,-7.53665,0.49995,0.36926,0.64953,-0.50809,0.42850,0.36534,-1.52335,0.26125,
1403638577527829504,3.76588,-7.68493,0.52526,0.36976,0.65013,-0.50755,0.42779,0.43472,-1.50371,0.23595,
1403638577627829504,3.81101,-7.83054,0.54476,0.36693,0.64923,-0.50951,0.42925,0.47217,-1.46311,0.16746,
1403638577727829504,3.86234,-7.97818,0.55823,0.36455,0.64898,-0.51108,0.42979,0.51088,-1.45453,0.10210,
1403638577827829504,3.91629,-8.11869,0.56336,0.36219,0.64863,-0.51240,0.43075,0.54556,-1.44205,0.02916,
1403638577927829504,3.97202,-8.25434,0.56402,0.36216,0.64876,-0.51176,0.43134,0.58069,-1.42250,0.01421,
1403638578027829504,4.03356,-8.39298,0.56635,0.36315,0.64885,-0.51046,0.43190,0.63215,-1.41588,0.06910,
1403638578127829504,4.09844,-8.53347,0.57876,0.36052,0.64737,-0.51129,0.43534,0.66393,-1.40450,0.13973,
1403638578227829504,4.16667,-8.67063,0.59611,0.35259,0.64210,-0.51663,0.44326,0.68683,-1.41264,0.21382,
1403638578327829504,4.23415,-8.80566,0.61655,0.34671,0.63862,-0.52069,0.44815,0.66916,-1.40221,0.19839,
1403638578427829504,4.29986,-8.93932,0.63239,0.34673,0.63790,-0.52124,0.44852,0.64123,-1.38035,0.12763,
1403638578527829504,4.36116,-9.06969,0.64117,0.34684,0.63723,-0.52185,0.44868,0.62220,-1.35794,0.07143,
1403638578627829504,4.42172,-9.20523,0.64727,0.34792,0.63644,-0.52167,0.44918,0.59375,-1.34185,0.04354,
1403638578727829504,4.47888,-9.33470,0.64843,0.35191,0.63794,-0.51932,0.44664,0.56345,-1.32122,0.01019,
1403638578827829504,4.53521,-9.46535,0.64599,0.35709,0.64166,-0.51564,0.44145,0.57498,-1.30081,-0.02367,
1403638578927829504,4.59450,-9.59199,0.63984,0.36136,0.64284,-0.51285,0.43950,0.58970,-1.28132,-0.02606,
1403638579027829504,4.65393,-9.71881,0.63927,0.36315,0.64394,-0.51073,0.43888,0.61671,-1.27536,0.05574,
1403638579127829504,4.71906,-9.83920,0.64915,0.36373,0.64419,-0.50977,0.43915,0.65313,-1.27059,0.16257,
1403638579227829504,4.78569,-9.96192,0.66517,0.36356,0.64413,-0.50951,0.43968,0.67303,-1.20855,0.19985,
1403638579327829504,4.85406,-10.07495,0.68486,0.36051,0.64253,-0.51119,0.44257,0.69218,-1.19340,0.21423,
1403638579427829504,4.92511,-10.19630,0.70403,0.35282,0.63798,-0.51644,0.44921,0.69151,-1.17777,0.16599,
1403638579527829504,4.99452,-10.30982,0.71716,0.34792,0.63477,-0.51876,0.45488,0.67986,-1.15475,0.12026,
1403638579627829504,5.06247,-10.42471,0.72568,0.34973,0.63237,-0.51064,0.46589,0.66062,-1.12782,0.07304,
1403638579727829504,5.13012,-10.53552,0.72842,0.35095,0.63795,-0.49441,0.47478,0.65167,-1.07472,0.01771,
1403638579827829504,5.18869,-10.63144,0.72506,0.34434,0.65316,-0.47415,0.47958,0.63604,-1.00141,-0.05435,
1403638579927829504,5.24794,-10.72060,0.71515,0.32985,0.67378,-0.45076,0.48377,0.64165,-0.94578,-0.10180,
1403638580027829504,5.30329,-10.79958,0.70049,0.31331,0.69107,-0.42069,0.49727,0.64328,-0.87852,-0.12344,
1403638580127829504,5.36450,-10.87819,0.68783,0.29630,0.70382,-0.38413,0.51893,0.62730,-0.77772,-0.14539,
1403638580227829504,5.42314,-10.94895,0.66978,0.27254,0.71929,-0.34732,0.53639,0.59443,-0.67580,-0.20514,
1403638580327829504,5.48225,-11.01297,0.64853,0.24350,0.73652,-0.31572,0.54641,0.55207,-0.59304,-0.26663,
1403638580427829504,5.53607,-11.07094,0.62085,0.21322,0.75008,-0.29515,0.55209,0.48645,-0.55022,-0.29960,
1403638580527829504,5.58431,-11.12447,0.59023,0.19196,0.75859,-0.28072,0.55577,0.44300,-0.51991,-0.31345,
1403638580627829504,5.62639,-11.17390,0.55776,0.17582,0.76673,-0.26689,0.55676,0.39304,-0.49233,-0.31874,
1403638580727829504,5.66384,-11.22044,0.52869,0.16227,0.77744,-0.25118,0.55332,0.35290,-0.47650,-0.25364,
1403638580827829504,5.69826,-11.26706,0.50872,0.15532,0.78539,-0.23836,0.54975,0.29993,-0.46535,-0.17262,
1403638580927829504,5.73073,-11.31285,0.49814,0.15141,0.78960,-0.23033,0.54824,0.30019,-0.46341,-0.05813,
1403638581027829504,5.76411,-11.35956,0.49792,0.14726,0.79078,-0.22851,0.54843,0.28337,-0.46348,0.01738,
1403638581127829504,5.79760,-11.40585,0.50702,0.14847,0.79127,-0.22694,0.54804,0.30011,-0.46733,0.09342,
1403638581227829504,5.83072,-11.44998,0.52159,0.15147,0.79145,-0.22668,0.54706,0.28697,-0.44729,0.11877,
1403638581327829504,5.85913,-11.49197,0.53302,0.15542,0.79105,-0.22733,0.54626,0.28854,-0.43233,0.11706,
1403638581427829504,5.89225,-11.52808,0.55044,0.15940,0.78920,-0.22875,0.54719,0.29934,-0.39428,0.14450,
1403638581527829504,5.91791,-11.56501,0.56840,0.16188,0.78791,-0.23088,0.54744,0.29205,-0.37524,0.20458,
1403638581627829504,5.95102,-11.59528,0.59441,0.16635,0.78549,-0.23224,0.54899,0.30710,-0.35256,0.20730,
1403638581727829504,5.98433,-11.62376,0.61582,0.17133,0.78082,-0.23232,0.55407,0.30901,-0.31414,0.14300,
1403638581827829504,6.01674,-11.65134,0.62914,0.17322,0.77913,-0.23392,0.55519,0.30038,-0.27481,0.07844,
1403638581927829504,6.04821,-11.67687,0.63824,0.17653,0.77238,-0.23365,0.56362,0.28578,-0.23256,0.04967,
1403638582027829504,6.07823,-11.70106,0.64206,0.17883,0.76887,-0.23303,0.56794,0.25218,-0.19033,0.03569,
1403638582127829504,6.10555,-11.72204,0.64873,0.17681,0.77517,-0.23528,0.55900,0.23628,-0.14639,0.12818,
1403638582227829504,6.13119,-11.74005,0.66576,0.17396,0.78123,-0.23765,0.55041,0.23380,-0.12689,0.23291,
1403638582327829504,6.15488,-11.75286,0.69565,0.17609,0.77974,-0.23593,0.55258,0.23079,-0.09526,0.36409,
1403638582427829504,6.17740,-11.76391,0.73310,0.17765,0.77729,-0.23437,0.55618,0.21917,-0.06752,0.43207,
1403638582527829504,6.19980,-11.77297,0.78022,0.17850,0.77625,-0.23325,0.55782,0.20638,-0.03216,0.54563,
1403638582627829504,6.22340,-11.77681,0.83968,0.17915,0.77616,-0.23276,0.55794,0.20171,0.00690,0.63023,
1403638582727829504,6.24646,-11.78106,0.90307,0.17807,0.77887,-0.23340,0.55424,0.20053,0.03287,0.70555,
1403638582827829504,6.26841,-11.77696,0.97612,0.17758,0.78021,-0.23437,0.55209,0.19779,0.06689,0.71776,
1403638582927829504,6.29045,-11.76903,1.04551,0.17730,0.78151,-0.23551,0.54986,0.20390,0.10008,0.65129,
1403638583027829504,6.31432,-11.76205,1.10272,0.17632,0.78430,-0.23682,0.54562,0.19579,0.11789,0.56858,
1403638583127829504,6.33498,-11.74849,1.15596,0.17581,0.78635,-0.23802,0.54230,0.20190,0.14074,0.49483,
1403638583227829504,6.35589,-11.73044,1.19693,0.17495,0.78734,-0.23937,0.54054,0.22284,0.16026,0.43044,
1403638583327829504,6.37941,-11.71190,1.23610,0.17541,0.78724,-0.23927,0.54058,0.23649,0.17592,0.37553,
1403638583427829504,6.40184,-11.69202,1.26854,0.17505,0.78759,-0.23948,0.54010,0.24903,0.18734,0.36180,
1403638583527829504,6.42515,-11.67029,1.30256,0.17471,0.78820,-0.23952,0.53930,0.26607,0.20658,0.42400,
1403638583627829504,6.44780,-11.64851,1.34656,0.17537,0.78818,-0.23879,0.53945,0.26886,0.22988,0.50095,
1403638583727829504,6.47224,-11.62176,1.39377,0.17655,0.78810,-0.23796,0.53953,0.27956,0.25790,0.50147,
1403638583827829504,6.50612,-11.59324,1.43746,0.17714,0.78792,-0.23750,0.53982,0.29783,0.27139,0.43357,
1403638583927829504,6.52572,-11.55557,1.45602,0.17675,0.78698,-0.23767,0.54123,0.29678,0.30491,0.34442,
1403638584027829504,6.54569,-11.51747,1.47176,0.17772,0.78614,-0.23720,0.54235,0.29290,0.33509,0.28778,
1403638584127829504,6.57373,-11.48256,1.49832,0.18207,0.77924,-0.23386,0.55221,0.29854,0.36405,0.25980,
1403638584227829504,6.60239,-11.44337,1.51763,0.18636,0.76959,-0.23021,0.56568,0.28556,0.40025,0.20840,
1403638584327829504,6.61309,-11.39887,1.51567,0.18750,0.76372,-0.22907,0.57368,0.22792,0.45940,0.12108,
1403638584427829504,6.62249,-11.35067,1.50876,0.18703,0.76278,-0.22916,0.57504,0.16482,0.51589,0.05283,
1403638584527829504,6.62831,-11.29651,1.50010,0.18630,0.76225,-0.22959,0.57581,0.11457,0.57568,0.06031,
1403638584627829504,6.63438,-11.23635,1.50244,0.18590,0.76349,-0.22932,0.57440,0.06558,0.63325,0.14767,
1403638584727829504,6.63567,-11.16902,1.51048,0.18369,0.76714,-0.23040,0.56979,0.01543,0.69610,0.20607,
1403638584827829504,6.62791,-11.09561,1.51343,0.17902,0.77505,-0.23372,0.55913,-0.01973,0.74048,0.23525,
1403638584927829504,6.62134,-11.02265,1.53651,0.17375,0.78121,-0.23760,0.55052,-0.02478,0.75046,0.21987,
1403638585027829504,6.61451,-10.94743,1.53696,0.17197,0.78394,-0.23880,0.54666,-0.01385,0.75810,0.14477,
1403638585127829504,6.61044,-10.87540,1.53594,0.17059,0.78411,-0.24003,0.54632,-0.01486,0.76674,0.07637,
1403638585227829504,6.60989,-10.79935,1.53807,0.17056,0.78302,-0.24026,0.54779,-0.00817,0.76411,0.03422,
1403638585327829504,6.60861,-10.72680,1.53074,0.17169,0.78067,-0.23919,0.55124,-0.01136,0.77253,-0.02166,
1403638585427829504,6.60713,-10.65135,1.52325,0.17149,0.78013,-0.23901,0.55215,-0.01849,0.76950,-0.05440,
1403638585527829504,6.60982,-10.57227,1.51479,0.17196,0.78107,-0.23899,0.55068,0.01227,0.77516,0.02313,
1403638585627829504,6.60947,-10.49509,1.51812,0.17110,0.78309,-0.23912,0.54801,0.00430,0.76339,0.09941,
1403638585727829504,6.61035,-10.41244,1.52732,0.16991,0.78699,-0.23996,0.54240,0.01490,0.77922,0.16250,
1403638585827829504,6.61215,-10.33420,1.54667,0.16705,0.79163,-0.24204,0.53558,0.06760,0.74715,0.24558,
1403638585927829504,6.61590,-10.25109,1.57106,0.16410,0.79371,-0.24485,0.53211,0.09087,0.73909,0.32213,
1403638586027829504,6.62199,-10.16747,1.60412,0.16448,0.79075,-0.24552,0.53608,0.11729,0.71793,0.34854,
1403638586127829504,6.63377,-10.09020,1.63426,0.16692,0.78697,-0.24528,0.54098,0.12912,0.71120,0.28399,
1403638586227829504,6.63842,-10.00374,1.65632,0.16901,0.78430,-0.24455,0.54452,0.11762,0.71230,0.22638,
1403638586327829504,6.64997,-9.92790,1.67450,0.17246,0.78109,-0.24281,0.54882,0.10993,0.71092,0.17316,
1403638586427829504,6.65865,-9.84714,1.68595,0.18042,0.77830,-0.23806,0.55228,0.10296,0.72868,0.12842,
1403638586527829504,6.66972,-9.77013,1.69448,0.18710,0.77733,-0.23393,0.55320,0.09623,0.76354,0.07156,
1403638586627829504,6.67606,-9.68650,1.69380,0.18462,0.77778,-0.23577,0.55262,0.08395,0.79909,0.00194,
1403638586727829504,6.68601,-9.60546,1.69034,0.18114,0.77778,-0.23835,0.55266,0.08531,0.82313,-0.06027,
1403638586827829504,6.69575,-9.52110,1.68063,0.17809,0.77694,-0.24035,0.55397,0.08049,0.84535,-0.11568,
1403638586927829504,6.70350,-9.43303,1.66150,0.17813,0.77622,-0.23991,0.55515,0.05590,0.86582,-0.17479,
1403638587027829504,6.71103,-9.34624,1.64166,0.17736,0.77606,-0.24021,0.55549,0.04928,0.88050,-0.19862,
1403638587127829504,6.71565,-9.25338,1.62034,0.17668,0.77611,-0.24090,0.55534,0.04680,0.89143,-0.14842,
1403638587227829504,6.71981,-9.16511,1.61003,0.17640,0.77843,-0.24030,0.55244,0.03350,0.91172,-0.03968,
1403638587327829504,6.72326,-9.07299,1.60390,0.17610,0.77990,-0.24096,0.55017,0.02478,0.92633,0.01755,
1403638587427829504,6.72599,-8.98124,1.60597,0.17465,0.78056,-0.24192,0.54927,0.01799,0.92976,0.04022,
1403638587527829504,6.73122,-8.88727,1.60483,0.17350,0.78027,-0.24295,0.54959,0.02221,0.93564,0.00046,
1403638587627829504,6.73458,-8.79340,1.60241,0.17256,0.78025,-0.24422,0.54936,0.02343,0.93072,-0.05775,
1403638587727829504,6.74015,-8.69883,1.59272,0.17298,0.78008,-0.24426,0.54945,0.02317,0.93295,-0.10782,
1403638587827829504,6.74360,-8.60653,1.58037,0.17223,0.77965,-0.24546,0.54976,0.02601,0.92880,-0.14782,
1403638587927829504,6.75237,-8.51896,1.56071,0.17193,0.77935,-0.24590,0.55008,0.02384,0.92007,-0.18753,
1403638588027829504,6.75451,-8.42858,1.53959,0.17173,0.77872,-0.24597,0.55101,0.01935,0.91473,-0.21270,
1403638588127829504,6.75916,-8.33874,1.51398,0.17498,0.77912,-0.24379,0.55039,0.01137,0.90228,-0.25126,
1403638588227829504,6.76239,-8.25271,1.48505,0.18135,0.78012,-0.23916,0.54894,0.00530,0.92563,-0.26201,
1403638588327829504,6.76600,-8.15559,1.46117,0.18208,0.78075,-0.23839,0.54813,0.03241,0.94072,-0.19211,
1403638588427829504,6.76961,-8.06129,1.44577,0.18194,0.78067,-0.23827,0.54835,0.04257,0.95621,-0.10933,
1403638588527829504,6.77556,-7.96690,1.43747,0.17971,0.78043,-0.23976,0.54877,0.02251,0.98860,-0.03497,
1403638588627829504,6.77817,-7.86834,1.43938,0.17743,0.77978,-0.24096,0.54991,0.00559,1.01277,0.04387,
1403638588727829504,6.77941,-7.76695,1.44820,0.17471,0.77808,-0.24286,0.55235,-0.00079,1.02746,0.09296,
1403638588827829504,6.78164,-7.66808,1.45763,0.17393,0.77744,-0.24361,0.55316,-0.00787,1.02461,0.04772,
1403638588927829504,6.78304,-7.56956,1.46028,0.17260,0.77717,-0.24500,0.55335,-0.01536,1.01932,-0.01446,
1403638589027829504,6.78140,-7.46843,1.45544,0.17250,0.77716,-0.24566,0.55309,-0.03110,1.01975,-0.09365,
1403638589127829504,6.78135,-7.37550,1.44524,0.17391,0.77733,-0.24521,0.55262,-0.03020,1.01264,-0.14045,
1403638589227829504,6.77873,-7.27373,1.42987,0.17406,0.77700,-0.24515,0.55306,-0.04142,1.01451,-0.18021,
1403638589327829504,6.77702,-7.17249,1.41197,0.17422,0.77627,-0.24541,0.55392,-0.04394,1.00462,-0.19392,
1403638589427829504,6.77119,-7.07091,1.39589,0.17356,0.77629,-0.24567,0.55398,-0.07248,1.01834,-0.15709,
1403638589527829504,6.76736,-6.96764,1.38488,0.17334,0.77660,-0.24579,0.55356,-0.08230,1.01664,-0.09022,
1403638589627829504,6.75932,-6.86545,1.38301,0.17374,0.77641,-0.24556,0.55381,-0.08511,1.02362,-0.00674,
1403638589727829504,6.75247,-6.76718,1.38815,0.17295,0.77813,-0.24629,0.55131,-0.09167,1.01347,0.07485,
1403638589827829504,6.74230,-6.66868,1.39689,0.17255,0.77893,-0.24725,0.54987,-0.11377,1.00432,0.05495,
1403638589927829504,6.73572,-6.57429,1.40224,0.17370,0.77942,-0.24729,0.54879,-0.10413,1.00109,-0.00090,
1403638590027829504,6.72590,-6.47323,1.40117,0.17272,0.77896,-0.24881,0.54908,-0.11078,1.00105,-0.04834,
1403638590127829504,6.71970,-6.37491,1.39514,0.17339,0.77844,-0.24913,0.54946,-0.10098,0.98881,-0.08805,
1403638590227829504,6.71213,-6.27623,1.38233,0.17390,0.77758,-0.24939,0.55039,-0.10313,0.98132,-0.13868,
1403638590327829504,6.70622,-6.19066,1.36923,0.17390,0.77730,-0.24963,0.55067,-0.10537,0.96863,-0.17067,
1403638590427829504,6.69530,-6.09296,1.35033,0.17436,0.77832,-0.24990,0.54897,-0.11207,0.96441,-0.18596,
1403638590527829504,6.68225,-5.98708,1.33078,0.17336,0.77830,-0.25085,0.54889,-0.12452,0.97212,-0.18095,
1403638590627829504,6.66810,-5.89326,1.31660,0.17238,0.78033,-0.25129,0.54609,-0.11564,0.95036,-0.09519,
1403638590727829504,6.65682,-5.79548,1.31151,0.17026,0.78134,-0.25276,0.54465,-0.10757,0.93149,0.00304,
1403638590827829504,6.64328,-5.70260,1.31429,0.17036,0.78239,-0.25249,0.54323,-0.09710,0.90288,0.06407,
1403638590927829504,6.63250,-5.60938,1.32287,0.16948,0.78291,-0.25319,0.54242,-0.09010,0.88511,0.14227,
1403638591027829504,6.62021,-5.51963,1.33792,0.16830,0.78366,-0.25442,0.54114,-0.10651,0.87386,0.17327,
1403638591127829504,6.60752,-5.42063,1.35099,0.16769,0.78633,-0.25516,0.53709,-0.10257,0.86222,0.11676,
1403638591227829504,6.59797,-5.33325,1.35707,0.16598,0.79131,-0.25686,0.52943,-0.08239,0.83418,0.03944,
1403638591327829504,6.59292,-5.24973,1.35841,0.16258,0.79706,-0.25941,0.52055,-0.03363,0.79070,0.00113,
1403638591427829504,6.59334,-5.17058,1.35643,0.16005,0.80030,-0.26160,0.51523,0.02684,0.74164,-0.04989,
1403638591527829504,6.59947,-5.09404,1.34830,0.15709,0.80288,-0.26399,0.51090,0.08872,0.68643,-0.10857,
1403638591627829504,6.61189,-5.02870,1.33406,0.15497,0.80494,-0.26548,0.50752,0.15639,0.61829,-0.15430,
1403638591727829504,6.63164,-4.97749,1.31856,0.15473,0.80381,-0.26616,0.50902,0.22294,0.53419,-0.15732,
1403638591827829504,6.65839,-4.93519,1.30388,0.15623,0.80141,-0.26499,0.51294,0.27822,0.45865,-0.15111,
1403638591927829504,6.69057,-4.90532,1.29298,0.15745,0.79877,-0.26360,0.51738,0.33505,0.38158,-0.07307,
1403638592027829504,6.72831,-4.87755,1.29209,0.15799,0.79612,-0.26298,0.52160,0.40063,0.31335,0.02095,
1403638592127829504,6.77082,-4.86105,1.29731,0.15800,0.79457,-0.26145,0.52473,0.45330,0.24331,0.10103,
1403638592227829504,6.81739,-4.84201,1.31456,0.15412,0.78990,-0.25805,0.53453,0.47460,0.19810,0.22971,
1403638592327829504,6.86563,-4.83022,1.34164,0.14717,0.78517,-0.25124,0.54655,0.47975,0.15835,0.30992,
1403638592427829504,6.91366,-4.81641,1.37734,0.13620,0.78479,-0.23953,0.55515,0.45926,0.12495,0.38742,
1403638592527829504,6.95735,-4.80551,1.41928,0.12576,0.79005,-0.22491,0.55625,0.42751,0.06849,0.44769,
1403638592627829504,6.99791,-4.79897,1.46742,0.11898,0.79753,-0.21166,0.55227,0.40617,0.02830,0.50879,
1403638592727829504,7.03757,-4.79686,1.51888,0.11325,0.80476,-0.20221,0.54649,0.40093,-0.00985,0.48601,
1403638592827829504,7.07778,-4.79898,1.56554,0.10802,0.81113,-0.19668,0.54011,0.41281,-0.05247,0.43328,
1403638592927829504,7.11912,-4.80416,1.60710,0.10617,0.81454,-0.19248,0.53684,0.42734,-0.09355,0.38222,
1403638593027829504,7.16335,-4.81423,1.64324,0.10526,0.81590,-0.19004,0.53583,0.46724,-0.13865,0.33202,
1403638593127829504,7.21148,-4.83075,1.67514,0.10485,0.81594,-0.18896,0.53623,0.50880,-0.18109,0.33815,
1403638593227829504,7.26371,-4.85209,1.71167,0.10782,0.81252,-0.18693,0.54152,0.54373,-0.23261,0.39897,
1403638593327829504,7.31962,-4.87476,1.75491,0.11606,0.80987,-0.18226,0.54537,0.57627,-0.25582,0.45337,
1403638593427829504,7.37517,-4.89999,1.79969,0.12613,0.80526,-0.17672,0.55174,0.56657,-0.24882,0.41608,
1403638593527829504,7.43133,-4.92352,1.83874,0.13148,0.80146,-0.17482,0.55662,0.58047,-0.22988,0.35951,
1403638593627829504,7.48849,-4.94478,1.87127,0.13450,0.79942,-0.17454,0.55890,0.57542,-0.20024,0.28175,
1403638593727829504,7.54562,-4.96295,1.89767,0.13634,0.79739,-0.17419,0.56146,0.56871,-0.15921,0.22064,
1403638593827829504,7.60326,-4.97596,1.92173,0.13534,0.79106,-0.17522,0.57027,0.55964,-0.10556,0.24885,
1403638593927829504,7.65452,-4.98525,1.94900,0.12957,0.78169,-0.17295,0.58504,0.50093,-0.06200,0.28122,
1403638594027829504,7.70001,-4.98956,1.97814,0.12165,0.78399,-0.17012,0.58449,0.43095,-0.02215,0.30703,
1403638594127829504,7.73846,-4.98987,2.01263,0.11613,0.78981,-0.16713,0.57860,0.35107,0.00556,0.34996,
1403638594227829504,7.77263,-4.98837,2.04902,0.11599,0.79453,-0.16209,0.57357,0.31760,0.01448,0.33059,
1403638594327829504,7.80419,-4.98373,2.08199,0.11638,0.79478,-0.15788,0.57433,0.28085,0.03489,0.30653,
1403638594427829504,7.83033,-4.97605,2.11665,0.12086,0.79327,-0.15152,0.57720,0.25627,0.06862,0.34308,
1403638594527829504,7.85361,-4.96399,2.15532,0.11943,0.79291,-0.15026,0.57833,0.19503,0.13070,0.40731,
1403638594627829504,7.87254,-4.94673,2.20203,0.11375,0.79334,-0.15274,0.57822,0.16874,0.16466,0.47025,
1403638594727829504,7.88898,-4.92791,2.24892,0.11010,0.79384,-0.15571,0.57745,0.14036,0.17402,0.43087,
1403638594827829504,7.90326,-4.90719,2.29128,0.10872,0.79415,-0.15752,0.57680,0.11096,0.19037,0.36769,
1403638594927829504,7.91344,-4.88634,2.32636,0.10861,0.79500,-0.15855,0.57536,0.06916,0.20059,0.28498,
1403638595027829504,7.92226,-4.86412,2.35498,0.10792,0.79652,-0.16024,0.57291,0.04708,0.21128,0.22998,
1403638595127829504,7.92890,-4.83998,2.37832,0.10780,0.79746,-0.16148,0.57128,0.02375,0.21344,0.16696,
1403638595227829504,7.93566,-4.81729,2.39424,0.10863,0.79796,-0.16184,0.57033,0.00373,0.21142,0.09367,
1403638595327829504,7.93918,-4.79361,2.40383,0.10908,0.79804,-0.16211,0.57004,-0.00884,0.21713,0.04522,
1403638595427829504,7.94311,-4.76983,2.40783,0.10875,0.79798,-0.16293,0.56996,-0.02172,0.21747,-0.00082,
1403638595527829504,7.94390,-4.74590,2.40680,0.10881,0.79860,-0.16295,0.56907,-0.04129,0.22074,-0.03486,
1403638595627829504,7.94271,-4.72151,2.40625,0.10943,0.79925,-0.16224,0.56825,-0.04811,0.22195,0.03662,
1403638595727829504,7.93867,-4.69562,2.41271,0.11368,0.79983,-0.15939,0.56740,-0.07747,0.23599,0.07571,
1403638595827829504,7.93319,-4.66989,2.42038,0.11644,0.80068,-0.15775,0.56611,-0.08819,0.25750,0.03761,
1403638595927829504,7.92887,-4.64309,2.41977,0.11763,0.80046,-0.15722,0.56631,-0.08522,0.26771,-0.11662,
1403638596027829504,7.92483,-4.61484,2.40453,0.12165,0.80028,-0.15459,0.56644,-0.07863,0.28626,-0.20486,
1403638596127829504,7.92039,-4.58386,2.38324,0.13185,0.80151,-0.14764,0.56426,-0.08222,0.32969,-0.21566,
1403638596227829504,7.91725,-4.54645,2.36610,0.14365,0.80362,-0.13897,0.56058,-0.08520,0.40081,-0.16049,
1403638596327829504,7.91811,-4.49813,2.35927,0.15464,0.80492,-0.13094,0.55772,-0.03636,0.49074,-0.07150,
1403638596427829504,7.91835,-4.44231,2.36015,0.16132,0.80493,-0.12524,0.55712,-0.01860,0.62048,0.02348,
1403638596527829504,7.92549,-4.37359,2.37020,0.16800,0.80484,-0.11976,0.55647,0.04057,0.74203,0.11680,
1403638596627829504,7.93485,-4.29240,2.38780,0.17524,0.80537,-0.11384,0.55472,0.08662,0.89415,0.19399,
1403638596727829504,7.94800,-4.19531,2.41110,0.18150,0.80596,-0.10892,0.55283,0.14388,1.05883,0.27616,
1403638596827829504,7.97019,-4.08113,2.44308,0.18568,0.80563,-0.10556,0.55257,0.19903,1.22858,0.35238,
1403638596927829504,7.99081,-3.95150,2.47917,0.18802,0.80453,-0.10363,0.55375,0.23716,1.39816,0.37825,
1403638597027829504,8.01896,-3.80626,2.51381,0.18972,0.80347,-0.10365,0.55471,0.28099,1.54807,0.30668,
1403638597127829504,8.05011,-3.64820,2.54112,0.19235,0.80180,-0.10265,0.55640,0.31894,1.69176,0.25146,
1403638597227829504,8.08433,-3.47188,2.56287,0.19277,0.79958,-0.10403,0.55919,0.35838,1.86575,0.19212,
1403638597327829504,8.12115,-3.28229,2.57831,0.18901,0.79749,-0.10767,0.56275,0.36659,2.00919,0.12484,
1403638597427829504,8.16252,-3.07735,2.58905,0.18283,0.79550,-0.11333,0.56648,0.38860,2.15104,0.08174,
1403638597527829504,8.20440,-2.85940,2.59776,0.17080,0.79106,-0.12241,0.57452,0.38615,2.26491,0.03659,
1403638597627829504,8.24378,-2.62844,2.60007,0.16157,0.78767,-0.12976,0.58020,0.36202,2.33995,-0.01075,
1403638597727829504,8.28033,-2.38893,2.59652,0.16113,0.78679,-0.13044,0.58136,0.33694,2.40564,-0.05318,
1403638597827829504,8.31471,-2.14365,2.58706,0.16626,0.78937,-0.12069,0.57852,0.31678,2.49455,-0.10436,
1403638597927829504,8.34732,-1.88932,2.57404,0.17030,0.79207,-0.10936,0.57590,0.29189,2.58587,-0.12167,
1403638598027829504,8.38055,-1.62372,2.56269,0.16801,0.79313,-0.10285,0.57632,0.29857,2.69765,-0.08470,
1403638598127829504,8.41352,-1.34623,2.55928,0.15255,0.79367,-0.10673,0.57916,0.26138,2.81739,-0.01415,
1403638598227829504,8.44116,-1.06008,2.56212,0.13175,0.79467,-0.11627,0.58105,0.23060,2.87904,0.03395,
1403638598327829504,8.46657,-0.77070,2.56658,0.11735,0.79721,-0.12342,0.57919,0.20826,2.88197,0.01732,
1403638598427829504,8.48991,-0.48030,2.56538,0.11021,0.79922,-0.12682,0.57708,0.18884,2.87668,-0.04091,
1403638598527829504,8.51073,-0.19011,2.55761,0.10638,0.80092,-0.12664,0.57548,0.16765,2.86825,-0.10212,
1403638598627829504,8.52730,0.09576,2.54067,0.10154,0.80423,-0.12141,0.57285,0.14579,2.84834,-0.16505,
1403638598727829504,8.54226,0.37699,2.52203,0.09520,0.80613,-0.11093,0.57340,0.13277,2.81439,-0.18011,
1403638598827829504,8.55487,0.65756,2.50746,0.08621,0.80732,-0.09813,0.57548,0.12703,2.80149,-0.11327,
1403638598927829504,8.56476,0.93493,2.49819,0.07682,0.80983,-0.08249,0.57573,0.08655,2.76594,-0.06067,
1403638599027829504,8.57313,1.21102,2.49288,0.06415,0.81159,-0.06682,0.57684,0.08064,2.74803,0.01365,
1403638599127829504,8.58034,1.48688,2.49557,0.05340,0.81274,-0.04867,0.57813,0.05351,2.74523,0.07193,
1403638599227829504,8.58331,1.76218,2.50229,0.04204,0.81427,-0.03019,0.57818,0.03063,2.72679,0.11608,
1403638599327829504,8.58409,2.03577,2.51573,0.02894,0.81628,-0.01201,0.57681,0.00490,2.72182,0.20423,
1403638599427829504,8.58119,2.30725,2.53556,0.01965,0.81910,0.00454,0.57330,-0.01636,2.69366,0.25040,
1403638599527829504,8.57777,2.57800,2.55715,0.01274,0.82125,0.01556,0.57021,-0.02355,2.66523,0.22363,
1403638599627829504,8.57348,2.84827,2.57147,0.00688,0.82287,0.02077,0.56780,-0.03487,2.64696,0.13334,
1403638599727829504,8.56970,3.11423,2.57690,0.00475,0.82402,0.02386,0.56604,-0.03737,2.62590,0.04442,
1403638599827829504,8.57133,3.37841,2.57452,0.00375,0.82466,0.02295,0.56514,0.00199,2.60626,-0.01916,
1403638599927829504,8.57429,3.63814,2.56662,0.00099,0.82581,0.01911,0.56362,0.02150,2.57727,-0.06019,
1403638600027829504,8.57945,3.89763,2.55267,-0.00397,0.82511,0.01252,0.56482,0.05804,2.55381,-0.11057,
1403638600127829504,8.58992,4.15136,2.53580,-0.01224,0.82716,0.00309,0.56182,0.08660,2.50281,-0.14565,
1403638600227829504,8.60404,4.39791,2.51700,-0.02416,0.82997,-0.00859,0.55722,0.10252,2.41717,-0.19520,
1403638600327829504,8.62272,4.63440,2.49586,-0.03299,0.83174,-0.01823,0.55388,0.15792,2.31186,-0.20476,
1403638600427829504,8.64623,4.86096,2.47765,-0.04078,0.83303,-0.02665,0.55108,0.20254,2.18230,-0.15115,
1403638600527829504,8.67392,5.07259,2.46734,-0.04195,0.83382,-0.02948,0.54965,0.26340,2.02709,-0.05111,
1403638600627829504,8.70574,5.27468,2.46411,-0.04137,0.83520,-0.03094,0.54752,0.30749,1.89238,0.03470,
1403638600727829504,8.74285,5.46288,2.46844,-0.04180,0.83739,-0.03228,0.54405,0.36933,1.75458,0.09236,
1403638600827829504,8.78606,5.63684,2.47911,-0.03812,0.84137,-0.02925,0.53832,0.44964,1.61486,0.16220,
1403638600927829504,8.83580,5.79311,2.49251,-0.02254,0.84464,-0.01685,0.53460,0.50995,1.51007,0.12111,
1403638601027829504,8.89490,5.94171,2.50037,-0.00902,0.84554,-0.00577,0.53380,0.59189,1.45906,0.05945,
1403638601127829504,8.96276,6.08214,2.50276,-0.00246,0.84438,0.00005,0.53574,0.66313,1.41379,0.01310,
1403638601227829504,9.03456,6.21664,2.50221,0.00617,0.84142,0.00743,0.54029,0.74084,1.38490,-0.02537,
1403638601327829504,9.11294,6.35773,2.49920,0.01244,0.83406,0.01403,0.55135,0.80330,1.40753,-0.03337,
1403638601427829504,9.19531,6.50022,2.49719,0.00190,0.82967,0.01667,0.55800,0.83677,1.43125,0.00491,
1403638601527829504,9.27983,6.64177,2.50264,-0.00997,0.82540,0.02639,0.56384,0.84872,1.43524,0.07712,
1403638601627829504,9.36612,6.78142,2.51290,-0.02114,0.82193,0.04343,0.56753,0.85737,1.42581,0.12535,
1403638601727829504,9.45117,6.92220,2.52889,-0.03330,0.81919,0.06659,0.56867,0.83957,1.42976,0.18369,
1403638601827829504,9.53489,7.06336,2.55374,-0.04687,0.81468,0.09442,0.57025,0.81105,1.45293,0.25950,
1403638601927829504,9.61396,7.20847,2.58457,-0.06099,0.80997,0.12220,0.57035,0.77993,1.45644,0.27679,
1403638602027829504,9.68972,7.35533,2.61152,-0.07403,0.80745,0.14251,0.56766,0.75606,1.45930,0.22468,
1403638602127829504,9.76230,7.50137,2.63163,-0.08227,0.80424,0.15801,0.56697,0.72426,1.46279,0.15610,
1403638602227829504,9.83041,7.64872,2.64621,-0.08791,0.79780,0.17492,0.57026,0.67684,1.49402,0.10518,
1403638602327829504,9.89092,7.79838,2.65728,-0.10142,0.78902,0.19114,0.57500,0.61431,1.52344,0.10574,
1403638602427829504,9.94587,7.95301,2.67406,-0.13364,0.77312,0.19890,0.58725,0.52617,1.53641,0.22952,
1403638602527829504,9.99152,8.10364,2.70236,-0.16932,0.74941,0.20413,0.60667,0.41836,1.46279,0.30883,
1403638602627829504,10.02482,8.24537,2.73684,-0.19846,0.73231,0.21220,0.61588,0.26552,1.31701,0.35936,
1403638602727829504,10.04069,8.36959,2.77402,-0.21341,0.72590,0.22921,0.61236,0.09693,1.13949,0.40903,
1403638602827829504,10.03868,8.47267,2.81767,-0.22158,0.72196,0.25055,0.60573,-0.06802,0.97198,0.44335,
1403638602927829504,10.02520,8.56393,2.86397,-0.23555,0.72021,0.26875,0.59463,-0.20657,0.83145,0.47558,
1403638603027829504,10.00057,8.64340,2.91021,-0.25728,0.71875,0.28238,0.58092,-0.29966,0.69874,0.45011,
1403638603127829504,9.96878,8.71028,2.95194,-0.27403,0.71086,0.29634,0.57600,-0.36427,0.54341,0.37984,
1403638603227829504,9.92890,8.76102,2.98263,-0.27847,0.71006,0.31233,0.56632,-0.43544,0.38836,0.24854,
1403638603327829504,9.88287,8.79764,3.00207,-0.27231,0.72182,0.32913,0.54453,-0.48419,0.26435,0.15231,
1403638603427829504,9.83247,8.82234,3.01451,-0.26659,0.73258,0.34026,0.52581,-0.49397,0.19408,0.08826,
1403638603527829504,9.78218,8.84191,3.02399,-0.26476,0.73611,0.34548,0.51834,-0.49098,0.16527,0.06568,
1403638603627829504,9.73346,8.86014,3.03067,-0.26919,0.73014,0.34761,0.52307,-0.48231,0.12798,0.01737,
1403638603727829504,9.68508,8.87370,3.03199,-0.26626,0.72185,0.35230,0.53285,-0.49221,0.07671,-0.05823,
1403638603827829504,9.63443,8.87976,3.02654,-0.26017,0.71393,0.35765,0.54287,-0.52907,0.03154,-0.11649,
1403638603927829504,9.57726,8.88272,3.01400,-0.25334,0.70675,0.36220,0.55239,-0.60246,-0.00068,-0.17527,
1403638604027829504,9.51258,8.88472,2.99382,-0.24779,0.70175,0.36470,0.55959,-0.69527,-0.03370,-0.22242,
1403638604127829504,9.43782,8.88201,2.97536,-0.24423,0.69875,0.36650,0.56372,-0.79617,-0.03124,-0.17119,
1403638604227829504,9.35322,8.87676,2.96131,-0.24736,0.70014,0.36500,0.56160,-0.91530,-0.06262,-0.08717,
1403638604327829504,9.25615,8.86455,2.95719,-0.25416,0.70660,0.36134,0.55277,-1.01776,-0.10646,-0.02554,
1403638604427829504,9.15030,8.84828,2.95862,-0.25644,0.71471,0.36024,0.54190,-1.08140,-0.15321,0.02861,
1403638604527829504,9.04051,8.82910,2.96595,-0.25351,0.72187,0.36241,0.53226,-1.11290,-0.16846,0.08789,
1403638604627829504,8.92771,8.80949,2.97151,-0.25252,0.72494,0.36324,0.52797,-1.13750,-0.18566,0.03639,
1403638604727829504,8.81269,8.78847,2.97155,-0.25662,0.72759,0.36042,0.52427,-1.15037,-0.19910,-0.00974,
1403638604827829504,8.69608,8.76527,2.97003,-0.25986,0.72995,0.35791,0.52110,-1.14834,-0.22460,-0.01256,
1403638604927829504,8.58012,8.73891,2.97082,-0.25831,0.73409,0.35885,0.51538,-1.14353,-0.24838,0.02273,
1403638605027829504,8.46571,8.70960,2.97737,-0.25553,0.74123,0.36096,0.50497,-1.12413,-0.25938,0.10769,
1403638605127829504,8.35371,8.67962,2.99217,-0.25282,0.74658,0.36300,0.49691,-1.08652,-0.25662,0.19127,
1403638605227829504,8.25050,8.65690,3.01392,-0.24978,0.74853,0.36512,0.49396,-1.01095,-0.20410,0.20629,
1403638605327829504,8.15271,8.63938,3.03330,-0.24497,0.74757,0.36852,0.49530,-0.94853,-0.15962,0.18398,
1403638605427829504,8.05742,8.62548,3.04749,-0.23825,0.73990,0.37367,0.50612,-0.92319,-0.11148,0.13948,
1403638605527829504,7.96346,8.61757,3.05687,-0.23216,0.72975,0.37826,0.52008,-0.93738,-0.07522,0.08259,
1403638605627829504,7.86830,8.61385,3.06021,-0.22596,0.72233,0.38286,0.52973,-0.97523,-0.03464,0.02938,
1403638605727829504,7.76642,8.61282,3.06223,-0.22318,0.71900,0.38519,0.53372,-1.03829,0.00233,0.05365,
1403638605827829504,7.65880,8.61596,3.07155,-0.22176,0.71947,0.38631,0.53287,-1.12109,0.05469,0.14841,
1403638605927829504,7.54458,8.62586,3.08924,-0.21895,0.71892,0.38787,0.53364,-1.15954,0.14136,0.22154,
1403638606027829504,7.42529,8.64292,3.10871,-0.21491,0.71820,0.38972,0.53490,-1.23264,0.19329,0.20323,
1403638606127829504,7.29682,8.66523,3.12463,-0.21199,0.71827,0.39064,0.53531,-1.31013,0.24775,0.12693,
1403638606227829504,7.16124,8.69213,3.13163,-0.20891,0.71839,0.39218,0.53522,-1.38765,0.29761,0.05066,
1403638606327829504,7.01957,8.72547,3.13340,-0.21016,0.72237,0.39021,0.53080,-1.45773,0.36073,-0.04384,
1403638606427829504,6.87032,8.76375,3.12527,-0.21717,0.73261,0.38443,0.51800,-1.49927,0.41810,-0.09889,
1403638606527829504,6.71805,8.80596,3.11266,-0.22583,0.74315,0.37757,0.50415,-1.49529,0.46920,-0.15869,
1403638606627829504,6.57073,8.85575,3.09435,-0.23149,0.74915,0.37626,0.49357,-1.46759,0.53719,-0.20676,
1403638606727829504,6.42734,8.91447,3.07051,-0.23557,0.75059,0.38267,0.48444,-1.42150,0.60165,-0.24377,
1403638606827829504,6.28769,8.97971,3.04361,-0.24218,0.74805,0.39371,0.47619,-1.37274,0.67570,-0.26149,
1403638606927829504,6.15452,9.05313,3.01747,-0.25189,0.74203,0.40792,0.46856,-1.29616,0.77232,-0.21265,
1403638607027829504,6.02487,9.13539,2.99934,-0.26513,0.73381,0.42271,0.46102,-1.22638,0.85260,-0.10444,
1403638607127829504,5.90616,9.22347,2.99116,-0.28185,0.72629,0.43224,0.45412,-1.14283,0.91590,-0.02007,
1403638607227829504,5.79111,9.31891,2.98924,-0.29619,0.71380,0.43823,0.45904,-1.07784,0.95451,-0.01738,
1403638607327829504,5.68312,9.41771,2.98201,-0.30894,0.70212,0.44029,0.46662,-1.02012,0.96869,-0.08626,
1403638607427829504,5.57745,9.51743,2.96582,-0.31801,0.69563,0.44089,0.46966,-0.98388,0.97214,-0.17395,
1403638607527829504,5.47824,9.61495,2.93955,-0.32228,0.69469,0.44150,0.46756,-0.94575,0.93765,-0.26279,
1403638607627829504,5.38577,9.70794,2.90852,-0.32350,0.69336,0.44278,0.46749,-0.90404,0.91656,-0.29722,
1403638607727829504,5.29623,9.80042,2.87557,-0.32314,0.69098,0.44314,0.47091,-0.84898,0.90288,-0.33085,
1403638607827829504,5.21135,9.89036,2.83832,-0.32244,0.69156,0.44278,0.47087,-0.81997,0.87940,-0.37448,
1403638607927829504,5.13252,9.97719,2.79684,-0.32479,0.69575,0.43937,0.46625,-0.77927,0.86616,-0.42260,
1403638608027829504,5.05961,10.06259,2.75176,-0.32701,0.69746,0.43575,0.46555,-0.70932,0.85029,-0.45752,
1403638608127829504,4.99239,10.14551,2.70219,-0.32549,0.69483,0.43480,0.47140,-0.65360,0.82010,-0.50473,
1403638608227829504,4.92998,10.22489,2.64760,-0.32192,0.69084,0.43542,0.47909,-0.62059,0.78071,-0.55793,
1403638608327829504,4.86887,10.30063,2.58962,-0.32188,0.68591,0.43391,0.48749,-0.60149,0.74117,-0.59491,
1403638608427829504,4.80987,10.37057,2.52507,-0.32242,0.68234,0.43312,0.49281,-0.60364,0.69190,-0.67772,
1403638608527829504,4.75180,10.43630,2.45471,-0.32081,0.68419,0.43385,0.49065,-0.59354,0.63769,-0.72356,
1403638608627829504,4.69143,10.49919,2.38239,-0.32284,0.68340,0.43153,0.49246,-0.58903,0.59090,-0.68918,
1403638608727829504,4.63110,10.55515,2.31545,-0.32665,0.68064,0.42930,0.49570,-0.59587,0.50935,-0.64384,
1403638608827829504,4.57288,10.60344,2.25204,-0.32497,0.68334,0.43074,0.49183,-0.59483,0.45184,-0.59583,
1403638608927829504,4.51376,10.64771,2.19440,-0.32325,0.68719,0.43218,0.48632,-0.59036,0.38750,-0.50998,
1403638609027829504,4.45597,10.68684,2.14404,-0.32338,0.69083,0.43238,0.48085,-0.56243,0.35897,-0.44633,
1403638609127829504,4.39903,10.72397,2.10004,-0.32222,0.69239,0.43297,0.47886,-0.54187,0.32492,-0.38497,
1403638609227829504,4.34543,10.75868,2.06030,-0.32896,0.69243,0.42808,0.47861,-0.51027,0.28975,-0.38958,
1403638609327829504,4.30019,10.78363,2.01694,-0.33299,0.69275,0.42513,0.47799,-0.46692,0.23446,-0.47248,
1403638609427829504,4.25687,10.80994,1.96413,-0.32996,0.69268,0.42702,0.47851,-0.42708,0.19715,-0.54045,
1403638609527829504,4.21705,10.82772,1.90760,-0.32630,0.69270,0.42922,0.47903,-0.39642,0.15997,-0.60889,
1403638609627829504,4.18042,10.84652,1.84239,-0.32448,0.69270,0.43011,0.47947,-0.36893,0.14232,-0.65807,
1403638609727829504,4.14577,10.85972,1.77671,-0.32146,0.69152,0.43232,0.48121,-0.34471,0.11899,-0.66889,
1403638609827829504,4.11340,10.87317,1.71269,-0.32196,0.69249,0.43204,0.47972,-0.31778,0.11274,-0.59492,
1403638609927829504,4.08351,10.88039,1.65846,-0.32218,0.69212,0.43176,0.48036,-0.29338,0.06541,-0.51959,
1403638610027829504,4.05463,10.88812,1.61243,-0.32434,0.69102,0.43009,0.48200,-0.26366,0.05192,-0.42460,
1403638610127829504,4.03018,10.88922,1.57428,-0.32751,0.68814,0.42781,0.48598,-0.24717,0.00695,-0.37537,
1403638610227829504,4.00742,10.88590,1.53536,-0.32888,0.68534,0.42682,0.48987,-0.23099,-0.04497,-0.42832,
1403638610327829504,3.98561,10.87795,1.48949,-0.33015,0.68444,0.42559,0.49135,-0.21869,-0.08799,-0.48963,
1403638610427829504,3.96196,10.86585,1.43929,-0.33130,0.68412,0.42428,0.49214,-0.20362,-0.14447,-0.53229,
1403638610527829504,3.94173,10.84838,1.38249,-0.33095,0.68117,0.42419,0.49653,-0.19722,-0.20748,-0.56541,
1403638610627829504,3.92082,10.82315,1.32467,-0.33651,0.67405,0.42019,0.50582,-0.20443,-0.28577,-0.56442,
1403638610727829504,3.89627,10.79099,1.26696,-0.33659,0.67478,0.42049,0.50454,-0.23417,-0.38930,-0.54968,
1403638610827829504,3.87738,10.75006,1.21481,-0.33356,0.68200,0.42407,0.49374,-0.22069,-0.45026,-0.46909,
1403638610927829504,3.85447,10.70589,1.17429,-0.33169,0.68504,0.42666,0.48854,-0.19347,-0.47664,-0.39795,
1403638611027829504,3.83123,10.65642,1.13483,-0.33427,0.68413,0.42478,0.48968,-0.18720,-0.52316,-0.38638,
1403638611127829504,3.80986,10.60072,1.09144,-0.33672,0.68156,0.42369,0.49252,-0.17656,-0.57840,-0.45685,
1403638611227829504,3.79191,10.53954,1.04250,-0.33651,0.68099,0.42465,0.49262,-0.16527,-0.63619,-0.46786,
1403638611327829504,3.77436,10.47205,0.99718,-0.33378,0.68032,0.42701,0.49337,-0.16170,-0.71590,-0.41337,
1403638611427829504,3.75491,10.39849,0.95711,-0.32309,0.67568,0.43413,0.50060,-0.16765,-0.74928,-0.33433,
1403638611527829504,3.73661,10.32180,0.92475,-0.31245,0.67281,0.44111,0.50510,-0.20851,-0.79260,-0.28434,
1403638611627829504,3.71014,10.23854,0.89848,-0.30725,0.67464,0.44365,0.50362,-0.26607,-0.80938,-0.22507,
1403638611727829504,3.68090,10.15561,0.87600,-0.30915,0.67876,0.44195,0.49838,-0.31079,-0.80917,-0.25931,
1403638611827829504,3.64933,10.07454,0.85037,-0.31547,0.68460,0.43697,0.49078,-0.32973,-0.82312,-0.31450,
1403638611927829504,3.61796,9.99233,0.82037,-0.31913,0.68937,0.43351,0.48477,-0.32140,-0.82186,-0.34788,
1403638612027829504,3.58794,9.91098,0.78696,-0.32076,0.69200,0.43190,0.48135,-0.29809,-0.81718,-0.31715,
1403638612127829504,3.55715,9.82477,0.75605,-0.32224,0.69389,0.43012,0.47924,-0.29097,-0.84210,-0.24829,
1403638612227829504,3.53030,9.74097,0.73444,-0.32142,0.69442,0.43029,0.47888,-0.24324,-0.81519,-0.14857,
1403638612327829504,3.50595,9.65664,0.71828,-0.32091,0.69402,0.43047,0.47963,-0.21864,-0.83044,-0.10203,
1403638612427829504,3.48403,9.57178,0.70436,-0.32005,0.69299,0.43028,0.48186,-0.20444,-0.83270,-0.13095,
1403638612527829504,3.46229,9.48492,0.68336,-0.31810,0.69090,0.43014,0.48626,-0.19488,-0.85134,-0.20290,
1403638612627829504,3.44309,9.39964,0.65815,-0.31332,0.68922,0.43206,0.49004,-0.19087,-0.85032,-0.26853,
1403638612727829504,3.42019,9.31068,0.62404,-0.30902,0.68742,0.43310,0.49435,-0.20107,-0.85087,-0.33083,
1403638612827829504,3.39905,9.22676,0.59005,-0.30803,0.68653,0.43158,0.49753,-0.23374,-0.85943,-0.34404,
1403638612927829504,3.37337,9.13760,0.55645,-0.30901,0.68603,0.42920,0.49967,-0.26863,-0.86774,-0.29454,
1403638613027829504,3.34598,9.05296,0.53095,-0.30885,0.68851,0.42823,0.49718,-0.29133,-0.85863,-0.20969,
1403638613127829504,3.31605,8.96566,0.51463,-0.30908,0.68989,0.42764,0.49563,-0.31560,-0.87250,-0.13950,
1403638613227829504,3.28545,8.88096,0.50442,-0.30903,0.69162,0.42739,0.49346,-0.32474,-0.85897,-0.07145,
1403638613327829504,3.25260,8.79421,0.50122,-0.30804,0.69210,0.42802,0.49286,-0.33329,-0.84671,0.00859,
1403638613427829504,3.21950,8.70690,0.49996,-0.30737,0.69141,0.42854,0.49378,-0.34589,-0.85242,-0.02712,
1403638613527829504,3.18539,8.62183,0.49550,-0.30849,0.69126,0.42520,0.49618,-0.34938,-0.84450,-0.08384,
1403638613627829504,3.15134,8.53615,0.48337,-0.31036,0.69284,0.41909,0.49800,-0.35912,-0.84193,-0.14271,
1403638613727829504,3.11487,8.44836,0.46435,-0.31435,0.69188,0.41246,0.50235,-0.36795,-0.86306,-0.21823,
1403638613827829504,3.07453,8.35463,0.43691,-0.31416,0.69238,0.40503,0.50780,-0.37408,-0.91138,-0.28648,
1403638613927829504,3.03907,8.26026,0.40514,-0.30889,0.69663,0.39625,0.51212,-0.37614,-0.96341,-0.34992,
1403638614027829504,2.99686,8.15190,0.36543,-0.29841,0.70370,0.38545,0.51690,-0.38816,-1.01548,-0.38589,
1403638614127829504,2.95534,8.04380,0.32216,-0.28552,0.71319,0.37236,0.52075,-0.39994,-1.05959,-0.40665,
1403638614227829504,2.91337,7.93514,0.28333,-0.27197,0.72323,0.35896,0.52356,-0.41136,-1.08108,-0.34154,
1403638614327829504,2.86945,7.82019,0.24935,-0.26219,0.73108,0.34771,0.52523,-0.43706,-1.09043,-0.29855,
1403638614427829504,2.82699,7.70866,0.22478,-0.25709,0.73690,0.33805,0.52593,-0.44355,-1.09533,-0.20841,
1403638614527829504,2.78281,7.59742,0.20925,-0.25430,0.74135,0.32991,0.52621,-0.45491,-1.12236,-0.11873,
1403638614627829504,2.74051,7.48681,0.20309,-0.25092,0.74583,0.31994,0.52765,-0.42707,-1.11290,-0.06055,
1403638614727829504,2.70271,7.37895,0.20864,-0.24865,0.75333,0.30586,0.52642,-0.40836,-1.13144,0.03522,
1403638614827829504,2.66550,7.26432,0.22239,-0.24363,0.76405,0.28888,0.52289,-0.39053,-1.18913,0.13434,
1403638614927829504,2.63594,7.14990,0.24561,-0.23308,0.77449,0.27142,0.52170,-0.30846,-1.19733,0.20073,
1403638615027829504,2.61313,7.03415,0.27285,-0.21871,0.78363,0.25093,0.52452,-0.25380,-1.23018,0.23803,
1403638615127829504,2.59853,6.91829,0.30603,-0.19843,0.79019,0.22979,0.53237,-0.18608,-1.26361,0.31226,
1403638615227829504,2.58909,6.80082,0.34600,-0.17435,0.79241,0.20891,0.54594,-0.14059,-1.27200,0.35937,
1403638615327829504,2.58328,6.68234,0.38424,-0.15238,0.79562,0.18499,0.55636,-0.12960,-1.26743,0.32572,
1403638615427829504,2.57507,6.56186,0.41640,-0.13167,0.79931,0.15915,0.56430,-0.12129,-1.25042,0.26817,
1403638615527829504,2.56734,6.44112,0.44155,-0.11227,0.80342,0.13379,0.56922,-0.12161,-1.23340,0.21861,
1403638615627829504,2.55839,6.31916,0.46013,-0.09732,0.80605,0.11274,0.57281,-0.13127,-1.21583,0.17987,
1403638615727829504,2.54974,6.20125,0.48062,-0.08738,0.80805,0.09794,0.57430,-0.13786,-1.19249,0.23786,
1403638615827829504,2.53834,6.08551,0.50782,-0.08067,0.80938,0.08696,0.57518,-0.15800,-1.19008,0.31240,
1403638615927829504,2.52409,5.96971,0.53742,-0.07549,0.81053,0.07422,0.57605,-0.16779,-1.18827,0.30070,
1403638616027829504,2.50766,5.85314,0.56169,-0.06742,0.81219,0.06226,0.57614,-0.18798,-1.18992,0.22798,
1403638616127829504,2.49067,5.73573,0.57597,-0.05775,0.81320,0.04959,0.57698,-0.19044,-1.19579,0.10928,
1403638616227829504,2.47163,5.61755,0.57525,-0.04812,0.81468,0.03311,0.57696,-0.20425,-1.19841,-0.06588,
1403638616327829504,2.45308,5.49548,0.55842,-0.03585,0.81571,0.01413,0.57718,-0.21753,-1.21238,-0.22933,
1403638616427829504,2.43340,5.36900,0.53159,-0.02316,0.81645,-0.00477,0.57693,-0.21895,-1.21661,-0.30704,
1403638616527829504,2.41303,5.24088,0.50123,-0.01397,0.81735,-0.02029,0.57561,-0.22109,-1.21377,-0.33694,
1403638616627829504,2.39273,5.11440,0.46615,-0.00641,0.82038,-0.03117,0.57094,-0.23044,-1.21886,-0.36196,
1403638616727829504,2.37373,4.99145,0.42768,-0.00487,0.82768,-0.04066,0.55970,-0.20409,-1.21901,-0.41428,
1403638616827829504,2.35825,4.87025,0.38526,-0.00963,0.83536,-0.04988,0.54735,-0.14746,-1.23416,-0.42384,
1403638616927829504,2.34936,4.74541,0.34716,-0.01010,0.83749,-0.05276,0.54380,-0.06810,-1.28129,-0.32366,
1403638617027829504,2.34713,4.61846,0.31918,-0.00306,0.83423,-0.04825,0.54929,0.00793,-1.30658,-0.22539,
1403638617127829504,2.35079,4.48961,0.30064,0.00399,0.83036,-0.04167,0.55566,0.05104,-1.31659,-0.13528,
1403638617227829504,2.35828,4.35909,0.28799,0.00755,0.83020,-0.03612,0.55625,0.09807,-1.31138,-0.06920,
1403638617327829504,2.36936,4.22865,0.27984,0.00693,0.83337,-0.03323,0.55168,0.13095,-1.29464,-0.03442,
1403638617427829504,2.38502,4.09951,0.27822,0.00772,0.83749,-0.02961,0.54560,0.18173,-1.26897,0.04739,
1403638617527829504,2.40678,3.97464,0.28582,0.00765,0.83923,-0.02637,0.54308,0.24252,-1.24588,0.12457,
1403638617627829504,2.43609,3.85423,0.30210,0.00773,0.83879,-0.02360,0.54389,0.30479,-1.21550,0.20288,
1403638617727829504,2.47198,3.73641,0.32766,0.00948,0.83706,-0.01946,0.54669,0.38186,-1.18669,0.28809,
1403638617827829504,2.51617,3.63023,0.36079,0.00996,0.83699,-0.01698,0.54686,0.43357,-1.14950,0.34897,
1403638617927829504,2.56453,3.52400,0.40034,0.00856,0.83583,-0.01598,0.54869,0.48307,-1.10520,0.39907,
1403638618027829504,2.61576,3.41776,0.43782,0.00753,0.83536,-0.01480,0.54946,0.52365,-1.07091,0.34981,
1403638618127829504,2.67155,3.31313,0.46932,0.00557,0.83548,-0.01445,0.54930,0.56562,-1.04948,0.28441,
1403638618227829504,2.72991,3.21069,0.49507,0.00500,0.83523,-0.01332,0.54972,0.59923,-1.02777,0.21828,
1403638618327829504,2.79189,3.11250,0.51562,0.00545,0.83460,-0.01193,0.55070,0.62494,-0.99277,0.17495,
1403638618427829504,2.85706,3.01700,0.53282,0.00531,0.83452,-0.01091,0.55085,0.66326,-0.96157,0.14714,
1403638618527829504,2.92621,2.92608,0.54929,0.00492,0.83403,-0.00991,0.55161,0.69712,-0.92941,0.13119,
1403638618627829504,2.99777,2.83520,0.56257,0.00758,0.83367,-0.01170,0.55208,0.73561,-0.91745,0.11465,
1403638618727829504,3.07464,2.74643,0.57868,0.01187,0.83350,-0.01391,0.55222,0.77150,-0.87642,0.15069,
1403638618827829504,3.15578,2.66167,0.59919,0.01325,0.83235,-0.01773,0.55381,0.80684,-0.83259,0.21674,
1403638618927829504,3.23825,2.58302,0.62575,0.01817,0.82975,-0.02301,0.55737,0.83614,-0.80954,0.23537,
1403638619027829504,3.32381,2.50435,0.64761,0.02683,0.82537,-0.03417,0.56292,0.84868,-0.79000,0.16661,
1403638619127829504,3.41082,2.42641,0.66252,0.04081,0.82184,-0.04997,0.56605,0.84587,-0.75929,0.08575,
1403638619227829504,3.49773,2.35313,0.67072,0.05461,0.81835,-0.07165,0.56762,0.85467,-0.72783,0.00969,
1403638619327829504,3.58491,2.28203,0.67066,0.07019,0.81484,-0.09657,0.56726,0.84089,-0.70242,-0.09043,
1403638619427829504,3.66814,2.21530,0.66260,0.08354,0.81032,-0.11999,0.56745,0.83169,-0.65961,-0.12258,
1403638619527829504,3.75068,2.15263,0.65202,0.09187,0.80637,-0.13834,0.56762,0.83552,-0.61578,-0.14084,
1403638619627829504,3.83276,2.09161,0.64010,0.09465,0.80342,-0.15380,0.56736,0.82835,-0.59077,-0.17514,
1403638619727829504,3.91305,2.03105,0.62606,0.08911,0.80081,-0.16862,0.56773,0.79461,-0.59648,-0.18457,
1403638619827829504,3.99166,1.96724,0.61297,0.08661,0.79812,-0.17755,0.56919,0.76480,-0.61896,-0.19631,
1403638619927829504,4.06391,1.90332,0.59491,0.08708,0.79664,-0.18252,0.56963,0.72202,-0.65624,-0.21628,
1403638620027829504,4.13322,1.83766,0.57189,0.08977,0.79541,-0.18452,0.57028,0.67578,-0.68928,-0.20940,
1403638620127829504,4.19672,1.76398,0.56021,0.09294,0.79285,-0.18440,0.57337,0.62195,-0.72453,-0.12568,
1403638620227829504,4.25380,1.69175,0.54743,0.09569,0.79064,-0.18382,0.57615,0.56344,-0.74493,-0.06309,
1403638620327829504,4.30481,1.61395,0.54667,0.09945,0.79252,-0.18108,0.57378,0.49155,-0.76278,0.02340,
1403638620427829504,4.35097,1.53840,0.54965,0.10082,0.79366,-0.17934,0.57252,0.43729,-0.76949,0.08173,
1403638620527829504,4.39494,1.45798,0.55875,0.10127,0.79516,-0.17693,0.57111,0.40796,-0.78341,0.06413,
1403638620627829504,4.43260,1.38116,0.56133,0.09937,0.79730,-0.17616,0.56869,0.38131,-0.79269,0.01023,
1403638620727829504,4.46747,1.30375,0.55769,0.09558,0.80049,-0.17676,0.56466,0.34517,-0.79713,-0.04751,
1403638620827829504,4.50103,1.22100,0.54943,0.09409,0.80367,-0.17501,0.56093,0.32680,-0.81929,-0.08678,
1403638620927829504,4.53202,1.14075,0.53740,0.09910,0.80550,-0.16900,0.55927,0.32038,-0.82015,-0.12279,
1403638621027829504,4.56405,1.06033,0.52236,0.10384,0.80473,-0.16313,0.56126,0.31328,-0.81868,-0.14169,
1403638621127829504,4.59315,0.98167,0.50683,0.10447,0.80364,-0.15996,0.56362,0.30138,-0.79319,-0.10403,
1403638621227829504,4.62577,0.90264,0.50097,0.10417,0.80213,-0.15762,0.56648,0.30901,-0.78270,-0.02894,
1403638621327829504,4.65531,0.82824,0.50032,0.10584,0.80256,-0.15467,0.56637,0.30970,-0.76334,0.03130,
1403638621427829504,4.68140,0.75437,0.49876,0.10570,0.80134,-0.15265,0.56867,0.27468,-0.73642,-0.03011,
1403638621527829504,4.70465,0.68930,0.49254,0.10686,0.79927,-0.15020,0.57201,0.26080,-0.69423,-0.08817,
1403638621627829504,4.72727,0.62340,0.48142,0.10670,0.79760,-0.14878,0.57474,0.23671,-0.66247,-0.13849,
1403638621727829504,4.74541,0.56468,0.46459,0.10712,0.79673,-0.14760,0.57617,0.20256,-0.62383,-0.18030,
1403638621827829504,4.76110,0.50507,0.44545,0.10846,0.79443,-0.14600,0.57948,0.15907,-0.59765,-0.20768,
1403638621927829504,4.77209,0.44954,0.42344,0.10985,0.79099,-0.14437,0.58432,0.11672,-0.55363,-0.23585,
1403638622027829504,4.77931,0.40234,0.39932,0.10930,0.78948,-0.14435,0.58647,0.06893,-0.50568,-0.26586,
1403638622127829504,4.78244,0.35607,0.37005,0.10666,0.79011,-0.14654,0.58556,0.02528,-0.45930,-0.30655,
1403638622227829504,4.78018,0.31745,0.34335,0.10446,0.79051,-0.14826,0.58498,-0.02863,-0.42692,-0.26692,
1403638622327829504,4.77285,0.27774,0.31958,0.10215,0.79048,-0.15020,0.58493,-0.08469,-0.40324,-0.20008,
1403638622427829504,4.75928,0.24114,0.30611,0.10459,0.79134,-0.14957,0.58350,-0.16683,-0.36995,-0.10921,
1403638622527829504,4.74042,0.20786,0.30348,0.10756,0.79146,-0.14829,0.58312,-0.20545,-0.34139,-0.04464,
1403638622627829504,4.71879,0.17736,0.30354,0.11248,0.78991,-0.14572,0.58494,-0.24483,-0.30129,0.03612,
1403638622727829504,4.68979,0.15398,0.31915,0.11562,0.78204,-0.14408,0.59522,-0.30074,-0.25194,0.16910,
1403638622827829504,4.65794,0.13168,0.33770,0.11743,0.77244,-0.14354,0.60741,-0.34332,-0.20075,0.21654,
1403638622927829504,4.61569,0.11936,0.36209,0.11696,0.77258,-0.14475,0.60703,-0.44333,-0.13075,0.19706,
1403638623027829504,4.56234,0.11394,0.38019,0.11437,0.77873,-0.14790,0.59885,-0.53389,-0.07445,0.13684,
1403638623127829504,4.50384,0.11130,0.38940,0.11038,0.78443,-0.15149,0.59122,-0.59927,-0.03173,0.08399,
1403638623227829504,4.43625,0.11294,0.39585,0.10630,0.78750,-0.15449,0.58709,-0.67092,-0.00296,0.02919,
1403638623327829504,4.36455,0.11370,0.39679,0.10380,0.79092,-0.15642,0.58241,-0.71109,0.00371,-0.00698,
1403638623427829504,4.29241,0.11560,0.39301,0.10394,0.79369,-0.15650,0.57859,-0.74613,0.01781,-0.03978,
1403638623527829504,4.21552,0.11811,0.38734,0.10253,0.79418,-0.15735,0.57793,-0.77332,0.03610,-0.02624,
1403638623627829504,4.13708,0.12154,0.38822,0.10535,0.79362,-0.15609,0.57854,-0.80828,0.04424,0.04856,
1403638623727829504,4.05329,0.12567,0.39403,0.10705,0.79430,-0.15567,0.57741,-0.85301,0.05279,0.10783,
1403638623827829504,3.96717,0.13163,0.40747,0.10875,0.79519,-0.15539,0.57594,-0.89255,0.07623,0.15134,
1403638623927829504,3.87741,0.13882,0.42434,0.11034,0.79689,-0.15601,0.57310,-0.91187,0.09282,0.13292,
1403638624027829504,3.78578,0.14725,0.43453,0.11059,0.79755,-0.15713,0.57184,-0.92192,0.11121,0.07226,
1403638624127829504,3.69377,0.15781,0.44304,0.10842,0.79800,-0.16002,0.57082,-0.93343,0.12309,0.02169,
1403638624227829504,3.60360,0.16945,0.44671,0.10602,0.79794,-0.16291,0.57054,-0.93663,0.12176,-0.01763,
1403638624327829504,3.50897,0.18059,0.44645,0.10497,0.79719,-0.16488,0.57121,-0.93624,0.11836,-0.04587,
1403638624427829504,3.41607,0.19117,0.44129,0.10491,0.79697,-0.16619,0.57115,-0.94770,0.11737,-0.09312,
1403638624527829504,3.32913,0.20109,0.43131,0.10388,0.79386,-0.16859,0.57495,-0.94540,0.11435,-0.11171,
1403638624627829504,3.23167,0.20974,0.41954,0.10134,0.78421,-0.17108,0.58777,-0.97445,0.11077,-0.13331,
1403638624727829504,3.13275,0.21809,0.40654,0.10565,0.78669,-0.16429,0.58564,-1.02692,0.11295,-0.10597,
1403638624827829504,3.03886,0.22870,0.39935,0.10896,0.79367,-0.15492,0.57811,-1.04157,0.12949,-0.02280,
1403638624927829504,2.93039,0.24135,0.40021,0.10626,0.79810,-0.14955,0.57392,-1.06911,0.15507,0.04108,
1403638625027829504,2.82946,0.25499,0.40596,0.09906,0.79969,-0.14803,0.57339,-1.06337,0.15956,0.03590,
1403638625127829504,2.72845,0.26781,0.40998,0.09085,0.80077,-0.14869,0.57307,-1.05477,0.14731,-0.00287,
1403638625227829504,2.62127,0.28075,0.40833,0.08674,0.80185,-0.14783,0.57241,-1.05664,0.13841,-0.03275,
1403638625327829504,2.52125,0.29028,0.40584,0.08544,0.80219,-0.14643,0.57249,-1.04760,0.11803,-0.04526,
1403638625427829504,2.41462,0.29880,0.40355,0.08491,0.80204,-0.14521,0.57309,-1.04269,0.09867,0.01999,
1403638625527829504,2.31201,0.30709,0.40909,0.08490,0.80188,-0.14480,0.57342,-1.03744,0.08477,0.07632,
1403638625627829504,2.20660,0.31388,0.41978,0.08543,0.80332,-0.14457,0.57138,-1.03132,0.06627,0.13237,
1403638625727829504,2.10198,0.31996,0.43571,0.08433,0.80623,-0.14533,0.56724,-1.03306,0.05652,0.15738,
1403638625827829504,1.99675,0.32513,0.44992,0.08361,0.81057,-0.14633,0.56087,-1.01661,0.04030,0.11331,
1403638625927829504,1.89529,0.32730,0.45933,0.08477,0.81159,-0.14611,0.55927,-0.98863,0.01736,0.08093,
1403638626027829504,1.79261,0.32852,0.46411,0.08466,0.81235,-0.14717,0.55791,-0.97661,0.00570,0.01886,
1403638626127829504,1.69631,0.32721,0.46295,0.08295,0.81277,-0.14904,0.55705,-0.93921,-0.01918,-0.01551,
1403638626227829504,1.59789,0.32454,0.45693,0.08450,0.81264,-0.14833,0.55721,-0.92448,-0.03994,-0.06590,
1403638626327829504,1.50826,0.31945,0.44776,0.09081,0.81076,-0.14442,0.55996,-0.89789,-0.05491,-0.09510,
1403638626427829504,1.41913,0.31439,0.43590,0.09640,0.80865,-0.14027,0.56314,-0.87629,-0.03869,-0.12827,
1403638626527829504,1.32490,0.31383,0.41967,0.09792,0.80993,-0.13893,0.56136,-0.86141,-0.02922,-0.14495,
1403638626627829504,1.24133,0.30977,0.40440,0.09664,0.81205,-0.13965,0.55833,-0.83298,-0.01262,-0.14837,
1403638626727829504,1.15942,0.30760,0.39027,0.09490,0.81489,-0.14035,0.55431,-0.80200,-0.00270,-0.11031,
1403638626827829504,1.07277,0.30815,0.38351,0.09324,0.81809,-0.14131,0.54961,-0.73059,-0.01316,-0.01180,
1403638626927829504,1.00182,0.30466,0.38413,0.09314,0.82038,-0.14079,0.54634,-0.66426,-0.01939,0.06421,
1403638627027829504,0.93043,0.30240,0.38594,0.09240,0.82046,-0.14050,0.54642,-0.62184,-0.01785,0.04605,
1403638627127829504,0.86853,0.29927,0.38612,0.09160,0.82028,-0.14030,0.54687,-0.57540,-0.02696,0.00438,
1403638627227829504,0.80966,0.29443,0.38305,0.09094,0.82023,-0.14003,0.54712,-0.53318,-0.03745,-0.03115,
1403638627327829504,0.75142,0.29404,0.37122,0.09362,0.82021,-0.13778,0.54728,-0.49085,-0.03149,-0.06919,
1403638627427829504,0.70622,0.28923,0.36264,0.09471,0.82014,-0.13667,0.54747,-0.43318,-0.03933,-0.09709,
1403638627527829504,0.66357,0.28453,0.35045,0.09436,0.81981,-0.13690,0.54796,-0.39362,-0.03755,-0.11337,
1403638627627829504,0.62525,0.28226,0.33641,0.09758,0.81779,-0.13537,0.55079,-0.35252,-0.02995,-0.12198,
1403638627727829504,0.59403,0.28189,0.31847,0.09854,0.81473,-0.13509,0.55521,-0.31881,-0.01724,-0.14007,
1403638627827829504,0.56457,0.28126,0.30259,0.09972,0.81342,-0.13475,0.55700,-0.28949,-0.00466,-0.14754,
1403638627927829504,0.53153,0.28253,0.28812,0.10049,0.81459,-0.13472,0.55515,-0.26824,0.01537,-0.15372,
1403638628027829504,0.50111,0.28053,0.27459,0.10161,0.81623,-0.13452,0.55259,-0.24556,0.02534,-0.13429,
1403638628127829504,0.48146,0.28496,0.26153,0.10222,0.81718,-0.13508,0.55093,-0.21071,0.04317,-0.11797,
1403638628227829504,0.45648,0.29042,0.24958,0.10267,0.81734,-0.13580,0.55044,-0.17463,0.06096,-0.09976,
1403638628327829504,0.44278,0.29969,0.24014,0.10248,0.81801,-0.13703,0.54917,-0.12618,0.07731,-0.07118,
1403638628427829504,0.43339,0.30896,0.23361,0.10001,0.81758,-0.13909,0.54974,-0.08507,0.09377,-0.05834,
1403638628527829504,0.42660,0.31868,0.23076,0.09166,0.81176,-0.14546,0.55811,-0.05508,0.09889,-0.01313,
1403638628627829504,0.42081,0.32731,0.23041,0.08533,0.80498,-0.15017,0.56760,-0.06083,0.08179,-0.00216,
1403638628727829504,0.41089,0.33412,0.22891,0.08285,0.80446,-0.15192,0.56824,-0.07880,0.05309,-0.02977,
1403638628827829504,0.39771,0.33936,0.22060,0.08658,0.80581,-0.14982,0.56633,-0.09072,0.02994,-0.09227,
1403638628927829504,0.38806,0.34160,0.20999,0.09100,0.80588,-0.14736,0.56617,-0.08901,0.01290,-0.12173,
1403638629027829504,0.37905,0.34334,0.19977,0.09598,0.80688,-0.14388,0.56482,-0.08504,0.01274,-0.09777,
1403638629127829504,0.36990,0.34566,0.19082,0.09952,0.80814,-0.14103,0.56314,-0.07814,0.02180,-0.06096,
1403638629227829504,0.36250,0.34948,0.18376,0.10122,0.80908,-0.13952,0.56185,-0.07807,0.04279,-0.03584,
1403638629327829504,0.35312,0.35378,0.18235,0.10241,0.80991,-0.13877,0.56063,-0.07714,0.05916,-0.01628,
1403638629427829504,0.34584,0.36076,0.18060,0.10195,0.81397,-0.13966,0.55458,-0.05950,0.07142,-0.01111,
1403638629527829504,0.34121,0.36821,0.18064,0.09910,0.81868,-0.14211,0.54750,-0.01796,0.08446,-0.00053,
1403638629627829504,0.34162,0.37603,0.18215,0.09198,0.81901,-0.14753,0.54681,0.02121,0.07845,0.01093,
1403638629727829504,0.34663,0.38214,0.18495,0.08180,0.81498,-0.15529,0.55226,0.05218,0.04505,0.03710,
1403638629827829504,0.35301,0.38528,0.18716,0.07787,0.80893,-0.15860,0.56073,0.06852,0.00918,0.00226,
1403638629927829504,0.35933,0.38443,0.18322,0.08301,0.80273,-0.15596,0.56956,0.05340,-0.03384,-0.08443,
1403638630027829504,0.36407,0.38095,0.17000,0.09388,0.79688,-0.14880,0.57795,0.02258,-0.04261,-0.18820,
1403638630127829504,0.36500,0.37826,0.14547,0.10044,0.79728,-0.14419,0.57746,0.00244,-0.01954,-0.28603,
1403638630227829504,0.36315,0.37661,0.11384,0.10293,0.80140,-0.14200,0.57184,-0.03565,-0.00212,-0.35302,
1403638630327829504,0.36000,0.37656,0.07635,0.10531,0.80805,-0.14141,0.56211,-0.03589,0.01656,-0.40485,
1403638630427829504,0.36900,0.37984,0.07448,0.09062,0.81426,-0.14775,0.55402,0.12397,0.00610,0.16626,
1403638630527829504,0.38026,0.38017,0.08251,0.09958,0.80469,-0.14038,0.56820,0.10091,0.01644,-0.03183,
1403638630627829504,0.38999,0.38125,0.07055,0.10031,0.80390,-0.14057,0.56914,0.08893,0.01596,-0.25944,
1403638630727829504,0.39490,0.37935,0.05189,0.09096,0.83001,-0.13349,0.53384,0.02751,-0.01376,-0.00959,
1403638630827829504,0.39035,0.36988,0.04888,0.09491,0.82764,-0.13526,0.53638,-0.06043,-0.00829,0.00731,
1403638630927829504,0.38648,0.38023,0.04079,0.09472,0.82837,-0.13370,0.53568,-0.06154,0.02748,-0.05985,
1403638631027829504,0.40258,0.36467,0.06930,0.09349,0.82940,-0.13387,0.53426,-0.01689,-0.00831,0.00470,
1403638631127829504,0.39133,0.36976,0.07167,0.09324,0.82919,-0.13423,0.53454,-0.01302,-0.00532,0.01045,
1403638631227829504,0.39213,0.36967,0.07275,0.09339,0.82954,-0.13417,0.53398,-0.01347,-0.00222,0.01514,
1403638631327829504,0.39513,0.36994,0.07108,0.09365,0.82925,-0.13423,0.53437,-0.00757,-0.00297,0.01311,
1403638631427829504,0.39732,0.36998,0.07053,0.09400,0.82929,-0.13400,0.53431,-0.00117,0.00105,0.00829,
1403638631527829504,0.39874,0.37025,0.07019,0.09409,0.82939,-0.13407,0.53412,-0.00215,0.00275,0.00323,
1403638631627829504,0.39926,0.37025,0.07000,0.09436,0.82944,-0.13387,0.53404,0.00891,0.00146,0.00487,
