1403637139788319232,0.03030,0.02308,-0.43309,-0.05505,0.81685,0.03362,0.57323,0.00155,-0.01033,-0.07586,
1403637139888318976,0.02924,0.01832,-0.43416,-0.05034,0.81217,0.02573,0.58068,-0.01091,-0.03084,-0.01435,
1403637139988318976,0.02614,0.01419,-0.43606,-0.04428,0.80827,0.01331,0.58699,-0.03692,-0.01417,-0.02219,
1403637140088318976,0.02145,0.01094,-0.43679,-0.03938,0.80323,0.00400,0.59435,-0.03800,-0.02456,0.01014,
1403637140188318976,0.01735,0.00767,-0.43643,-0.02952,0.79920,-0.00538,0.60031,-0.02145,-0.02397,-0.01594,
1403637140288319232,0.01751,0.00593,-0.43774,-0.03177,0.79849,-0.00480,0.60115,-0.00498,-0.01456,-0.01851,
1403637140388318976,0.01640,0.00476,-0.43863,-0.02773,0.80018,-0.01229,0.59900,0.00428,0.00253,0.00753,
1403637140488318976,0.01827,0.00555,-0.43745,-0.03583,0.79550,-0.00656,0.60485,-0.00248,0.00187,-0.00090,
1403637140588318976,0.01802,0.00563,-0.43748,-0.03626,0.79580,-0.00779,0.60442,-0.00277,0.00083,-0.00098,
1403637140688318976,0.01783,0.00568,-0.43754,-0.03632,0.79607,-0.00782,0.60407,-0.00065,0.00398,0.00001,
1403637140788319232,0.01771,0.00565,-0.43755,-0.03644,0.79630,-0.00778,0.60376,-0.00140,0.00314,-0.00041,
1403637140888318976,0.01758,0.00567,-0.43760,-0.03657,0.79664,-0.00797,0.60329,-0.00167,-0.00130,-0.00020,
1403637140988318976,0.01751,0.00574,-0.43764,-0.03693,0.79684,-0.00778,0.60301,-0.00050,-0.00114,0.00064,
1403637141088318976,0.01740,0.00581,-0.43760,-0.03730,0.79691,-0.00761,0.60289,-0.00219,-0.00054,0.00116,
1403637141188318976,0.01720,0.00581,-0.43769,-0.03725,0.79745,-0.00778,0.60218,-0.00065,0.00112,0.00133,
1403637141288319232,0.01721,0.00584,-0.43767,-0.03763,0.79753,-0.00750,0.60205,-0.00065,0.00186,0.00048,
1403637141388318976,0.01720,0.00590,-0.43763,-0.03821,0.79749,-0.00713,0.60208,-0.00097,0.00032,0.00025,
1403637141488318976,0.01719,0.00595,-0.43764,-0.03862,0.79756,-0.00690,0.60197,-0.00097,0.00104,0.00010,
1403637141588318976,0.01718,0.00602,-0.43758,-0.03907,0.79758,-0.00665,0.60191,-0.00076,0.00052,0.00083,
1403637141688318976,0.01715,0.00603,-0.43758,-0.03953,0.79761,-0.00650,0.60184,-0.00052,0.00033,0.00014,
1403637141788319232,0.01711,0.00610,-0.43757,-0.03990,0.79766,-0.00624,0.60176,-0.00094,0.00162,0.00095,
1403637141888318976,0.01707,0.00615,-0.43754,-0.04033,0.79769,-0.00596,0.60169,0.00126,0.00182,0.00105,
1403637141988318976,0.01705,0.00619,-0.43752,-0.04073,0.79767,-0.00580,0.60168,-0.00126,-0.00115,0.00047,
1403637142088318976,0.01701,0.00622,-0.43757,-0.04117,0.79777,-0.00553,0.60153,-0.00097,0.00070,-0.00001,
1403637142188318976,0.01701,0.00629,-0.43758,-0.04166,0.79779,-0.00522,0.60148,-0.00092,0.00105,0.00032,
1403637142288319232,0.01706,0.00637,-0.43758,-0.04212,0.79781,-0.00502,0.60142,-0.00082,-0.00001,0.00039,
1403637142388318976,0.01698,0.00636,-0.43758,-0.04232,0.79784,-0.00487,0.60137,-0.00113,0.00027,-0.00030,
1403637142488318976,0.01700,0.00641,-0.43759,-0.04281,0.79791,-0.00466,0.60124,-0.00069,-0.00045,-0.00002,
1403637142588318976,0.01730,0.00680,-0.43732,-0.04652,0.79704,-0.00219,0.60213,-0.00022,0.00017,-0.00009,
1403637142688318976,0.01725,0.00690,-0.43729,-0.04748,0.79714,-0.00163,0.60192,-0.00116,-0.00054,0.00093,
1403637142788319232,0.01737,0.00718,-0.43712,-0.04974,0.79671,-0.00018,0.60231,-0.00053,0.00012,0.00064,
1403637142888318976,0.01727,0.00734,-0.43708,-0.05097,0.79658,0.00055,0.60237,-0.00201,-0.00004,0.00021,
1403637142988318976,0.01777,0.00805,-0.43664,-0.05765,0.79499,0.00500,0.60386,-0.00125,-0.00109,0.00045,
1403637143088318976,0.01739,0.00784,-0.43683,-0.05612,0.79616,0.00375,0.60247,-0.00038,-0.00008,0.00040,
1403637143188318976,0.01728,0.00784,-0.43689,-0.05590,0.79633,0.00359,0.60226,-0.00135,-0.00073,0.00082,
1403637143288319232,0.01737,0.00795,-0.43687,-0.05667,0.79623,0.00406,0.60232,0.00075,-0.00000,0.00013,
1403637143388318976,0.01731,0.00786,-0.43688,-0.05596,0.79638,0.00359,0.60220,0.00043,-0.00014,-0.00007,
1403637143488318976,0.01765,0.00810,-0.43662,-0.05818,0.79542,0.00515,0.60324,0.00148,0.00017,0.00219,
1403637143588318976,0.01722,0.00763,-0.43694,-0.05431,0.79669,0.00248,0.60193,-0.00253,0.00002,-0.00016,
1403637143688318976,0.01726,0.00754,-0.43702,-0.05325,0.79674,0.00181,0.60197,-0.00039,0.00070,-0.00009,
1403637143788319232,0.01717,0.00737,-0.43710,-0.05145,0.79689,0.00066,0.60193,-0.00106,0.00029,0.00033,
1403637143888318976,0.01713,0.00723,-0.43713,-0.05008,0.79713,-0.00025,0.60173,-0.00136,0.00011,-0.00010,
1403637143988318976,0.01697,0.00711,-0.43724,-0.04851,0.79751,-0.00114,0.60135,-0.00253,-0.00235,-0.00374,
1403637144088318976,0.01713,0.00723,-0.43724,-0.04927,0.79720,-0.00070,0.60171,-0.00147,-0.00271,-0.00321,
1403637144188318976,0.01725,0.00734,-0.43715,-0.05051,0.79691,0.00009,0.60198,-0.00362,-0.00569,0.00035,
1403637144288319232,0.01737,0.00754,-0.43706,-0.05251,0.79647,0.00133,0.60239,-0.00195,-0.00298,0.00097,
1403637144388318976,0.01741,0.00781,-0.43699,-0.05486,0.79609,0.00273,0.60268,-0.00021,0.01180,0.00271,
1403637144488318976,0.01744,0.00805,-0.43694,-0.05718,0.79583,0.00421,0.60279,-0.00095,0.00802,0.00160,
1403637144588318976,0.01744,0.00815,-0.43683,-0.05871,0.79578,0.00504,0.60271,-0.00096,-0.01001,0.00323,
1403637144688318976,0.01751,0.00823,-0.43678,-0.05933,0.79576,0.00548,0.60267,0.00130,0.00357,0.00341,
1403637144788319232,0.01750,0.00817,-0.43679,-0.05862,0.79576,0.00514,0.60274,0.00146,0.00866,0.00135,
1403637144888318976,0.01752,0.00815,-0.43688,-0.05833,0.79583,0.00495,0.60268,-0.00015,0.00469,0.00042,
1403637144988318976,0.01762,0.00832,-0.43684,-0.05942,0.79570,0.00598,0.60274,-0.00049,-0.00482,-0.00264,
1403637145088318976,0.01791,0.00856,-0.43649,-0.06221,0.79454,0.00790,0.60396,-0.00195,-0.00463,-0.00470,
1403637145188318976,0.01793,0.00863,-0.43645,-0.06283,0.79452,0.00820,0.60392,-0.00038,-0.00471,-0.00195,
1403637145288319232,0.01798,0.00873,-0.43639,-0.06372,0.79441,0.00871,0.60397,-0.00030,-0.00124,0.00051,
1403637145388318976,0.01762,0.00848,-0.43664,-0.06191,0.79526,0.00739,0.60306,-0.00104,-0.00008,0.00008,
1403637145488318976,0.01764,0.00843,-0.43669,-0.06128,0.79530,0.00699,0.60307,0.00012,0.00078,-0.00000,
1403637145588318976,0.01760,0.00829,-0.43671,-0.05976,0.79543,0.00609,0.60306,-0.00148,0.00293,0.00125,
1403637145688318976,0.01761,0.00821,-0.43679,-0.05892,0.79554,0.00558,0.60300,0.00070,0.00166,0.00130,
1403637145788319232,0.01766,0.00820,-0.43681,-0.05892,0.79544,0.00558,0.60313,-0.00016,0.00001,-0.00002,
1403637145888318976,0.01771,0.00818,-0.43677,-0.05860,0.79544,0.00541,0.60317,-0.00061,-0.00116,0.00036,
1403637145988318976,0.01769,0.00818,-0.43678,-0.05864,0.79546,0.00545,0.60314,-0.00053,0.00042,-0.00129,
1403637146088318976,0.01763,0.00824,-0.43676,-0.05919,0.79544,0.00576,0.60310,-0.00002,-0.00073,-0.00042,
1403637146188318976,0.01802,0.00861,-0.43643,-0.06287,0.79422,0.00853,0.60431,-0.00036,0.00142,0.00076,
1403637146288319232,0.01775,0.00854,-0.43659,-0.06236,0.79500,0.00765,0.60334,-0.00176,0.00035,0.00055,
1403637146388318976,0.01782,0.00866,-0.43659,-0.06368,0.79492,0.00853,0.60330,-0.00284,-0.00433,-0.00261,
1403637146488318976,0.01773,0.00891,-0.43660,-0.06546,0.79495,0.00960,0.60305,-0.00071,0.00034,-0.00345,
1403637146588318976,0.01762,0.00911,-0.43663,-0.06734,0.79497,0.01064,0.60280,-0.00165,0.00030,-0.00244,
1403637146688318976,0.01788,0.00949,-0.43633,-0.07107,0.79410,0.01326,0.60348,-0.00035,0.00209,-0.00022,
1403637146788319232,0.01741,0.00928,-0.43659,-0.06934,0.79527,0.01191,0.60216,-0.00182,0.00178,-0.00324,
1403637146888318976,0.01742,0.00942,-0.43659,-0.07058,0.79523,0.01276,0.60206,-0.00090,0.00256,-0.00248,
1403637146988318976,0.01738,0.00950,-0.43664,-0.07115,0.79535,0.01321,0.60182,-0.00117,0.00314,-0.00097,
1403637147088318976,0.01737,0.00958,-0.43669,-0.07201,0.79541,0.01359,0.60162,-0.00024,-0.00233,-0.00232,
1403637147188318976,0.01756,0.00992,-0.43638,-0.07549,0.79443,0.01598,0.60243,0.00002,-0.00210,-0.00124,
1403637147288319232,0.01722,0.00975,-0.43665,-0.07381,0.79547,0.01458,0.60130,0.00040,0.00133,0.00078,
1403637147388318976,0.01725,0.00982,-0.43671,-0.07401,0.79552,0.01463,0.60122,-0.00002,0.00111,0.00046,
1403637147488318976,0.01725,0.00974,-0.43678,-0.07396,0.79561,0.01462,0.60109,0.00060,0.00050,-0.00071,
1403637147588318976,0.01722,0.00979,-0.43679,-0.07389,0.79559,0.01456,0.60113,0.00098,0.00509,-0.00166,
1403637147688318976,0.01726,0.00978,-0.43675,-0.07388,0.79549,0.01466,0.60127,-0.00019,0.00140,-0.00178,
1403637147788319232,0.01733,0.00974,-0.43677,-0.07378,0.79543,0.01459,0.60136,0.00040,-0.00079,-0.00124,
1403637147888318976,0.01728,0.00976,-0.43675,-0.07371,0.79543,0.01454,0.60137,-0.00124,0.00024,-0.00078,
1403637147988318976,0.01732,0.00975,-0.43678,-0.07406,0.79544,0.01474,0.60131,0.00004,0.00057,-0.00204,
1403637148088318976,0.01726,0.00979,-0.43681,-0.07404,0.79552,0.01469,0.60121,0.00044,0.00103,-0.00137,
1403637148188318976,0.01724,0.00982,-0.43679,-0.07447,0.79549,0.01497,0.60118,-0.00011,0.00234,-0.00251,
1403637148288319232,0.01754,0.01021,-0.43650,-0.07830,0.79447,0.01767,0.60197,0.00111,0.00147,0.00197,
1403637148388318976,0.01722,0.01000,-0.43682,-0.07661,0.79549,0.01638,0.60088,0.00303,0.00152,-0.00235,
1403637148488318976,0.01713,0.01004,-0.43686,-0.07675,0.79570,0.01663,0.60058,0.00039,0.00151,-0.00372,
1403637148588318976,0.01708,0.01009,-0.43684,-0.07694,0.79575,0.01689,0.60048,-0.00064,0.00375,-0.00065,
1403637148688318976,0.01709,0.01004,-0.43691,-0.07700,0.79599,0.01713,0.60014,0.00018,0.00305,0.00002,
1403637148788319232,0.01716,0.01028,-0.43662,-0.07898,0.79526,0.01898,0.60080,-0.00310,0.00154,-0.00098,
1403637148888318976,0.01677,0.00998,-0.43691,-0.07695,0.79643,0.01791,0.59955,-0.00509,0.00301,0.00020,
1403637148988318976,0.01665,0.00984,-0.43705,-0.07611,0.79679,0.01762,0.59919,0.00960,-0.00077,-0.00369,
1403637149088318976,0.01656,0.00976,-0.43712,-0.07575,0.79695,0.01779,0.59902,0.00593,-0.00046,-0.00096,
1403637149188318976,0.01655,0.00953,-0.43719,-0.07471,0.79732,0.01760,0.59866,0.00310,-0.00360,-0.00294,
1403637149288319232,0.01640,0.00929,-0.43728,-0.07374,0.79761,0.01701,0.59841,-0.00299,0.00013,-0.00180,
1403637149388318976,0.01663,0.00942,-0.43700,-0.07627,0.79674,0.01936,0.59918,-0.00412,-0.00446,-0.00088,
1403637149488318976,0.01640,0.00933,-0.43698,-0.07685,0.79712,0.02076,0.59855,-0.00025,-0.00179,-0.00732,
1403637149588318976,0.01605,0.00888,-0.43750,-0.07553,0.79962,0.02271,0.59530,-0.00333,-0.00470,-0.01078,
1403637149688318976,0.01495,0.00835,-0.43817,-0.07692,0.80515,0.03171,0.58721,-0.01682,-0.00762,0.00455,
1403637149788319232,0.01395,0.00648,-0.43892,-0.07676,0.80963,0.03383,0.58091,0.01065,-0.01518,0.01415,
1403637149888318976,0.01324,0.00304,-0.43888,-0.08687,0.81674,0.04117,0.56895,-0.00105,-0.06896,0.00078,
1403637149988318976,0.01436,-0.00595,-0.43659,-0.08300,0.82838,0.04950,0.55177,0.00741,-0.11330,0.06873,
1403637150088318976,0.01696,-0.02009,-0.42680,-0.06777,0.83834,0.05641,0.53797,0.05240,-0.15901,0.13648,
1403637150188318976,0.02696,-0.03628,-0.40932,-0.05561,0.84248,0.05785,0.53271,0.13530,-0.16480,0.20307,
1403637150288319232,0.04543,-0.05192,-0.38527,-0.05035,0.83993,0.05556,0.53749,0.22170,-0.14317,0.26824,
1403637150388318976,0.07119,-0.06616,-0.35689,-0.04935,0.83386,0.04947,0.54753,0.28598,-0.12714,0.29460,
1403637150488318976,0.10018,-0.08098,-0.32775,-0.04328,0.82920,0.04057,0.55580,0.30783,-0.13744,0.27568,
1403637150588318976,0.12842,-0.09919,-0.29796,-0.02796,0.82955,0.02566,0.55714,0.31284,-0.14633,0.25975,
1403637150688318976,0.15972,-0.11407,-0.27220,-0.02096,0.82822,0.01949,0.55967,0.32293,-0.14099,0.23482,
1403637150788319232,0.19329,-0.12844,-0.24920,-0.01732,0.82778,0.01785,0.56050,0.34074,-0.13662,0.21973,
1403637150888318976,0.22750,-0.14314,-0.22615,-0.01333,0.82505,0.01638,0.56466,0.34027,-0.12309,0.21384,
1403637150988318976,0.26119,-0.15713,-0.20447,-0.00949,0.82108,0.01386,0.57056,0.32818,-0.10937,0.17565,
1403637151088318976,0.29120,-0.16872,-0.18877,-0.00922,0.81655,0.01466,0.57701,0.30282,-0.10287,0.14588,
1403637151188318976,0.31991,-0.17777,-0.17765,-0.01220,0.81318,0.01768,0.58161,0.26228,-0.09431,0.11263,
1403637151288319232,0.34458,-0.18745,-0.16243,-0.01353,0.81697,0.01707,0.57627,0.20446,-0.08144,0.18030,
1403637151388318976,0.36590,-0.19579,-0.13817,-0.02198,0.82189,0.01236,0.56909,0.20704,-0.07976,0.28985,
1403637151488318976,0.38683,-0.20397,-0.10528,-0.02671,0.82484,0.01262,0.56459,0.19680,-0.09511,0.34591,
1403637151588318976,0.40608,-0.21418,-0.07338,-0.02696,0.82554,0.01618,0.56347,0.19732,-0.11791,0.30798,
1403637151688318976,0.42725,-0.22587,-0.04664,-0.02719,0.82548,0.02056,0.56341,0.19720,-0.13056,0.25498,
1403637151788319232,0.44648,-0.23852,-0.02632,-0.02817,0.82589,0.02313,0.56266,0.19154,-0.13781,0.18801,
1403637151888318976,0.46533,-0.25187,-0.01106,-0.02811,0.82563,0.02522,0.56294,0.19802,-0.14173,0.13992,
1403637151988318976,0.48665,-0.26491,0.00170,-0.03031,0.82635,0.02750,0.56167,0.20985,-0.13217,0.15414,
1403637152088318976,0.50401,-0.27849,0.02156,-0.03001,0.82671,0.02591,0.56123,0.18030,-0.13446,0.20606,
1403637152188318976,0.52442,-0.29337,0.04453,-0.02921,0.82789,0.02398,0.55962,0.19054,-0.14212,0.19387,
1403637152288319232,0.54572,-0.30868,0.06243,-0.02914,0.82889,0.02242,0.55820,0.20081,-0.14848,0.11783,
1403637152388318976,0.56350,-0.32578,0.07320,-0.02577,0.82878,0.01930,0.55865,0.21161,-0.15800,0.06088,
1403637152488318976,0.58730,-0.34280,0.07804,-0.02381,0.82934,0.01886,0.55791,0.23207,-0.15721,-0.00499,
1403637152588318976,0.61229,-0.35942,0.07518,-0.02312,0.82966,0.01902,0.55746,0.24643,-0.16500,-0.05694,
1403637152688318976,0.63883,-0.37694,0.06905,-0.02303,0.82893,0.01880,0.55856,0.26674,-0.17448,-0.06519,
1403637152788319232,0.66630,-0.39487,0.06531,-0.02544,0.82656,0.01698,0.56202,0.26801,-0.17814,-0.01412,
1403637152888318976,0.69625,-0.41273,0.06792,-0.02800,0.82479,0.01733,0.56448,0.22379,-0.18881,0.07945,
1403637152988318976,0.71988,-0.43297,0.07898,-0.02631,0.82340,0.01836,0.56656,0.20836,-0.20573,0.14172,
1403637153088318976,0.74630,-0.45538,0.09415,-0.02449,0.82375,0.01947,0.56610,0.20621,-0.21782,0.12663,
1403637153188318976,0.76943,-0.47758,0.10424,-0.02245,0.82494,0.01954,0.56444,0.21000,-0.21884,0.06804,
1403637153288319232,0.79196,-0.49999,0.10858,-0.01940,0.82571,0.02078,0.56337,0.20503,-0.21559,0.01510,
1403637153388318976,0.81279,-0.52178,0.10840,-0.01592,0.82549,0.02105,0.56380,0.21200,-0.21249,0.00550,
1403637153488318976,0.83423,-0.54177,0.11170,-0.01424,0.82696,0.02198,0.56165,0.20462,-0.20242,0.07241,
1403637153588318976,0.85732,-0.56065,0.12107,-0.01505,0.82916,0.02193,0.55838,0.22655,-0.18582,0.13536,
1403637153688318976,0.89043,-0.57938,0.13664,-0.01732,0.82936,0.02362,0.55795,0.25898,-0.16810,0.20995,
1403637153788319232,0.91417,-0.59605,0.15764,-0.01667,0.82708,0.02341,0.56135,0.26756,-0.15524,0.19414,
1403637153888318976,0.94046,-0.61209,0.17340,-0.01769,0.82560,0.02280,0.56352,0.26465,-0.15681,0.12970,
1403637153988318976,0.96822,-0.62647,0.18124,-0.01862,0.82421,0.02268,0.56552,0.25988,-0.14313,0.04846,
1403637154088318976,0.99142,-0.63889,0.18077,-0.02113,0.82574,0.02220,0.56322,0.24410,-0.13874,-0.04422,
1403637154188318976,1.01475,-0.65130,0.17148,-0.03196,0.83194,0.01516,0.55373,0.24076,-0.14483,-0.12244,
1403637154288319232,1.03827,-0.66590,0.15738,-0.04384,0.83658,0.00646,0.54605,0.26541,-0.17850,-0.15721,
1403637154388318976,1.06739,-0.68693,0.13964,-0.04451,0.83728,0.00637,0.54492,0.30609,-0.23864,-0.17247,
1403637154488318976,1.09709,-0.71309,0.12301,-0.03607,0.83186,0.00991,0.55373,0.33377,-0.27473,-0.18758,
1403637154588318976,1.12953,-0.74269,0.10495,-0.02727,0.82929,0.01352,0.55799,0.35845,-0.30680,-0.15658,
1403637154688318976,1.16254,-0.77429,0.08926,-0.01442,0.83182,0.01751,0.55459,0.35553,-0.31083,-0.16918,
1403637154788319232,1.20053,-0.80474,0.07195,-0.00514,0.83598,0.01568,0.54851,0.39154,-0.30326,-0.15513,
1403637154888318976,1.23980,-0.83633,0.05986,0.00255,0.83854,0.00437,0.54482,0.42634,-0.28878,-0.10841,
1403637154988318976,1.28564,-0.86463,0.05163,0.00663,0.84058,-0.00525,0.54163,0.48163,-0.27254,-0.04953,
1403637155088318976,1.33544,-0.89163,0.05398,0.01237,0.83908,-0.01654,0.54361,0.53965,-0.26494,0.06357,
1403637155188318976,1.39029,-0.91691,0.06445,0.01800,0.83370,-0.02959,0.55112,0.56884,-0.24310,0.13303,
1403637155288319232,1.44741,-0.94032,0.08154,0.02322,0.82930,-0.03661,0.55711,0.59318,-0.22239,0.18834,
1403637155388318976,1.50645,-0.96394,0.10042,0.02875,0.82453,-0.04508,0.56329,0.59904,-0.22838,0.15849,
1403637155488318976,1.56343,-0.98889,0.11404,0.03785,0.82042,-0.05916,0.56743,0.56709,-0.23449,0.07499,
1403637155588318976,1.61542,-1.01681,0.12130,0.04668,0.81724,-0.07668,0.56927,0.55774,-0.23372,0.00182,
1403637155688318976,1.66409,-1.04800,0.12286,0.05369,0.81457,-0.09530,0.56965,0.51871,-0.24490,-0.05788,
1403637155788319232,1.70561,-1.08358,0.12015,0.06478,0.80989,-0.11599,0.57134,0.47202,-0.28652,-0.11354,
1403637155888318976,1.74449,-1.12404,0.11206,0.07977,0.80540,-0.13883,0.57069,0.42771,-0.35063,-0.15907,
1403637155988318976,1.78291,-1.16784,0.09809,0.09734,0.80171,-0.16080,0.56739,0.40774,-0.39589,-0.17041,
1403637156088318976,1.82041,-1.21137,0.08304,0.10932,0.79420,-0.18323,0.56896,0.36470,-0.42752,-0.16712,
1403637156188318976,1.85460,-1.25868,0.06775,0.12103,0.78587,-0.20605,0.57036,0.31744,-0.47647,-0.16486,
1403637156288319232,1.88634,-1.30767,0.05326,0.13211,0.77852,-0.22812,0.56957,0.24975,-0.51068,-0.13692,
1403637156388318976,1.91241,-1.35695,0.03794,0.14172,0.77252,-0.24915,0.56662,0.19548,-0.55830,-0.12774,
1403637156488318976,1.93688,-1.41021,0.02164,0.15119,0.76693,-0.26815,0.56307,0.14357,-0.59531,-0.14896,
1403637156588318976,1.95815,-1.46702,0.00198,0.16161,0.76103,-0.28471,0.56004,0.10639,-0.63723,-0.17414,
1403637156688318976,1.97682,-1.52908,-0.02193,0.17369,0.75528,-0.30028,0.55607,0.06413,-0.67269,-0.23494,
1403637156788319232,1.99061,-1.59623,-0.05209,0.18687,0.75165,-0.31295,0.54969,0.03709,-0.68865,-0.30924,
1403637156888318976,2.00016,-1.66610,-0.08683,0.19785,0.75308,-0.32068,0.53934,0.03021,-0.69857,-0.34758,
1403637156988318976,2.00809,-1.73727,-0.12708,0.20537,0.75604,-0.32397,0.53035,0.02676,-0.69995,-0.41610,
1403637157088318976,2.01753,-1.80921,-0.17192,0.20538,0.75817,-0.32727,0.52526,0.05018,-0.71441,-0.43158,
1403637157188318976,2.02774,-1.88296,-0.21357,0.20155,0.75831,-0.33027,0.52465,0.08383,-0.74872,-0.37152,
1403637157288319232,2.03723,-1.96112,-0.24695,0.19783,0.75744,-0.33193,0.52629,0.08969,-0.78897,-0.29606,
1403637157388318976,2.04448,-2.04265,-0.27069,0.19160,0.75599,-0.33402,0.52934,0.08147,-0.82784,-0.20305,
1403637157488318976,2.04859,-2.12763,-0.28457,0.18349,0.75468,-0.33670,0.53237,0.05854,-0.88289,-0.10741,
1403637157588318976,2.04777,-2.21830,-0.28879,0.17828,0.75391,-0.33732,0.53483,0.00954,-0.93989,-0.03926,
1403637157688318976,2.04459,-2.31541,-0.28763,0.17595,0.75475,-0.33558,0.53552,-0.03985,-1.00281,0.03064,
1403637157788319232,2.03673,-2.41774,-0.27806,0.17703,0.75361,-0.33280,0.53849,-0.07293,-1.06853,0.09560,
1403637157888318976,2.02214,-2.52490,-0.26565,0.18358,0.75106,-0.32820,0.54268,-0.12278,-1.11353,0.05785,
1403637157988318976,2.00843,-2.63687,-0.26326,0.19092,0.74989,-0.32270,0.54505,-0.16176,-1.13390,-0.00969,
1403637158088318976,1.98764,-2.75173,-0.26234,0.19981,0.75028,-0.31671,0.54484,-0.19118,-1.15019,0.01503,
1403637158188318976,1.96602,-2.86518,-0.25570,0.20327,0.75053,-0.31418,0.54468,-0.21593,-1.14059,0.08902,
1403637158288319232,1.94101,-2.97606,-0.24292,0.20531,0.74913,-0.31610,0.54474,-0.26912,-1.12111,0.12747,
1403637158388318976,1.91266,-3.08847,-0.22736,0.20957,0.74533,-0.32436,0.54346,-0.30236,-1.11553,0.14502,
1403637158488318976,1.88114,-3.20145,-0.21648,0.21576,0.73859,-0.33753,0.54222,-0.33545,-1.11917,0.08677,
1403637158588318976,1.84494,-3.31310,-0.21127,0.22021,0.72901,-0.35693,0.54097,-0.38066,-1.11907,0.01125,
1403637158688318976,1.80154,-3.41811,-0.21246,0.22787,0.71851,-0.37767,0.53776,-0.45729,-1.10408,-0.04370,
1403637158788319232,1.75266,-3.52810,-0.22062,0.23893,0.71030,-0.39547,0.53103,-0.51284,-1.08585,-0.09698,
1403637158888318976,1.70098,-3.63765,-0.23350,0.24725,0.70732,-0.40784,0.52176,-0.55456,-1.08565,-0.09809,
1403637158988318976,1.64614,-3.74786,-0.24170,0.25788,0.70827,-0.41207,0.51191,-0.56846,-1.11231,-0.03373,
1403637159088318976,1.59079,-3.85509,-0.24403,0.26412,0.70872,-0.41512,0.50560,-0.57519,-1.10673,0.01512,
1403637159188318976,1.53455,-3.96371,-0.24467,0.26174,0.70565,-0.41969,0.50736,-0.58212,-1.10102,-0.02149,
1403637159288319232,1.47656,-4.07587,-0.25169,0.25642,0.70329,-0.42301,0.51057,-0.60451,-1.11160,-0.08046,
1403637159388318976,1.41579,-4.18752,-0.26367,0.25237,0.70293,-0.42412,0.51218,-0.63407,-1.12154,-0.12931,
1403637159488318976,1.35157,-4.30073,-0.27913,0.25149,0.70395,-0.42163,0.51326,-0.66529,-1.14745,-0.16409,
1403637159588318976,1.28399,-4.41851,-0.29883,0.25566,0.70925,-0.41579,0.50865,-0.69088,-1.16864,-0.19266,
1403637159688318976,1.21591,-4.53459,-0.31740,0.25993,0.71362,-0.41045,0.50470,-0.68908,-1.19374,-0.16938,
1403637159788319232,1.14628,-4.65792,-0.32973,0.26337,0.71560,-0.40637,0.50340,-0.67106,-1.22761,-0.08083,
1403637159888318976,1.07697,-4.78450,-0.33588,0.26877,0.71481,-0.40656,0.50152,-0.68800,-1.24198,-0.05749,
1403637159988318976,1.00850,-4.90206,-0.34211,0.27488,0.70972,-0.41768,0.49626,-0.68633,-1.23895,-0.08658,
1403637160088318976,0.93799,-5.02476,-0.34994,0.28468,0.69692,-0.43243,0.49625,-0.68008,-1.24052,-0.10528,
1403637160188318976,0.86807,-5.14792,-0.36086,0.29644,0.68153,-0.44972,0.49537,-0.70065,-1.22934,-0.13733,
1403637160288319232,0.79547,-5.26962,-0.37561,0.31111,0.66734,-0.46842,0.48832,-0.72085,-1.19340,-0.18176,
1403637160388318976,0.72297,-5.38641,-0.39464,0.32643,0.65228,-0.48924,0.47813,-0.75028,-1.15874,-0.21828,
1403637160488318976,0.64712,-5.50355,-0.41734,0.34444,0.63784,-0.51004,0.46301,-0.76721,-1.14818,-0.24948,
1403637160588318976,0.57204,-5.61908,-0.44188,0.36170,0.62353,-0.53088,0.44559,-0.76722,-1.12210,-0.28152,
1403637160688318976,0.49945,-5.73195,-0.46890,0.37547,0.61083,-0.54963,0.42874,-0.73523,-1.10865,-0.27718,
1403637160788319232,0.43139,-5.84400,-0.49450,0.38291,0.60333,-0.56351,0.41452,-0.69044,-1.11989,-0.20809,
1403637160888318976,0.36812,-5.95864,-0.51226,0.38686,0.59721,-0.57268,0.40709,-0.63882,-1.13758,-0.12675,
1403637160988318976,0.30973,-6.07517,-0.52088,0.38522,0.59334,-0.58084,0.40272,-0.59165,-1.15377,-0.02041,
1403637161088318976,0.25369,-6.19337,-0.51586,0.38009,0.58835,-0.58787,0.40470,-0.55362,-1.23006,0.12020,
1403637161188318976,0.19952,-6.31405,-0.49988,-0.37323,-0.57892,0.59455,-0.41479,-0.56881,-1.26527,0.21594,
1403637161288319232,0.14142,-6.43393,-0.47336,-0.36647,-0.56753,0.59927,-0.42953,-0.62247,-1.26001,0.28818,
1403637161388318976,0.07478,-6.55649,-0.44173,-0.36567,-0.56458,0.59932,-0.43399,-0.71496,-1.25226,0.34269,
1403637161488318976,-0.00280,-6.67864,-0.40631,-0.37290,-0.56573,0.59793,-0.42821,-0.79900,-1.24220,0.37602,
1403637161588318976,-0.08498,-6.80060,-0.36881,-0.37981,-0.56262,0.60235,-0.41996,-0.85820,-1.23096,0.36360,
1403637161688318976,-0.17396,-6.91902,-0.33512,-0.38905,-0.55567,0.60621,-0.41518,-0.90529,-1.22682,0.33282,
1403637161788319232,-0.26614,-7.03598,-0.30463,-0.40496,-0.54703,0.60385,-0.41489,-0.93766,-1.20079,0.29442,
1403637161888318976,-0.36140,-7.15097,-0.27824,-0.42485,-0.53605,0.59783,-0.41804,-0.95497,-1.13526,0.24612,
1403637161988318976,-0.45464,-7.25368,-0.25752,-0.44121,-0.52517,0.59209,-0.42303,-0.95038,-1.03560,0.18721,
1403637162088318976,-0.54755,-7.34773,-0.24445,-0.45099,-0.51802,0.58905,-0.42577,-0.93961,-0.90466,0.10556,
1403637162188318976,-0.63913,-7.44328,-0.23335,-0.44846,-0.51301,0.59317,-0.42878,-0.91315,-0.79224,0.02584,
1403637162288319232,-0.73716,-7.50786,-0.24074,-0.43711,-0.51117,0.60050,-0.43248,-0.94127,-0.65692,-0.04162,
1403637162388318976,-0.83318,-7.56617,-0.24879,-0.42744,-0.51126,0.60653,-0.43362,-0.98026,-0.54575,-0.10140,
1403637162488318976,-0.93165,-7.61219,-0.26289,-0.41455,-0.51586,0.61446,-0.42951,-1.03946,-0.45307,-0.12183,
1403637162588318976,-1.03886,-7.65309,-0.27055,-0.41083,-0.52502,0.61661,-0.41876,-1.11159,-0.37155,-0.01572,
1403637162688318976,-1.15472,-7.69336,-0.26592,-0.42077,-0.52290,0.60995,-0.42128,-1.15751,-0.35614,0.08238,
1403637162788319232,-1.27209,-7.72389,-0.25920,-0.43363,-0.50680,0.60681,-0.43232,-1.20918,-0.26691,0.03384,
1403637162888318976,-1.39358,-7.74229,-0.26058,-0.44636,-0.49387,0.61195,-0.42704,-1.25393,-0.14302,-0.03977,
1403637162988318976,-1.51982,-7.74869,-0.26831,-0.46178,-0.48101,0.62112,-0.41184,-1.27787,-0.02235,-0.08528,
1403637163088318976,-1.65031,-7.74401,-0.28091,-0.47714,-0.46439,0.63452,-0.39251,-1.28509,0.10242,-0.12864,
1403637163188318976,-1.78057,-7.72924,-0.29702,-0.49394,-0.44398,0.64938,-0.37041,-1.26390,0.22041,-0.17117,
1403637163288319232,-1.90318,-7.70221,-0.31673,0.51007,0.42065,-0.66394,0.34939,-1.20970,0.33153,-0.21102,
1403637163388318976,-2.02218,-7.66579,-0.33957,0.51946,0.39544,-0.67989,0.33399,-1.15588,0.43665,-0.23647,
1403637163488318976,-2.13614,-7.61977,-0.36734,0.52139,0.37132,-0.69747,0.32221,-1.09839,0.53500,-0.27548,
1403637163588318976,-2.24586,-7.56506,-0.39317,0.51505,0.35364,-0.71573,0.31207,-1.06497,0.63114,-0.22269,
1403637163688318976,-2.35413,-7.50349,-0.41271,0.50425,0.34239,-0.73242,0.30340,-1.07182,0.68703,-0.13297,
1403637163788319232,-2.46151,-7.43460,-0.42263,-0.49486,-0.33390,0.74443,-0.29909,-1.12265,0.73530,-0.01481,
1403637163888318976,-2.57627,-7.36054,-0.41978,-0.48817,-0.32564,0.75146,-0.30158,-1.17545,0.79999,0.08404,
1403637163988318976,-2.69812,-7.28046,-0.40742,-0.48856,-0.31902,0.75227,-0.30598,-1.27150,0.85075,0.15685,
1403637164088318976,-2.82692,-7.19274,-0.38722,-0.49244,-0.31782,0.74991,-0.30681,-1.34442,0.91919,0.24427,
1403637164188318976,-2.96461,-7.09676,-0.35943,-0.49802,-0.32015,0.74533,-0.30653,-1.41698,1.01653,0.29162,
1403637164288319232,-3.10779,-6.99183,-0.32659,0.50400,0.32798,-0.74024,0.30076,-1.46978,1.08888,0.33890,
1403637164388318976,-3.25305,-6.88104,-0.29429,0.50528,0.33703,-0.73785,0.29441,-1.48266,1.14608,0.28078,
1403637164488318976,-3.39832,-6.76424,-0.26916,-0.49996,-0.34160,0.73945,-0.29422,-1.49179,1.18372,0.19377,
1403637164588318976,-3.54563,-6.64472,-0.25198,-0.49293,-0.34037,0.74139,-0.30249,-1.51725,1.21364,0.10772,
1403637164688318976,-3.70222,-6.52063,-0.24187,-0.48924,-0.34326,0.74147,-0.30503,-1.57633,1.25645,0.05864,
1403637164788319232,-3.86566,-6.39361,-0.23592,-0.49837,-0.35103,0.73499,-0.29698,-1.63242,1.28519,0.01520,
1403637164888318976,-4.03082,-6.26404,-0.23613,0.50982,0.35270,-0.73009,0.28749,-1.64549,1.33267,-0.05660,
1403637164988318976,-4.19223,-6.13212,-0.24205,0.51719,0.34761,-0.73091,0.27831,-1.63738,1.34080,-0.09831,
1403637165088318976,-4.35565,-5.99840,-0.25160,0.52485,0.33655,-0.73401,0.26924,-1.62887,1.34915,-0.11965,
1403637165188318976,-4.51767,-5.86392,-0.26228,0.53632,0.32067,-0.73675,0.25830,-1.59975,1.36404,-0.13617,
1403637165288319232,-4.67694,-5.72550,-0.27229,0.54209,0.30445,-0.74470,0.24264,-1.53530,1.40615,-0.08131,
1403637165388318976,-4.82786,-5.58398,-0.27510,0.53903,0.29064,-0.75785,0.22504,-1.47548,1.41664,0.00110,
1403637165488318976,-4.97809,-5.44345,-0.26926,0.53420,0.27924,-0.76900,0.21283,-1.45022,1.38883,0.11089,
1403637165588318976,-5.12187,-5.30663,-0.25500,0.53391,0.27236,-0.77493,0.20060,-1.42555,1.37008,0.18209,
1403637165688318976,-5.26165,-5.17245,-0.23786,0.53845,0.27299,-0.77582,0.18343,-1.39819,1.31724,0.17235,
1403637165788319232,-5.40123,-5.04423,-0.22519,0.54307,0.27691,-0.77475,0.16781,-1.37041,1.24196,0.11716,
1403637165888318976,-5.53343,-4.92542,-0.21762,0.54702,0.28296,-0.77236,0.15544,-1.29055,1.15194,0.04846,
1403637165988318976,-5.65739,-4.81809,-0.21692,0.54888,0.29443,-0.76803,0.14889,-1.22087,1.03874,-0.01650,
1403637166088318976,-5.77532,-4.72248,-0.22663,0.54893,0.30720,-0.76334,0.14702,-1.16368,0.92264,-0.17375,
1403637166188318976,-5.88464,-4.63551,-0.25251,0.54883,0.31626,-0.75950,0.14807,-1.08550,0.81567,-0.32080,
1403637166288319232,-5.98208,-4.56173,-0.28837,0.55288,0.31841,-0.75364,0.15802,-0.96945,0.69856,-0.36048,
1403637166388318976,-6.07167,-4.49892,-0.31746,0.57120,0.31656,-0.73609,0.17803,-0.84995,0.59169,-0.24986,
1403637166488318976,-6.13731,-4.44479,-0.34311,0.58405,0.31670,-0.72130,0.19574,-0.65566,0.59064,-0.23836,
1403637166588318976,-6.18992,-4.38783,-0.36393,0.58066,0.32215,-0.72012,0.20119,-0.47526,0.61073,-0.22477,
1403637166688318976,-6.22650,-4.33145,-0.38267,0.56131,0.33240,-0.73240,0.19500,-0.32829,0.59615,-0.20639,
1403637166788319232,-6.24885,-4.27707,-0.39759,0.54837,0.34589,-0.73924,0.18214,-0.23013,0.51683,-0.21584,
1403637166888318976,-6.26239,-4.23526,-0.41534,0.54860,0.35877,-0.73603,0.16905,-0.13220,0.40341,-0.23100,
1403637166988318976,-6.26203,-4.20859,-0.43412,0.55860,0.36949,-0.72543,0.15873,0.01118,0.26201,-0.20679,
1403637167088318976,-6.24371,-4.19624,-0.44688,0.57061,0.37850,-0.71298,0.15101,0.24813,0.15908,-0.12516,
1403637167188318976,-6.20282,-4.19844,-0.44971,0.58216,0.38403,-0.70159,0.14623,0.49114,-0.01326,0.00332,
1403637167288319232,-6.14065,-4.21504,-0.44346,0.58740,0.38615,-0.69656,0.14370,0.74915,-0.16185,0.07134,
1403637167388318976,-6.05603,-4.24447,-0.43539,0.58190,0.38334,-0.70246,0.14491,0.96987,-0.29314,0.03457,
1403637167488318976,-5.94792,-4.28341,-0.43379,0.56442,0.37063,-0.71945,0.16269,1.14473,-0.41979,-0.01845,
1403637167588318976,-5.83069,-4.33938,-0.43475,0.54486,0.35249,-0.73699,0.18902,1.23674,-0.52613,-0.04285,
1403637167688318976,-5.70609,-4.40254,-0.44051,0.53188,0.33876,-0.74671,0.21159,1.27425,-0.58371,-0.09284,
1403637167788319232,-5.57714,-4.46789,-0.45491,0.52111,0.33938,-0.75095,0.22213,1.28693,-0.62310,-0.15217,
1403637167888318976,-5.44852,-4.53131,-0.47619,0.50968,0.34941,-0.75262,0.22737,1.27227,-0.64215,-0.15585,
1403637167988318976,-5.32287,-4.59718,-0.49209,0.50526,0.36302,-0.74975,0.22540,1.23128,-0.68845,-0.08392,
1403637168088318976,-5.20089,-4.66981,-0.50060,0.50511,0.37370,-0.74460,0.22535,1.22054,-0.74424,-0.06288,
1403637168188318976,-5.07933,-4.74582,-0.51645,0.50003,0.37508,-0.74479,0.23362,1.19018,-0.78754,-0.18930,
1403637168288319232,-4.96075,-4.82625,-0.54618,0.50405,0.37607,-0.73977,0.23927,1.17277,-0.81299,-0.35535,
1403637168388318976,-4.84329,-4.90766,-0.59062,0.51523,0.37627,-0.73056,0.24340,1.17712,-0.81923,-0.46573,
1403637168488318976,-4.72497,-4.98983,-0.64261,0.52595,0.37370,-0.72179,0.25049,1.19506,-0.81431,-0.52168,
1403637168588318976,-4.60399,-5.06970,-0.69775,0.52473,0.37140,-0.72207,0.25559,1.23206,-0.78768,-0.52054,
1403637168688318976,-4.47975,-5.14878,-0.74613,0.51923,0.37284,-0.72604,0.25350,1.23534,-0.78451,-0.44435,
1403637168788319232,-4.35544,-5.22885,-0.78464,0.51493,0.37373,-0.72948,0.25106,1.23564,-0.78906,-0.35983,
1403637168888318976,-4.23253,-5.31042,-0.81623,0.51494,0.37696,-0.72984,0.24511,1.23436,-0.80610,-0.32500,
1403637168988318976,-4.10793,-5.39327,-0.85071,0.51608,0.37941,-0.72983,0.23887,1.24512,-0.83113,-0.36209,
1403637169088318976,-3.98217,-5.47775,-0.88743,0.51953,0.38432,-0.72718,0.23152,1.25947,-0.87562,-0.35684,
1403637169188318976,-3.85170,-5.56595,-0.91876,0.52203,0.39063,-0.72154,0.23296,1.32066,-0.91884,-0.28353,
1403637169288319232,-3.71630,-5.65856,-0.94186,0.52179,0.40086,-0.71278,0.24289,1.37482,-0.96386,-0.18040,
1403637169388318976,-3.57426,-5.75350,-0.95445,0.51838,0.41436,-0.70204,0.25831,1.43923,-0.98336,-0.09492,
1403637169488318976,-3.42547,-5.85084,-0.96029,0.51311,0.43270,-0.68853,0.27462,1.50715,-0.98157,-0.02217,
1403637169588318976,-3.26954,-5.94668,-0.96068,0.50891,0.45524,-0.66992,0.29151,1.57474,-0.97629,0.03177,
1403637169688318976,-3.10635,-6.04032,-0.95617,0.50440,0.48004,-0.64792,0.30876,1.64719,-0.94374,0.04549,
1403637169788319232,-2.93664,-6.13017,-0.95386,-0.49349,-0.50313,0.62968,-0.32684,1.71307,-0.90168,-0.00451,
1403637169888318976,-2.76143,-6.21311,-0.95872,-0.48490,-0.52513,0.61077,-0.34069,1.76976,-0.84812,-0.07594,
1403637169988318976,-2.57955,-6.29491,-0.97091,-0.47895,-0.54454,0.59139,-0.35263,1.84783,-0.80895,-0.16123,
1403637170088318976,-2.38906,-6.37270,-0.98953,-0.47001,-0.56237,0.57519,-0.36330,1.94149,-0.75615,-0.20297,
1403637170188318976,-2.18945,-6.44560,-1.01364,0.46152,0.57756,-0.55807,0.37679,2.02628,-0.70283,-0.26412,
1403637170288319232,-1.98104,-6.51292,-1.04354,0.45377,0.59357,-0.53960,0.38807,2.11965,-0.63978,-0.31279,
1403637170388318976,-1.76255,-6.57333,-1.07671,0.43977,0.60447,-0.52325,0.40918,2.21546,-0.57275,-0.35205,
1403637170488318976,-1.53560,-6.62767,-1.11129,0.42029,0.60928,-0.50769,0.44088,2.26983,-0.48718,-0.36786,
1403637170588318976,-1.30692,-6.67022,-1.14950,0.40334,0.61279,-0.48760,0.47335,2.27710,-0.37077,-0.40743,
1403637170688318976,-1.08159,-6.69872,-1.19141,0.38806,0.61870,-0.46443,0.50092,2.22691,-0.21794,-0.44475,
1403637170788319232,-0.86209,-6.71140,-1.23575,0.37011,0.62991,-0.44109,0.52122,2.16362,-0.05468,-0.45586,
1403637170888318976,-0.65005,-6.70699,-1.27665,0.34715,0.64945,-0.42005,0.53033,2.07575,0.11718,-0.35930,
1403637170988318976,-0.44603,-6.68851,-1.31112,0.32338,0.67081,-0.39788,0.53585,1.97866,0.25580,-0.29701,
1403637171088318976,-0.24978,-6.65606,-1.33707,0.29725,0.68781,-0.37764,0.54402,1.90506,0.35792,-0.21089,
1403637171188318976,-0.06673,-6.61251,-1.35301,0.27774,0.70218,-0.35915,0.54847,1.79433,0.44358,-0.12138,
1403637171288319232,0.10154,-6.56070,-1.35655,0.26455,0.70763,-0.34429,0.55744,1.67108,0.50762,-0.00075,
1403637171388318976,0.26002,-6.50210,-1.35238,0.26315,0.71241,-0.32912,0.56117,1.55610,0.59457,0.07393,
1403637171488318976,0.40660,-6.43421,-1.34042,0.26701,0.71707,-0.31716,0.56029,1.44907,0.70756,0.13095,
1403637171588318976,0.54508,-6.35319,-1.32854,0.26909,0.72031,-0.31145,0.55833,1.36906,0.82243,0.14023,
1403637171688318976,0.67975,-6.26226,-1.31998,0.27453,0.72148,-0.30785,0.55617,1.31099,0.93716,0.08099,
1403637171788319232,0.81054,-6.16169,-1.31661,0.28028,0.72029,-0.30732,0.55514,1.25946,1.05816,0.01827,
1403637171888318976,0.93816,-6.04938,-1.31915,0.28712,0.71797,-0.30798,0.55428,1.20497,1.18890,-0.05395,
1403637171988318976,1.06176,-5.92454,-1.32432,0.29179,0.71526,-0.31057,0.55391,1.16484,1.32488,-0.10066,
1403637172088318976,1.18056,-5.78493,-1.33444,0.29577,0.71278,-0.31294,0.55366,1.13396,1.44940,-0.15174,
1403637172188318976,1.29569,-5.63288,-1.34711,0.28795,0.71132,-0.32279,0.55400,1.10219,1.56362,-0.16953,
1403637172288319232,1.40462,-5.47054,-1.35630,0.26729,0.71392,-0.34091,0.55014,1.03678,1.66466,-0.08975,
1403637172388318976,1.50167,-5.30269,-1.35568,0.24944,0.71443,-0.35694,0.54770,0.95695,1.69131,0.01622,
1403637172488318976,1.58957,-5.13203,-1.34781,0.23543,0.71329,-0.37004,0.54668,0.82762,1.70795,0.10357,
1403637172588318976,1.66722,-4.96122,-1.33134,0.22883,0.71100,-0.37813,0.54693,0.70666,1.69781,0.18012,
1403637172688318976,1.73447,-4.79484,-1.30662,0.22389,0.70974,-0.38475,0.54599,0.59957,1.64567,0.25627,
1403637172788319232,1.78767,-4.63580,-1.27615,0.22077,0.71086,-0.39236,0.54037,0.46864,1.59098,0.28742,
1403637172888318976,1.82750,-4.48243,-1.24519,0.21579,0.71688,-0.40757,0.52288,0.35662,1.50563,0.25899,
1403637172988318976,1.85883,-4.33967,-1.22498,0.21097,0.72434,-0.42457,0.50056,0.29839,1.39154,0.12044,
1403637173088318976,1.88653,-4.21119,-1.22002,0.20822,0.72748,-0.43934,0.48415,0.27687,1.21755,-0.01896,
1403637173188318976,1.90901,-4.10117,-1.22829,0.20988,0.72268,-0.45729,0.47389,0.23414,1.04176,-0.12774,
1403637173288319232,1.92784,-4.01040,-1.24298,0.22240,0.70953,-0.47428,0.47135,0.19027,0.82444,-0.12643,
1403637173388318976,1.94067,-3.93901,-1.25858,0.24037,0.69237,-0.48972,0.47226,0.13045,0.63618,-0.12991,
1403637173488318976,1.94653,-3.88344,-1.27631,0.25667,0.67534,-0.50586,0.47132,0.04887,0.50025,-0.18072,
1403637173588318976,1.94395,-3.83485,-1.29833,0.26784,0.65857,-0.52360,0.46945,-0.03203,0.37538,-0.23053,
1403637173688318976,1.93452,-3.80135,-1.32709,0.27066,0.64123,-0.54529,0.46715,-0.13092,0.26692,-0.30456,
1403637173788319232,1.91250,-3.78109,-1.36255,0.27065,0.62754,-0.56706,0.45977,-0.24793,0.13226,-0.36496,
1403637173888318976,1.87940,-3.77519,-1.40071,0.26796,0.61933,-0.58844,0.44537,-0.38524,-0.05294,-0.34879,
1403637173988318976,1.83081,-3.78835,-1.43180,0.28097,0.62127,-0.59414,0.42671,-0.54477,-0.24643,-0.18536,
1403637174088318976,1.76899,-3.82222,-1.44431,0.31483,0.62108,-0.58158,0.42061,-0.62851,-0.43314,0.00090,
1403637174188318976,1.70187,-3.87035,-1.43911,0.34817,0.61090,-0.56456,0.43226,-0.65336,-0.53391,0.13739,
1403637174288319232,1.63303,-3.92243,-1.42458,0.36615,0.59761,-0.55423,0.44903,-0.68934,-0.53223,0.17832,
1403637174388318976,1.56010,-3.96976,-1.40769,0.36563,0.59079,-0.55437,0.45822,-0.73398,-0.48909,0.22373,
1403637174488318976,1.48168,-4.01486,-1.38361,0.35628,0.57873,-0.56194,0.47155,-0.81172,-0.44053,0.27266,
1403637174588318976,1.39422,-4.05660,-1.35243,-0.35543,-0.56909,0.56987,-0.47439,-0.94080,-0.41273,0.31669,
1403637174688318976,1.29328,-4.09488,-1.31908,-0.37209,-0.56134,0.57424,-0.46551,-1.05588,-0.36538,0.30218,
1403637174788319232,1.18367,-4.12933,-1.29069,-0.39603,-0.54998,0.57964,-0.45243,-1.12435,-0.31252,0.24094,
1403637174888318976,1.06848,-4.15726,-1.27140,-0.40651,-0.53816,0.59685,-0.43464,-1.15822,-0.24525,0.14023,
1403637174988318976,0.94925,-4.18056,-1.25809,-0.41200,-0.52424,0.61767,-0.41703,-1.19493,-0.20052,0.10987,
1403637175088318976,0.82636,-4.20065,-1.24802,-0.42134,-0.50939,0.63048,-0.40680,-1.21644,-0.18101,0.08843,
1403637175188318976,0.70026,-4.21891,-1.24062,-0.43350,-0.49161,0.63574,-0.40772,-1.25063,-0.13646,0.05367,
1403637175288319232,0.57233,-4.23061,-1.23542,-0.44716,-0.47418,0.63588,-0.41335,-1.28956,-0.05951,0.01896,
1403637175388318976,0.44304,-4.23167,-1.23426,-0.45978,-0.46351,0.63350,-0.41526,-1.30428,0.04733,-0.02831,
1403637175488318976,0.31071,-4.22150,-1.23875,-0.45667,-0.45910,0.63881,-0.41546,-1.33631,0.16638,-0.08793,
1403637175588318976,0.17688,-4.19692,-1.24768,-0.44468,-0.45954,0.64822,-0.41339,-1.37851,0.27815,-0.12023,
1403637175688318976,0.03645,-4.16269,-1.25613,-0.43314,-0.46456,0.65622,-0.40738,-1.44700,0.36659,-0.06033,
1403637175788319232,-0.11243,-4.12113,-1.25607,-0.42806,-0.46879,0.65880,-0.40372,-1.52992,0.43191,0.04703,
1403637175888318976,-0.26934,-4.07511,-1.24746,-0.43364,-0.47578,0.65453,-0.39647,-1.61376,0.48434,0.14002,
1403637175988318976,-0.43195,-4.02390,-1.22838,-0.44456,-0.48055,0.64591,-0.39273,-1.64551,0.54102,0.24269,
1403637176088318976,-0.59758,-3.96617,-1.19958,-0.45214,-0.47832,0.63828,-0.39922,-1.66912,0.59325,0.30936,
1403637176188318976,-0.76578,-3.90176,-1.17146,-0.45979,-0.47867,0.63016,-0.40294,-1.67024,0.66586,0.25713,
1403637176288319232,-0.93369,-3.83060,-1.15008,-0.46494,-0.47745,0.62698,-0.40344,-1.67946,0.75996,0.17303,
1403637176388318976,-1.10035,-3.74935,-1.13582,-0.46692,-0.47593,0.62794,-0.40145,-1.66974,0.85802,0.11548,
1403637176488318976,-1.26556,-3.65901,-1.12789,-0.46652,-0.47700,0.63284,-0.39287,-1.66064,0.93532,0.07380,
1403637176588318976,-1.42989,-3.56163,-1.12350,-0.46594,-0.47282,0.64181,-0.38395,-1.65573,0.98962,0.04409,
1403637176688318976,-1.59682,-3.46089,-1.12433,-0.46333,-0.46736,0.65310,-0.37465,-1.64878,1.03044,-0.01593,
1403637176788319232,-1.75891,-3.35643,-1.12885,-0.46050,-0.46298,0.66261,-0.36679,-1.63038,1.06058,-0.05199,
1403637176888318976,-1.92123,-3.25006,-1.13634,-0.45670,-0.46119,0.67104,-0.35838,-1.63142,1.06985,-0.08311,
1403637176988318976,-2.08170,-3.14267,-1.14654,-0.45139,-0.46326,0.67848,-0.34828,-1.62114,1.06935,-0.14265,
1403637177088318976,-2.24366,-3.03619,-1.16175,-0.43856,-0.46871,0.68948,-0.33555,-1.63669,1.02945,-0.18809,
1403637177188318976,-2.40808,-2.93470,-1.18232,-0.42370,-0.47353,0.70080,-0.32423,-1.65123,0.96577,-0.23380,
1403637177288319232,-2.57425,-2.84272,-1.20508,-0.41495,-0.47642,0.70728,-0.31717,-1.68685,0.85906,-0.27067,
1403637177388318976,-2.74297,-2.76313,-1.23150,-0.41115,-0.47906,0.71017,-0.31162,-1.72996,0.72344,-0.29311,
1403637177488318976,-2.91535,-2.69767,-1.26194,-0.41547,-0.48593,0.70805,-0.29988,-1.76763,0.58757,-0.32985,
1403637177588318976,-3.09034,-2.64699,-1.29213,-0.42540,-0.49078,0.70416,-0.28691,-1.77681,0.43656,-0.27520,
1403637177688318976,-3.26161,-2.61675,-1.31394,-0.43995,-0.49439,0.69625,-0.27796,-1.73926,0.23829,-0.15175,
1403637177788319232,-3.42888,-2.60213,-1.32499,-0.45432,-0.49296,0.68937,-0.27449,-1.66818,0.08261,-0.09649,
1403637177888318976,-3.58849,-2.60063,-1.33558,-0.45804,-0.48117,0.69506,-0.27491,-1.61068,-0.02147,-0.12372,
1403637177988318976,-3.74327,-2.60945,-1.35128,-0.46564,-0.46879,0.70208,-0.26550,-1.55915,-0.10983,-0.17986,
1403637178088318976,-3.89034,-2.62787,-1.37114,-0.48345,-0.46176,0.70303,-0.24251,-1.46632,-0.19510,-0.22252,
1403637178188318976,-4.02627,-2.65804,-1.39418,-0.49559,-0.45241,0.70703,-0.22323,-1.33959,-0.32359,-0.20867,
1403637178288319232,-4.14819,-2.70313,-1.41046,0.51066,0.44531,-0.70489,0.20990,-1.17843,-0.47396,-0.13341,
1403637178388318976,-4.25615,-2.76564,-1.42020,0.52561,0.44192,-0.69941,0.19817,-1.02028,-0.65496,-0.05566,
1403637178488318976,-4.34399,-2.84214,-1.42160,0.53340,0.43881,-0.69739,0.19125,-0.80929,-0.78442,0.00809,
1403637178588318976,-4.41241,-2.93207,-1.41691,0.53479,0.43382,-0.69927,0.19189,-0.60868,-0.91614,0.02993,
1403637178688318976,-4.46652,-3.03442,-1.41338,0.53267,0.42295,-0.70314,0.20727,-0.44043,-1.02805,0.00688,
1403637178788319232,-4.50855,-3.14473,-1.41086,0.53442,0.40949,-0.70336,0.22803,-0.31707,-1.10359,-0.03575,
1403637178888318976,-4.53813,-3.26006,-1.41511,0.53462,0.39753,-0.70380,0.24662,-0.21856,-1.12996,-0.08696,
1403637178988318976,-4.55831,-3.37476,-1.42443,0.53385,0.38889,-0.70408,0.26083,-0.13847,-1.11786,-0.12549,
1403637179088318976,-4.56934,-3.48448,-1.43993,0.53244,0.38551,-0.70438,0.26786,-0.05481,-1.05536,-0.20037,
1403637179188318976,-4.57324,-3.58882,-1.46139,0.52588,0.38796,-0.70830,0.26691,0.01082,-1.02485,-0.21530,
1403637179288319232,-4.57026,-3.69138,-1.47625,0.52125,0.39386,-0.71026,0.26213,0.07679,-0.99891,-0.05543,
1403637179388318976,-4.55905,-3.79038,-1.47286,0.52017,0.39809,-0.71018,0.25805,0.15359,-0.98187,0.15129,
1403637179488318976,-4.54347,-3.89310,-1.45537,0.51834,0.39997,-0.71061,0.25764,0.21719,-0.98284,0.19751,
1403637179588318976,-4.52011,-3.99588,-1.43925,0.51922,0.39979,-0.70990,0.25811,0.26569,-0.98140,0.11982,
1403637179688318976,-4.49229,-4.09964,-1.43515,0.52092,0.39906,-0.70892,0.25851,0.31074,-0.98740,-0.06421,
1403637179788319232,-4.45957,-4.20183,-1.45515,0.52607,0.40250,-0.70591,0.25088,0.35059,-0.97735,-0.35920,
1403637179888318976,-4.42100,-4.30585,-1.50084,0.53721,0.40928,-0.69803,0.23804,0.43596,-0.98676,-0.55598,
1403637179988318976,-4.37049,-4.41003,-1.55825,0.54349,0.41162,-0.69340,0.23318,0.57220,-1.00378,-0.64109,
1403637180088318976,-4.30626,-4.52061,-1.61867,0.53699,0.40672,-0.69882,0.24056,0.70089,-1.03442,-0.61184,
1403637180188318976,-4.23050,-4.62967,-1.67332,0.52761,0.39962,-0.70571,0.25279,0.81703,-1.01434,-0.54844,
1403637180288319232,-4.14592,-4.73899,-1.71675,0.51977,0.39477,-0.71101,0.26166,0.86868,-1.02615,-0.40490,
1403637180388318976,-4.05822,-4.84377,-1.75159,0.51039,0.39336,-0.71723,0.26525,0.89895,-1.02109,-0.34946,
1403637180488318976,-3.96748,-4.94858,-1.78190,-0.49449,-0.39668,0.72838,-0.25996,0.91078,-1.01876,-0.27804,
1403637180588318976,-3.87735,-5.05553,-1.80191,-0.48655,-0.39968,0.73420,-0.25391,0.86487,-1.09468,-0.12845,
1403637180688318976,-3.79004,-5.16777,-1.80889,0.50096,0.40347,-0.72453,0.24763,0.86876,-1.15495,-0.04369,
1403637180788319232,-3.70095,-5.28216,-1.80773,0.51203,0.40114,-0.71788,0.24810,0.89625,-1.17867,0.05174,
1403637180888318976,-3.60782,-5.40013,-1.80057,0.52298,0.40326,-0.71150,0.24007,0.93710,-1.21659,0.11192,
1403637180988318976,-3.50741,-5.51993,-1.78771,0.53089,0.40595,-0.70750,0.22978,1.03058,-1.22542,0.16961,
1403637181088318976,-3.39766,-5.64298,-1.76647,0.53502,0.40632,-0.70647,0.22264,1.14968,-1.26342,0.23355,
1403637181188318976,-3.27666,-5.76762,-1.73705,0.53087,0.39620,-0.71197,0.23302,1.25371,-1.28410,0.30504,
1403637181288319232,-3.14802,-5.89312,-1.70048,0.52891,0.38354,-0.71544,0.24760,1.30921,-1.28670,0.39590,
1403637181388318976,-3.01563,-6.01680,-1.65618,0.53443,0.37717,-0.71278,0.25313,1.35551,-1.24656,0.46537,
1403637181488318976,-2.87512,-6.13839,-1.60675,0.53720,0.37694,-0.71190,0.25007,1.41732,-1.20429,0.52339,
1403637181588318976,-2.72969,-6.25529,-1.55123,0.53344,0.37699,-0.71618,0.24578,1.48239,-1.17644,0.59211,
1403637181688318976,-2.57708,-6.37058,-1.48984,0.53028,0.37544,-0.72029,0.24298,1.54545,-1.14851,0.63904,
1403637181788319232,-2.42130,-6.48663,-1.42691,0.52802,0.36938,-0.72367,0.24710,1.56161,-1.14727,0.60939,
1403637181888318976,-2.26589,-6.60048,-1.36988,0.52817,0.36429,-0.72456,0.25169,1.57283,-1.12375,0.54655,
1403637181988318976,-2.10998,-6.71263,-1.31926,0.52793,0.36244,-0.72510,0.25329,1.57526,-1.10300,0.48597,
1403637182088318976,-1.95280,-6.82201,-1.27249,0.53269,0.36070,-0.72130,0.25662,1.59151,-1.07940,0.47293,
1403637182188318976,-1.79376,-6.92781,-1.22859,0.53473,0.35634,-0.71870,0.26564,1.60845,-1.02556,0.41833,
1403637182288319232,-1.63356,-7.02653,-1.19026,0.53520,0.35073,-0.71638,0.27813,1.61963,-0.95293,0.37272,
1403637182388318976,-1.47414,-7.11634,-1.15638,0.53706,0.34730,-0.71303,0.28729,1.62395,-0.85746,0.34661,
1403637182488318976,-1.31555,-7.19437,-1.12327,0.54420,0.34655,-0.70584,0.29247,1.61548,-0.72872,0.37080,
1403637182588318976,-1.15651,-7.25969,-1.08478,0.55060,0.35121,-0.69998,0.28900,1.63761,-0.61215,0.44771,
1403637182688318976,-0.99106,-7.31241,-1.03956,0.55058,0.35368,-0.69933,0.28760,1.69396,-0.47728,0.49586,
1403637182788319232,-0.82139,-7.35129,-0.99343,0.54791,0.35127,-0.70079,0.29206,1.73232,-0.35479,0.44595,
1403637182888318976,-0.64839,-7.37874,-0.95197,0.54468,0.34682,-0.70330,0.29734,1.75250,-0.22724,0.36913,
1403637182988318976,-0.47446,-7.39427,-0.91864,0.54163,0.34042,-0.70556,0.30485,1.76357,-0.10894,0.25926,
1403637183088318976,-0.30149,-7.39815,-0.89995,0.53770,0.33321,-0.70822,0.31349,1.74679,0.01187,0.08418,
1403637183188318976,-0.12869,-7.38933,-0.89826,0.53359,0.32855,-0.71073,0.31970,1.72754,0.16195,-0.07742,
1403637183288319232,0.04062,-7.36620,-0.90763,0.52992,0.32600,-0.71309,0.32312,1.68227,0.31155,-0.13882,
1403637183388318976,0.20420,-7.32714,-0.92416,0.52602,0.32343,-0.71567,0.32635,1.62944,0.45032,-0.17193,
1403637183488318976,0.35892,-7.27312,-0.94515,0.52622,0.32231,-0.71571,0.32706,1.56999,0.59876,-0.20862,
1403637183588318976,0.50708,-7.20370,-0.96978,0.52338,0.32022,-0.71740,0.32995,1.50221,0.75602,-0.25504,
1403637183688318976,0.65034,-7.11996,-0.99711,0.52190,0.31715,-0.71832,0.33325,1.42825,0.90978,-0.28873,
1403637183788319232,0.78591,-7.01938,-1.02733,0.51249,0.31446,-0.72432,0.33738,1.34382,1.06727,-0.29045,
1403637183888318976,0.91001,-6.90452,-1.05062,0.50114,0.31204,-0.73171,0.34072,1.19257,1.18133,-0.20450,
1403637183988318976,1.01740,-6.77400,-1.06621,-0.49133,-0.30946,0.73805,-0.34368,1.04657,1.33888,-0.12361,
1403637184088318976,1.10958,-6.62636,-1.07059,-0.48517,-0.30773,0.74226,-0.34492,0.89330,1.52005,-0.01728,
1403637184188318976,1.18680,-6.46409,-1.06533,-0.48479,-0.31093,0.74359,-0.33967,0.69729,1.64492,0.09428,
1403637184288319232,1.24963,-6.28946,-1.06026,-0.49196,-0.32151,0.74099,-0.32486,0.58245,1.73978,-0.00458,
1403637184388318976,1.30312,-6.10831,-1.07109,-0.49718,-0.33631,0.73951,-0.30469,0.49608,1.78533,-0.14445,
1403637184488318976,1.35405,-5.92236,-1.09409,-0.49522,-0.34798,0.74150,-0.28957,0.45017,1.81352,-0.22967,
1403637184588318976,1.39812,-5.73675,-1.12344,-0.48770,-0.35643,0.74652,-0.27896,0.39885,1.80910,-0.27418,
1403637184688318976,1.43389,-5.55372,-1.15388,-0.47975,-0.36223,0.75140,-0.27207,0.34415,1.79230,-0.28146,
1403637184788319232,1.46299,-5.37472,-1.18208,-0.47205,-0.36578,0.75603,-0.26794,0.24622,1.72499,-0.22752,
1403637184888318976,1.48361,-5.20231,-1.20246,-0.46787,-0.36807,0.75847,-0.26524,0.16673,1.66527,-0.10765,
1403637184988318976,1.49372,-5.03662,-1.21327,-0.46488,-0.37012,0.75994,-0.26342,0.05816,1.57110,-0.02222,
1403637185088318976,1.49612,-4.87862,-1.21594,-0.46286,-0.37289,0.76104,-0.25986,-0.04391,1.48607,0.05746,
1403637185188318976,1.48962,-4.72637,-1.21004,-0.46170,-0.37273,0.76202,-0.25928,-0.13219,1.41147,0.15351,
1403637185288319232,1.47294,-4.58174,-1.19901,-0.45882,-0.37504,0.76384,-0.25570,-0.24007,1.29062,0.21146,
1403637185388318976,1.44452,-4.44550,-1.17913,-0.45630,-0.38108,0.76519,-0.24709,-0.30849,1.22658,0.30375,
1403637185488318976,1.40941,-4.32181,-1.14976,-0.45494,-0.38576,0.76602,-0.23966,-0.38107,1.11636,0.37815,
1403637185588318976,1.36589,-4.21658,-1.11174,-0.45999,-0.38474,0.76350,-0.23970,-0.44103,0.99852,0.43575,
1403637185688318976,1.31487,-4.13042,-1.06752,-0.47406,-0.37896,0.75534,-0.24724,-0.52195,0.87563,0.43848,
1403637185788319232,1.25872,-4.05585,-1.02750,-0.48785,-0.37598,0.74680,-0.25085,-0.56477,0.79894,0.36060,
1403637185888318976,1.19988,-3.98768,-0.99680,-0.49631,-0.37642,0.74133,-0.24984,-0.58304,0.71809,0.29664,
1403637185988318976,1.14096,-3.92407,-0.97326,0.50218,0.37447,-0.73756,0.25216,-0.57385,0.66171,0.23986,
1403637186088318976,1.08289,-3.86325,-0.95347,0.50765,0.37210,-0.73380,0.25567,-0.55880,0.63300,0.23447,
1403637186188318976,1.02560,-3.80416,-0.92826,0.50913,0.37108,-0.73265,0.25749,-0.54405,0.60978,0.29499,
1403637186288319232,0.96840,-3.74877,-0.89559,0.50860,0.37221,-0.73287,0.25630,-0.56797,0.52747,0.38004,
1403637186388318976,0.91429,-3.69565,-0.85164,0.51159,0.37009,-0.73098,0.25880,-0.53607,0.51030,0.47473,
1403637186488318976,0.86024,-3.64502,-0.80101,0.51093,0.36598,-0.73160,0.26414,-0.51822,0.49661,0.53801,
1403637186588318976,0.80930,-3.59501,-0.74747,0.51057,0.36146,-0.73214,0.26951,-0.50325,0.50361,0.52619,
1403637186688318976,0.75937,-3.54304,-0.69838,0.50867,0.35931,-0.73404,0.27082,-0.49775,0.52415,0.44710,
1403637186788319232,0.71044,-3.48975,-0.65774,0.50049,0.35585,-0.74010,0.27411,-0.49599,0.53957,0.35190,
1403637186888318976,0.65919,-3.43575,-0.62589,-0.49000,-0.34861,0.74718,-0.28300,-0.53259,0.55290,0.27222,
1403637186988318976,0.60221,-3.37784,-0.60144,-0.48250,-0.34063,0.75179,-0.29321,-0.59622,0.58193,0.20462,
1403637187088318976,0.53757,-3.31980,-0.58288,-0.48320,-0.33563,0.75110,-0.29953,-0.68297,0.60876,0.15014,
1403637187188318976,0.46474,-3.25626,-0.57131,-0.48910,-0.33660,0.74810,-0.29635,-0.76214,0.66105,0.07852,
1403637187288319232,0.38535,-3.18882,-0.56734,-0.48903,-0.34031,0.75209,-0.28179,-0.83270,0.69101,0.01171,
1403637187388318976,0.30019,-3.12077,-0.56743,-0.48692,-0.34624,0.75722,-0.26390,-0.88343,0.67515,-0.00836,
1403637187488318976,0.21172,-3.05489,-0.56940,-0.48542,-0.34928,0.76111,-0.25117,-0.91811,0.64017,-0.03540,
1403637187588318976,0.11951,-2.99302,-0.57466,-0.48333,-0.34937,0.76456,-0.24449,-0.96511,0.58830,-0.05937,
1403637187688318976,0.02206,-2.93578,-0.58243,-0.48136,-0.34636,0.76740,-0.24378,-1.00595,0.54291,-0.08812,
1403637187788319232,-0.08128,-2.88261,-0.59140,-0.47941,-0.34448,0.76975,-0.24285,-1.06434,0.48960,-0.10965,
1403637187888318976,-0.18980,-2.83656,-0.60356,-0.47673,-0.34440,0.77210,-0.24077,-1.12965,0.43173,-0.12817,
1403637187988318976,-0.30447,-2.79761,-0.61806,-0.47957,-0.34631,0.77065,-0.23702,-1.18146,0.35381,-0.13868,
1403637188088318976,-0.42466,-2.76633,-0.63461,-0.48500,-0.34850,0.76734,-0.23348,-1.22618,0.29260,-0.16220,
1403637188188318976,-0.54725,-2.74048,-0.65309,-0.49440,-0.35124,0.76125,-0.22955,-1.26211,0.22741,-0.17544,
1403637188288319232,-0.67149,-2.72122,-0.67376,0.50846,0.35383,-0.75192,0.22558,-1.23913,0.16043,-0.22667,
1403637188388318976,-0.79481,-2.70765,-0.69780,0.51576,0.35072,-0.74732,0.22913,-1.21109,0.12339,-0.26270,
1403637188488318976,-0.91509,-2.69698,-0.72366,0.52149,0.34569,-0.74404,0.23443,-1.18065,0.10536,-0.29324,
1403637188588318976,-1.03298,-2.68789,-0.75213,0.52452,0.33539,-0.74525,0.23873,-1.15328,0.08873,-0.33348,
1403637188688318976,-1.14759,-2.67830,-0.78513,0.52592,0.31966,-0.74996,0.24245,-1.12720,0.11110,-0.37971,
1403637188788319232,-1.26170,-2.66635,-0.82214,0.52523,0.29802,-0.75782,0.24703,-1.13090,0.13704,-0.41221,
1403637188888318976,-1.37797,-2.64974,-0.86033,0.52452,0.28009,-0.76574,0.24509,-1.14831,0.18755,-0.39794,
1403637188988318976,-1.49510,-2.62767,-0.89399,0.52393,0.27197,-0.77188,0.23607,-1.15070,0.25928,-0.32101,
1403637189088318976,-1.61174,-2.60080,-0.91984,0.52257,0.27345,-0.77712,0.21962,-1.15676,0.28310,-0.24637,
1403637189188318976,-1.73063,-2.57462,-0.94230,0.51459,0.27512,-0.78516,0.20743,-1.18827,0.26842,-0.24680,
1403637189288319232,-1.85136,-2.54969,-0.97096,0.50812,0.27163,-0.79095,0.20597,-1.22270,0.24340,-0.35545,
1403637189388318976,-1.97621,-2.52498,-1.01100,0.51297,0.26538,-0.78816,0.21271,-1.26483,0.23571,-0.41467,
1403637189488318976,-2.10316,-2.50084,-1.05073,0.52446,0.26294,-0.78016,0.21714,-1.29418,0.24391,-0.35204,
1403637189588318976,-2.23450,-2.47530,-1.08474,0.53242,0.26663,-0.77410,0.21495,-1.32502,0.24905,-0.25889,
1403637189688318976,-2.36680,-2.44749,-1.10871,0.53772,0.27118,-0.76982,0.21143,-1.30082,0.27980,-0.15363,
1403637189788319232,-2.49491,-2.41732,-1.12485,0.53540,0.27497,-0.77065,0.20937,-1.25509,0.31399,-0.09961,
1403637189888318976,-2.61979,-2.38507,-1.13127,0.53506,0.27792,-0.77049,0.20695,-1.23736,0.31303,0.04038,
1403637189988318976,-2.74316,-2.35235,-1.12614,0.53765,0.27818,-0.76857,0.20697,-1.18522,0.34695,0.09611,
1403637190088318976,-2.86499,-2.31916,-1.11914,0.54199,0.27749,-0.76595,0.20634,-1.16302,0.34501,0.15188,
1403637190188318976,-2.98194,-2.28634,-1.10614,0.54439,0.27642,-0.76465,0.20627,-1.15801,0.32382,0.18498,
1403637190288319232,-3.09962,-2.25570,-1.08904,0.54578,0.27416,-0.76412,0.20758,-1.12179,0.33741,0.21812,
1403637190388318976,-3.21187,-2.22410,-1.06459,0.54555,0.27223,-0.76485,0.20800,-1.08090,0.33951,0.28992,
1403637190488318976,-3.31883,-2.19199,-1.03530,0.54655,0.26977,-0.76456,0.20967,-1.05707,0.35372,0.27950,
1403637190588318976,-3.42232,-2.15771,-1.00950,0.54824,0.27148,-0.76390,0.20538,-1.01999,0.35812,0.21989,
1403637190688318976,-3.52012,-2.12348,-0.99010,0.54993,0.28092,-0.76055,0.20055,-0.95381,0.34795,0.15296,
1403637190788319232,-3.61187,-2.08987,-0.97528,0.54623,0.28919,-0.75800,0.20840,-0.89640,0.34232,0.09836,
1403637190888318976,-3.69975,-2.05574,-0.96589,0.54192,0.29495,-0.75567,0.21975,-0.85635,0.34539,0.04850,
1403637190988318976,-3.78288,-2.02048,-0.95837,0.53936,0.29902,-0.75312,0.22910,-0.82352,0.36081,-0.00572,
1403637191088318976,-3.86401,-1.98298,-0.95885,0.53840,0.30289,-0.75036,0.23525,-0.79560,0.39252,-0.05295,
1403637191188318976,-3.94080,-1.94123,-0.96095,0.53831,0.30638,-0.74820,0.23782,-0.76726,0.41529,-0.10198,
1403637191288319232,-4.01658,-1.89900,-0.97208,0.53852,0.30921,-0.74698,0.23751,-0.74261,0.41893,-0.14603,
1403637191388318976,-4.09026,-1.85418,-0.98560,0.54049,0.31129,-0.74506,0.23633,-0.70854,0.44840,-0.16140,
1403637191488318976,-4.15729,-1.80559,-0.99299,0.54189,0.31227,-0.74416,0.23467,-0.65218,0.47537,-0.08940,
1403637191588318976,-4.21857,-1.75837,-0.99738,0.54390,0.31533,-0.74346,0.22804,-0.61682,0.47486,0.01781,
1403637191688318976,-4.27330,-1.70948,-0.99079,0.53702,0.31826,-0.74959,0.22008,-0.55936,0.46493,0.08631,
1403637191788319232,-4.32478,-1.66164,-0.97751,0.52991,0.32000,-0.75555,0.21433,-0.51241,0.44191,0.15222,
1403637191888318976,-4.37480,-1.61801,-0.95872,0.53128,0.32605,-0.75513,0.20302,-0.48040,0.39245,0.23328,
1403637191988318976,-4.42145,-1.57979,-0.93339,0.53462,0.33179,-0.75306,0.19236,-0.43154,0.30870,0.31112,
1403637192088318976,-4.46081,-1.54847,-0.90236,0.52783,0.33164,-0.75871,0.18912,-0.36211,0.24878,0.35397,
1403637192188318976,-4.49618,-1.52496,-0.86432,0.52104,0.33221,-0.76391,0.18598,-0.32586,0.17040,0.40674,
1403637192288319232,-4.52701,-1.51493,-0.81826,0.52088,0.33588,-0.76412,0.17886,-0.30370,0.05753,0.48448,
1403637192388318976,-4.55558,-1.51381,-0.77108,0.52573,0.33899,-0.76059,0.17378,-0.26999,-0.05687,0.44678,
1403637192488318976,-4.58013,-1.52428,-0.73082,0.52022,0.33364,-0.76529,0.17997,-0.21988,-0.15460,0.36540,
1403637192588318976,-4.60092,-1.54256,-0.69752,0.51060,0.32590,-0.77272,0.18968,-0.20592,-0.23112,0.30459,
1403637192688318976,-4.62261,-1.56971,-0.66988,0.50364,0.32178,-0.77769,0.19495,-0.23188,-0.31240,0.24986,
1403637192788319232,-4.64683,-1.60291,-0.64869,0.50296,0.32023,-0.77817,0.19733,-0.25943,-0.37519,0.20840,
1403637192888318976,-4.67446,-1.64504,-0.62719,0.50842,0.32003,-0.77421,0.19922,-0.29585,-0.46102,0.25575,
1403637192988318976,-4.70354,-1.69246,-0.60104,0.51396,0.31916,-0.77001,0.20265,-0.30345,-0.50135,0.31375,
1403637193088318976,-4.73309,-1.74479,-0.56693,0.51169,0.31472,-0.77148,0.20961,-0.30614,-0.53978,0.37440,
1403637193188318976,-4.76495,-1.80010,-0.52817,-0.49657,-0.30347,0.78153,-0.22477,-0.34548,-0.56133,0.42952,
1403637193288319232,-4.80375,-1.85529,-0.49090,-0.48782,-0.29744,0.78708,-0.23252,-0.44176,-0.55792,0.33379,
1403637193388318976,-4.85254,-1.91141,-0.46682,-0.49732,-0.30409,0.78125,-0.22329,-0.52700,-0.57439,0.18936,
1403637193488318976,-4.90779,-1.97020,-0.45299,0.50889,0.31078,-0.77363,0.21434,-0.57372,-0.60398,0.15167,
1403637193588318976,-4.96458,-2.03109,-0.43926,0.51522,0.31731,-0.76886,0.20665,-0.58513,-0.63372,0.18969,
1403637193688318976,-5.02349,-2.09695,-0.41940,0.51766,0.32092,-0.76688,0.20232,-0.61453,-0.70435,0.24300,
1403637193788319232,-5.08197,-2.16858,-0.39231,0.51934,0.32365,-0.76545,0.19907,-0.58973,-0.73891,0.29004,
1403637193888318976,-5.13866,-2.24374,-0.35914,0.51965,0.32474,-0.76510,0.19784,-0.56637,-0.79230,0.31585,
1403637193988318976,-5.19206,-2.32244,-0.33052,0.52467,0.32278,-0.76171,0.20083,-0.54459,-0.82119,0.20587,
1403637194088318976,-5.24461,-2.40543,-0.31677,0.53019,0.32009,-0.75808,0.20433,-0.50913,-0.82819,0.04131,
1403637194188318976,-5.29079,-2.48857,-0.31553,0.53203,0.31897,-0.75710,0.20495,-0.48477,-0.86472,-0.05173,
1403637194288319232,-5.33510,-2.57386,-0.31871,0.52891,0.31786,-0.75954,0.20570,-0.44384,-0.87191,-0.02109,
1403637194388318976,-5.37984,-2.66219,-0.31871,0.52581,0.31834,-0.76181,0.20451,-0.41425,-0.89281,0.04053,
1403637194488318976,-5.42050,-2.75454,-0.31096,0.52444,0.31796,-0.76297,0.20429,-0.42564,-0.95887,0.12121,
1403637194588318976,-5.46049,-2.85057,-0.29546,0.52304,0.31771,-0.76411,0.20400,-0.40413,-0.97880,0.19299,
1403637194688318976,-5.49795,-2.95026,-0.27182,0.52012,0.31835,-0.76651,0.20148,-0.38861,-1.00860,0.24803,
1403637194788319232,-5.53669,-3.05258,-0.24705,0.51526,0.31839,-0.77028,0.19953,-0.38721,-1.04333,0.22563,
1403637194888318976,-5.57451,-3.15780,-0.22822,0.51256,0.31770,-0.77258,0.19865,-0.38502,-1.08280,0.15972,
1403637194988318976,-5.61340,-3.26893,-0.21239,0.51734,0.31383,-0.76983,0.20305,-0.39637,-1.11367,0.12826,
1403637195088318976,-5.65258,-3.38222,-0.20257,0.52621,0.31136,-0.76402,0.20598,-0.38281,-1.13295,0.06200,
1403637195188318976,-5.68921,-3.49551,-0.19920,0.53402,0.30908,-0.75878,0.20869,-0.36546,-1.13868,0.00731,
1403637195288319232,-5.72431,-3.60766,-0.20226,0.53915,0.30780,-0.75519,0.21038,-0.32833,-1.12907,-0.04845,
1403637195388318976,-5.75539,-3.72109,-0.20956,0.54182,0.30764,-0.75308,0.21132,-0.29425,-1.11570,-0.06504,
1403637195488318976,-5.78196,-3.83241,-0.21473,0.54037,0.31037,-0.75164,0.21611,-0.25610,-1.12131,0.00063,
1403637195588318976,-5.80508,-3.94320,-0.21182,0.53672,0.31691,-0.75023,0.22056,-0.21302,-1.10073,0.08911,
1403637195688318976,-5.82443,-4.05002,-0.20098,0.53571,0.32208,-0.74735,0.22527,-0.18445,-1.08296,0.16077,
1403637195788319232,-5.84005,-4.15848,-0.18536,0.53551,0.32753,-0.74491,0.22596,-0.13631,-1.04834,0.20172,
1403637195888318976,-5.85332,-4.26463,-0.16610,0.53983,0.33633,-0.73985,0.21930,-0.10447,-1.05291,0.21522,
1403637195988318976,-5.86153,-4.37131,-0.14913,0.54439,0.34544,-0.73502,0.20987,-0.03401,-1.05049,0.15282,
1403637196088318976,-5.86043,-4.47739,-0.13687,0.55373,0.35301,-0.72690,0.20093,0.05415,-1.07259,0.10107,
1403637196188318976,-5.84997,-4.58411,-0.13021,0.56836,0.35779,-0.71483,0.19484,0.17245,-1.09755,0.06486,
1403637196288319232,-5.82611,-4.69811,-0.12847,0.58189,0.35873,-0.70389,0.19302,0.33074,-1.11814,-0.00445,
1403637196388318976,-5.78469,-4.81158,-0.13301,0.59199,0.35933,-0.69595,0.18997,0.51501,-1.12389,-0.05676,
1403637196488318976,-5.72358,-4.92331,-0.14172,0.59478,0.35766,-0.69430,0.19045,0.71073,-1.12296,-0.11397,
1403637196588318976,-5.64229,-5.03902,-0.15449,0.59350,0.35397,-0.69630,0.19396,0.89360,-1.13865,-0.16133,
1403637196688318976,-5.54299,-5.15228,-0.17190,0.58918,0.34963,-0.70102,0.19801,1.07935,-1.11818,-0.20549,
1403637196788319232,-5.42719,-5.26372,-0.19483,0.58498,0.34435,-0.70540,0.20405,1.22911,-1.09768,-0.26866,
1403637196888318976,-5.29580,-5.37279,-0.22195,0.58696,0.34322,-0.70463,0.20293,1.38389,-1.06364,-0.29362,
1403637196988318976,-5.14987,-5.47939,-0.25127,0.58498,0.33693,-0.70676,0.21158,1.53500,-1.04798,-0.31722,
1403637197088318976,-4.98868,-5.58576,-0.27781,0.57568,0.33477,-0.71140,0.22456,1.65782,-1.02774,-0.26440,
1403637197188318976,-4.81607,-5.68837,-0.29951,0.56392,0.34092,-0.71359,0.23782,1.77754,-0.97155,-0.20440,
1403637197288319232,-4.63472,-5.78497,-0.31250,0.54973,0.35557,-0.71253,0.25232,1.85182,-0.92380,-0.12883,
1403637197388318976,-4.44668,-5.87626,-0.31712,0.53394,0.37555,-0.70766,0.27035,1.89658,-0.88244,-0.03335,
1403637197488318976,-4.25536,-5.96032,-0.31454,0.51752,0.40476,-0.69726,0.28665,1.93753,-0.81527,0.05324,
1403637197588318976,-4.06060,-6.04024,-0.30552,0.50161,0.44058,-0.68067,0.30161,1.96511,-0.78248,0.09823,
1403637197688318976,-3.86499,-6.11795,-0.28941,-0.48651,-0.47459,0.65943,-0.32128,1.97084,-0.75489,0.17776,
1403637197788319232,-3.66762,-6.19325,-0.26718,-0.47564,-0.50663,0.63429,-0.33878,1.99853,-0.69562,0.23952,
1403637197888318976,-3.46533,-6.26245,-0.23650,-0.46849,-0.53659,0.60629,-0.35357,2.04858,-0.65808,0.30851,
1403637197988318976,-3.25706,-6.32588,-0.20001,-0.45875,-0.56104,0.58232,-0.36835,2.10368,-0.59157,0.37225,
1403637198088318976,-3.04296,-6.38527,-0.15730,0.44777,0.58057,-0.56157,0.38351,2.16993,-0.53200,0.45219,
1403637198188318976,-2.82215,-6.43921,-0.10781,0.43553,0.59831,-0.54296,0.39691,2.24037,-0.49176,0.52819,
1403637198288319232,-2.59623,-6.48877,-0.04996,0.42581,0.61533,-0.52277,0.40836,2.29008,-0.42595,0.58701,
1403637198388318976,-2.36543,-6.53258,0.00971,0.42000,0.63042,-0.50121,0.41830,2.33709,-0.37947,0.55036,
1403637198488318976,-2.12980,-6.57136,0.06275,0.41951,0.64018,-0.48307,0.42524,2.37893,-0.31303,0.43340,
1403637198588318976,-1.88887,-6.59982,0.10275,0.42268,0.64613,-0.46951,0.42828,2.44052,-0.23976,0.28931,
1403637198688318976,-1.64089,-6.62218,0.12537,0.42431,0.64884,-0.46264,0.43004,2.50622,-0.14830,0.08884,
1403637198788319232,-1.38540,-6.63543,0.12916,0.42384,0.64819,-0.46063,0.43363,2.56500,-0.04651,-0.07725,
1403637198888318976,-1.12218,-6.63801,0.12060,0.42597,0.64099,-0.45851,0.44435,2.63488,0.04066,-0.19356,
1403637198988318976,-0.84742,-6.62930,0.10702,0.42104,0.62986,-0.46135,0.46169,2.71916,0.18586,-0.18326,
1403637199088318976,-0.56914,-6.60585,0.09535,0.40859,0.62635,-0.46422,0.47461,2.74369,0.31207,-0.13487,
1403637199188318976,-0.29140,-6.56606,0.08780,0.39305,0.63163,-0.46376,0.48112,2.74291,0.47389,-0.05752,
1403637199288319232,-0.01909,-6.51186,0.08545,0.38099,0.64097,-0.45441,0.48736,2.71732,0.59315,0.03123,
1403637199388318976,0.25067,-6.44607,0.09165,0.37144,0.65173,-0.43773,0.49566,2.68181,0.72969,0.08723,
1403637199488318976,0.51780,-6.36832,0.10120,0.35988,0.66377,-0.41765,0.50543,2.64462,0.83558,0.09085,
1403637199588318976,0.78206,-6.27881,0.10704,0.34571,0.67534,-0.39777,0.51593,2.59964,0.95466,0.00784,
1403637199688318976,1.04285,-6.17950,0.10394,0.32627,0.68171,-0.38052,0.53294,2.56620,1.05662,-0.06365,
1403637199788319232,1.30035,-6.07005,0.08963,0.30055,0.68719,-0.36454,0.55186,2.50706,1.15085,-0.22758,
1403637199888318976,1.55186,-5.95285,0.05553,0.26950,0.68959,-0.34623,0.57615,2.43257,1.21133,-0.46123,
1403637199988318976,1.78908,-5.82578,0.00449,0.23767,0.68828,-0.32368,0.60416,2.26909,1.29457,-0.52872,
1403637200088318976,2.00533,-5.69236,-0.05236,0.20963,0.68897,-0.29467,0.62813,2.04527,1.37251,-0.56476,
1403637200188318976,2.19463,-5.55090,-0.11230,0.18809,0.69719,-0.26134,0.64051,1.77208,1.44217,-0.60238,
1403637200288319232,2.35791,-5.40519,-0.17721,0.17534,0.71635,-0.22939,0.63520,1.49953,1.49447,-0.65755,
1403637200388318976,2.49407,-5.25391,-0.24143,0.16913,0.74271,-0.20517,0.61455,1.27634,1.55215,-0.59347,
1403637200488318976,2.61279,-5.09656,-0.29767,0.16079,0.76519,-0.19301,0.59277,1.13034,1.59984,-0.49948,
1403637200588318976,2.72195,-4.93653,-0.34369,0.14397,0.77374,-0.19381,0.58570,1.04652,1.60967,-0.39516,
1403637200688318976,2.82067,-4.77344,-0.37984,0.13431,0.77660,-0.19702,0.58313,0.95401,1.59828,-0.30145,
1403637200788319232,2.90742,-4.61365,-0.40835,0.12773,0.77576,-0.20365,0.58344,0.86655,1.57686,-0.23637,
1403637200888318976,2.98305,-4.45544,-0.42679,0.12623,0.77056,-0.21447,0.58677,0.75850,1.52812,-0.13342,
1403637200988318976,3.04762,-4.30150,-0.43861,0.13111,0.76868,-0.22216,0.58530,0.64533,1.49834,-0.09362,
1403637201088318976,3.10187,-4.15307,-0.44385,0.13778,0.76705,-0.22872,0.58338,0.55563,1.45141,-0.00234,
1403637201188318976,3.14733,-4.00814,-0.44112,0.14278,0.76599,-0.23551,0.58086,0.47688,1.41524,0.08277,
1403637201288319232,3.18291,-3.86698,-0.43215,0.13922,0.76428,-0.24727,0.57909,0.36689,1.37914,0.12069,
1403637201388318976,3.21254,-3.72887,-0.42235,0.12753,0.75980,-0.27013,0.57747,0.26032,1.31956,0.07117,
1403637201488318976,3.22768,-3.60266,-0.42200,0.11745,0.75656,-0.29492,0.57170,0.16093,1.20638,0.00770,
1403637201588318976,3.23442,-3.48829,-0.42670,0.11107,0.75224,-0.31599,0.56740,0.04948,1.07888,-0.04690,
1403637201688318976,3.22829,-3.39427,-0.43376,0.10934,0.74701,-0.32933,0.56707,-0.07944,0.90858,-0.06703,
1403637201788319232,3.21133,-3.31598,-0.44280,0.12298,0.74326,-0.32892,0.56943,-0.20893,0.75359,-0.08589,
1403637201888318976,3.18419,-3.25023,-0.44996,0.13288,0.74124,-0.32736,0.57074,-0.34136,0.62628,-0.04560,
1403637201988318976,3.14151,-3.20277,-0.45156,0.13351,0.74234,-0.32789,0.56886,-0.45651,0.49771,-0.00204,
1403637202088318976,3.08965,-3.16378,-0.44814,0.12328,0.74675,-0.33300,0.56239,-0.57318,0.36217,0.04790,
1403637202188318976,3.02618,-3.13988,-0.43881,0.11925,0.75673,-0.33288,0.54984,-0.69329,0.20138,0.11634,
1403637202288319232,2.95349,-3.13300,-0.42776,0.13484,0.77029,-0.31984,0.53496,-0.74282,0.04695,0.08861,
1403637202388318976,2.88020,-3.13857,-0.42173,0.14914,0.78034,-0.30780,0.52353,-0.73779,-0.06892,0.03523,
1403637202488318976,2.80937,-3.15252,-0.42054,0.15790,0.78213,-0.30069,0.52242,-0.70486,-0.16241,0.01886,
1403637202588318976,2.74380,-3.17799,-0.41560,0.16224,0.77822,-0.29693,0.52904,-0.66075,-0.25824,0.07656,
1403637202688318976,2.68007,-3.20956,-0.40295,0.16797,0.77336,-0.29223,0.53693,-0.65771,-0.31165,0.16030,
1403637202788319232,2.61917,-3.24817,-0.38272,0.17580,0.77136,-0.28592,0.54069,-0.65470,-0.34954,0.21820,
1403637202888318976,2.55765,-3.28765,-0.36298,0.18567,0.77228,-0.27916,0.53960,-0.62093,-0.37148,0.16376,
1403637202988318976,2.49785,-3.32681,-0.34990,0.19309,0.77357,-0.27421,0.53769,-0.60602,-0.36686,0.10512,
1403637203088318976,2.44092,-3.36382,-0.34164,0.19543,0.77366,-0.27310,0.53728,-0.57295,-0.35122,0.06324,
1403637203188318976,2.38492,-3.39866,-0.33897,0.19592,0.77337,-0.27331,0.53742,-0.54805,-0.33161,0.01733,
1403637203288319232,2.33295,-3.43542,-0.34014,0.19764,0.77258,-0.27299,0.53808,-0.50678,-0.32298,-0.01074,
1403637203388318976,2.28286,-3.46674,-0.34354,0.19732,0.77199,-0.27380,0.53864,-0.49407,-0.30770,-0.05179,
1403637203488318976,2.23656,-3.49857,-0.35354,0.19841,0.77224,-0.27360,0.53797,-0.46087,-0.28374,-0.09846,
1403637203588318976,2.19184,-3.52497,-0.36533,0.20095,0.77160,-0.27250,0.53852,-0.43178,-0.26917,-0.13822,
1403637203688318976,2.15064,-3.54920,-0.38058,0.20305,0.77155,-0.27200,0.53805,-0.38963,-0.23164,-0.17586,
1403637203788319232,2.11232,-3.57179,-0.40045,0.20328,0.77046,-0.27289,0.53908,-0.35725,-0.20475,-0.19782,
1403637203888318976,2.07569,-3.59015,-0.42148,0.20361,0.76983,-0.27324,0.53967,-0.33942,-0.17160,-0.23356,
1403637203988318976,2.04073,-3.60414,-0.44708,0.20438,0.76969,-0.27327,0.53957,-0.32261,-0.13953,-0.26453,
1403637204088318976,2.00835,-3.61669,-0.47233,0.20464,0.76950,-0.27376,0.53949,-0.30984,-0.10452,-0.21205,
1403637204188318976,1.97938,-3.62578,-0.49003,0.20473,0.76969,-0.27412,0.53901,-0.27572,-0.07678,-0.11435,
1403637204288319232,1.95063,-3.63148,-0.50004,0.20456,0.77013,-0.27493,0.53803,-0.27052,-0.02789,-0.05573,
1403637204388318976,1.92225,-3.63430,-0.50047,0.20185,0.76810,-0.27739,0.54068,-0.26333,-0.00508,0.01951,
1403637204488318976,1.89786,-3.63498,-0.49274,0.20119,0.76370,-0.27971,0.54594,-0.23847,0.00229,0.10428,
1403637204588318976,1.87437,-3.63270,-0.47878,0.20168,0.76219,-0.28182,0.54678,-0.23182,0.02507,0.17246,
1403637204688318976,1.84965,-3.62851,-0.45924,0.20374,0.76339,-0.28328,0.54358,-0.23178,0.04416,0.21334,
1403637204788319232,1.82504,-3.62325,-0.43999,0.20426,0.76415,-0.28549,0.54115,-0.23072,0.06910,0.16483,
1403637204888318976,1.80026,-3.61608,-0.42830,0.20439,0.76505,-0.28731,0.53886,-0.22917,0.08155,0.08935,
1403637204988318976,1.77624,-3.60787,-0.42438,0.20349,0.76788,-0.28892,0.53430,-0.21759,0.09631,0.02392,
1403637205088318976,1.75346,-3.59883,-0.42466,0.20235,0.77086,-0.28995,0.52987,-0.18997,0.09997,-0.02328,
1403637205188318976,1.73429,-3.58947,-0.42906,0.20263,0.77124,-0.28946,0.52947,-0.17316,0.10320,-0.06864,
1403637205288319232,1.71737,-3.57935,-0.43800,0.19993,0.77343,-0.28623,0.52907,-0.14610,0.11014,-0.07756,
1403637205388318976,1.70516,-3.56906,-0.44484,0.19705,0.77527,-0.27921,0.53119,-0.11192,0.10626,-0.02782,
1403637205488318976,1.69570,-3.55862,-0.44426,0.19545,0.77551,-0.27198,0.53518,-0.07996,0.10984,0.04664,
1403637205588318976,1.68885,-3.54801,-0.43962,0.19438,0.77480,-0.26558,0.53978,-0.06340,0.11877,0.03070,
1403637205688318976,1.68408,-3.53508,-0.44033,0.19280,0.77479,-0.26186,0.54218,-0.04870,0.13767,-0.04828,
1403637205788319232,1.68092,-3.51914,-0.44867,0.19105,0.77543,-0.26027,0.54264,-0.04448,0.15603,-0.11261,
1403637205888318976,1.67818,-3.50286,-0.46198,0.18994,0.77586,-0.25943,0.54282,-0.02730,0.17278,-0.14743,
1403637205988318976,1.67677,-3.48523,-0.47598,0.18976,0.77572,-0.25848,0.54355,-0.01753,0.19149,-0.12946,
1403637206088318976,1.67592,-3.46479,-0.48379,0.18756,0.77516,-0.25936,0.54468,-0.01742,0.22704,-0.06520,
1403637206188318976,1.67607,-3.44286,-0.48550,0.18035,0.77367,-0.26356,0.54721,-0.00124,0.22492,0.01108,
1403637206288319232,1.67711,-3.42196,-0.47816,0.17656,0.77249,-0.26586,0.54900,0.00300,0.20380,0.10690,
1403637206388318976,1.67789,-3.40083,-0.46423,0.17528,0.77163,-0.26683,0.55015,0.00960,0.18649,0.17844,
1403637206488318976,1.67699,-3.38019,-0.44545,0.17576,0.77153,-0.26697,0.55007,0.00243,0.17382,0.20050,
1403637206588318976,1.67384,-3.35972,-0.42833,0.17707,0.77122,-0.26688,0.55012,-0.01482,0.17917,0.14574,
1403637206688318976,1.66921,-3.33873,-0.41699,0.17990,0.77151,-0.26597,0.54924,-0.03586,0.18169,0.08582,
1403637206788319232,1.66316,-3.31832,-0.41150,0.18218,0.77070,-0.26523,0.54999,-0.04939,0.18796,0.03343,
1403637206888318976,1.65630,-3.29795,-0.40713,0.18364,0.76991,-0.26520,0.55062,-0.06775,0.20520,0.07257,
1403637206988318976,1.64784,-3.27596,-0.39790,0.18423,0.76858,-0.26547,0.55215,-0.06622,0.19692,0.11790,
1403637207088318976,1.63989,-3.25310,-0.38307,0.18456,0.76841,-0.26656,0.55175,-0.08268,0.21618,0.13965,
1403637207188318976,1.63008,-3.22905,-0.37256,0.18543,0.76710,-0.26794,0.55261,-0.09421,0.23692,0.08149,
1403637207288319232,1.61783,-3.20355,-0.36994,0.18594,0.76593,-0.26914,0.55348,-0.10768,0.24532,-0.00281,
1403637207388318976,1.60378,-3.17731,-0.37453,0.18655,0.76592,-0.26991,0.55291,-0.13552,0.25690,-0.06240,
1403637207488318976,1.58779,-3.14970,-0.38472,0.18695,0.76570,-0.27109,0.55251,-0.15998,0.27653,-0.13205,
1403637207588318976,1.56967,-3.12111,-0.39984,0.18242,0.76783,-0.27554,0.54885,-0.17333,0.29117,-0.17412,
1403637207688318976,1.54950,-3.09449,-0.41283,0.17232,0.77240,-0.28314,0.54179,-0.19333,0.26439,-0.10657,
1403637207788319232,1.52953,-3.07060,-0.41651,0.17239,0.77393,-0.28360,0.53934,-0.20867,0.22931,0.00483,
1403637207888318976,1.50682,-3.04893,-0.41001,0.17821,0.77327,-0.28059,0.53997,-0.20527,0.19214,0.10309,
1403637207988318976,1.48731,-3.03326,-0.39281,0.18332,0.77211,-0.27756,0.54148,-0.21316,0.17803,0.21674,
1403637208088318976,1.46812,-3.01725,-0.36741,0.18731,0.77210,-0.27542,0.54122,-0.19832,0.16530,0.28442,
1403637208188318976,1.45079,-3.00139,-0.33663,0.19052,0.77178,-0.27392,0.54132,-0.18970,0.16482,0.32797,
1403637208288319232,1.43430,-2.98625,-0.30475,0.18681,0.77124,-0.27772,0.54144,-0.17381,0.17387,0.26558,
1403637208388318976,1.41788,-2.97156,-0.28179,0.18109,0.76831,-0.28306,0.54479,-0.17498,0.15932,0.19931,
1403637208488318976,1.40054,-2.95876,-0.26536,0.18201,0.76716,-0.28384,0.54568,-0.18216,0.13250,0.12075,
1403637208588318976,1.38183,-2.94781,-0.25546,0.18618,0.76683,-0.28202,0.54569,-0.20220,0.11856,0.07053,
1403637208688318976,1.36228,-2.93935,-0.25122,0.19027,0.76710,-0.27951,0.54519,-0.20506,0.11283,0.01764,
1403637208788319232,1.34225,-2.92800,-0.25200,0.19250,0.76604,-0.27808,0.54663,-0.20866,0.12189,-0.03295,
1403637208888318976,1.32176,-2.91602,-0.25850,0.19509,0.76669,-0.27659,0.54555,-0.21501,0.12460,-0.09377,
1403637208988318976,1.30104,-2.90353,-0.27040,0.20463,0.76919,-0.27023,0.54170,-0.21362,0.14059,-0.14921,
1403637209088318976,1.28229,-2.88894,-0.28855,0.21413,0.77205,-0.26276,0.53763,-0.18580,0.17844,-0.18310,
1403637209188318976,1.26749,-2.86580,-0.30552,0.21004,0.77466,-0.25664,0.53844,-0.12831,0.25389,-0.15547,
1403637209288319232,1.25579,-2.83866,-0.31622,0.19126,0.77953,-0.25286,0.54020,-0.10579,0.29655,-0.07500,
1403637209388318976,1.24662,-2.80861,-0.31925,0.17670,0.78623,-0.24678,0.53826,-0.09086,0.31002,-0.00521,
1403637209488318976,1.23857,-2.77655,-0.31739,0.16686,0.79488,-0.24107,0.53123,-0.06567,0.30230,0.04091,
1403637209588318976,1.23721,-2.74856,-0.31039,0.15897,0.80677,-0.23643,0.51763,0.00203,0.26365,0.10698,
1403637209688318976,1.24298,-2.72537,-0.29427,0.15175,0.81594,-0.23395,0.50644,0.09486,0.22136,0.18199,
1403637209788319232,1.26040,-2.70668,-0.27507,0.14775,0.82046,-0.23270,0.50087,0.23802,0.14262,0.22172,
1403637209888318976,1.28984,-2.69249,-0.25560,0.14457,0.82333,-0.23339,0.49674,0.33597,0.09836,0.16458,
1403637209988318976,1.32655,-2.68427,-0.24553,0.14213,0.82788,-0.23464,0.48924,0.42334,0.04563,-0.01061,
1403637210088318976,1.37412,-2.67835,-0.25295,0.14024,0.83394,-0.23635,0.47856,0.52915,-0.00953,-0.16002,
1403637210188318976,1.43430,-2.68152,-0.27468,0.13660,0.83953,-0.23921,0.46831,0.67074,-0.08291,-0.26889,
1403637210288319232,1.51101,-2.69228,-0.30117,0.13451,0.84415,-0.24079,0.45972,0.84658,-0.17863,-0.28739,
1403637210388318976,1.60627,-2.71434,-0.32932,0.13291,0.84617,-0.24200,0.45582,1.03895,-0.27461,-0.28596,
1403637210488318976,1.72060,-2.74824,-0.35597,0.13532,0.84275,-0.24002,0.46244,1.24655,-0.38985,-0.24825,
1403637210588318976,1.85408,-2.79053,-0.38109,0.13835,0.83528,-0.23750,0.47618,1.39950,-0.45978,-0.26596,
1403637210688318976,1.99940,-2.84104,-0.40757,0.13953,0.82864,-0.23571,0.48818,1.51039,-0.53249,-0.30105,
1403637210788319232,2.15640,-2.89700,-0.43847,0.13490,0.82404,-0.23771,0.49624,1.61799,-0.58490,-0.33255,
1403637210888318976,2.32142,-2.95792,-0.47274,0.12801,0.81842,-0.24214,0.50515,1.68102,-0.64110,-0.35983,
1403637210988318976,2.49349,-3.02552,-0.51000,0.12294,0.80902,-0.24598,0.51949,1.72445,-0.71273,-0.39005,
1403637211088318976,2.66528,-3.10024,-0.55103,0.12041,0.79950,-0.24913,0.53314,1.73405,-0.78094,-0.42033,
1403637211188318976,2.83751,-3.18193,-0.59581,0.12762,0.79602,-0.24619,0.53802,1.72014,-0.84818,-0.45480,
1403637211288319232,3.00938,-3.26939,-0.64237,0.13847,0.79116,-0.24165,0.54451,1.70904,-0.89426,-0.46796,
1403637211388318976,3.18137,-3.36088,-0.69058,0.14706,0.78534,-0.23906,0.55178,1.68792,-0.90505,-0.50421,
1403637211488318976,3.34840,-3.45164,-0.74263,0.15048,0.78294,-0.23889,0.55435,1.65600,-0.90273,-0.54232,
1403637211588318976,3.51150,-3.54268,-0.79571,0.14837,0.78540,-0.24134,0.55035,1.60588,-0.90906,-0.49433,
1403637211688318976,3.67019,-3.63311,-0.84065,0.14471,0.78742,-0.24395,0.54728,1.56791,-0.90945,-0.43193,
1403637211788319232,3.82679,-3.72472,-0.87902,0.13529,0.79252,-0.25022,0.53944,1.54074,-0.92690,-0.34316,
1403637211888318976,3.98001,-3.82123,-0.90801,0.12700,0.79570,-0.25615,0.53396,1.51160,-0.99721,-0.25042,
1403637211988318976,4.13021,-3.92372,-0.92787,0.13084,0.79612,-0.25401,0.53344,1.50639,-1.06803,-0.15035,
1403637212088318976,4.28180,-4.03110,-0.93897,0.14183,0.79059,-0.24778,0.54172,1.50180,-1.10105,-0.06369,
1403637212188318976,4.43218,-4.14205,-0.94248,0.15040,0.78253,-0.24277,0.55326,1.45026,-1.09982,-0.01152,
1403637212288319232,4.57851,-4.25277,-0.94100,0.15510,0.77786,-0.24031,0.55957,1.42471,-1.09665,0.04746,
1403637212388318976,4.72270,-4.36200,-0.93313,0.15763,0.77510,-0.24000,0.56283,1.37357,-1.07453,0.11271,
1403637212488318976,4.86059,-4.46731,-0.91975,0.15938,0.77590,-0.24071,0.56093,1.32359,-1.03215,0.15041,
1403637212588318976,4.99567,-4.57100,-0.90373,0.15850,0.78043,-0.24348,0.55366,1.29003,-1.01065,0.18059,
1403637212688318976,5.12501,-4.67188,-0.88517,0.15737,0.78589,-0.24573,0.54519,1.27940,-1.00146,0.21301,
1403637212788319232,5.25904,-4.77376,-0.86343,0.15950,0.78892,-0.24504,0.54048,1.29435,-1.00541,0.23386,
1403637212888318976,5.38971,-4.87411,-0.84000,0.16177,0.79139,-0.24351,0.53688,1.29805,-1.00511,0.25248,
1403637212988318976,5.51763,-4.97383,-0.81347,0.16502,0.79264,-0.23992,0.53566,1.30633,-0.99793,0.27062,
1403637213088318976,5.64690,-5.07143,-0.78638,0.16256,0.79287,-0.23970,0.53617,1.31598,-0.97508,0.24370,
1403637213188318976,5.77800,-5.16944,-0.76593,0.15793,0.79336,-0.24059,0.53643,1.32007,-0.97295,0.16966,
1403637213288319232,5.90784,-5.26446,-0.75170,0.15565,0.79322,-0.24057,0.53730,1.32469,-0.96787,0.11726,
1403637213388318976,6.03695,-5.35986,-0.74157,0.15647,0.79184,-0.23942,0.53962,1.31526,-0.95802,0.07312,
1403637213488318976,6.16418,-5.45402,-0.73680,0.15817,0.78959,-0.23816,0.54296,1.29694,-0.94669,0.02759,
1403637213588318976,6.29423,-5.54931,-0.73609,0.16604,0.78875,-0.23244,0.54432,1.28660,-0.93208,-0.01653,
1403637213688318976,6.42267,-5.64066,-0.74107,0.17572,0.79107,-0.22523,0.54093,1.27234,-0.89009,-0.08691,
1403637213788319232,6.54849,-5.72713,-0.75156,0.18103,0.79376,-0.22104,0.53695,1.27760,-0.82694,-0.14359,
1403637213888318976,6.67871,-5.81010,-0.76821,0.18319,0.79530,-0.21822,0.53508,1.30539,-0.78135,-0.19018,
1403637213988318976,6.81231,-5.88541,-0.78655,0.18434,0.79488,-0.21624,0.53611,1.36262,-0.72088,-0.13933,
1403637214088318976,6.95217,-5.95442,-0.79846,0.17923,0.79119,-0.21255,0.54472,1.40487,-0.64395,-0.09415,
1403637214188318976,7.09190,-6.01630,-0.80279,0.16603,0.78837,-0.20885,0.55433,1.40711,-0.58047,-0.00045,
1403637214288319232,7.23283,-6.07359,-0.80016,0.15674,0.78752,-0.19711,0.56249,1.39791,-0.53441,0.07896,
1403637214388318976,7.37112,-6.12491,-0.79220,0.14940,0.78726,-0.17674,0.57155,1.35153,-0.45975,0.12770,
1403637214488318976,7.50677,-6.16800,-0.77917,0.14499,0.79009,-0.14814,0.57688,1.29140,-0.36611,0.16639,
1403637214588318976,7.63605,-6.20146,-0.75974,0.14172,0.79268,-0.11852,0.58097,1.23288,-0.25123,0.22734,
1403637214688318976,7.75817,-6.21989,-0.73595,0.14180,0.79272,-0.09244,0.58561,1.20224,-0.12932,0.27285,
1403637214788319232,7.87623,-6.22434,-0.70617,0.14301,0.79206,-0.07313,0.58894,1.15593,0.03106,0.31800,
1403637214888318976,7.98596,-6.21017,-0.67377,0.13908,0.79242,-0.06471,0.59037,1.10560,0.20752,0.29875,
1403637214988318976,8.08951,-6.17905,-0.64707,0.13587,0.79126,-0.06108,0.59305,1.03571,0.36627,0.23983,
1403637215088318976,8.19110,-6.13424,-0.62563,0.13394,0.78891,-0.06027,0.59670,0.95816,0.51454,0.19215,
1403637215188318976,8.28566,-6.07449,-0.60976,0.13303,0.78577,-0.06108,0.60094,0.90914,0.66404,0.13665,
1403637215288319232,8.37336,-6.00022,-0.59906,0.12573,0.78363,-0.06397,0.60499,0.83943,0.81669,0.08256,
1403637215388318976,8.45429,-5.91136,-0.59307,0.11322,0.77994,-0.06287,0.61231,0.75217,0.94988,0.03551,
1403637215488318976,8.52276,-5.80949,-0.58675,0.09409,0.77306,-0.05765,0.62466,0.61814,1.07436,0.07909,
1403637215588318976,8.57669,-5.69730,-0.57820,0.07653,0.77026,-0.04505,0.63152,0.46841,1.16246,0.11347,
1403637215688318976,8.61419,-5.57591,-0.56367,0.05855,0.77307,-0.02607,0.63108,0.29371,1.24649,0.17082,
1403637215788319232,8.63782,-5.44944,-0.54358,0.03903,0.78368,-0.00521,0.61992,0.17208,1.30961,0.22695,
1403637215888318976,8.65060,-5.31646,-0.51761,0.01896,0.79286,0.01478,0.60893,0.06994,1.34916,0.30051,
1403637215988318976,8.65193,-5.18123,-0.48550,-0.00025,0.79886,0.02912,0.60081,-0.03158,1.36150,0.37165,
1403637216088318976,8.64371,-5.04454,-0.44862,-0.01959,0.80113,0.04185,0.59670,-0.10600,1.36345,0.39819,
1403637216188318976,8.62760,-4.90752,-0.41370,-0.03574,0.80115,0.05307,0.59503,-0.16310,1.34993,0.34574,
1403637216288319232,8.60552,-4.77390,-0.38524,-0.04826,0.80007,0.05896,0.59506,-0.22989,1.30806,0.27585,
1403637216388318976,8.57890,-4.64522,-0.36247,-0.05487,0.79640,0.06231,0.59905,-0.28242,1.26928,0.21722,
1403637216488318976,8.54615,-4.51990,-0.34672,-0.05702,0.79078,0.06433,0.60604,-0.35396,1.21902,0.15100,
1403637216588318976,8.50723,-4.39884,-0.33663,-0.06009,0.78655,0.06272,0.61139,-0.42812,1.17722,0.10262,
1403637216688318976,8.46043,-4.28139,-0.33018,-0.06445,0.78208,0.05794,0.61712,-0.53286,1.12482,0.07034,
1403637216788319232,8.40426,-4.16943,-0.32616,-0.06488,0.77591,0.05442,0.62513,-0.62945,1.06023,0.07782,
1403637216888318976,8.33688,-4.06432,-0.31822,-0.06063,0.77087,0.05357,0.63183,-0.74228,1.00152,0.13337,
1403637216988318976,8.25414,-3.96769,-0.30388,-0.05587,0.77057,0.05256,0.63273,-0.90303,0.93982,0.18359,
1403637217088318976,8.15616,-3.87603,-0.28747,-0.06179,0.77772,0.04516,0.62393,-1.04582,0.88291,0.17417,
1403637217188318976,8.04791,-3.78950,-0.27177,-0.07144,0.78327,0.03495,0.61657,-1.13455,0.80931,0.12567,
1403637217288319232,7.93085,-3.71430,-0.26408,-0.07932,0.78563,0.02591,0.61305,-1.20776,0.70702,0.04588,
1403637217388318976,7.80618,-3.64715,-0.26395,-0.08381,0.78733,0.01900,0.61051,-1.27033,0.60090,-0.03612,
1403637217488318976,7.67683,-3.59411,-0.27110,-0.08583,0.78823,0.01487,0.60919,-1.33118,0.48231,-0.09690,
1403637217588318976,7.54154,-3.55091,-0.28259,-0.08469,0.78572,0.02020,0.61242,-1.38275,0.37101,-0.12454,
1403637217688318976,7.39950,-3.51933,-0.29543,-0.07678,0.78047,0.03963,0.61920,-1.44475,0.28132,-0.11699,
1403637217788319232,7.25065,-3.49296,-0.30676,-0.06853,0.77389,0.07027,0.62567,-1.55411,0.23990,-0.08531,
1403637217888318976,7.08956,-3.46865,-0.31456,-0.07264,0.77199,0.09979,0.62354,-1.66139,0.22071,-0.04118,
1403637217988318976,6.91616,-3.44953,-0.31610,-0.08219,0.77261,0.12123,0.61776,-1.78059,0.19970,0.02430,
1403637218088318976,6.73334,-3.43219,-0.31249,-0.09366,0.77499,0.13499,0.61025,-1.86847,0.17575,0.05349,
1403637218188318976,6.54171,-3.41555,-0.30845,-0.10105,0.77640,0.14488,0.60498,-1.93675,0.14800,0.00262,
1403637218288319232,6.34341,-3.39994,-0.31129,-0.10536,0.77715,0.15129,0.60170,-1.99309,0.13845,-0.04592,
1403637218388318976,6.14144,-3.38472,-0.32046,-0.10652,0.77641,0.15525,0.60145,-2.05072,0.12623,-0.10873,
1403637218488318976,5.93200,-3.37295,-0.33413,-0.10752,0.77550,0.15649,0.60212,-2.12476,0.10446,-0.12043,
1403637218588318976,5.71783,-3.36297,-0.34528,-0.10661,0.77562,0.15704,0.60198,-2.15734,0.09742,-0.08759,
1403637218688318976,5.49874,-3.35233,-0.35162,-0.10380,0.77900,0.15677,0.59817,-2.21279,0.09499,-0.02980,
1403637218788319232,5.27478,-3.34186,-0.35544,-0.10433,0.78304,0.15375,0.59357,-2.27161,0.08050,-0.07892,
1403637218888318976,5.04817,-3.33237,-0.37098,-0.09487,0.78530,0.15738,0.59121,-2.28005,0.08768,-0.25530,
1403637218988318976,4.81458,-3.31996,-0.40079,-0.08595,0.78514,0.16141,0.59171,-2.32319,0.10458,-0.38920,
1403637219088318976,4.58012,-3.30232,-0.43958,-0.08061,0.78534,0.16324,0.59168,-2.35021,0.15706,-0.43572,
1403637219188318976,4.34318,-3.28177,-0.48093,-0.07967,0.78550,0.16308,0.59165,-2.38041,0.19927,-0.39125,
1403637219288319232,4.10055,-3.25274,-0.51139,-0.08083,0.78706,0.16075,0.59005,-2.45573,0.24940,-0.32377,
1403637219388318976,3.85765,-3.22024,-0.53447,-0.08207,0.78932,0.15811,0.58757,-2.48234,0.29202,-0.26429,
1403637219488318976,3.61028,-3.18217,-0.55188,-0.08396,0.79604,0.15568,0.57882,-2.48901,0.34358,-0.19414,
1403637219588318976,3.36833,-3.14212,-0.55911,-0.08444,0.80551,0.15379,0.56602,-2.48604,0.37827,-0.13073,
1403637219688318976,3.13234,-3.09992,-0.55981,-0.08477,0.81274,0.15197,0.55603,-2.43703,0.41758,-0.04238,
1403637219788319232,2.89974,-3.05115,-0.55320,-0.08515,0.81621,0.15012,0.55137,-2.34288,0.46220,0.03181,
1403637219888318976,2.67378,-2.99793,-0.53998,-0.08447,0.81959,0.14997,0.54649,-2.23809,0.51662,0.12876,
1403637219988318976,2.46005,-2.94024,-0.51850,-0.08482,0.81968,0.14925,0.54650,-2.14995,0.56495,0.22558,
1403637220088318976,2.25366,-2.87691,-0.48979,-0.08541,0.82095,0.14821,0.54478,-2.03780,0.61011,0.32281,
1403637220188318976,2.05270,-2.80972,-0.45503,-0.08531,0.82137,0.14804,0.54420,-1.96908,0.65900,0.35163,
1403637220288319232,1.85473,-2.74041,-0.41519,-0.09081,0.82062,0.14335,0.54570,-1.89189,0.68679,0.44175,
1403637220388318976,1.67344,-2.67027,-0.36550,-0.10026,0.81893,0.13573,0.54852,-1.82728,0.68707,0.50235,
1403637220488318976,1.49530,-2.59997,-0.31654,-0.10631,0.81707,0.12986,0.55158,-1.76264,0.66953,0.43470,
1403637220588318976,1.32578,-2.53288,-0.27169,-0.11159,0.81449,0.12470,0.55552,-1.68960,0.64378,0.38848,
1403637220688318976,1.16526,-2.47110,-0.23466,-0.11059,0.81502,0.12477,0.55493,-1.63194,0.61130,0.33185,
1403637220788319232,1.00609,-2.41344,-0.20275,-0.10875,0.81575,0.12544,0.55407,-1.56634,0.57984,0.27594,
1403637220888318976,0.85285,-2.35857,-0.17715,-0.10756,0.81671,0.12585,0.55280,-1.49376,0.53649,0.22577,
1403637220988318976,0.70993,-2.30944,-0.15831,-0.10657,0.81823,0.12481,0.55096,-1.43345,0.49842,0.15983,
1403637221088318976,0.56882,-2.26149,-0.14549,-0.10122,0.82154,0.12047,0.54802,-1.36016,0.46493,0.09518,
1403637221188318976,0.43753,-2.21836,-0.13860,-0.09250,0.82553,0.11220,0.54530,-1.27331,0.43057,0.04066,
1403637221288319232,0.31295,-2.18141,-0.13845,-0.08141,0.82822,0.10076,0.54522,-1.19972,0.40212,-0.02494,
1403637221388318976,0.19619,-2.14316,-0.14238,-0.07360,0.83001,0.08885,0.54568,-1.12824,0.39891,-0.07445,
1403637221488318976,0.08249,-2.10645,-0.15068,-0.06799,0.83060,0.07965,0.54694,-1.05251,0.38095,-0.12504,
1403637221588318976,-0.02532,-2.06921,-0.16268,-0.06522,0.83207,0.07181,0.54611,-0.98621,0.35896,-0.16251,
1403637221688318976,-0.12220,-2.03323,-0.18055,-0.06172,0.83343,0.06637,0.54514,-0.90811,0.34994,-0.21596,
1403637221788319232,-0.21083,-1.99732,-0.20258,-0.05985,0.83398,0.06157,0.54508,-0.82644,0.32885,-0.24972,
1403637221888318976,-0.29358,-1.96628,-0.22781,-0.05714,0.83537,0.05468,0.54397,-0.74626,0.29202,-0.29030,
1403637221988318976,-0.36637,-1.93718,-0.25608,-0.05004,0.83684,0.04265,0.54349,-0.66201,0.25983,-0.31494,
1403637222088318976,-0.43363,-1.91738,-0.29007,-0.03820,0.83810,0.02582,0.54356,-0.58518,0.21154,-0.36130,
1403637222188318976,-0.49168,-1.89966,-0.32562,-0.02408,0.83872,0.00570,0.54401,-0.52592,0.17034,-0.37276,
1403637222288319232,-0.54150,-1.88424,-0.36309,-0.01019,0.83532,-0.01154,0.54954,-0.45290,0.14915,-0.39873,
1403637222388318976,-0.58430,-1.87094,-0.40324,-0.00075,0.82805,-0.02525,0.56008,-0.40618,0.12860,-0.39883,
1403637222488318976,-0.62200,-1.85964,-0.43960,0.00742,0.82128,-0.03394,0.56947,-0.37767,0.11537,-0.32526,
1403637222588318976,-0.65690,-1.84847,-0.46985,0.01115,0.81863,-0.04091,0.57276,-0.37303,0.09256,-0.25797,
1403637222688318976,-0.69216,-1.84003,-0.49233,0.01580,0.81776,-0.04307,0.57372,-0.35638,0.07961,-0.17522,
1403637222788319232,-0.72515,-1.83195,-0.50681,0.01699,0.82068,-0.04473,0.56938,-0.34378,0.06452,-0.10942,
1403637222888318976,-0.75795,-1.82486,-0.51496,0.01640,0.82636,-0.04509,0.56109,-0.30468,0.05407,-0.02682,
1403637222988318976,-0.78650,-1.81965,-0.51501,0.01565,0.83254,-0.04428,0.55197,-0.26156,0.03477,0.05121,
1403637223088318976,-0.80717,-1.81468,-0.50790,0.01442,0.83598,-0.04305,0.54688,-0.20452,0.01372,0.12618,
1403637223188318976,-0.81927,-1.81215,-0.49062,0.01376,0.83627,-0.04094,0.54662,-0.11528,-0.00320,0.21317,
1403637223288319232,-0.82328,-1.81287,-0.46317,0.01409,0.83310,-0.03762,0.55166,-0.04459,-0.01735,0.30286,
1403637223388318976,-0.82136,-1.81429,-0.42871,0.01461,0.82808,-0.03338,0.55943,0.01751,-0.02294,0.36316,
1403637223488318976,-0.81552,-1.81604,-0.38825,0.01416,0.82418,-0.03023,0.56534,0.05310,-0.02220,0.41735,
1403637223588318976,-0.80466,-1.81597,-0.34843,0.01459,0.82129,-0.02810,0.56963,0.07873,-0.02314,0.38231,
1403637223688318976,-0.79604,-1.81751,-0.31377,0.01483,0.81969,-0.02676,0.57199,0.08719,-0.01854,0.30743,
1403637223788319232,-0.78674,-1.81942,-0.28605,0.01516,0.81889,-0.02577,0.57316,0.09853,-0.01040,0.23665,
1403637223888318976,-0.77557,-1.81930,-0.26571,0.01599,0.81798,-0.02506,0.57447,0.10603,-0.00588,0.17731,
1403637223988318976,-0.76621,-1.81949,-0.25242,0.01679,0.81754,-0.02458,0.57510,0.09774,-0.00076,0.10111,
1403637224088318976,-0.75780,-1.81970,-0.24553,0.01682,0.81746,-0.02482,0.57521,0.09065,0.00800,0.04204,
1403637224188318976,-0.74926,-1.81912,-0.24433,0.01801,0.81695,-0.02428,0.57592,0.09112,0.02396,-0.02563,
1403637224288319232,-0.74197,-1.81824,-0.25060,0.01936,0.81604,-0.02348,0.57720,0.06886,0.02767,-0.09197,
1403637224388318976,-0.73595,-1.81655,-0.26223,0.01975,0.81580,-0.02307,0.57753,0.05826,0.03647,-0.13869,
1403637224488318976,-0.73108,-1.81472,-0.27902,0.02126,0.81553,-0.02210,0.57790,0.05192,0.05327,-0.18889,
1403637224588318976,-0.72634,-1.81127,-0.30055,0.02108,0.81487,-0.02234,0.57883,0.04272,0.06547,-0.20485,
1403637224688318976,-0.72294,-1.80563,-0.31872,0.01475,0.81413,-0.02645,0.57990,0.02150,0.07381,-0.14911,
1403637224788319232,-0.72124,-1.80004,-0.33104,0.00959,0.81510,-0.03004,0.57846,-0.01953,0.05572,-0.08982,
1403637224888318976,-0.72103,-1.79545,-0.33658,0.01208,0.81472,-0.02857,0.57903,-0.03288,0.03558,-0.05897,
1403637224988318976,-0.72079,-1.79100,-0.34488,0.01720,0.81424,-0.02524,0.57972,-0.04258,0.04261,-0.13006,
1403637225088318976,-0.72226,-1.78588,-0.35944,0.01987,0.81421,-0.02335,0.57976,-0.05311,0.05359,-0.17258,
1403637225188318976,-0.72485,-1.77943,-0.37893,0.02084,0.81312,-0.02219,0.58130,-0.07223,0.06349,-0.23698,
1403637225288319232,-0.72940,-1.77201,-0.40282,0.02000,0.81280,-0.02148,0.58181,-0.07623,0.08859,-0.23315,
1403637225388318976,-0.73598,-1.76306,-0.42451,0.02032,0.81169,-0.02025,0.58338,-0.08757,0.10387,-0.17906,
1403637225488318976,-0.74556,-1.75157,-0.43935,0.02012,0.81060,-0.01915,0.58494,-0.15067,0.11956,-0.09529,
1403637225588318976,-0.75801,-1.73858,-0.44547,0.01992,0.81169,-0.01782,0.58348,-0.16742,0.13634,-0.02559,
1403637225688318976,-0.77230,-1.72412,-0.44346,0.01952,0.81516,-0.01732,0.57865,-0.16229,0.15723,0.06169,
1403637225788319232,-0.78695,-1.70698,-0.43415,0.02007,0.81865,-0.01651,0.57371,-0.14285,0.17260,0.13845,
1403637225888318976,-0.79748,-1.68550,-0.41654,0.01931,0.82220,-0.01697,0.56862,-0.10889,0.20937,0.24883,
1403637225988318976,-0.81129,-1.66465,-0.38790,0.01890,0.81868,-0.01656,0.57371,-0.10131,0.21914,0.32469,
1403637226088318976,-0.82298,-1.64146,-0.35542,0.01853,0.81449,-0.01619,0.57966,-0.11355,0.23643,0.30848,
1403637226188318976,-0.83677,-1.61598,-0.32925,0.01843,0.81176,-0.01618,0.58347,-0.13162,0.25769,0.24202,
1403637226288319232,-0.85326,-1.58880,-0.30993,0.01930,0.81168,-0.01555,0.58357,-0.16540,0.26993,0.16477,
1403637226388318976,-0.87095,-1.56075,-0.29675,0.02037,0.81675,-0.01491,0.57644,-0.18462,0.28882,0.10994,
1403637226488318976,-0.88974,-1.53073,-0.28966,0.02041,0.82411,-0.01520,0.56585,-0.18248,0.30490,0.05981,
1403637226588318976,-0.90576,-1.49971,-0.28470,0.02193,0.82831,-0.01396,0.55966,-0.14637,0.32286,0.03485,
1403637226688318976,-0.91842,-1.46649,-0.28434,0.02161,0.82979,-0.01431,0.55748,-0.12495,0.34270,-0.01471,
1403637226788319232,-0.92806,-1.43206,-0.28733,0.01967,0.83061,-0.01504,0.55630,-0.08214,0.35189,-0.05690,
1403637226888318976,-0.93143,-1.39422,-0.29521,0.01781,0.83012,-0.01696,0.55704,-0.03103,0.37483,-0.09463,
1403637226988318976,-0.93207,-1.35587,-0.30448,0.01071,0.82857,-0.02294,0.55931,0.02092,0.37787,-0.12080,
1403637227088318976,-0.92788,-1.31742,-0.31546,-0.00212,0.82561,-0.03287,0.56328,0.05990,0.35296,-0.09508,
1403637227188318976,-0.92241,-1.28376,-0.32241,-0.00933,0.82328,-0.03946,0.56619,0.08199,0.29887,-0.02070,
1403637227288319232,-0.91832,-1.25826,-0.31838,-0.00529,0.82239,-0.03793,0.56764,0.06360,0.24180,0.05680,
1403637227388318976,-0.91130,-1.23717,-0.30856,0.00291,0.82278,-0.03378,0.56734,0.09699,0.19493,0.08768,
1403637227488318976,-0.90216,-1.21942,-0.30043,0.00828,0.82418,-0.03111,0.56542,0.11040,0.17106,0.03859,
1403637227588318976,-0.89279,-1.20383,-0.29777,0.00853,0.82493,-0.03282,0.56422,0.11636,0.15706,-0.02279,
1403637227688318976,-0.88132,-1.19036,-0.30100,0.00427,0.82527,-0.03707,0.56350,0.13840,0.12861,-0.07284,
1403637227788319232,-0.86965,-1.17980,-0.30749,0.00026,0.82529,-0.04057,0.56325,0.15228,0.08691,-0.10396,
1403637227888318976,-0.85319,-1.17272,-0.31840,0.00394,0.82256,-0.03864,0.56735,0.16805,0.05455,-0.11648,
1403637227988318976,-0.83646,-1.16831,-0.33159,0.01098,0.81674,-0.03360,0.57592,0.15874,0.03599,-0.15278,
1403637228088318976,-0.82062,-1.16451,-0.34784,0.01605,0.81244,-0.02918,0.58209,0.14515,0.03604,-0.17710,
1403637228188318976,-0.80732,-1.16088,-0.36474,0.01614,0.80962,-0.02727,0.58610,0.11881,0.04081,-0.16052,
1403637228288319232,-0.79741,-1.15696,-0.37697,0.01616,0.80805,-0.02545,0.58834,0.07849,0.04521,-0.08613,
1403637228388318976,-0.79130,-1.15273,-0.38111,0.01722,0.80771,-0.02335,0.58886,0.04188,0.04656,-0.01493,
1403637228488318976,-0.78900,-1.14667,-0.37890,0.01939,0.80674,-0.02101,0.59021,-0.00407,0.06724,0.05217,
1403637228588318976,-0.79150,-1.13902,-0.36916,0.02252,0.80585,-0.01780,0.59143,-0.04157,0.08220,0.10643,
1403637228688318976,-0.79786,-1.12873,-0.35416,0.02319,0.80801,-0.01707,0.58846,-0.08779,0.11196,0.13568,
1403637228788319232,-0.80906,-1.11589,-0.34071,0.01857,0.81343,-0.02058,0.58100,-0.11140,0.14336,0.09985,
1403637228888318976,-0.82108,-1.10171,-0.33233,0.01327,0.81793,-0.02495,0.57462,-0.11460,0.14407,0.06257,
1403637228988318976,-0.83238,-1.08782,-0.32765,0.01638,0.81787,-0.02375,0.57468,-0.11680,0.14306,0.03345,
1403637229088318976,-0.84456,-1.07236,-0.32672,0.02057,0.81505,-0.02106,0.57864,-0.12708,0.15410,-0.01020,
1403637229188318976,-0.85872,-1.05680,-0.32926,0.02415,0.81206,-0.01852,0.58278,-0.14908,0.17068,-0.05175,
1403637229288319232,-0.87389,-1.03810,-0.33730,0.02686,0.81139,-0.01884,0.58358,-0.16245,0.19395,-0.09533,
1403637229388318976,-0.89225,-1.01834,-0.34975,0.02928,0.81391,-0.02736,0.57961,-0.19610,0.20081,-0.16167,
1403637229488318976,-0.91315,-0.99728,-0.36769,0.02640,0.82058,-0.04934,0.56878,-0.23172,0.19853,-0.19450,
1403637229588318976,-0.93461,-0.97899,-0.38740,0.02419,0.82522,-0.07937,0.55868,-0.20553,0.15516,-0.20479,
1403637229688318976,-0.95232,-0.96863,-0.40842,0.02902,0.82636,-0.11159,0.55121,-0.16276,0.08007,-0.21354,
1403637229788319232,-0.96647,-0.96591,-0.43043,0.05159,0.82309,-0.13506,0.54920,-0.11921,-0.01471,-0.21085,
1403637229888318976,-0.97637,-0.97052,-0.45279,0.08503,0.81430,-0.15194,0.55371,-0.09173,-0.06488,-0.21596,
1403637229988318976,-0.98410,-0.97783,-0.47622,0.11573,0.80434,-0.17047,0.55730,-0.05751,-0.07871,-0.24835,
1403637230088318976,-0.98956,-0.98334,-0.50184,0.13516,0.79925,-0.19496,0.55220,-0.06809,-0.04475,-0.22900,
1403637230188318976,-0.99556,-0.98799,-0.52305,0.14669,0.79727,-0.22058,0.54239,-0.03815,-0.04613,-0.17449,
1403637230288319232,-0.99684,-0.99341,-0.53442,0.15848,0.79520,-0.23681,0.53522,0.01486,-0.05459,-0.07645,
1403637230388318976,-0.99297,-0.99960,-0.53588,0.16743,0.79061,-0.24593,0.53518,0.07077,-0.05970,0.01377,
1403637230488318976,-0.98502,-1.00572,-0.52719,0.17689,0.78222,-0.24865,0.54315,0.10288,-0.05094,0.10131,
1403637230588318976,-0.97496,-1.01019,-0.51220,0.18570,0.77264,-0.25133,0.55261,0.10439,-0.04129,0.16621,
1403637230688318976,-0.96720,-1.01276,-0.49251,0.19201,0.76351,-0.26272,0.55782,0.06887,-0.01620,0.21293,
1403637230788319232,-0.96593,-1.01280,-0.46982,0.19529,0.75995,-0.28247,0.55185,0.02462,0.01493,0.23251,
1403637230888318976,-0.96915,-1.01156,-0.44738,0.19798,0.75964,-0.30972,0.53649,-0.01263,0.00113,0.18502,
1403637230988318976,-0.97440,-1.01257,-0.43077,0.20636,0.75579,-0.33872,0.52102,-0.04174,-0.02893,0.13079,
1403637231088318976,-0.98185,-1.01813,-0.41987,0.22106,0.74659,-0.36823,0.50808,-0.06397,-0.06376,0.04675,
1403637231188318976,-0.99047,-1.02950,-0.42119,0.23815,0.73216,-0.39958,0.49755,-0.07403,-0.13321,-0.10627,
1403637231288319232,-0.99934,-1.04700,-0.43741,0.25711,0.71329,-0.43238,0.48801,-0.09197,-0.18421,-0.26464,
1403637231388318976,-1.01002,-1.07064,-0.46688,0.27916,0.69014,-0.46460,0.47950,-0.11345,-0.23211,-0.40188,
1403637231488318976,-1.02142,-1.09928,-0.51309,0.29864,0.66454,-0.49892,0.46935,-0.14115,-0.27124,-0.57012,
1403637231588318976,-1.04081,-1.13409,-0.57477,0.31416,0.63886,-0.53543,0.45440,-0.20006,-0.31293,-0.69283,
1403637231688318976,-1.06427,-1.17299,-0.64273,0.33571,0.61481,-0.56522,0.43569,-0.25921,-0.36953,-0.66052,
1403637231788319232,-1.09253,-1.21883,-0.70406,-0.35594,-0.58907,0.59077,-0.42107,-0.30241,-0.44750,-0.59336,
1403637231888318976,-1.12507,-1.27067,-0.75697,-0.37100,-0.56732,0.61389,-0.40454,-0.35308,-0.49012,-0.50377,
1403637231988318976,-1.16147,-1.32715,-0.80035,-0.38270,-0.54568,0.63436,-0.39162,-0.40821,-0.57057,-0.37935,
1403637232088318976,-1.20576,-1.38859,-0.83202,-0.40187,-0.51690,0.64732,-0.39025,-0.48670,-0.62917,-0.24805,
1403637232188318976,-1.25638,-1.44957,-0.85767,-0.41988,-0.48876,0.65871,-0.38847,-0.55939,-0.57687,-0.19131,
1403637232288319232,-1.31714,-1.50708,-0.87699,-0.43535,-0.46872,0.66926,-0.37796,-0.63653,-0.54729,-0.12395,
1403637232388318976,-1.38627,-1.56110,-0.88936,-0.45388,-0.45137,0.67661,-0.36395,-0.70383,-0.51031,-0.06240,
1403637232488318976,-1.46099,-1.61094,-0.89666,-0.46643,-0.43163,0.68739,-0.35161,-0.74608,-0.44973,-0.04326,
1403637232588318976,-1.53912,-1.65512,-0.89966,-0.46322,-0.40863,0.70866,-0.34095,-0.79668,-0.39147,0.00734,
1403637232688318976,-1.62537,-1.69260,-0.89543,-0.45916,-0.38522,0.72994,-0.32858,-0.88327,-0.35117,0.06818,
1403637232788319232,-1.71962,-1.72443,-0.88617,-0.45457,-0.36381,0.74966,-0.31466,-0.98770,-0.28417,0.12304,
1403637232888318976,-1.82660,-1.75363,-0.87201,-0.45179,-0.35271,0.76395,-0.29641,-1.11575,-0.28170,0.19101,
1403637232988318976,-1.94690,-1.78504,-0.85121,-0.45025,-0.34868,0.77321,-0.27900,-1.23960,-0.29009,0.23356,
1403637233088318976,-2.07932,-1.81774,-0.82478,-0.44951,-0.34952,0.77848,-0.26408,-1.36243,-0.33584,0.28295,
1403637233188318976,-2.22240,-1.85693,-0.79805,-0.44566,-0.35326,0.78290,-0.25230,-1.46594,-0.38852,0.24435,
1403637233288319232,-2.37582,-1.90327,-0.77710,-0.44060,-0.35758,0.78621,-0.24472,-1.57029,-0.46627,0.17831,
1403637233388318976,-2.53766,-1.95718,-0.76199,-0.43376,-0.36248,0.78925,-0.23988,-1.68120,-0.57384,0.09727,
1403637233488318976,-2.70932,-2.02202,-0.75787,-0.43434,-0.37206,0.78707,-0.23115,-1.78464,-0.67779,-0.01823,
1403637233588318976,-2.88643,-2.09507,-0.76536,-0.45723,-0.39104,0.76947,-0.21436,-1.83776,-0.78500,-0.10858,
1403637233688318976,-3.06628,-2.18175,-0.78562,-0.49147,-0.40923,0.74272,-0.19839,-1.82363,-0.94094,-0.23442,
1403637233788319232,-3.23397,-2.28088,-0.81628,0.51986,0.42200,-0.71906,0.18608,-1.70575,-1.07552,-0.30963,
1403637233888318976,-3.39131,-2.39535,-0.85181,0.53649,0.42887,-0.70456,0.17845,-1.53338,-1.21336,-0.35316,
1403637233988318976,-3.52732,-2.52249,-0.89148,0.54414,0.43345,-0.69748,0.17190,-1.31221,-1.35060,-0.39715,
1403637234088318976,-3.64661,-2.66429,-0.93241,0.55392,0.43813,-0.68836,0.16544,-1.08614,-1.47450,-0.42713,
1403637234188318976,-3.74360,-2.81825,-0.97665,0.56486,0.44224,-0.67860,0.15770,-0.81282,-1.60447,-0.45169,
1403637234288319232,-3.81369,-2.98516,-1.02468,0.57027,0.43936,-0.67542,0.15986,-0.54844,-1.72584,-0.51599,
1403637234388318976,-3.85812,-3.16530,-1.07632,0.57049,0.43117,-0.67728,0.17300,-0.28300,-1.84668,-0.53600,
1403637234488318976,-3.87293,-3.35477,-1.12793,0.56636,0.42394,-0.67944,0.19462,-0.02737,-1.92901,-0.54331,
1403637234588318976,-3.86588,-3.54913,-1.18200,0.56099,0.41958,-0.67867,0.22055,0.18769,-1.96406,-0.57622,
1403637234688318976,-3.84054,-3.74514,-1.24160,0.55485,0.42042,-0.67498,0.24453,0.36069,-1.95045,-0.61723,
1403637234788319232,-3.79804,-3.93859,-1.30656,0.54390,0.42328,-0.67232,0.27017,0.50795,-1.91706,-0.67114,
1403637234888318976,-3.74071,-4.12621,-1.37312,0.52980,0.42770,-0.66991,0.29599,0.63739,-1.84612,-0.64400,
1403637234988318976,-3.67254,-4.30667,-1.43481,0.51699,0.43592,-0.66430,0.31843,0.70445,-1.75386,-0.56811,
1403637235088318976,-3.59756,-4.47511,-1.48777,0.50980,0.45116,-0.65357,0.33077,0.76875,-1.66517,-0.50529,
1403637235188318976,-3.51613,-4.63694,-1.53309,0.50259,0.46819,-0.64161,0.34138,0.83031,-1.57766,-0.41441,
1403637235288319232,-3.42844,-4.78587,-1.56996,-0.49408,-0.48368,0.63295,-0.34830,0.89086,-1.45169,-0.35187,
1403637235388318976,-3.33566,-4.92492,-1.60297,-0.48025,-0.49853,0.63289,-0.34681,0.93541,-1.38125,-0.30518,
1403637235488318976,-3.23779,-5.05726,-1.63032,-0.46241,-0.51207,0.63667,-0.34441,0.98950,-1.33919,-0.24527,
1403637235588318976,-3.13587,-5.18831,-1.65032,-0.44939,-0.52495,0.63572,-0.34400,1.01509,-1.32624,-0.16399,
1403637235688318976,-3.03090,-5.31903,-1.66124,-0.44336,-0.53535,0.62826,-0.34945,1.05375,-1.31766,-0.06662,
1403637235788319232,-2.92421,-5.45184,-1.66209,-0.44919,-0.54571,0.61044,-0.35747,1.08634,-1.31680,0.03395,
1403637235888318976,-2.80996,-5.58298,-1.65470,-0.46237,-0.55902,0.58477,-0.36298,1.17264,-1.28784,0.10107,
1403637235988318976,-2.68409,-5.71171,-1.64370,0.46792,0.57585,-0.56284,0.36423,1.29946,-1.23829,0.14326,
1403637236088318976,-2.54496,-5.83478,-1.62678,0.46680,0.59193,-0.54458,0.36764,1.45670,-1.16301,0.20663,
1403637236188318976,-2.38977,-5.95070,-1.60340,0.46081,0.60767,-0.52909,0.37210,1.61541,-1.09828,0.26997,
1403637236288319232,-2.21824,-6.05892,-1.57237,0.45315,0.62053,-0.51447,0.38068,1.78306,-1.01612,0.34222,
1403637236388318976,-2.03157,-6.15714,-1.53335,0.44183,0.63131,-0.50187,0.39289,1.93898,-0.91805,0.39226,
1403637236488318976,-1.82987,-6.25011,-1.48851,0.42823,0.63809,-0.49334,0.40752,2.07122,-0.86922,0.44722,
1403637236588318976,-1.61775,-6.33742,-1.44215,0.41882,0.64125,-0.48713,0.41963,2.15523,-0.80646,0.41926,
1403637236688318976,-1.39747,-6.41713,-1.39993,0.41657,0.64163,-0.47957,0.42988,2.23503,-0.72107,0.36197,
1403637236788319232,-1.16757,-6.48771,-1.36113,0.41563,0.64051,-0.46862,0.44429,2.32270,-0.61292,0.36754,
1403637236888318976,-0.92973,-6.54459,-1.31789,0.41098,0.63828,-0.45591,0.46458,2.39703,-0.47953,0.44202,
1403637236988318976,-0.68943,-6.58495,-1.26830,0.40904,0.63299,-0.44033,0.48798,2.41173,-0.32256,0.49902,
1403637237088318976,-0.44818,-6.60830,-1.21151,0.40832,0.62440,-0.42601,0.51178,2.40772,-0.10437,0.56884,
1403637237188318976,-0.20666,-6.61069,-1.14827,0.40076,0.61848,-0.41460,0.53384,2.37523,0.12837,0.64361,
1403637237288319232,0.02757,-6.58755,-1.07856,0.38544,0.62253,-0.40659,0.54642,2.30228,0.37306,0.70251,
1403637237388318976,0.25144,-6.53835,-1.00276,0.37217,0.62988,-0.40026,0.55184,2.19691,0.61473,0.77978,
1403637237488318976,0.46449,-6.46302,-0.92200,0.36149,0.63510,-0.39550,0.55638,2.07956,0.84945,0.83919,
1403637237588318976,0.66428,-6.36556,-0.83492,0.35135,0.63838,-0.39370,0.56038,1.94682,1.07248,0.91639,
1403637237688318976,0.84917,-6.24600,-0.74213,0.34073,0.63778,-0.39426,0.56718,1.79697,1.26828,0.96352,
1403637237788319232,1.02194,-6.10837,-0.65015,0.32922,0.63722,-0.39895,0.57132,1.65367,1.43016,0.90975,
1403637237888318976,1.17557,-5.95510,-0.56654,0.31909,0.63761,-0.41040,0.56851,1.47966,1.56895,0.81974,
1403637237988318976,1.31360,-5.78977,-0.49133,0.31192,0.63654,-0.42824,0.56047,1.30093,1.69306,0.72088,
1403637238088318976,1.43564,-5.61587,-0.42464,0.30210,0.63206,-0.45441,0.55023,1.13618,1.74374,0.64210,
1403637238188318976,1.54251,-5.43775,-0.36231,0.29445,0.62155,-0.48493,0.54021,0.95488,1.77458,0.60827,
1403637238288319232,1.63054,-5.25857,-0.30330,0.28994,0.60405,-0.51835,0.53139,0.75486,1.78471,0.55577,
1403637238388318976,1.69328,-5.08088,-0.25083,0.29006,0.58140,-0.55196,0.52267,0.51438,1.76965,0.50547,
1403637238488318976,1.72877,-4.90426,-0.20299,-0.29633,-0.55542,0.58303,-0.51358,0.24874,1.75359,0.46751,
1403637238588318976,1.73651,-4.72838,-0.15911,-0.30499,-0.53237,0.61105,-0.50018,-0.01081,1.76607,0.40444,
1403637238688318976,1.71931,-4.55411,-0.12130,-0.29997,-0.51793,0.64077,-0.48082,-0.28671,1.72600,0.36154,
1403637238788319232,1.67509,-4.38548,-0.08692,-0.28582,-0.51402,0.66794,-0.45602,-0.57073,1.63593,0.33686,
1403637238888318976,1.60263,-4.22950,-0.05378,-0.26842,-0.51480,0.69130,-0.43015,-0.88227,1.49051,0.33812,
1403637238988318976,1.49843,-4.09206,-0.02022,-0.25344,-0.51921,0.70855,-0.40516,-1.20865,1.26631,0.35326,
1403637239088318976,1.36228,-3.98327,0.01823,-0.25828,-0.52724,0.71255,-0.38417,-1.54298,0.95811,0.42320,
1403637239188318976,1.19604,-3.90168,0.06114,-0.28693,-0.53279,0.70386,-0.37201,-1.80143,0.67847,0.44292,
1403637239288319232,1.00577,-3.84354,0.10399,-0.31873,-0.52912,0.69498,-0.36802,-1.98169,0.46658,0.41878,
1403637239388318976,0.79872,-3.80352,0.14013,-0.33910,-0.51818,0.69567,-0.36407,-2.12941,0.30512,0.32570,
1403637239488318976,0.57890,-3.77614,0.16380,-0.35428,-0.50191,0.70328,-0.35774,-2.23448,0.20041,0.17477,
1403637239588318976,0.34922,-3.75932,0.17157,-0.37195,-0.48212,0.71216,-0.34934,-2.34317,0.11060,-0.01372,
1403637239688318976,0.11016,-3.75510,0.15945,-0.39086,-0.46065,0.72133,-0.33868,-2.44403,0.02534,-0.17439,
1403637239788319232,-0.13873,-3.75684,0.13376,-0.42088,-0.43759,0.72314,-0.32931,-2.51973,-0.03361,-0.29810,
1403637239888318976,-0.39307,-3.76408,0.09480,-0.45585,-0.41498,0.72088,-0.31673,-2.55379,-0.06151,-0.42548,
1403637239988318976,-0.64858,-3.77125,0.04761,-0.48305,-0.39104,0.72249,-0.30293,-2.56112,-0.05941,-0.48786,
1403637240088318976,-0.90490,-3.77490,-0.00686,0.50257,0.36685,-0.72816,0.28745,-2.53876,-0.02311,-0.54998,
1403637240188318976,-1.15854,-3.77410,-0.06471,0.51433,0.34254,-0.73835,0.27013,-2.49811,0.02162,-0.57191,
1403637240288319232,-1.40490,-3.77243,-0.12973,0.51642,0.32256,-0.75274,0.25030,-2.45798,0.03611,-0.62626,
1403637240388318976,-1.64610,-3.76973,-0.19620,0.51039,0.31226,-0.76799,0.22845,-2.42584,0.04392,-0.60082,
1403637240488318976,-1.88484,-3.76950,-0.25681,0.50341,0.30971,-0.77981,0.20629,-2.42299,-0.01420,-0.51039,
1403637240588318976,-2.12113,-3.77586,-0.30971,0.50101,0.30703,-0.78543,0.19445,-2.41374,-0.09848,-0.43177,
1403637240688318976,-2.35821,-3.78844,-0.35171,0.50336,0.30689,-0.78551,0.18821,-2.40704,-0.16813,-0.34812,
1403637240788319232,-2.59729,-3.80851,-0.38400,0.50899,0.30618,-0.78229,0.18765,-2.40183,-0.26016,-0.25842,
1403637240888318976,-2.83714,-3.83610,-0.40804,0.52734,0.30760,-0.76892,0.18988,-2.38008,-0.32853,-0.16373,
1403637240988318976,-3.07051,-3.86922,-0.42926,0.54014,0.30895,-0.75870,0.19281,-2.30496,-0.36543,-0.17118,
1403637241088318976,-3.29448,-3.90563,-0.45662,0.53834,0.30948,-0.75878,0.19664,-2.21645,-0.39709,-0.26480,
1403637241188318976,-3.51002,-3.94369,-0.49123,0.53497,0.31250,-0.75954,0.19813,-2.15221,-0.42031,-0.32883,
1403637241288319232,-3.71536,-3.98456,-0.52913,0.53664,0.31937,-0.75659,0.19389,-2.08645,-0.46628,-0.37250,
1403637241388318976,-3.91480,-4.02961,-0.57042,0.54049,0.32623,-0.75197,0.18968,-1.99380,-0.49876,-0.41312,
1403637241488318976,-4.10431,-4.07991,-0.61157,0.54489,0.33331,-0.74709,0.18402,-1.87816,-0.54541,-0.37843,
1403637241588318976,-4.28242,-4.13642,-0.64851,0.55269,0.33957,-0.73957,0.17964,-1.74298,-0.62088,-0.31638,
1403637241688318976,-4.44479,-4.20062,-0.67736,0.56072,0.34083,-0.73234,0.18196,-1.60449,-0.69780,-0.25136,
1403637241788319232,-4.59154,-4.27019,-0.69952,0.56996,0.34031,-0.72443,0.18582,-1.41673,-0.73209,-0.21035,
1403637241888318976,-4.72213,-4.34359,-0.71516,0.57557,0.33393,-0.71995,0.19716,-1.22219,-0.75654,-0.11632,
1403637241988318976,-4.83435,-4.41735,-0.72293,0.57877,0.32196,-0.71721,0.21674,-1.06069,-0.73781,-0.07517,
1403637242088318976,-4.93311,-4.48658,-0.72587,0.58167,0.31796,-0.71524,0.22134,-0.92134,-0.68471,-0.02573,
1403637242188318976,-5.01522,-4.55146,-0.72462,0.58096,0.32233,-0.71658,0.21238,-0.76495,-0.64982,0.04547,
1403637242288319232,-5.07934,-4.61429,-0.71715,0.58152,0.32698,-0.71678,0.20287,-0.59612,-0.62313,0.07654,
1403637242388318976,-5.12614,-4.67433,-0.71220,0.58707,0.33240,-0.71287,0.19152,-0.42835,-0.61267,0.01165,
1403637242488318976,-5.15782,-4.73518,-0.71409,0.59431,0.33613,-0.70728,0.18321,-0.24616,-0.61515,-0.06009,
1403637242588318976,-5.16800,-4.79540,-0.71845,0.59771,0.33874,-0.70271,0.18491,-0.01722,-0.63351,-0.05178,
1403637242688318976,-5.15895,-4.85925,-0.71873,0.59341,0.34508,-0.70025,0.19605,0.20151,-0.64944,-0.00481,
1403637242788319232,-5.12857,-4.92580,-0.71443,0.58504,0.35151,-0.69817,0.21616,0.40086,-0.64306,0.07600,
1403637242888318976,-5.07832,-4.98659,-0.70118,0.58025,0.35546,-0.69374,0.23598,0.57314,-0.59101,0.13951,
1403637242988318976,-5.01454,-5.04607,-0.68268,0.58056,0.36113,-0.68681,0.24664,0.70481,-0.55290,0.18961,
1403637243088318976,-4.93751,-5.10183,-0.66502,0.57853,0.37011,-0.68407,0.24569,0.83989,-0.49282,0.14546,
1403637243188318976,-4.84617,-5.15058,-0.65492,0.57221,0.37737,-0.68656,0.24250,0.98232,-0.45656,0.05155,
1403637243288319232,-4.74079,-5.19622,-0.65170,0.56127,0.37951,-0.69379,0.24414,1.09802,-0.43108,-0.00559,
1403637243388318976,-4.62464,-5.23749,-0.65467,0.55370,0.37940,-0.69901,0.24669,1.20355,-0.39706,-0.07075,
1403637243488318976,-4.49849,-5.27523,-0.65978,0.55059,0.37768,-0.70158,0.24898,1.30757,-0.36315,-0.04357,
1403637243588318976,-4.36247,-5.31169,-0.66140,0.54321,0.37533,-0.70762,0.25163,1.39450,-0.34218,-0.01849,
1403637243688318976,-4.22122,-5.34880,-0.65637,0.53195,0.37305,-0.71663,0.25359,1.43503,-0.34422,0.09425,
1403637243788319232,-4.07751,-5.38422,-0.64237,0.52064,0.36743,-0.72584,0.25900,1.44365,-0.34722,0.16684,
1403637243888318976,-3.93446,-5.41775,-0.62025,0.50720,0.35999,-0.73636,0.26630,1.42106,-0.31547,0.26310,
1403637243988318976,-3.79508,-5.44773,-0.58896,0.50069,0.35503,-0.74177,0.27024,1.37152,-0.28283,0.37204,
1403637244088318976,-3.66320,-5.47555,-0.54823,0.50051,0.35289,-0.74310,0.26974,1.30575,-0.25035,0.45787,
1403637244188318976,-3.53861,-5.50111,-0.50109,0.50324,0.35216,-0.74243,0.26744,1.23317,-0.24144,0.51001,
1403637244288319232,-3.41894,-5.52568,-0.44710,0.50363,0.35066,-0.74314,0.26670,1.17806,-0.23369,0.56553,
1403637244388318976,-3.30546,-5.54789,-0.38935,-0.49965,-0.35085,0.74610,-0.26568,1.14168,-0.20071,0.59442,
1403637244488318976,-3.19821,-5.56902,-0.32572,-0.49575,-0.35792,0.74593,-0.26405,1.06656,-0.21180,0.65228,
1403637244588318976,-3.09595,-5.59191,-0.26094,-0.49555,-0.37370,0.74003,-0.25910,1.01035,-0.23158,0.62466,
1403637244688318976,-2.99647,-5.61786,-0.20291,-0.49348,-0.39165,0.73311,-0.25618,0.98562,-0.26624,0.55329,
1403637244788319232,-2.90075,-5.64727,-0.15172,-0.48986,-0.40602,0.72703,-0.25810,0.96576,-0.30964,0.48055,
1403637244888318976,-2.80684,-5.68086,-0.10544,-0.48638,-0.41598,0.72247,-0.26159,0.94256,-0.36090,0.43500,
1403637244988318976,-2.71386,-5.72120,-0.06390,-0.47965,-0.42141,0.72196,-0.26667,0.92021,-0.41677,0.38114,
1403637245088318976,-2.62240,-5.76480,-0.02880,-0.46455,-0.41941,0.72954,-0.27579,0.89276,-0.45993,0.29587,
1403637245188318976,-2.53772,-5.81430,0.00017,-0.44910,-0.41733,0.73829,-0.28120,0.79647,-0.52343,0.25783,
1403637245288319232,-2.46355,-5.86900,0.02644,-0.45422,-0.42110,0.73419,-0.27807,0.69704,-0.59440,0.25245,
1403637245388318976,-2.39453,-5.92824,0.05010,-0.46448,-0.42565,0.72700,-0.27303,0.64816,-0.65537,0.20807,
1403637245488318976,-2.33066,-5.99485,0.06716,-0.46958,-0.43136,0.72090,-0.27152,0.63044,-0.72293,0.15642,
1403637245588318976,-2.26740,-6.06742,0.07978,-0.46911,-0.43964,0.71516,-0.27424,0.61874,-0.77577,0.09245,
1403637245688318976,-2.20766,-6.14685,0.08646,-0.46404,-0.45058,0.70933,-0.28018,0.60724,-0.83098,0.04036,
1403637245788319232,-2.14835,-6.23378,0.08924,-0.46277,-0.46165,0.69708,-0.29463,0.60132,-0.90031,0.01452,
1403637245888318976,-2.08729,-6.32500,0.08763,-0.46574,-0.47537,0.67661,-0.31515,0.62041,-0.92298,-0.04548,
1403637245988318976,-2.02486,-6.41712,0.08013,-0.46195,-0.49420,0.65516,-0.33635,0.63751,-0.91661,-0.10322,
1403637246088318976,-1.96000,-6.50924,0.06791,-0.45269,-0.51772,0.63175,-0.35768,0.66933,-0.90989,-0.15633,
1403637246188318976,-1.89186,-6.60012,0.05008,-0.43915,-0.54459,0.60548,-0.37944,0.69299,-0.87657,-0.21404,
1403637246288319232,-1.82089,-6.68875,0.02755,-0.42159,-0.57275,0.57733,-0.40114,0.72481,-0.85399,-0.24879,
1403637246388318976,-1.74791,-6.77487,0.00202,0.40509,0.60223,-0.54422,0.42077,0.73714,-0.81335,-0.26713,
1403637246488318976,-1.67158,-6.85753,-0.02601,0.39203,0.63104,-0.50702,0.43707,0.77146,-0.77284,-0.32444,
1403637246588318976,-1.59260,-6.93382,-0.05824,0.37980,0.65290,-0.47031,0.45638,0.80368,-0.69295,-0.36426,
1403637246688318976,-1.50983,-7.00142,-0.09397,0.36595,0.66905,-0.43592,0.47794,0.84519,-0.59166,-0.36859,
1403637246788319232,-1.42145,-7.05603,-0.12829,0.35021,0.68474,-0.40410,0.49517,0.88749,-0.47021,-0.32666,
1403637246888318976,-1.33226,-7.10091,-0.15656,0.33148,0.70077,-0.37585,0.50772,0.90746,-0.32390,-0.25321,
1403637246988318976,-1.23807,-7.13187,-0.17976,0.30876,0.71931,-0.35684,0.50983,0.93049,-0.21140,-0.20079,
1403637247088318976,-1.14212,-7.15012,-0.19760,0.28829,0.73405,-0.34706,0.50756,0.94466,-0.12931,-0.18378,
1403637247188318976,-1.04563,-7.16092,-0.21642,0.27165,0.74379,-0.34417,0.50451,0.95058,-0.06686,-0.22764,
1403637247288319232,-0.94697,-7.16563,-0.24074,0.26167,0.74690,-0.34368,0.50552,0.96443,-0.01677,-0.27035,
1403637247388318976,-0.84487,-7.16784,-0.26604,0.26547,0.73748,-0.33797,0.52098,1.00360,0.00752,-0.23729,
1403637247488318976,-0.73959,-7.16883,-0.29238,0.27221,0.72512,-0.33291,0.53784,1.00353,0.05781,-0.31162,
1403637247588318976,-0.63768,-7.16087,-0.32712,0.27331,0.72482,-0.32953,0.53977,0.98454,0.15936,-0.38177,
1403637247688318976,-0.53887,-7.14114,-0.36436,0.27509,0.72863,-0.31936,0.53984,0.96970,0.25564,-0.39167,
1403637247788319232,-0.44156,-7.10897,-0.40008,0.27818,0.73490,-0.30387,0.53870,0.97263,0.36881,-0.35697,
1403637247888318976,-0.34457,-7.06441,-0.42996,0.27425,0.73941,-0.28974,0.54232,0.98531,0.51531,-0.25591,
1403637247988318976,-0.24794,-7.00443,-0.44949,0.25942,0.73964,-0.28028,0.55414,0.96297,0.65558,-0.20867,
1403637248088318976,-0.15756,-6.93192,-0.46348,0.24086,0.74878,-0.27266,0.55405,0.93880,0.77004,-0.14083,
1403637248188318976,-0.06993,-6.85072,-0.47313,0.22314,0.76057,-0.26518,0.54902,0.89831,0.84647,-0.14869,
1403637248288319232,0.01786,-6.76343,-0.48737,0.20991,0.76921,-0.25994,0.54468,0.88893,0.89794,-0.19011,
1403637248388318976,0.10479,-6.67248,-0.50793,0.20325,0.77281,-0.25508,0.54442,0.88333,0.92303,-0.25129,
1403637248488318976,0.18869,-6.57760,-0.53151,0.19989,0.77162,-0.25234,0.54861,0.86945,0.94861,-0.26733,
1403637248588318976,0.27383,-6.47995,-0.55340,0.20171,0.76645,-0.24912,0.55661,0.85088,0.99367,-0.21688,
1403637248688318976,0.35568,-6.37740,-0.56980,0.20302,0.76802,-0.24939,0.55383,0.80787,1.04988,-0.16849,
1403637248788319232,0.43496,-6.27011,-0.57814,0.20350,0.77305,-0.25254,0.54516,0.79430,1.09480,-0.05571,
1403637248888318976,0.51390,-6.15866,-0.57848,0.20321,0.77539,-0.25741,0.53964,0.80351,1.13032,0.01619,
1403637248988318976,0.59533,-6.04565,-0.57022,0.20224,0.77548,-0.26286,0.53725,0.79700,1.15090,0.08476,
1403637249088318976,0.67797,-5.93239,-0.55550,0.20461,0.77482,-0.26521,0.53615,0.83541,1.15052,0.14918,
1403637249188318976,0.76203,-5.81722,-0.53400,0.20636,0.77402,-0.26717,0.53566,0.85391,1.16742,0.22477,
1403637249288319232,0.84650,-5.70232,-0.50587,0.20689,0.77233,-0.26927,0.53684,0.87802,1.17408,0.27867,
1403637249388318976,0.93244,-5.58592,-0.47768,0.20870,0.77105,-0.27006,0.53759,0.89087,1.18617,0.19407,
1403637249488318976,1.01941,-5.46409,-0.46486,0.20854,0.77025,-0.27124,0.53820,0.90042,1.19811,0.01760,
1403637249588318976,1.10740,-5.34166,-0.47073,0.20767,0.76998,-0.27191,0.53858,0.89877,1.22037,-0.15749,
1403637249688318976,1.19391,-5.21693,-0.49024,0.20825,0.76852,-0.27095,0.54092,0.89694,1.23069,-0.21243,
1403637249788319232,1.27998,-5.09021,-0.50923,0.20949,0.76377,-0.26738,0.54888,0.88952,1.25367,-0.17390,
1403637249888318976,1.36395,-4.95957,-0.52332,0.20700,0.76180,-0.26138,0.55542,0.86302,1.30214,-0.12001,
1403637249988318976,1.44333,-4.82497,-0.53238,0.19695,0.76577,-0.25416,0.55696,0.82830,1.35305,-0.05798,
1403637250088318976,1.51810,-4.68966,-0.53414,0.18013,0.77078,-0.25164,0.55689,0.78751,1.35874,0.02376,
1403637250188318976,1.58948,-4.55421,-0.53088,0.16698,0.77625,-0.24574,0.55602,0.74829,1.35190,0.03186,
1403637250288319232,1.65675,-4.41963,-0.53072,0.15289,0.77904,-0.23995,0.55871,0.71066,1.32642,-0.02563,
1403637250388318976,1.72227,-4.28759,-0.53639,0.14120,0.78036,-0.23646,0.56141,0.66861,1.28145,-0.08611,
1403637250488318976,1.78436,-4.15977,-0.54774,0.12989,0.78188,-0.23651,0.56202,0.62079,1.23963,-0.13222,
1403637250588318976,1.84290,-4.03771,-0.56056,0.12275,0.78487,-0.23664,0.55939,0.56744,1.17873,-0.09598,
1403637250688318976,1.89721,-3.91951,-0.56760,0.11969,0.78852,-0.23156,0.55704,0.52679,1.11361,-0.03665,
1403637250788319232,1.94859,-3.80812,-0.56560,0.11919,0.79107,-0.22660,0.55556,0.50377,1.03845,0.05576,
1403637250888318976,1.99761,-3.70865,-0.55431,0.11784,0.79007,-0.22448,0.55814,0.48685,0.96112,0.12851,
1403637250988318976,2.04483,-3.61548,-0.53840,0.11441,0.78969,-0.22531,0.55905,0.45761,0.89068,0.19599,
1403637251088318976,2.08949,-3.52863,-0.51529,0.10853,0.79086,-0.22399,0.55910,0.43315,0.82429,0.25566,
1403637251188318976,2.13239,-3.44893,-0.48525,0.09863,0.79356,-0.22233,0.55776,0.39919,0.73945,0.33443,
1403637251288319232,2.17253,-3.37701,-0.44848,0.09199,0.79535,-0.21869,0.55778,0.35587,0.64339,0.42139,
1403637251388318976,2.21019,-3.31425,-0.40269,0.09620,0.79586,-0.20492,0.56157,0.34025,0.55337,0.51985,
1403637251488318976,2.24625,-3.25882,-0.35480,0.09666,0.79659,-0.18968,0.56580,0.32377,0.50397,0.47273,
1403637251588318976,2.28016,-3.20868,-0.31380,0.09249,0.79810,-0.17457,0.56922,0.30094,0.46503,0.39823,
1403637251688318976,2.31150,-3.16270,-0.28083,0.08602,0.79952,-0.16300,0.57166,0.27879,0.42744,0.31780,
1403637251788319232,2.33889,-3.11944,-0.25312,0.07982,0.80039,-0.15509,0.57354,0.24916,0.38882,0.26968,
1403637251888318976,2.36321,-3.08073,-0.22906,0.07951,0.79965,-0.14758,0.57659,0.22706,0.34872,0.23615,
1403637251988318976,2.38477,-3.04569,-0.20847,0.08699,0.79674,-0.13704,0.58212,0.20888,0.32606,0.20790,
1403637252088318976,2.40148,-3.01166,-0.19137,0.09151,0.79335,-0.13068,0.58750,0.15900,0.33618,0.16557,
1403637252188318976,2.41342,-2.97674,-0.17867,0.08981,0.78953,-0.12977,0.59307,0.10731,0.35743,0.10539,
1403637252288319232,2.41883,-2.94139,-0.17264,0.08530,0.78918,-0.13181,0.59376,0.03801,0.35644,0.02786,
1403637252388318976,2.41649,-2.90600,-0.17417,0.08119,0.79206,-0.13441,0.58990,-0.02341,0.35697,-0.04461,
1403637252488318976,2.41063,-2.87076,-0.18221,0.07796,0.79693,-0.13735,0.58306,-0.07041,0.35020,-0.10289,
1403637252588318976,2.39889,-2.83654,-0.19580,0.07629,0.79994,-0.13915,0.57871,-0.10599,0.33524,-0.15260,
1403637252688318976,2.38625,-2.80401,-0.21408,0.07199,0.80413,-0.14276,0.57254,-0.13471,0.30883,-0.20725,
1403637252788319232,2.37250,-2.77612,-0.23318,0.06410,0.80967,-0.14883,0.56406,-0.16270,0.25773,-0.16065,
1403637252888318976,2.35733,-2.75422,-0.24503,0.06679,0.81114,-0.14757,0.56198,-0.15331,0.18460,-0.06995,
1403637252988318976,2.34461,-2.73751,-0.24598,0.07545,0.80698,-0.14261,0.56811,-0.14843,0.13752,0.01483,
1403637253088318976,2.33013,-2.72282,-0.24105,0.08079,0.80395,-0.13979,0.57236,-0.17166,0.12060,0.06637,
1403637253188318976,2.31496,-2.71057,-0.23203,0.08351,0.80232,-0.13878,0.57450,-0.17929,0.11325,0.05482,
1403637253288319232,2.29992,-2.69909,-0.22722,0.08483,0.80150,-0.13899,0.57540,-0.17307,0.10917,0.00145,
1403637253388318976,2.28184,-2.68819,-0.22934,0.08514,0.80135,-0.13957,0.57541,-0.19116,0.09674,-0.05106,
1403637253488318976,2.26229,-2.67794,-0.23753,0.08441,0.80045,-0.14073,0.57650,-0.21366,0.08221,-0.11652,
1403637253588318976,2.23977,-2.66930,-0.25022,0.08543,0.80144,-0.14048,0.57503,-0.23968,0.07645,-0.11517,
1403637253688318976,2.21642,-2.66079,-0.25831,0.08932,0.80136,-0.13782,0.57519,-0.24522,0.06748,-0.02986,
1403637253788319232,2.19183,-2.65235,-0.25876,0.09403,0.80037,-0.13455,0.57659,-0.26371,0.06622,0.05353,
1403637253888318976,2.16615,-2.64261,-0.25339,0.09577,0.80006,-0.13349,0.57699,-0.27756,0.09500,0.10621,
1403637253988318976,2.13881,-2.63142,-0.24187,0.09643,0.79998,-0.13345,0.57700,-0.28328,0.11325,0.15092,
1403637254088318976,2.10836,-2.61788,-0.22479,0.09757,0.79922,-0.13195,0.57820,-0.31631,0.14322,0.20315,
1403637254188318976,2.07611,-2.59971,-0.20262,0.09454,0.79964,-0.12726,0.57917,-0.33744,0.18179,0.25249,
1403637254288319232,2.04161,-2.57915,-0.17539,0.09002,0.80374,-0.11880,0.57601,-0.36599,0.21344,0.29610,
1403637254388318976,2.00696,-2.55559,-0.14651,0.08444,0.80873,-0.11107,0.57139,-0.36190,0.23210,0.28238,
1403637254488318976,1.97065,-2.53187,-0.12044,0.07990,0.81230,-0.10499,0.56811,-0.36172,0.24152,0.23117,
1403637254588318976,1.93830,-2.50543,-0.09954,0.07604,0.81372,-0.10040,0.56745,-0.33495,0.25451,0.18148,
1403637254688318976,1.90678,-2.47766,-0.08564,0.07417,0.81276,-0.09705,0.56965,-0.31878,0.27598,0.11976,
1403637254788319232,1.87536,-2.44992,-0.07690,0.07259,0.80996,-0.09506,0.57416,-0.31530,0.28800,0.07292,
1403637254888318976,1.84525,-2.41944,-0.07448,0.06991,0.80727,-0.09505,0.57827,-0.32136,0.29429,0.00322,
1403637254988318976,1.81362,-2.38974,-0.07686,0.06906,0.80506,-0.09479,0.58149,-0.32702,0.31015,-0.04294,
1403637255088318976,1.78163,-2.35760,-0.08344,0.06730,0.80466,-0.09234,0.58264,-0.34633,0.33506,-0.06126,
1403637255188318976,1.74711,-2.32358,-0.08735,0.06168,0.80565,-0.08605,0.58286,-0.35144,0.34669,-0.02304,
1403637255288319232,1.70990,-2.28782,-0.08482,0.05469,0.80584,-0.07897,0.58429,-0.37976,0.34572,0.05997,
1403637255388318976,1.67134,-2.25054,-0.07577,0.04690,0.80656,-0.07259,0.58480,-0.39982,0.36306,0.08162,
1403637255488318976,1.62935,-2.21290,-0.07084,0.03999,0.80829,-0.06247,0.58409,-0.41809,0.36799,0.03330,
1403637255588318976,1.58641,-2.17421,-0.07172,0.03381,0.80984,-0.04825,0.58368,-0.42769,0.37656,-0.03044,
1403637255688318976,1.54161,-2.13508,-0.07694,0.02599,0.81146,-0.03216,0.58294,-0.44915,0.38831,-0.06644,
1403637255788319232,1.49446,-2.09528,-0.08179,0.01657,0.81450,-0.01373,0.57977,-0.45459,0.40417,-0.01542,
1403637255888318976,1.44615,-2.05404,-0.07958,0.00469,0.81765,0.00468,0.57568,-0.46167,0.42062,0.07363,
1403637255988318976,1.40030,-2.01033,-0.06803,-0.00701,0.81863,0.02074,0.57390,-0.45631,0.43276,0.16995,
1403637256088318976,1.35213,-1.96511,-0.04743,-0.01370,0.81906,0.03371,0.57256,-0.49136,0.42972,0.23347,
1403637256188318976,1.30409,-1.92052,-0.02480,-0.01801,0.81700,0.04169,0.57485,-0.47561,0.43563,0.21397,
1403637256288319232,1.25892,-1.87280,-0.00714,-0.02114,0.81333,0.04565,0.57962,-0.46606,0.45780,0.13703,
1403637256388318976,1.21238,-1.82478,0.00314,-0.02148,0.81127,0.04802,0.58230,-0.47880,0.48284,0.07095,
1403637256488318976,1.16455,-1.77509,0.00833,-0.01941,0.81033,0.04909,0.58359,-0.48693,0.50420,0.01577,
1403637256588318976,1.11484,-1.72404,0.00731,-0.01957,0.80981,0.04728,0.58446,-0.50896,0.51435,-0.04931,
1403637256688318976,1.06399,-1.67079,-0.00037,-0.02348,0.81471,0.04157,0.57790,-0.52707,0.53895,-0.11636,
1403637256788319232,1.01082,-1.61641,-0.01286,-0.03280,0.82136,0.03172,0.56858,-0.52794,0.52951,-0.13897,
1403637256888318976,0.96141,-1.56457,-0.02530,-0.03867,0.82269,0.02608,0.56657,-0.48891,0.50950,-0.15113,
1403637256988318976,0.91348,-1.51381,-0.03603,-0.03819,0.81946,0.03169,0.57098,-0.47268,0.48817,-0.08669,
1403637257088318976,0.86800,-1.46538,-0.04281,-0.03812,0.81607,0.04268,0.57511,-0.47973,0.46884,-0.02606,
1403637257188318976,0.82354,-1.41709,-0.04213,-0.03919,0.81448,0.05186,0.57654,-0.46986,0.47351,0.03968,
1403637257288319232,0.78118,-1.36874,-0.03568,-0.04121,0.81515,0.05905,0.57475,-0.45410,0.47654,0.10767,
1403637257388318976,0.73798,-1.32078,-0.02164,-0.04173,0.81621,0.06610,0.57245,-0.44434,0.47804,0.14151,
1403637257488318976,0.69573,-1.27245,-0.00831,-0.04265,0.81659,0.07055,0.57131,-0.42850,0.48767,0.10668,
1403637257588318976,0.65234,-1.22321,-0.00043,-0.04238,0.81789,0.07434,0.56898,-0.42614,0.49444,0.03191,
1403637257688318976,0.61036,-1.17193,-0.00018,-0.04542,0.82181,0.07427,0.56307,-0.40722,0.52573,-0.02934,
1403637257788319232,0.56994,-1.11918,-0.00440,-0.04969,0.82497,0.07644,0.55778,-0.38593,0.53511,-0.07653,
1403637257888318976,0.53229,-1.06500,-0.01306,-0.05545,0.82751,0.08171,0.55270,-0.35115,0.54554,-0.12584,
1403637257988318976,0.49946,-1.00922,-0.02617,-0.06398,0.82798,0.08977,0.54981,-0.30217,0.55840,-0.14791,
1403637258088318976,0.47325,-0.95245,-0.04006,-0.07581,0.82680,0.10144,0.54805,-0.24873,0.56865,-0.10576,
1403637258188318976,0.45167,-0.89455,-0.04563,-0.08670,0.82066,0.11885,0.55216,-0.19290,0.57855,-0.01338,
1403637258288319232,0.43509,-0.83665,-0.04607,-0.09366,0.81255,0.13575,0.55907,-0.14746,0.58104,-0.00396,
1403637258388318976,0.41926,-0.77789,-0.05011,-0.10123,0.80683,0.14736,0.56308,-0.14526,0.58303,-0.07448,
1403637258488318976,0.40330,-0.71998,-0.06133,-0.11283,0.80616,0.15127,0.56079,-0.14107,0.58023,-0.15096,
1403637258588318976,0.38923,-0.66312,-0.07795,-0.12239,0.80772,0.15198,0.55634,-0.12074,0.55734,-0.17518,
1403637258688318976,0.37716,-0.60899,-0.09623,-0.12498,0.80466,0.15363,0.55974,-0.10310,0.53579,-0.19699,
1403637258788319232,0.36461,-0.55755,-0.11665,-0.12604,0.80219,0.15449,0.56279,-0.10279,0.49073,-0.22763,
1403637258888318976,0.35328,-0.50870,-0.13713,-0.12751,0.80027,0.15365,0.56543,-0.10904,0.47063,-0.19963,
1403637258988318976,0.34337,-0.46229,-0.15197,-0.12910,0.80056,0.15144,0.56525,-0.08544,0.44270,-0.10283,
1403637259088318976,0.33318,-0.42006,-0.15527,-0.12890,0.80113,0.14969,0.56495,-0.06401,0.42324,0.01138,
1403637259188318976,0.32460,-0.38114,-0.14726,-0.12943,0.80086,0.14831,0.56558,-0.07363,0.37325,0.12122,
1403637259288319232,0.31418,-0.34597,-0.13068,-0.12973,0.80030,0.14655,0.56675,-0.07889,0.33626,0.15482,
1403637259388318976,0.30453,-0.31604,-0.11589,-0.13039,0.80089,0.14444,0.56631,-0.08323,0.30299,0.11887,
1403637259488318976,0.29305,-0.28895,-0.10382,-0.13764,0.80059,0.13796,0.56664,-0.09335,0.25491,0.08466,
1403637259588318976,0.28396,-0.26714,-0.09649,-0.14145,0.80056,0.13443,0.56659,-0.08635,0.18467,0.05820,
1403637259688318976,0.27506,-0.25082,-0.09143,-0.13783,0.80057,0.13590,0.56712,-0.07101,0.12775,0.02427,
1403637259788319232,0.26721,-0.23943,-0.09173,-0.13101,0.80370,0.14018,0.56325,-0.06837,0.08122,-0.01330,
1403637259888318976,0.26002,-0.23189,-0.09455,-0.12962,0.80399,0.14073,0.56302,-0.06052,0.05802,-0.04259,
1403637259988318976,0.25371,-0.22802,-0.10101,-0.13330,0.80191,0.13808,0.56578,-0.05409,0.01286,-0.08405,
1403637260088318976,0.24790,-0.22814,-0.11179,-0.12943,0.79991,0.14104,0.56878,-0.06143,-0.02425,-0.12869,
1403637260188318976,0.24144,-0.23163,-0.12699,-0.12342,0.80044,0.14565,0.56820,-0.06644,-0.04794,-0.17072,
1403637260288319232,0.23464,-0.23850,-0.14511,-0.11605,0.80090,0.15174,0.56751,-0.07675,-0.06030,-0.19217,
1403637260388318976,0.22689,-0.24473,-0.16446,-0.10691,0.79953,0.15879,0.56930,-0.08407,-0.05903,-0.19657,
1403637260488318976,0.21811,-0.24952,-0.18580,-0.10183,0.79991,0.16329,0.56843,-0.09572,-0.03199,-0.23196,
1403637260588318976,0.20786,-0.25047,-0.20924,-0.10142,0.80651,0.16381,0.55895,-0.09951,0.00699,-0.23365,
1403637260688318976,0.19807,-0.24776,-0.23168,-0.10309,0.81099,0.16243,0.55252,-0.08363,0.05010,-0.22555,
1403637260788319232,0.18891,-0.24104,-0.25321,-0.10622,0.80849,0.16078,0.55607,-0.07470,0.07944,-0.21769,
1403637260888318976,0.18141,-0.23225,-0.27532,-0.10982,0.80362,0.15942,0.56278,-0.07504,0.09281,-0.23035,
1403637260988318976,0.17473,-0.22206,-0.29796,-0.11138,0.79905,0.15896,0.56907,-0.07842,0.09855,-0.23279,
1403637261088318976,0.16668,-0.21112,-0.32163,-0.11223,0.80075,0.15863,0.56661,-0.09248,0.10690,-0.23825,
1403637261188318976,0.15741,-0.19936,-0.34478,-0.11038,0.80766,0.15978,0.55675,-0.09335,0.11986,-0.22231,
1403637261288319232,0.14955,-0.18604,-0.36369,-0.10840,0.81317,0.16085,0.54875,-0.06965,0.13422,-0.16024,
1403637261388318976,0.14457,-0.17085,-0.37576,-0.11002,0.80961,0.15953,0.55406,-0.04382,0.16244,-0.09136,
1403637261488318976,0.14120,-0.15423,-0.38303,-0.11659,0.80535,0.15487,0.56021,-0.03374,0.15849,-0.06540,
1403637261588318976,0.13889,-0.13872,-0.38936,-0.11607,0.81036,0.15471,0.55310,-0.02051,0.15151,-0.05481,
1403637261688318976,0.13954,-0.12269,-0.39190,-0.11226,0.81618,0.15676,0.54468,0.02843,0.16163,0.02023,
1403637261788319232,0.14406,-0.10585,-0.38722,-0.11087,0.81392,0.15735,0.54817,0.07622,0.17750,0.08914,
1403637261888318976,0.15261,-0.08722,-0.38004,-0.11223,0.80672,0.15585,0.55885,0.09008,0.18744,0.06133,
1403637261988318976,0.16146,-0.06984,-0.37894,-0.11295,0.80204,0.15423,0.56585,0.08320,0.17534,-0.03973,
1403637262088318976,0.17020,-0.05309,-0.38774,-0.11621,0.79919,0.15062,0.57018,0.07637,0.16436,-0.13262,
1403637262188318976,0.17704,-0.03809,-0.40544,-0.11993,0.79912,0.14674,0.57052,0.06465,0.14660,-0.20123,
1403637262288319232,0.18296,-0.02517,-0.43073,-0.12229,0.79951,0.14349,0.57030,0.02350,0.04022,-0.12474,
1403637262388318976,0.17819,-0.03170,-0.43229,-0.12344,0.78603,0.14255,0.58873,-0.03048,-0.10056,-0.09681,
1403637262488318976,0.17457,-0.04148,-0.43872,-0.11265,0.80100,0.11160,0.57728,-0.04689,-0.08492,-0.14784,
1403637262588318976,0.16719,-0.04787,-0.43153,-0.12244,0.78337,0.10224,0.60074,-0.03369,-0.07217,-0.02945,
1403637262688318976,0.16948,-0.04778,-0.43382,-0.11881,0.79362,0.10354,0.58764,0.06203,0.06251,-0.01620,
1403637262788319232,0.16850,-0.04879,-0.43271,-0.11987,0.79169,0.10105,0.59046,-0.02850,-0.05934,0.04551,
1403637262888318976,0.16895,-0.04782,-0.43300,-0.12091,0.79267,0.10168,0.58882,-0.00368,-0.01611,-0.00437,
1403637262988318976,0.16868,-0.04837,-0.43297,-0.12065,0.79230,0.10156,0.58940,0.00004,0.00958,-0.00330,
1403637263088318976,0.16881,-0.04846,-0.43302,-0.12010,0.79231,0.10182,0.58945,-0.00562,0.01214,-0.00123,
1403637263188318976,0.16864,-0.04874,-0.43295,-0.11971,0.79220,0.10191,0.58966,-0.00081,0.00599,-0.00400,
1403637263288319232,0.16860,-0.04861,-0.43300,-0.11995,0.79238,0.10177,0.58940,-0.00113,-0.00486,0.00300,
1403637263388318976,0.16864,-0.04852,-0.43308,-0.12025,0.79236,0.10166,0.58939,-0.00163,0.00364,-0.00104,
1403637263488318976,0.16855,-0.04865,-0.43304,-0.11992,0.79237,0.10178,0.58941,-0.00567,-0.00064,0.00122,
1403637263588318976,0.16857,-0.04866,-0.43307,-0.12014,0.79240,0.10170,0.58935,-0.00164,-0.00405,0.00258,
1403637263688318976,0.16854,-0.04871,-0.43306,-0.12021,0.79245,0.10170,0.58926,-0.00019,-0.00447,0.00271,
1403637263788319232,0.16854,-0.04856,-0.43305,-0.12053,0.79244,0.10148,0.58925,-0.00346,-0.00642,0.00184,
1403637263888318976,0.16844,-0.04871,-0.43303,-0.12057,0.79244,0.10154,0.58922,-0.00290,0.00109,0.00055,
1403637263988318976,0.16854,-0.04881,-0.43303,-0.12025,0.79248,0.10172,0.58921,-0.00379,0.00169,0.00183,
1403637264088318976,0.16857,-0.04874,-0.43310,-0.12023,0.79250,0.10177,0.58918,-0.00552,-0.00006,0.00082,
1403637264188318976,0.16852,-0.04883,-0.43308,-0.12017,0.79246,0.10176,0.58924,-0.00317,-0.00114,0.00002,
1403637264288319232,0.16856,-0.04870,-0.43308,-0.12033,0.79249,0.10168,0.58919,0.00019,-0.00324,0.00227,
1403637264388318976,0.16854,-0.04871,-0.43310,-0.12033,0.79252,0.10171,0.58915,-0.00081,-0.00051,-0.00041,
1403637264488318976,0.16860,-0.04869,-0.43309,-0.12021,0.79250,0.10170,0.58919,-0.00101,-0.00182,0.00253,
1403637264588318976,0.16856,-0.04866,-0.43307,-0.12027,0.79252,0.10170,0.58916,-0.00218,-0.00308,0.00077,
1403637264688318976,0.16849,-0.04880,-0.43303,-0.12032,0.79252,0.10171,0.58915,-0.00173,-0.00315,0.00193,
1403637264788319232,0.16845,-0.04880,-0.43304,-0.12036,0.79254,0.10168,0.58911,-0.00350,-0.00389,0.00159,
1403637264888318976,0.16845,-0.04881,-0.43302,-0.12032,0.79255,0.10170,0.58911,-0.00262,0.00015,0.00108,
1403637264988318976,0.16850,-0.04879,-0.43302,-0.12017,0.79258,0.10178,0.58909,-0.00274,-0.00092,0.00336,
1403637265088318976,0.16858,-0.04872,-0.43305,-0.12019,0.79262,0.10180,0.58902,-0.00180,-0.00164,0.00044,
1403637265188318976,0.16854,-0.04875,-0.43307,-0.12016,0.79258,0.10175,0.58909,-0.00339,-0.00101,0.00102,
1403637265288319232,0.16855,-0.04872,-0.43307,-0.12016,0.79261,0.10179,0.58904,-0.00270,-0.00180,0.00199,
1403637265388318976,0.16854,-0.04877,-0.43305,-0.12015,0.79261,0.10183,0.58904,-0.00221,-0.00161,0.00088,
1403637265488318976,0.16856,-0.04878,-0.43304,-0.12016,0.79262,0.10181,0.58903,-0.00211,-0.00242,0.00145,
