1403636859701666560,0.01725,-0.07219,0.23307,-0.04321,0.81490,0.04493,0.57623,0.05337,-0.01442,0.45865,
1403636859801666560,0.02414,-0.07450,0.27645,-0.04443,0.80884,0.05147,0.58408,0.03623,-0.01226,0.44097,
1403636859901666304,0.02676,-0.07499,0.31485,-0.04117,0.80528,0.05492,0.58890,0.00118,0.00000,0.37729,
1403636860001666560,0.02791,-0.07704,0.34745,-0.04316,0.80486,0.05631,0.58921,-0.00664,-0.02609,0.21804,
1403636860101666560,0.02917,-0.08206,0.36179,-0.04361,0.80689,0.05423,0.58658,0.00783,-0.03885,-0.07696,
1403636860201666560,0.03001,-0.08752,0.34251,-0.04664,0.81034,0.05342,0.58166,-0.01093,-0.02898,-0.39176,
1403636860301666560,0.02433,-0.08984,0.29707,-0.04733,0.81455,0.04859,0.57611,-0.02358,-0.02272,-0.56232,
1403636860401666304,0.01855,-0.09239,0.23890,-0.04789,0.82194,0.04490,0.56578,-0.03397,-0.02049,-0.59623,
1403636860501666560,0.01408,-0.09429,0.18171,-0.04853,0.83180,0.04031,0.55148,-0.03173,-0.01074,-0.53068,
1403636860601666560,0.01052,-0.09560,0.13613,-0.05119,0.84149,0.03780,0.53651,-0.03748,-0.01121,-0.38504,
1403636860701666560,0.00455,-0.09741,0.10664,-0.04205,0.84891,0.03008,0.52600,-0.03652,-0.01671,-0.20441,
1403636860801666560,-0.00275,-0.09879,0.09946,-0.03472,0.85569,0.03415,0.51519,-0.01892,-0.01448,0.04529,
1403636860901666304,-0.00659,-0.09936,0.11908,-0.03667,0.85880,0.04502,0.50901,0.00962,-0.01060,0.32342,
1403636861001666560,-0.00496,-0.09999,0.16317,-0.03747,0.85708,0.05030,0.51135,0.03928,-0.01316,0.53060,
1403636861101666560,-0.00059,-0.10064,0.22192,-0.03740,0.85029,0.05006,0.52259,0.06307,-0.00840,0.61933,
1403636861201666560,0.00543,-0.10191,0.28525,-0.03748,0.83850,0.04998,0.54130,0.06720,-0.01103,0.64032,
1403636861301666560,0.01055,-0.10366,0.34806,-0.03935,0.82488,0.04961,0.56175,0.04656,-0.02000,0.59877,
1403636861401666304,0.01414,-0.10659,0.39956,-0.04087,0.81379,0.04598,0.57790,0.03780,-0.02402,0.40752,
1403636861501666560,0.01666,-0.10938,0.42435,-0.04033,0.80677,0.04328,0.58789,0.02221,-0.02353,0.07880,
1403636861601666560,0.01839,-0.11175,0.41531,-0.03845,0.80771,0.04231,0.58681,0.00662,-0.01608,-0.26203,
1403636861701666560,0.01868,-0.11233,0.37694,-0.03999,0.81406,0.04328,0.57778,-0.01175,0.00244,-0.49356,
1403636861801666560,0.01672,-0.11213,0.32373,-0.03933,0.82090,0.04594,0.56786,-0.03202,0.01149,-0.56804,
1403636861901666304,0.01275,-0.10922,0.26565,-0.04259,0.82870,0.04789,0.55601,-0.04697,0.03297,-0.58310,
1403636862001666560,0.00768,-0.10507,0.20691,-0.04634,0.83999,0.04751,0.53853,-0.06111,0.04525,-0.57453,
1403636862101666560,0.00206,-0.10083,0.15391,-0.05031,0.84897,0.04573,0.52406,-0.05062,0.03925,-0.47264,
1403636862201666560,-0.00201,-0.09808,0.11559,-0.05346,0.85347,0.04685,0.51627,-0.03119,0.00504,-0.26375,
1403636862301666560,-0.00474,-0.09813,0.10306,-0.04757,0.85691,0.05205,0.51061,-0.00813,-0.00933,0.03004,
1403636862401666304,-0.00435,-0.09858,0.12326,-0.04600,0.85990,0.05521,0.50537,0.01332,-0.00669,0.36234,
1403636862501666560,-0.00195,-0.09951,0.17102,-0.04541,0.85791,0.05599,0.50872,0.04909,-0.02100,0.56122,
1403636862601666560,0.00492,-0.10263,0.23336,-0.03458,0.85215,0.05422,0.51934,0.08042,-0.03713,0.66527,
1403636862701666560,0.01212,-0.10403,0.30188,-0.02710,0.84443,0.05214,0.53243,0.06367,-0.00029,0.69928,
1403636862801666560,0.01843,-0.10351,0.37085,-0.02975,0.83974,0.04575,0.54024,0.05631,-0.00318,0.68918,
1403636862901666304,0.02263,-0.10325,0.43585,-0.03265,0.83674,0.03688,0.54538,0.02385,0.00250,0.59302,
1403636863001666560,0.02265,-0.10298,0.48043,-0.03696,0.83103,0.03289,0.55402,-0.00830,-0.00655,0.28078,
1403636863101666560,0.02103,-0.10447,0.48925,-0.03002,0.82439,0.03674,0.56403,-0.00493,-0.01934,-0.08061,
1403636863201666560,0.01813,-0.10533,0.46272,-0.01999,0.82102,0.04113,0.56906,-0.01220,0.00507,-0.40226,
1403636863301666560,0.01697,-0.10498,0.41012,-0.01389,0.82211,0.04453,0.56741,-0.01970,0.01867,-0.60065,
1403636863401666304,0.01590,-0.10549,0.34578,-0.00829,0.82416,0.04423,0.56456,-0.02431,0.00772,-0.66130,
1403636863501666560,0.01273,-0.10565,0.27639,-0.00921,0.82861,0.03991,0.55832,-0.04503,0.01408,-0.70690,
1403636863601666560,0.00680,-0.10524,0.20840,-0.02146,0.83627,0.03723,0.54663,-0.06563,0.00653,-0.64573,
1403636863701666560,0.00036,-0.10593,0.15021,-0.03114,0.84453,0.03459,0.53348,-0.04742,-0.00483,-0.50310,
1403636863801666560,-0.00330,-0.10759,0.11279,-0.03455,0.85222,0.03107,0.52112,-0.03113,-0.02002,-0.22522,
1403636863901666304,-0.00652,-0.10917,0.10778,-0.03527,0.85801,0.03259,0.51139,-0.01757,-0.02379,0.13949,
1403636864001666560,-0.00741,-0.11055,0.13987,-0.03746,0.85918,0.03530,0.50908,0.00516,-0.01315,0.48623,
1403636864101666560,-0.00626,-0.11122,0.19942,-0.03517,0.85572,0.03982,0.51470,0.03268,-0.01126,0.69491,
1403636864201666560,-0.00215,-0.11156,0.27205,-0.02680,0.85113,0.04164,0.52262,0.05206,0.00732,0.73877,
1403636864301666560,0.00237,-0.10916,0.34256,-0.02521,0.84817,0.04114,0.52751,0.04296,0.03342,0.65870,
1403636864401666304,0.00585,-0.10600,0.40470,-0.02688,0.84440,0.03834,0.53367,0.03386,0.02572,0.56672,
1403636864501666560,0.00993,-0.10319,0.45600,-0.02884,0.83458,0.03060,0.54929,0.03427,0.02970,0.41456,
1403636864601666560,0.01330,-0.10029,0.48534,-0.03329,0.82319,0.02475,0.56625,0.02278,0.01174,0.14206,
1403636864701666560,0.01412,-0.09947,0.48125,-0.02730,0.81752,0.02768,0.57459,0.00078,-0.00419,-0.20222,
1403636864801666560,0.01339,-0.09993,0.44550,-0.02085,0.81991,0.03251,0.57119,-0.00595,0.00513,-0.47286,
1403636864901666304,0.01238,-0.09935,0.39042,-0.01937,0.82503,0.03330,0.56378,-0.01073,-0.00344,-0.59632,
1403636865001666560,0.01244,-0.10013,0.32910,-0.01323,0.83127,0.03294,0.55473,-0.00345,-0.01184,-0.63184,
1403636865101666560,0.01266,-0.10130,0.26730,-0.01339,0.83842,0.03279,0.54387,0.00150,-0.00825,-0.59708,
1403636865201666560,0.01205,-0.10118,0.21233,-0.02854,0.84380,0.02425,0.53534,-0.00949,0.00998,-0.49860,
1403636865301666560,0.01063,-0.10116,0.16980,-0.04251,0.84613,0.01877,0.53095,-0.01156,-0.00629,-0.34823,
1403636865401666304,0.00973,-0.10185,0.14311,-0.04156,0.84724,0.01839,0.52927,-0.00263,-0.00570,-0.18006,
1403636865501666560,0.00964,-0.10172,0.13717,-0.03393,0.85201,0.02438,0.52185,0.00852,-0.00365,0.07337,
1403636865601666560,0.01064,-0.10009,0.15998,-0.03092,0.85764,0.03022,0.51242,0.01171,0.02939,0.36254,
1403636865701666560,0.01105,-0.09568,0.20728,-0.03483,0.85707,0.03282,0.51298,0.01050,0.04692,0.55820,
1403636865801666560,0.01316,-0.09127,0.26910,-0.03786,0.85048,0.03224,0.52365,0.03482,0.03051,0.65677,
1403636865901666304,0.01664,-0.08881,0.33739,-0.04005,0.84073,0.02917,0.53919,0.02712,0.02157,0.68973,
1403636866001666560,0.01868,-0.08731,0.40614,-0.04329,0.82676,0.02547,0.56030,0.01287,0.01675,0.67057,
1403636866101666560,0.01850,-0.08661,0.46855,-0.04129,0.81108,0.02151,0.58308,-0.00964,0.01047,0.55271,
1403636866201666560,0.01551,-0.08657,0.51204,-0.03723,0.80100,0.02223,0.59709,-0.03109,0.00776,0.29292,
1403636866301666560,0.01272,-0.08639,0.52456,-0.03086,0.80029,0.02387,0.59834,-0.02550,0.00305,-0.03818,
1403636866401666304,0.01227,-0.08633,0.50572,-0.02299,0.80649,0.02539,0.59025,0.00420,-0.00390,-0.32761,
1403636866501666560,0.01311,-0.08727,0.46194,-0.02025,0.81322,0.02719,0.58097,0.00372,-0.01307,-0.54056,
1403636866601666560,0.01408,-0.09050,0.40488,-0.01755,0.81966,0.02763,0.57192,0.00512,-0.04773,-0.57988,
1403636866701666560,0.01354,-0.09653,0.35169,-0.01346,0.82693,0.02805,0.56144,-0.02754,-0.05957,-0.47764,
1403636866801666560,0.00919,-0.10133,0.30935,-0.01719,0.83273,0.03217,0.55248,-0.06537,-0.03236,-0.37765,
1403636866901666304,0.00291,-0.10397,0.27480,-0.02920,0.83905,0.03472,0.54216,-0.06606,-0.00632,-0.32029,
1403636867001666560,-0.00370,-0.10448,0.24774,-0.03803,0.84753,0.03434,0.52827,-0.06523,-0.00577,-0.22148,
1403636867101666560,-0.01052,-0.10551,0.23209,-0.03699,0.85358,0.03317,0.51858,-0.06865,-0.00531,-0.11524,
1403636867201666560,-0.01976,-0.10562,0.22566,-0.04253,0.85665,0.03436,0.51299,-0.10884,0.02080,-0.03963,
1403636867301666560,-0.02990,-0.10494,0.22506,-0.05119,0.85868,0.04029,0.50835,-0.08203,0.00285,0.02639,
1403636867401666304,-0.03756,-0.10551,0.22920,-0.05141,0.86200,0.04277,0.50248,-0.06335,0.00340,0.06032,
1403636867501666560,-0.04511,-0.10521,0.23523,-0.04735,0.86866,0.04361,0.49121,-0.07729,0.00480,0.04829,
1403636867601666560,-0.05414,-0.10566,0.23696,-0.04150,0.88380,0.04729,0.46362,-0.09659,-0.00874,-0.01770,
1403636867701666560,-0.06468,-0.10656,0.23306,-0.04084,0.90785,0.04798,0.41453,-0.10546,-0.01204,-0.05845,
1403636867801666560,-0.07521,-0.10915,0.22778,-0.03728,0.93183,0.04638,0.35800,-0.07432,-0.02720,-0.04051,
1403636867901666304,-0.07974,-0.11078,0.22570,-0.03331,0.94424,0.03967,0.32516,-0.01044,-0.00307,0.01348,
1403636868001666560,-0.07999,-0.10986,0.22943,-0.03334,0.94471,0.03469,0.32437,0.01750,0.01246,0.05743,
1403636868101666560,-0.08055,-0.10856,0.23499,-0.03466,0.93946,0.03392,0.33920,-0.00465,0.00871,0.05071,
1403636868201666560,-0.08346,-0.10736,0.23818,-0.03716,0.93561,0.03414,0.34940,-0.03697,0.01120,0.01373,
1403636868301666560,-0.08943,-0.10545,0.23897,-0.03938,0.93555,0.03256,0.34949,-0.07648,0.03531,-0.00365,
1403636868401666304,-0.09729,-0.10084,0.23903,-0.04097,0.93674,0.02905,0.34640,-0.08303,0.05596,-0.00113,
1403636868501666560,-0.10517,-0.09402,0.24059,-0.03867,0.93430,0.02633,0.35341,-0.07591,0.05665,0.03423,
1403636868601666560,-0.11231,-0.08792,0.24549,-0.03473,0.93075,0.02149,0.36337,-0.07194,0.05075,0.05506,
1403636868701666560,-0.11971,-0.08360,0.25027,-0.03318,0.93097,0.01926,0.36307,-0.08873,0.03599,0.02686,
1403636868801666560,-0.12799,-0.07952,0.25118,-0.03301,0.93365,0.02441,0.35581,-0.08204,0.03693,0.00012,
1403636868901666304,-0.13300,-0.07576,0.25187,-0.02931,0.93446,0.02920,0.35366,-0.03569,0.04208,0.01632,
1403636869001666560,-0.13477,-0.07099,0.25310,-0.03175,0.93209,0.03131,0.35946,-0.00822,0.04182,0.01529,
1403636869101666560,-0.13510,-0.06735,0.25430,-0.03777,0.93019,0.03275,0.36365,-0.01186,0.03751,0.00758,
1403636869201666560,-0.13558,-0.06422,0.25322,-0.04085,0.92971,0.03512,0.36434,0.00254,0.02209,-0.01311,
1403636869301666560,-0.13464,-0.06298,0.25137,-0.04084,0.92980,0.03702,0.36392,0.01149,0.00983,-0.01530,
1403636869401666304,-0.13306,-0.06228,0.25016,-0.04202,0.92962,0.03780,0.36416,0.01254,-0.00215,-0.00883,
1403636869501666560,-0.13138,-0.06402,0.24940,-0.04214,0.92957,0.03765,0.36429,0.01699,-0.04773,-0.00543,
1403636869601666560,-0.12864,-0.07257,0.24868,-0.04145,0.92972,0.03694,0.36405,0.03408,-0.12974,-0.00904,
1403636869701666560,-0.12350,-0.09081,0.24796,-0.03943,0.93130,0.03578,0.36034,0.05965,-0.23101,-0.00826,
1403636869801666560,-0.11496,-0.11829,0.24790,-0.03697,0.93241,0.03212,0.35806,0.10558,-0.31601,0.00549,
1403636869901666304,-0.10197,-0.15362,0.24904,-0.03339,0.93087,0.02526,0.36294,0.14265,-0.38687,0.01514,
1403636870001666560,-0.08666,-0.19533,0.24964,-0.03029,0.92899,0.01740,0.36845,0.16097,-0.44409,0.00160,
1403636870101666560,-0.07018,-0.24190,0.24927,-0.02669,0.92988,0.00872,0.36680,0.16619,-0.48497,-0.00193,
1403636870201666560,-0.05355,-0.29187,0.25045,-0.01970,0.93221,0.00403,0.36137,0.16589,-0.50141,0.01977,
1403636870301666560,-0.03656,-0.34157,0.25231,-0.01735,0.93184,-0.00010,0.36246,0.16509,-0.49341,0.02256,
1403636870401666304,-0.02062,-0.39106,0.25382,-0.01253,0.92903,-0.00469,0.36977,0.15340,-0.48453,0.00680,
1403636870501666560,-0.00743,-0.43529,0.25150,-0.01023,0.92846,-0.00983,0.37117,0.10130,-0.37924,-0.03533,
1403636870601666560,0.00335,-0.47214,0.24662,-0.00859,0.93131,-0.01595,0.36378,0.07524,-0.35213,-0.03552,
1403636870701666560,0.01226,-0.50196,0.24292,-0.00193,0.93238,-0.01980,0.36092,0.08280,-0.26719,-0.01081,
1403636870801666560,0.01990,-0.52082,0.23989,-0.00480,0.92908,-0.02423,0.36905,0.05206,-0.15748,-0.04223,
1403636870901666304,0.02388,-0.53224,0.23501,-0.00877,0.92508,-0.02553,0.37881,0.01777,-0.09138,-0.03779,
1403636871001666560,0.02477,-0.53677,0.23049,-0.01385,0.92312,-0.02734,0.38329,-0.00367,-0.01479,-0.05033,
1403636871101666560,0.02457,-0.53639,0.22454,-0.01640,0.92590,-0.03072,0.37615,-0.01656,-0.00093,-0.03888,
1403636871201666560,0.02302,-0.53220,0.22344,-0.01000,0.92975,-0.03311,0.36657,-0.02678,0.07223,0.02140,
1403636871301666560,0.02055,-0.52013,0.22682,-0.00959,0.92965,-0.03438,0.36671,-0.03710,0.15566,0.03957,
1403636871401666304,0.01571,-0.49920,0.23035,-0.00890,0.92920,-0.03016,0.36824,-0.06228,0.25569,0.03426,
1403636871501666560,0.00937,-0.46755,0.23286,-0.01091,0.92885,-0.02594,0.36938,-0.07548,0.36312,0.02312,
1403636871601666560,0.00090,-0.42677,0.23535,-0.01361,0.92938,-0.02374,0.36811,-0.09935,0.44828,0.03529,
1403636871701666560,-0.00951,-0.37815,0.23893,-0.02172,0.93026,-0.02089,0.36565,-0.10695,0.52061,0.04587,
1403636871801666560,-0.01988,-0.32483,0.24187,-0.02982,0.93041,-0.01623,0.36493,-0.09864,0.54056,0.02229,
1403636871901666304,-0.02954,-0.26930,0.24297,-0.03335,0.92981,-0.00918,0.36641,-0.08572,0.57069,0.00502,
1403636872001666560,-0.03791,-0.21014,0.24297,-0.04175,0.92743,-0.00351,0.37164,-0.07166,0.59818,-0.01103,
1403636872101666560,-0.04511,-0.15150,0.24109,-0.05115,0.92473,0.00317,0.37716,-0.06943,0.56129,-0.02263,
1403636872201666560,-0.05281,-0.09826,0.23754,-0.05507,0.92421,0.00956,0.37778,-0.07855,0.50372,-0.04444,
1403636872301666560,-0.06178,-0.05073,0.23271,-0.06000,0.92633,0.01748,0.37150,-0.08763,0.44256,-0.05770,
1403636872401666304,-0.06941,-0.01292,0.22769,-0.06419,0.92877,0.02524,0.36419,-0.06093,0.32343,-0.04543,
1403636872501666560,-0.07371,0.01198,0.22527,-0.06675,0.92938,0.02985,0.36180,-0.02904,0.16804,-0.00692,
1403636872601666560,-0.07543,0.02090,0.22551,-0.06828,0.92795,0.03462,0.36476,-0.01029,0.02048,0.01956,
1403636872701666560,-0.07513,0.01714,0.22734,-0.06739,0.92603,0.03754,0.36949,0.01289,-0.07988,0.02321,
1403636872801666560,-0.07290,0.00351,0.22871,-0.06347,0.92612,0.03721,0.36998,0.04050,-0.18775,0.00530,
1403636872901666304,-0.06658,-0.02229,0.22829,-0.06119,0.92736,0.03208,0.36773,0.08271,-0.33010,-0.01580,
1403636873001666560,-0.05666,-0.06204,0.22656,-0.05612,0.92814,0.02653,0.36702,0.10666,-0.44861,-0.02180,
1403636873101666560,-0.04479,-0.11101,0.22465,-0.05111,0.92830,0.02111,0.36770,0.12773,-0.52046,-0.01800,
1403636873201666560,-0.03120,-0.16624,0.22353,-0.04747,0.92926,0.01364,0.36610,0.14214,-0.57586,-0.00492,
1403636873301666560,-0.01647,-0.22538,0.22321,-0.04308,0.93014,0.00501,0.36463,0.14463,-0.59810,-0.00313,
1403636873401666304,-0.00339,-0.28521,0.22255,-0.03889,0.93075,-0.00221,0.36359,0.12418,-0.58989,-0.01681,
1403636873501666560,0.00725,-0.34238,0.22011,-0.03548,0.93163,-0.00870,0.36157,0.09670,-0.55868,-0.02908,
1403636873601666560,0.01459,-0.39479,0.21621,-0.02805,0.93335,-0.01596,0.35752,0.06233,-0.48753,-0.04547,
1403636873701666560,0.01988,-0.43835,0.21076,-0.02233,0.93475,-0.02223,0.35390,0.04065,-0.38245,-0.05433,
1403636873801666560,0.02219,-0.47037,0.20600,-0.02159,0.93583,-0.02365,0.35099,0.01468,-0.25035,-0.03344,
1403636873901666304,0.02283,-0.48843,0.20222,-0.02161,0.93575,-0.02605,0.35104,0.00670,-0.12254,-0.02914,
1403636874001666560,0.02323,-0.49474,0.19932,-0.01969,0.93511,-0.02910,0.35260,0.00364,-0.02017,-0.01981,
1403636874101666560,0.02414,-0.49230,0.19730,-0.01916,0.93510,-0.03013,0.35258,0.00186,0.05617,-0.00784,
1403636874201666560,0.02372,-0.48273,0.19777,-0.01973,0.93572,-0.02910,0.35098,-0.01689,0.14130,0.01501,
1403636874301666560,0.02149,-0.46270,0.19969,-0.02112,0.93665,-0.02439,0.34878,-0.02747,0.27320,0.01553,
1403636874401666304,0.01861,-0.42879,0.20074,-0.02678,0.93728,-0.01873,0.34703,-0.03468,0.40419,0.01775,
1403636874501666560,0.01459,-0.38365,0.20228,-0.03216,0.93655,-0.01337,0.34880,-0.04675,0.48206,0.02787,
1403636874601666560,0.00834,-0.33151,0.20460,-0.03500,0.93493,-0.00774,0.35302,-0.07647,0.56556,0.01632,
1403636874701666560,-0.00008,-0.27229,0.20502,-0.04132,0.93371,-0.00034,0.35565,-0.08105,0.59910,-0.00812,
1403636874801666560,-0.00822,-0.21284,0.20276,-0.04713,0.93327,0.00611,0.35602,-0.07519,0.58424,-0.04010,
1403636874901666304,-0.01553,-0.15713,0.19847,-0.05586,0.93369,0.01021,0.35356,-0.06444,0.51712,-0.04285,
1403636875001666560,-0.02058,-0.11134,0.19523,-0.06116,0.93304,0.01367,0.35427,-0.02961,0.39625,-0.02906,
1403636875101666560,-0.02064,-0.07692,0.19288,-0.05921,0.92835,0.00861,0.36686,0.01159,0.29116,-0.02629,
1403636875201666560,-0.02105,-0.05072,0.19032,-0.05101,0.92157,-0.00796,0.38477,-0.03040,0.23012,-0.03759,
1403636875301666560,-0.02588,-0.02965,0.18663,-0.04378,0.91695,-0.03216,0.39529,-0.08539,0.19175,-0.04727,
1403636875401666304,-0.03739,-0.01239,0.18284,-0.04301,0.91556,-0.05898,0.39550,-0.16824,0.14492,-0.03363,
1403636875501666560,-0.06003,-0.00192,0.18040,-0.04631,0.91632,-0.07866,0.38990,-0.27597,0.04717,-0.01743,
1403636875601666560,-0.09270,-0.00307,0.17902,-0.04956,0.91748,-0.09307,0.38355,-0.35622,-0.07477,-0.00463,
1403636875701666560,-0.12937,-0.01680,0.17873,-0.04561,0.91692,-0.10591,0.38206,-0.36749,-0.20188,0.00225,
1403636875801666560,-0.16673,-0.04066,0.17790,-0.03468,0.91496,-0.12111,0.38339,-0.37505,-0.27054,-0.01084,
1403636875901666304,-0.20363,-0.07127,0.17716,-0.02246,0.91426,-0.13891,0.37990,-0.35133,-0.33278,0.00590,
1403636876001666560,-0.23620,-0.10892,0.17937,-0.00783,0.91174,-0.16120,0.37773,-0.28485,-0.41833,0.04158,
1403636876101666560,-0.25939,-0.15430,0.18436,0.01317,0.90589,-0.18346,0.38149,-0.16635,-0.47625,0.05980,
1403636876201666560,-0.26972,-0.20266,0.18892,0.03075,0.89914,-0.20378,0.38611,-0.02677,-0.49194,0.03864,
1403636876301666560,-0.26576,-0.25337,0.19054,0.04196,0.89567,-0.22006,0.38418,0.12018,-0.51708,-0.00059,
1403636876401666304,-0.24789,-0.30744,0.18973,0.05032,0.89483,-0.23260,0.37768,0.26150,-0.54909,-0.01420,
1403636876501666560,-0.21516,-0.36282,0.18889,0.06187,0.89360,-0.23732,0.37593,0.39741,-0.53129,0.00857,
1403636876601666560,-0.16947,-0.41275,0.19037,0.07110,0.89077,-0.23154,0.38454,0.51996,-0.45844,0.03739,
1403636876701666560,-0.11418,-0.45030,0.19334,0.07330,0.88894,-0.21834,0.39590,0.59247,-0.29170,0.04747,
1403636876801666560,-0.05722,-0.46968,0.19728,0.06942,0.89010,-0.19828,0.40446,0.58134,-0.08473,0.03563,
1403636876901666304,0.00012,-0.46849,0.19994,0.06108,0.89258,-0.17143,0.41253,0.55922,0.13542,0.01298,
1403636877001666560,0.05475,-0.44518,0.19966,0.04563,0.89422,-0.14094,0.42240,0.50707,0.33496,-0.00586,
1403636877101666560,0.10354,-0.40281,0.19843,0.02431,0.89672,-0.10426,0.42945,0.41675,0.50511,-0.00043,
1403636877201666560,0.14096,-0.34535,0.19704,-0.00033,0.89938,-0.06433,0.43242,0.29389,0.64770,0.00097,
1403636877301666560,0.16535,-0.27733,0.19795,-0.02474,0.90090,-0.02762,0.43244,0.13858,0.71420,0.00839,
1403636877401666304,0.17023,-0.20336,0.19905,-0.04570,0.90165,0.00863,0.42997,-0.03792,0.72054,0.00129,
1403636877501666560,0.16037,-0.13458,0.19807,-0.06599,0.90271,0.03915,0.42336,-0.19467,0.65525,-0.02683,
1403636877601666560,0.13820,-0.07391,0.19358,-0.08357,0.90553,0.05871,0.41182,-0.33520,0.53338,-0.04361,
1403636877701666560,0.09933,-0.02639,0.18873,-0.09720,0.90873,0.06945,0.39993,-0.44222,0.39427,-0.03637,
1403636877801666560,0.05169,0.00690,0.18588,-0.10391,0.91242,0.06985,0.38964,-0.51051,0.25075,-0.03264,
1403636877901666304,0.00082,0.02578,0.18159,-0.10232,0.91706,0.06098,0.38054,-0.52718,0.10614,-0.04873,
1403636878001666560,-0.05112,0.02817,0.17644,-0.09343,0.92218,0.04689,0.37238,-0.51928,-0.04172,-0.05971,
1403636878101666560,-0.09944,0.01508,0.17051,-0.07913,0.92552,0.02699,0.36935,-0.44970,-0.20021,-0.05952,
1403636878201666560,-0.14180,-0.01256,0.16568,-0.06398,0.92613,0.00215,0.37174,-0.37963,-0.34409,-0.04594,
1403636878301666560,-0.17601,-0.05348,0.16077,-0.05188,0.92506,-0.02436,0.37548,-0.29332,-0.45597,-0.04432,
1403636878401666304,-0.20059,-0.10490,0.15702,-0.04125,0.92308,-0.05242,0.37879,-0.18776,-0.56058,-0.02120,
1403636878501666560,-0.21547,-0.16520,0.15727,-0.02598,0.92113,-0.07811,0.38044,-0.05607,-0.62030,0.03079,
1403636878601666560,-0.21677,-0.22939,0.16254,-0.00836,0.91845,-0.10114,0.38229,0.09017,-0.63250,0.06890,
1403636878701666560,-0.20244,-0.29223,0.17078,0.01033,0.91493,-0.11884,0.38557,0.21977,-0.61255,0.09422,
1403636878801666560,-0.17705,-0.35145,0.18004,0.02559,0.91062,-0.13025,0.39136,0.31417,-0.54752,0.09120,
1403636878901666304,-0.14200,-0.40265,0.18711,0.03223,0.90818,-0.13683,0.39427,0.36239,-0.46807,0.05023,
1403636879001666560,-0.10164,-0.44332,0.19071,0.03293,0.90849,-0.13921,0.39265,0.41030,-0.35701,0.03373,
1403636879101666560,-0.05760,-0.47108,0.19598,0.03123,0.90730,-0.13942,0.39547,0.46525,-0.20550,0.06868,
1403636879201666560,-0.00967,-0.48420,0.20401,0.02823,0.90240,-0.13481,0.40829,0.48292,-0.06257,0.08814,
1403636879301666560,0.03779,-0.48197,0.21119,0.02546,0.89770,-0.12391,0.42206,0.44906,0.10157,0.08236,
1403636879401666304,0.07895,-0.46298,0.21802,0.01864,0.89541,-0.10407,0.43250,0.37296,0.26233,0.06819,
1403636879501666560,0.11049,-0.42789,0.22377,0.00510,0.89546,-0.07700,0.43841,0.25733,0.40621,0.05633,
1403636879601666560,0.13037,-0.38039,0.22925,-0.01095,0.89738,-0.04977,0.43830,0.13361,0.51680,0.06182,
1403636879701666560,0.13749,-0.32361,0.23516,-0.03034,0.89856,-0.02885,0.43685,-0.00152,0.59438,0.06619,
1403636879801666560,0.13067,-0.26289,0.24007,-0.04776,0.90051,-0.01041,0.43208,-0.13943,0.59739,0.03308,
1403636879901666304,0.11015,-0.20688,0.24168,-0.05917,0.90396,0.00384,0.42348,-0.27358,0.51684,0.00931,
1403636880001666560,0.07674,-0.16288,0.24258,-0.06589,0.90775,0.01232,0.41412,-0.38078,0.35332,0.00628,
1403636880101666560,0.03562,-0.13960,0.24381,-0.06847,0.91042,0.01679,0.40763,-0.43318,0.12697,0.01287,
1403636880201666560,-0.00945,-0.13822,0.24597,-0.06382,0.91117,0.01285,0.40685,-0.44550,-0.08472,0.01747,
1403636880301666560,-0.05469,-0.15506,0.24798,-0.05080,0.90995,-0.00302,0.41158,-0.45054,-0.21633,0.01437,
1403636880401666304,-0.10008,-0.18009,0.25184,-0.03218,0.90774,-0.02445,0.41757,-0.45700,-0.24798,0.05541,
1403636880501666560,-0.14746,-0.20175,0.25984,-0.01256,0.90522,-0.04611,0.42225,-0.47476,-0.16393,0.08930,
1403636880601666560,-0.19525,-0.21163,0.26878,0.00338,0.90455,-0.06418,0.42150,-0.47142,-0.02162,0.08095,
1403636880701666560,-0.24100,-0.20569,0.27577,0.01040,0.90710,-0.07555,0.41395,-0.42648,0.14513,0.05983,
1403636880801666560,-0.28007,-0.18463,0.28056,0.00913,0.91015,-0.08038,0.40630,-0.32382,0.28021,0.03307,
1403636880901666304,-0.30674,-0.15317,0.28302,0.00038,0.91110,-0.07587,0.40514,-0.17625,0.36076,0.02141,
1403636881001666560,-0.31768,-0.11686,0.28490,-0.00847,0.90835,-0.06494,0.41306,-0.01954,0.37691,0.02580,
1403636881101666560,-0.31464,-0.07896,0.28711,-0.01647,0.90359,-0.04826,0.42535,0.10282,0.38533,0.01771,
1403636881201666560,-0.29932,-0.04154,0.28874,-0.03174,0.89989,-0.02750,0.43409,0.21155,0.35456,0.01538,
1403636881301666560,-0.27291,-0.01110,0.29129,-0.04824,0.89757,-0.00442,0.43820,0.32141,0.24494,0.03118,
1403636881401666304,-0.23515,0.00617,0.29394,-0.05655,0.89603,0.01560,0.44011,0.43320,0.09832,0.02552,
1403636881501666560,-0.18810,0.00824,0.29583,-0.05656,0.89356,0.03114,0.44427,0.51382,-0.05675,0.01673,
1403636881601666560,-0.13610,-0.00476,0.29668,-0.05297,0.89015,0.04401,0.45043,0.54344,-0.20208,-0.00535,
1403636881701666560,-0.08298,-0.03212,0.29456,-0.04914,0.88815,0.05550,0.45354,0.54120,-0.33322,-0.04367,
1403636881801666560,-0.03136,-0.07016,0.28906,-0.04325,0.88901,0.05949,0.45194,0.50132,-0.41221,-0.07180,
1403636881901666304,0.01332,-0.11446,0.28118,-0.03843,0.89095,0.05164,0.44953,0.39251,-0.45845,-0.09504,
1403636882001666560,0.04592,-0.16255,0.27253,-0.03550,0.89260,0.03922,0.44773,0.26628,-0.48509,-0.09876,
1403636882101666560,0.06430,-0.21114,0.26185,-0.03200,0.89251,0.02692,0.44908,0.11476,-0.46245,-0.13273,
1403636882201666560,0.06745,-0.25345,0.24786,-0.02597,0.89132,0.01663,0.45233,-0.03507,-0.37169,-0.15194,
1403636882301666560,0.05650,-0.28362,0.23292,-0.01981,0.88878,0.00945,0.45781,-0.16092,-0.21631,-0.15528,
1403636882401666304,0.03738,-0.29725,0.21736,-0.02185,0.88652,0.00894,0.46208,-0.20570,-0.03926,-0.15579,
1403636882501666560,0.01782,-0.29431,0.20196,-0.03139,0.88476,0.01202,0.46484,-0.15376,0.10344,-0.14158,
1403636882601666560,0.00826,-0.28014,0.18894,-0.04248,0.88114,0.01879,0.47057,-0.01921,0.17735,-0.11211,
1403636882701666560,0.01332,-0.26022,0.17831,-0.05499,0.87072,0.02834,0.48787,0.11712,0.22085,-0.10780,
1403636882801666560,0.02879,-0.23857,0.16498,-0.07334,0.85388,0.04503,0.51330,0.19326,0.21761,-0.15886,
1403636882901666304,0.04881,-0.21799,0.14594,-0.09077,0.83805,0.06432,0.53414,0.20831,0.20660,-0.21539,
1403636883001666560,0.06793,-0.19810,0.12202,-0.10864,0.83059,0.08366,0.53973,0.18364,0.19620,-0.25497,
1403636883101666560,0.08612,-0.18029,0.09739,-0.12060,0.82787,0.10216,0.53819,0.17591,0.16377,-0.23753,
1403636883201666560,0.10326,-0.16499,0.07433,-0.12305,0.82209,0.11709,0.54343,0.15905,0.14298,-0.22101,
1403636883301666560,0.11675,-0.15149,0.05347,-0.12690,0.81553,0.12688,0.55020,0.11783,0.11637,-0.19182,
1403636883401666304,0.12671,-0.14228,0.03737,-0.13235,0.81171,0.13149,0.55347,0.09218,0.07564,-0.13837,
1403636883501666560,0.13363,-0.13707,0.02725,-0.13785,0.80635,0.13646,0.55872,0.06259,0.03896,-0.07186,
1403636883601666560,0.13864,-0.13337,0.02087,-0.14315,0.79891,0.14278,0.56644,0.04762,0.03115,-0.06038,
1403636883701666560,0.14298,-0.13072,0.01552,-0.14595,0.79532,0.15066,0.56874,0.03301,0.01855,-0.03881,
1403636883801666560,0.14592,-0.12925,0.01183,-0.14817,0.79448,0.15442,0.56833,0.01986,0.01532,-0.04429,
1403636883901666304,0.14815,-0.12842,0.00763,-0.15575,0.79332,0.15517,0.56772,0.01978,0.00315,-0.03909,
1403636884001666560,0.14996,-0.12811,0.00543,-0.15738,0.79048,0.15822,0.57038,0.00282,-0.00188,-0.00285,
1403636884101666560,0.15073,-0.12887,0.00427,-0.16332,0.78611,0.15947,0.57440,0.00188,-0.01892,-0.01737,
1403636884201666560,0.15060,-0.12992,0.00432,-0.16106,0.78247,0.16176,0.57934,-0.01022,-0.00273,0.00462,
1403636884301666560,0.14939,-0.12964,0.00483,-0.16050,0.78012,0.16123,0.58280,-0.01081,0.01227,0.00871,
1403636884401666304,0.14892,-0.12936,0.00486,-0.16161,0.77976,0.16057,0.58316,-0.00061,0.00000,-0.00358,
1403636884501666560,0.14893,-0.12961,0.00491,-0.16069,0.77968,0.16115,0.58335,-0.00217,0.00488,-0.00361,
1403636884601666560,0.14892,-0.12948,0.00497,-0.16104,0.77965,0.16105,0.58332,-0.00113,-0.00157,-0.00120,
1403636884701666560,0.14896,-0.12960,0.00487,-0.16093,0.77992,0.16089,0.58305,-0.00274,0.00115,0.00253,
1403636884801666560,0.14901,-0.12967,0.00487,-0.16068,0.77997,0.16090,0.58305,-0.00245,0.00090,0.00058,
1403636884901666304,0.14902,-0.12968,0.00487,-0.16069,0.78001,0.16083,0.58300,-0.00133,-0.00160,0.00192,
1403636885001666560,0.14900,-0.12967,0.00488,-0.16078,0.78011,0.16071,0.58289,0.00038,-0.00285,0.00173,
1403636885101666560,0.14895,-0.12965,0.00489,-0.16084,0.78013,0.16055,0.58288,-0.00078,-0.00257,0.00303,
1403636885201666560,0.14895,-0.12965,0.00489,-0.16086,0.78020,0.16048,0.58281,-0.00220,-0.00007,0.00306,
1403636885301666560,0.14896,-0.12968,0.00489,-0.16078,0.78021,0.16051,0.58280,-0.00186,0.00117,0.00363,
1403636885401666304,0.14896,-0.12969,0.00488,-0.16067,0.78022,0.16045,0.58284,-0.00245,-0.00101,0.00262,
1403636885501666560,0.14896,-0.12970,0.00487,-0.16065,0.78023,0.16044,0.58284,-0.00080,-0.00051,0.00189,
1403636885601666560,0.14894,-0.12972,0.00488,-0.16056,0.78025,0.16038,0.58284,-0.00160,-0.00152,0.00224,
1403636885701666560,0.14900,-0.12970,0.00486,-0.16065,0.78035,0.16032,0.58270,-0.00042,-0.00014,0.00239,
1403636885801666560,0.14899,-0.12970,0.00486,-0.16058,0.78034,0.16034,0.58273,0.00035,-0.00036,0.00251,
1403636885901666304,0.14898,-0.12968,0.00484,-0.16063,0.78041,0.16027,0.58264,-0.00043,-0.00136,0.00186,
1403636886001666560,0.14897,-0.12968,0.00484,-0.16067,0.78039,0.16024,0.58267,-0.00006,0.00218,0.00000,
1403636886101666560,0.14896,-0.12972,0.00483,-0.16049,0.78039,0.16030,0.58269,-0.00193,0.00212,0.00337,
1403636886201666560,0.14896,-0.12973,0.00483,-0.16039,0.78042,0.16036,0.58267,-0.00165,0.00152,0.00300,
1403636886301666560,0.14896,-0.12974,0.00483,-0.16036,0.78041,0.16040,0.58268,0.00047,0.00055,0.00069,
1403636886401666304,0.14895,-0.12972,0.00482,-0.16047,0.78041,0.16033,0.58267,0.00065,-0.00213,0.00187,
1403636886501666560,0.14892,-0.12972,0.00482,-0.16048,0.78040,0.16032,0.58268,0.00092,-0.00026,0.00285,
1403636886601666560,0.14893,-0.12972,0.00481,-0.16046,0.78042,0.16033,0.58266,-0.00008,-0.00009,0.00222,
1403636886701666560,0.14893,-0.12973,0.00481,-0.16044,0.78042,0.16034,0.58266,-0.00002,-0.00008,0.00146,
1403636886801666560,0.14893,-0.12974,0.00480,-0.16043,0.78041,0.16035,0.58268,-0.00056,-0.00100,0.00260,
1403636886901666304,0.14893,-0.12972,0.00480,-0.16048,0.78045,0.16032,0.58262,-0.00060,-0.00065,0.00251,
1403636887001666560,0.14892,-0.12972,0.00479,-0.16036,0.78044,0.16036,0.58265,-0.00077,0.00040,0.00140,
1403636887101666560,0.14893,-0.12973,0.00478,-0.16040,0.78046,0.16034,0.58263,-0.00087,-0.00067,0.00266,
1403636887201666560,0.14892,-0.12973,0.00477,-0.16041,0.78048,0.16029,0.58261,-0.00110,-0.00087,0.00152,
1403636887301666560,0.14893,-0.12974,0.00475,-0.16041,0.78048,0.16026,0.58261,-0.00199,-0.00031,0.00234,
1403636887401666304,0.14894,-0.12974,0.00477,-0.16032,0.78050,0.16033,0.58259,-0.00241,0.00082,0.00326,
1403636887501666560,0.14894,-0.12974,0.00476,-0.16031,0.78052,0.16034,0.58256,-0.00127,-0.00059,0.00215,
1403636887601666560,0.14892,-0.12972,0.00476,-0.16039,0.78050,0.16028,0.58259,-0.00048,-0.00090,0.00244,
1403636887701666560,0.14891,-0.12971,0.00475,-0.16043,0.78052,0.16027,0.58256,0.00003,-0.00125,0.00290,
1403636887801666560,0.14891,-0.12971,0.00475,-0.16044,0.78054,0.16025,0.58252,0.00037,-0.00130,0.00180,
1403636887901666304,0.14891,-0.12970,0.00476,-0.16039,0.78057,0.16025,0.58249,0.00030,0.00018,0.00277,
1403636888001666560,0.14892,-0.12971,0.00475,-0.16034,0.78061,0.16024,0.58246,-0.00057,0.00012,0.00136,
1403636888101666560,0.14892,-0.12972,0.00474,-0.16035,0.78059,0.16024,0.58248,-0.00026,-0.00046,0.00130,
1403636888201666560,0.14892,-0.12973,0.00471,-0.16038,0.78060,0.16023,0.58247,-0.00026,0.00019,0.00161,
1403636888301666560,0.14892,-0.12973,0.00472,-0.16038,0.78059,0.16025,0.58248,-0.00100,-0.00002,0.00135,
1403636888401666304,0.14893,-0.12974,0.00472,-0.16030,0.78062,0.16028,0.58244,-0.00072,0.00009,0.00210,
1403636888501666560,0.14892,-0.12974,0.00473,-0.16028,0.78064,0.16025,0.58243,-0.00075,-0.00056,0.00190,
1403636888601666560,0.14887,-0.12974,0.00476,-0.16029,0.78061,0.16017,0.58250,0.00357,-0.01028,0.00127,
1403636888701666560,0.14884,-0.12968,0.00480,-0.16037,0.78045,0.16030,0.58266,0.00633,-0.02383,0.00294,
1403636888801666560,0.14873,-0.12956,0.00483,-0.16044,0.78039,0.16056,0.58264,0.00297,-0.00641,0.00636,
1403636888901666304,0.14871,-0.12956,0.00477,-0.16049,0.78060,0.16029,0.58243,0.00014,-0.00390,0.00562,
1403636889001666560,0.14874,-0.12953,0.00482,-0.16078,0.78043,0.16044,0.58253,0.00321,-0.00748,0.00369,
1403636889101666560,0.14876,-0.12960,0.00480,-0.16049,0.78053,0.16018,0.58255,0.00269,-0.00364,0.00286,
1403636889201666560,0.14878,-0.12962,0.00479,-0.16050,0.78057,0.16010,0.58252,-0.00278,0.00915,0.00074,
1403636889301666560,0.14886,-0.12964,0.00471,-0.16048,0.78059,0.15997,0.58253,-0.00216,0.00583,-0.00394,
1403636889401666304,0.14889,-0.12962,0.00475,-0.16063,0.78051,0.16029,0.58251,-0.00047,-0.00215,0.00021,
1403636889501666560,0.14883,-0.12965,0.00476,-0.16031,0.78055,0.16022,0.58256,0.00255,0.00161,0.00123,
1403636889601666560,0.14879,-0.12977,0.00481,-0.16012,0.78053,0.16008,0.58267,-0.00155,0.00069,-0.00102,
1403636889701666560,0.14874,-0.12980,0.00479,-0.16017,0.78037,0.16024,0.58282,-0.00276,0.00797,0.00061,
1403636889801666560,0.14871,-0.12978,0.00478,-0.16027,0.78035,0.16034,0.58281,-0.00211,0.00326,0.00226,
1403636889901666304,0.14871,-0.12980,0.00477,-0.16017,0.78046,0.15999,0.58277,-0.00428,0.00940,-0.00061,
1403636890001666560,0.14872,-0.12980,0.00474,-0.16025,0.78049,0.16021,0.58265,-0.00490,0.01575,0.00258,
1403636890101666560,0.14873,-0.12992,0.00479,-0.15996,0.78053,0.15949,0.58287,-0.00477,0.00345,-0.00989,
1403636890201666560,0.14866,-0.12977,0.00489,-0.16032,0.78013,0.16002,0.58318,0.00047,-0.01260,-0.00141,
1403636890301666560,0.14859,-0.12970,0.00482,-0.16036,0.78041,0.16045,0.58267,-0.00051,0.00435,0.00813,
1403636890401666304,0.14859,-0.12981,0.00476,-0.15992,0.78062,0.15984,0.58267,-0.00609,0.01043,-0.00480,
1403636890501666560,0.14867,-0.12984,0.00484,-0.15997,0.78021,0.15965,0.58327,-0.00161,-0.00876,-0.00734,
1403636890601666560,0.14864,-0.12971,0.00486,-0.16037,0.78008,0.16049,0.58309,0.00536,-0.00850,0.00894,
1403636890701666560,0.14859,-0.12973,0.00476,-0.16031,0.78053,0.16047,0.58252,-0.00350,0.01325,0.00765,
1403636890801666560,0.14864,-0.12987,0.00480,-0.16001,0.78051,0.15969,0.58283,-0.00501,0.00679,-0.00814,
1403636890901666304,0.14864,-0.12984,0.00490,-0.16010,0.78027,0.15979,0.58310,-0.00378,0.00598,-0.00484,
1403636891001666560,0.14860,-0.12982,0.00483,-0.16025,0.78031,0.15984,0.58300,-0.00095,0.00254,-0.00023,
1403636891101666560,0.14861,-0.12980,0.00482,-0.16013,0.78034,0.15990,0.58298,-0.00302,0.00308,-0.00065,
1403636891201666560,0.14862,-0.12978,0.00482,-0.16011,0.78030,0.15997,0.58301,-0.00177,0.00254,-0.00090,
1403636891301666560,0.14863,-0.12979,0.00480,-0.16016,0.78032,0.16003,0.58295,-0.00109,0.00106,0.00008,
1403636891401666304,0.14863,-0.12978,0.00481,-0.16015,0.78028,0.16001,0.58302,0.00013,-0.00030,0.00013,
1403636891501666560,0.14864,-0.12979,0.00481,-0.16021,0.78030,0.16003,0.58297,-0.00054,0.00075,0.00129,
1403636891601666560,0.14861,-0.12979,0.00483,-0.16017,0.78034,0.16002,0.58293,-0.00027,0.00043,0.00077,
1403636891701666560,0.14860,-0.12979,0.00482,-0.16013,0.78032,0.15997,0.58298,-0.00058,0.00043,0.00050,
1403636891801666560,0.14861,-0.12977,0.00480,-0.16019,0.78032,0.15999,0.58296,-0.00135,0.00104,0.00049,
1403636891901666304,0.14861,-0.12978,0.00480,-0.16023,0.78032,0.16002,0.58294,-0.00135,0.00048,-0.00010,
1403636892001666560,0.14861,-0.12977,0.00481,-0.16015,0.78032,0.16002,0.58296,-0.00057,0.00207,0.00135,
1403636892101666560,0.14864,-0.12979,0.00479,-0.16018,0.78032,0.16006,0.58294,-0.00077,0.00131,0.00058,
1403636892201666560,0.14861,-0.12979,0.00480,-0.16014,0.78033,0.16007,0.58295,-0.00033,0.00060,0.00012,
1403636892301666560,0.14871,-0.12986,0.00478,-0.15983,0.78034,0.16019,0.58297,-0.00143,0.00566,-0.00016,
1403636892401666304,0.14866,-0.12984,0.00481,-0.16000,0.78034,0.15990,0.58301,-0.00100,0.00367,-0.00238,
1403636892501666560,0.14863,-0.12981,0.00483,-0.16004,0.78028,0.15997,0.58307,-0.00140,0.00238,-0.00130,
1403636892601666560,0.14860,-0.12980,0.00483,-0.16007,0.78028,0.16001,0.58305,-0.00052,0.00213,-0.00074,
1403636892701666560,0.14860,-0.12979,0.00482,-0.16006,0.78027,0.16005,0.58305,-0.00105,0.00227,-0.00134,
1403636892801666560,0.14861,-0.12978,0.00485,-0.16005,0.78025,0.16016,0.58305,0.00034,0.00250,-0.00030,
1403636892901666304,0.14862,-0.12979,0.00482,-0.16004,0.78036,0.16011,0.58292,-0.00119,0.00268,0.00119,
1403636893001666560,0.14865,-0.12980,0.00481,-0.15999,0.78027,0.16015,0.58304,-0.00231,0.00226,0.00005,
1403636893101666560,0.14863,-0.12979,0.00481,-0.16002,0.78026,0.16013,0.58305,0.00036,0.00026,-0.00032,
1403636893201666560,0.14862,-0.12977,0.00481,-0.16007,0.78029,0.16010,0.58301,-0.00090,0.00078,-0.00098,
1403636893301666560,0.14862,-0.12978,0.00480,-0.16010,0.78028,0.16010,0.58300,-0.00187,0.00062,0.00094,
1403636893401666304,0.14862,-0.12979,0.00481,-0.16008,0.78031,0.16011,0.58297,-0.00141,0.00125,0.00084,
1403636893501666560,0.14864,-0.12979,0.00481,-0.16006,0.78031,0.16011,0.58298,0.00015,0.00174,0.00109,
1403636893601666560,0.14863,-0.12979,0.00481,-0.16003,0.78031,0.16010,0.58299,-0.00047,0.00047,-0.00029,
1403636893701666560,0.14865,-0.12979,0.00481,-0.16005,0.78029,0.16017,0.58299,0.00004,0.00018,-0.00036,
1403636893801666560,0.14863,-0.12978,0.00481,-0.16009,0.78033,0.16012,0.58294,0.00062,-0.00023,0.00086,
1403636893901666304,0.14862,-0.12978,0.00480,-0.16012,0.78033,0.16008,0.58294,-0.00032,-0.00063,0.00072,
1403636894001666560,0.14861,-0.12978,0.00480,-0.16013,0.78034,0.16004,0.58294,0.00044,0.00074,0.00053,
1403636894101666560,0.14859,-0.12977,0.00481,-0.16007,0.78035,0.16004,0.58294,-0.00029,0.00188,-0.00023,
1403636894201666560,0.14862,-0.12979,0.00478,-0.16010,0.78032,0.16006,0.58297,0.00095,0.00064,-0.00131,
1403636894301666560,0.14860,-0.12977,0.00479,-0.16011,0.78029,0.16005,0.58300,-0.00159,0.00072,-0.00037,
1403636894401666304,0.14861,-0.12978,0.00480,-0.16009,0.78034,0.16007,0.58294,0.00019,-0.00121,-0.00120,
1403636894501666560,0.14862,-0.12978,0.00478,-0.16015,0.78031,0.16009,0.58296,-0.00065,0.00008,-0.00082,
1403636894601666560,0.14862,-0.12953,0.00487,-0.16097,0.77942,0.16092,0.58369,-0.00089,0.00011,-0.00035,
1403636894701666560,0.14858,-0.12953,0.00488,-0.16100,0.77939,0.16094,0.58372,-0.00075,0.00026,0.00125,
1403636894801666560,0.14860,-0.12954,0.00487,-0.16096,0.77942,0.16093,0.58369,-0.00061,-0.00019,-0.00068,
1403636894901666304,0.14866,-0.12959,0.00489,-0.16078,0.77941,0.16087,0.58377,-0.00034,-0.00125,-0.00008,
1403636895001666560,0.14866,-0.12958,0.00489,-0.16080,0.77942,0.16093,0.58374,-0.00037,-0.00215,0.00035,
1403636895101666560,0.14866,-0.12957,0.00489,-0.16086,0.77943,0.16090,0.58372,0.00049,-0.00441,0.00104,
1403636895201666560,0.14865,-0.12957,0.00490,-0.16086,0.77941,0.16082,0.58377,0.00119,-0.00324,-0.00031,
1403636895301666560,0.14865,-0.12956,0.00491,-0.16091,0.77939,0.16085,0.58377,-0.00174,-0.00365,0.00176,
1403636895401666304,0.14865,-0.12955,0.00490,-0.16087,0.77940,0.16091,0.58375,-0.00162,-0.00081,0.00032,
1403636895501666560,0.14864,-0.12956,0.00491,-0.16087,0.77938,0.16095,0.58377,-0.00056,-0.00207,0.00090,
1403636895601666560,0.14864,-0.12955,0.00492,-0.16086,0.77939,0.16092,0.58376,-0.00042,-0.00050,0.00025,
1403636895701666560,0.14865,-0.12956,0.00492,-0.16083,0.77937,0.16094,0.58379,-0.00205,0.00033,0.00020,
1403636895801666560,0.14866,-0.12957,0.00495,-0.16076,0.77931,0.16099,0.58387,-0.00038,0.00009,-0.00079,
1403636895901666304,0.14867,-0.12956,0.00496,-0.16079,0.77933,0.16111,0.58381,-0.00129,-0.00366,0.00116,
1403636896001666560,0.14866,-0.12957,0.00497,-0.16079,0.77935,0.16115,0.58377,-0.00184,-0.00172,0.00126,
1403636896101666560,0.14885,-0.12960,0.00488,-0.16089,0.77977,0.16117,0.58319,0.00143,0.00225,-0.00104,
1403636896201666560,0.14914,-0.12968,0.00471,-0.16102,0.78047,0.16117,0.58220,-0.00111,-0.00223,0.00023,
1403636896301666560,0.14909,-0.12970,0.00477,-0.16091,0.78036,0.16136,0.58234,-0.00212,0.00054,0.00588,
1403636896401666304,0.14893,-0.12966,0.00488,-0.16086,0.77999,0.16140,0.58283,0.01033,0.00164,-0.00241,
1403636896501666560,0.14887,-0.12963,0.00494,-0.16083,0.77980,0.16145,0.58308,-0.00527,-0.00151,0.00019,
1403636896601666560,0.14889,-0.12966,0.00493,-0.16081,0.77982,0.16144,0.58306,0.00233,0.00186,-0.00115,
1403636896701666560,0.14904,-0.12971,0.00490,-0.16084,0.78007,0.16161,0.58267,0.00485,-0.00456,-0.00434,
1403636896801666560,0.14909,-0.12973,0.00486,-0.16096,0.78037,0.16173,0.58220,0.00197,0.00514,0.00641,
1403636896901666304,0.14912,-0.12980,0.00490,-0.16083,0.78030,0.16197,0.58227,0.00232,-0.00377,-0.00242,
1403636897001666560,0.14887,-0.12973,0.00509,-0.16105,0.77979,0.16202,0.58287,-0.00112,-0.00160,0.00426,
1403636897101666560,0.14831,-0.12990,0.00540,-0.16193,0.77914,0.16412,0.58291,-0.01791,-0.01021,-0.00173,
1403636897201666560,0.14708,-0.13031,0.00520,-0.16360,0.77897,0.16688,0.58189,-0.01665,-0.01370,0.00408,
1403636897301666560,0.14502,-0.13340,0.00466,-0.16283,0.77998,0.16584,0.58104,-0.03364,-0.05048,-0.00981,
1403636897401666304,0.13999,-0.14140,0.00417,-0.15765,0.78367,0.16316,0.57826,-0.06550,-0.10406,-0.00702,
1403636897501666560,0.13187,-0.15348,0.00371,-0.14950,0.78913,0.16144,0.57346,-0.08037,-0.13405,-0.01169,
1403636897601666560,0.12127,-0.16813,0.00361,-0.14021,0.79735,0.16088,0.56453,-0.11710,-0.15681,0.01929,
1403636897701666560,0.10871,-0.18494,0.00837,-0.12733,0.80752,0.16459,0.55192,-0.12625,-0.17488,0.07599,
1403636897801666560,0.09750,-0.20145,0.02048,-0.11856,0.81524,0.16940,0.54095,-0.10285,-0.15936,0.14785,
1403636897901666304,0.08944,-0.21554,0.03905,-0.11477,0.82024,0.17251,0.53318,-0.06624,-0.12170,0.21591,
1403636898001666560,0.08803,-0.22545,0.06159,-0.11658,0.81485,0.17374,0.54060,0.00129,-0.08441,0.19385,
1403636898101666560,0.08856,-0.23234,0.07686,-0.12167,0.80863,0.17400,0.54867,0.00640,-0.06766,0.11570,
1403636898201666560,0.09223,-0.23747,0.08898,-0.12527,0.80532,0.17559,0.55221,0.02880,-0.04793,0.12741,
1403636898301666560,0.09757,-0.24008,0.10365,-0.12712,0.80420,0.17826,0.55256,0.04935,-0.02528,0.16413,
1403636898401666304,0.10411,-0.24071,0.12177,-0.12929,0.80357,0.18137,0.55197,0.06728,-0.00091,0.19856,
1403636898501666560,0.11133,-0.23981,0.14249,-0.13239,0.80361,0.18380,0.55036,0.08336,0.01466,0.21820,
1403636898601666560,0.11991,-0.23780,0.16415,-0.13359,0.80330,0.18641,0.54965,0.09811,0.02706,0.21045,
1403636898701666560,0.12984,-0.23457,0.18433,-0.13377,0.80326,0.18897,0.54880,0.10671,0.04353,0.18608,
1403636898801666560,0.14183,-0.22920,0.20257,-0.13607,0.80309,0.18985,0.54817,0.12657,0.06222,0.16819,
1403636898901666304,0.15545,-0.22253,0.21881,-0.13931,0.80416,0.18907,0.54605,0.14249,0.07556,0.15017,
1403636899001666560,0.17158,-0.21509,0.23241,-0.14521,0.80552,0.18507,0.54388,0.17860,0.06984,0.11819,
1403636899101666560,0.19160,-0.20884,0.24378,-0.14621,0.80593,0.17664,0.54580,0.22193,0.04734,0.10772,
1403636899201666560,0.21460,-0.20578,0.25508,-0.13840,0.80463,0.16611,0.55301,0.24858,0.01408,0.11472,
1403636899301666560,0.23905,-0.20579,0.26622,-0.12864,0.80150,0.14913,0.56463,0.23714,-0.02081,0.10317,
1403636899401666304,0.26362,-0.20918,0.27567,-0.11297,0.80011,0.12930,0.57475,0.24047,-0.05075,0.09586,
1403636899501666560,0.28501,-0.21523,0.28323,-0.10247,0.80412,0.10778,0.57556,0.18974,-0.06831,0.06788,
1403636899601666560,0.30468,-0.22274,0.28821,-0.09636,0.81144,0.09112,0.56919,0.18660,-0.08954,0.05812,
1403636899701666560,0.32515,-0.23247,0.29407,-0.09140,0.81571,0.07958,0.56562,0.21190,-0.11698,0.06326,
1403636899801666560,0.34685,-0.24538,0.29922,-0.08428,0.81885,0.07327,0.56303,0.23015,-0.14698,0.04957,
1403636899901666304,0.36991,-0.26094,0.30211,-0.07453,0.81913,0.07276,0.56407,0.25548,-0.16538,0.02433,
1403636900001666560,0.39457,-0.27814,0.30266,-0.06800,0.81572,0.07323,0.56975,0.26459,-0.16950,0.00281,
1403636900101666560,0.41947,-0.29597,0.30314,-0.06614,0.81069,0.07305,0.57712,0.25525,-0.17893,0.02939,
1403636900201666560,0.44304,-0.31419,0.31084,-0.06518,0.80692,0.07413,0.58236,0.23287,-0.18033,0.11870,
1403636900301666560,0.46363,-0.33221,0.32704,-0.06436,0.80757,0.07635,0.58126,0.19527,-0.18214,0.20515,
1403636900401666304,0.48219,-0.35124,0.35043,-0.06623,0.81213,0.07872,0.57433,0.17648,-0.18172,0.25999,
1403636900501666560,0.49720,-0.36979,0.37592,-0.06701,0.81577,0.08207,0.56859,0.17012,-0.18561,0.24194,
1403636900601666560,0.51342,-0.38850,0.39829,-0.06895,0.81762,0.08407,0.56540,0.18284,-0.17801,0.19545,
1403636900701666560,0.53057,-0.40731,0.41171,-0.07069,0.82219,0.08558,0.55829,0.19422,-0.18216,0.11748,
1403636900801666560,0.55169,-0.42571,0.42180,-0.07426,0.82609,0.08605,0.55196,0.22660,-0.18158,0.06453,
1403636900901666304,0.57507,-0.44357,0.42570,-0.08245,0.82459,0.08215,0.55363,0.26383,-0.18279,0.02217,
1403636901001666560,0.60277,-0.46357,0.42720,-0.08765,0.82174,0.07901,0.55751,0.30311,-0.21451,-0.02772,
1403636901101666560,0.63620,-0.48890,0.42216,-0.09212,0.82022,0.07670,0.55934,0.32496,-0.26281,-0.06297,
1403636901201666560,0.66916,-0.51572,0.41476,-0.09317,0.81929,0.07573,0.56067,0.35749,-0.30192,-0.04775,
1403636901301666560,0.70359,-0.54751,0.41185,-0.08931,0.81845,0.07825,0.56217,0.33961,-0.35292,0.00331,
1403636901401666304,0.74090,-0.58197,0.41521,-0.08565,0.81798,0.08058,0.56310,0.40679,-0.36511,0.06319,
1403636901501666560,0.78182,-0.62027,0.42585,-0.08034,0.81712,0.08377,0.56466,0.41382,-0.38474,0.11148,
1403636901601666560,0.82286,-0.65825,0.43457,-0.07677,0.81640,0.08578,0.56590,0.41699,-0.38683,0.05184,
1403636901701666560,0.86493,-0.69624,0.43554,-0.07617,0.81453,0.08566,0.56869,0.41536,-0.38545,-0.02500,
1403636901801666560,0.90627,-0.73527,0.43006,-0.07730,0.81396,0.08486,0.56947,0.41908,-0.39236,-0.09018,
1403636901901666304,0.94805,-0.77426,0.41854,-0.07677,0.81376,0.08556,0.56971,0.40709,-0.39409,-0.14053,
1403636902001666560,0.98827,-0.81357,0.40427,-0.07544,0.81341,0.08696,0.57018,0.39712,-0.38953,-0.16072,
1403636902101666560,1.03150,-0.85086,0.39399,-0.07524,0.81267,0.08796,0.57111,0.41381,-0.37926,-0.09137,
1403636902201666560,1.06909,-0.89259,0.38905,-0.07472,0.81275,0.08910,0.57089,0.39905,-0.38950,-0.02761,
1403636902301666560,1.10628,-0.93217,0.39059,-0.07671,0.81321,0.08656,0.57036,0.39514,-0.38914,-0.03752,
1403636902401666304,1.14196,-0.97251,0.37952,-0.07701,0.81400,0.08451,0.56951,0.38379,-0.40195,-0.17564,
1403636902501666560,1.17572,-1.01525,0.35803,-0.07388,0.81495,0.08413,0.56861,0.38013,-0.41303,-0.26867,
1403636902601666560,1.20988,-1.05449,0.32843,-0.06733,0.81496,0.08522,0.56925,0.38311,-0.40435,-0.25432,
1403636902701666560,1.24141,-1.09540,0.30801,-0.06206,0.81416,0.08550,0.57095,0.36950,-0.39135,-0.17292,
1403636902801666560,1.27290,-1.13391,0.29634,-0.06141,0.81391,0.08359,0.57166,0.34593,-0.37379,-0.09288,
1403636902901666304,1.30422,-1.17112,0.29188,-0.06336,0.81181,0.08331,0.57447,0.34127,-0.35406,-0.01470,
1403636903001666560,1.33789,-1.20667,0.29148,-0.06496,0.81181,0.08421,0.57415,0.29687,-0.34974,0.04079,
1403636903101666560,1.36856,-1.24211,0.29987,-0.06705,0.81225,0.08521,0.57315,0.32727,-0.32311,0.14111,
1403636903201666560,1.40161,-1.27652,0.31712,-0.06897,0.81299,0.08644,0.57169,0.31922,-0.32331,0.21453,
1403636903301666560,1.43247,-1.31136,0.33921,-0.06911,0.81433,0.08903,0.56935,0.29552,-0.33388,0.25269,
1403636903401666304,1.46206,-1.34711,0.36144,-0.06736,0.81496,0.09211,0.56817,0.28910,-0.32859,0.18967,
1403636903501666560,1.48964,-1.37648,0.37700,-0.06677,0.81518,0.09367,0.56767,0.28542,-0.32303,0.11974,
1403636903601666560,1.51662,-1.40633,0.38589,-0.06739,0.81552,0.09452,0.56697,0.27417,-0.30760,0.04376,
1403636903701666560,1.54451,-1.43519,0.38512,-0.07084,0.81856,0.09280,0.56243,0.27938,-0.28572,-0.03050,
1403636903801666560,1.57354,-1.46324,0.38221,-0.07492,0.82116,0.09063,0.55845,0.30585,-0.28310,-0.02730,
1403636903901666304,1.60614,-1.49044,0.38410,-0.07919,0.82155,0.08782,0.55775,0.35720,-0.28299,0.07321,
1403636904001666560,1.64178,-1.51706,0.39262,-0.08289,0.81977,0.08516,0.56023,0.36393,-0.29289,0.14582,
1403636904101666560,1.67933,-1.54714,0.40941,-0.08554,0.81782,0.08321,0.56296,0.41663,-0.30865,0.21455,
1403636904201666560,1.71646,-1.57754,0.43077,-0.08836,0.81729,0.08094,0.56363,0.39355,-0.34907,0.25592,
1403636904301666560,1.75272,-1.61415,0.45839,-0.08807,0.81647,0.08016,0.56498,0.38675,-0.37351,0.24093,
1403636904401666304,1.78830,-1.65163,0.48012,-0.08609,0.81520,0.08012,0.56711,0.38683,-0.40082,0.18888,
1403636904501666560,1.82832,-1.69204,0.49992,-0.08303,0.81482,0.08109,0.56798,0.38316,-0.42471,0.13260,
1403636904601666560,1.86523,-1.73563,0.51388,-0.07899,0.81455,0.08245,0.56874,0.38283,-0.43842,0.09671,
1403636904701666560,1.90517,-1.77840,0.52507,-0.07453,0.81484,0.08333,0.56880,0.38560,-0.44314,0.08903,
1403636904801666560,1.94444,-1.82414,0.53647,-0.07097,0.81466,0.08395,0.56942,0.38048,-0.44929,0.07134,
1403636904901666304,1.98385,-1.86879,0.54341,-0.06659,0.81503,0.08489,0.56928,0.37503,-0.43997,0.02251,
1403636905001666560,2.02127,-1.91274,0.54633,-0.06345,0.81511,0.08487,0.56953,0.36649,-0.43322,-0.02500,
1403636905101666560,2.06142,-1.95573,0.54400,-0.06065,0.81463,0.08448,0.57058,0.36946,-0.41619,-0.01255,
1403636905201666560,2.10261,-1.99672,0.54702,-0.05842,0.81426,0.08389,0.57142,0.39365,-0.40329,0.04369,
1403636905301666560,2.14096,-2.03400,0.55327,-0.05531,0.81534,0.08365,0.57023,0.38641,-0.37246,0.08816,
1403636905401666304,2.18109,-2.06864,0.56749,-0.05363,0.81814,0.08329,0.56642,0.37057,-0.33728,0.15647,
1403636905501666560,2.21821,-2.09829,0.58584,-0.05343,0.81848,0.08851,0.56516,0.37236,-0.29006,0.19321,
1403636905601666560,2.25577,-2.12468,0.60382,-0.05353,0.81792,0.09511,0.56489,0.38066,-0.25997,0.13971,
1403636905701666560,2.29304,-2.14819,0.61404,-0.05815,0.81821,0.09761,0.56358,0.37678,-0.22495,0.05986,
1403636905801666560,2.33230,-2.16772,0.61774,-0.06350,0.81823,0.09829,0.56285,0.39236,-0.19840,-0.01799,
1403636905901666304,2.37002,-2.18266,0.61321,-0.06673,0.81903,0.09932,0.56114,0.38857,-0.16775,-0.08917,
1403636906001666560,2.40886,-2.19804,0.60416,-0.06855,0.82120,0.10095,0.55744,0.40421,-0.15195,-0.13084,
1403636906101666560,2.45007,-2.21027,0.59078,-0.06715,0.82295,0.10420,0.55443,0.42751,-0.11684,-0.13992,
1403636906201666560,2.49536,-2.21921,0.58033,-0.06805,0.82197,0.10544,0.55553,0.46853,-0.08803,-0.06715,
1403636906301666560,2.54298,-2.22131,0.57966,-0.07148,0.81672,0.10432,0.56300,0.48259,-0.05865,0.01583,
1403636906401666304,2.58894,-2.22547,0.58414,-0.07756,0.81313,0.10053,0.56807,0.46607,-0.04735,0.07100,
1403636906501666560,2.63408,-2.22746,0.59329,-0.08922,0.81290,0.09183,0.56816,0.46479,-0.05756,0.09024,
1403636906601666560,2.67843,-2.23317,0.60040,-0.09427,0.81602,0.08783,0.56348,0.45267,-0.09176,0.04412,
1403636906701666560,2.72392,-2.24204,0.60403,-0.08904,0.81601,0.09112,0.56382,0.46153,-0.12388,-0.00303,
1403636906801666560,2.77123,-2.25544,0.60060,-0.08092,0.81528,0.09686,0.56514,0.46724,-0.14573,-0.05988,
1403636906901666304,2.81929,-2.26785,0.59255,-0.07647,0.81540,0.10130,0.56482,0.45978,-0.13441,-0.07576,
1403636907001666560,2.86712,-2.27823,0.58926,-0.07434,0.81515,0.10488,0.56480,0.46440,-0.11771,-0.01396,
1403636907101666560,2.91428,-2.28945,0.59214,-0.07474,0.81561,0.10666,0.56376,0.46627,-0.10659,0.04596,
1403636907201666560,2.96341,-2.29835,0.59483,-0.07416,0.81843,0.10875,0.55932,0.46997,-0.08792,-0.02057,
1403636907301666560,3.01264,-2.30514,0.58896,-0.07592,0.82157,0.10925,0.55436,0.49423,-0.06558,-0.07123,
1403636907401666304,3.06424,-2.31030,0.58341,-0.08170,0.82287,0.10669,0.55211,0.51177,-0.04825,-0.03938,
1403636907501666560,3.12068,-2.31439,0.58576,-0.08769,0.82338,0.10361,0.55101,0.55741,-0.04869,0.05408,
1403636907601666560,3.17864,-2.31969,0.59626,-0.09269,0.82370,0.10062,0.55028,0.58489,-0.06271,0.14701,
1403636907701666560,3.24458,-2.32593,0.61390,-0.09571,0.82371,0.09838,0.55015,0.64310,-0.08444,0.21233,
1403636907801666560,3.31088,-2.33600,0.63562,-0.09759,0.82345,0.09718,0.55042,0.67144,-0.11925,0.23391,
1403636907901666304,3.38502,-2.34754,0.65054,-0.09801,0.82220,0.09701,0.55224,0.72884,-0.12961,0.09785,
1403636908001666560,3.46050,-2.36168,0.65477,-0.09267,0.81830,0.10163,0.55809,0.77928,-0.14259,-0.00677,
1403636908101666560,3.54074,-2.37642,0.65102,-0.08758,0.81460,0.10729,0.56324,0.78602,-0.15772,-0.01064,
1403636908201666560,3.61879,-2.39174,0.65143,-0.08674,0.81194,0.11061,0.56657,0.75726,-0.15357,0.04122,
1403636908301666560,3.69395,-2.40747,0.65413,-0.08694,0.81110,0.11327,0.56722,0.73352,-0.15354,0.02355,
1403636908401666304,3.76704,-2.42227,0.65351,-0.08782,0.81145,0.11539,0.56615,0.71817,-0.14849,-0.04104,
1403636908501666560,3.83903,-2.43785,0.64746,-0.08928,0.81227,0.11729,0.56435,0.71652,-0.13752,-0.09000,
1403636908601666560,3.91179,-2.45158,0.63889,-0.09045,0.81261,0.11915,0.56328,0.71273,-0.13282,-0.08249,
1403636908701666560,3.98144,-2.46804,0.63420,-0.09139,0.81369,0.12122,0.56113,0.69256,-0.14486,-0.01504,
1403636908801666560,4.05408,-2.48052,0.63860,-0.09384,0.81636,0.12121,0.55682,0.71238,-0.12969,0.06645,
1403636908901666304,4.12898,-2.49439,0.65178,-0.09520,0.81929,0.12110,0.55230,0.74395,-0.12673,0.16347,
1403636909001666560,4.20297,-2.50573,0.67131,-0.09718,0.81995,0.12078,0.55104,0.77194,-0.11490,0.21960,
1403636909101666560,4.28183,-2.51731,0.69357,-0.09969,0.82061,0.11877,0.55004,0.79614,-0.11349,0.18750,
1403636909201666560,4.36251,-2.52598,0.70898,-0.10003,0.82081,0.11788,0.54989,0.82164,-0.12350,0.12183,
1403636909301666560,4.44644,-2.53630,0.72050,-0.09992,0.82138,0.11678,0.54928,0.85198,-0.12792,0.07532,
1403636909401666304,4.53522,-2.54889,0.72632,-0.09842,0.82007,0.11661,0.55155,0.89199,-0.12885,0.04229,
1403636909501666560,4.62756,-2.55982,0.73041,-0.09508,0.81706,0.11703,0.55649,0.90851,-0.12720,-0.01280,
1403636909601666560,4.71910,-2.57028,0.72588,-0.09552,0.81612,0.11474,0.55826,0.91032,-0.13081,-0.07345,
1403636909701666560,4.80934,-2.58243,0.71655,-0.09875,0.81431,0.11060,0.56117,0.91502,-0.14841,-0.11912,
1403636909801666560,4.89957,-2.59875,0.70104,-0.09430,0.80939,0.11252,0.56863,0.91019,-0.16824,-0.17559,
1403636909901666304,4.98704,-2.61403,0.68040,-0.08105,0.80525,0.12070,0.57484,0.87770,-0.16081,-0.22409,
1403636910001666560,5.07053,-2.62665,0.65541,-0.06939,0.80002,0.12799,0.58204,0.82292,-0.12810,-0.26998,
1403636910101666560,5.14967,-2.63388,0.62782,-0.07060,0.79923,0.12733,0.58313,0.76349,-0.06804,-0.25553,
1403636910201666560,5.22641,-2.63799,0.60459,-0.07881,0.80458,0.12258,0.57568,0.75712,-0.02758,-0.19884,
1403636910301666560,5.29855,-2.64111,0.58953,-0.08400,0.80868,0.12002,0.56972,0.71639,-0.01409,-0.10144,
1403636910401666304,5.37004,-2.64362,0.58255,-0.08669,0.81140,0.11949,0.56555,0.69925,-0.00577,-0.01541,
1403636910501666560,5.43976,-2.64494,0.58236,-0.08779,0.81195,0.12066,0.56434,0.69693,-0.00108,0.02995,
1403636910601666560,5.51066,-2.64640,0.58161,-0.08688,0.81218,0.12249,0.56374,0.70090,0.00154,-0.00563,
1403636910701666560,5.57883,-2.64493,0.57472,-0.08700,0.81221,0.12310,0.56355,0.69103,0.01694,-0.07782,
1403636910801666560,5.64505,-2.64384,0.56184,-0.08846,0.81262,0.12244,0.56288,0.68032,0.02468,-0.14391,
1403636910901666304,5.71322,-2.64165,0.54403,-0.09149,0.81331,0.12072,0.56177,0.67562,0.03279,-0.18892,
1403636911001666560,5.77869,-2.63999,0.52694,-0.09753,0.80738,0.11723,0.56998,0.67679,0.03370,-0.13403,
1403636911101666560,5.84525,-2.63993,0.51464,-0.10031,0.80004,0.11559,0.58009,0.66502,0.00897,-0.11169,
1403636911201666560,5.90646,-2.64142,0.50610,-0.09747,0.80340,0.11762,0.57551,0.61536,-0.02317,-0.06012,
1403636911301666560,5.96457,-2.64403,0.50405,-0.09404,0.80868,0.11989,0.56818,0.57853,-0.03635,-0.00519,
1403636911401666304,6.01891,-2.64768,0.51252,-0.09107,0.81007,0.12159,0.56631,0.52894,-0.03907,0.10329,
1403636911501666560,6.07013,-2.65130,0.52725,-0.08938,0.81059,0.12189,0.56578,0.51748,-0.03316,0.12842,
1403636911601666560,6.12263,-2.65326,0.54054,-0.08873,0.81101,0.12210,0.56522,0.50500,-0.02472,0.09404,
1403636911701666560,6.17668,-2.65483,0.54885,-0.08854,0.81102,0.12184,0.56530,0.50658,-0.02683,0.04406,
1403636911801666560,6.23244,-2.65737,0.55364,-0.09258,0.81158,0.11813,0.56464,0.50994,-0.02255,-0.00091,
1403636911901666304,6.28739,-2.66001,0.55011,-0.09984,0.81408,0.11233,0.56097,0.51888,-0.03296,-0.08293,
1403636912001666560,6.34558,-2.66281,0.54205,-0.10244,0.81603,0.10939,0.55824,0.54798,-0.05911,-0.10830,
1403636912101666560,6.41283,-2.66651,0.52908,-0.09978,0.81614,0.10975,0.55850,0.57146,-0.07215,-0.12877,
1403636912201666560,6.47219,-2.67350,0.52001,-0.09708,0.81470,0.11156,0.56070,0.59812,-0.08879,-0.02808,
1403636912301666560,6.53396,-2.68218,0.51911,-0.09319,0.81302,0.11388,0.56334,0.60174,-0.09559,0.03136,
1403636912401666304,6.60135,-2.68927,0.52181,-0.09213,0.81318,0.11345,0.56337,0.62533,-0.09245,0.07091,
1403636912501666560,6.66314,-2.69825,0.52458,-0.09730,0.81363,0.10911,0.56270,0.62701,-0.10687,0.01202,
1403636912601666560,6.72797,-2.70889,0.51780,-0.09798,0.81404,0.10712,0.56238,0.63874,-0.11872,-0.04822,
1403636912701666560,6.78901,-2.72286,0.50674,-0.10269,0.81435,0.10277,0.56190,0.64162,-0.14346,-0.11696,
1403636912801666560,6.85190,-2.73844,0.49177,-0.10700,0.81420,0.09905,0.56198,0.65197,-0.17862,-0.14067,
1403636912901666304,6.91533,-2.75826,0.47050,-0.10362,0.81331,0.10068,0.56361,0.66301,-0.22591,-0.18033,
1403636913001666560,6.97828,-2.78130,0.44911,-0.09784,0.80956,0.10454,0.56931,0.64892,-0.25141,-0.23033,
1403636913101666560,7.03904,-2.80564,0.42318,-0.09374,0.80646,0.10724,0.57388,0.62857,-0.26888,-0.22226,
1403636913201666560,7.10103,-2.82875,0.40199,-0.09073,0.80398,0.10914,0.57747,0.59682,-0.27467,-0.16926,
1403636913301666560,7.15859,-2.85682,0.38837,-0.08970,0.80448,0.11030,0.57671,0.59347,-0.27621,-0.08281,
1403636913401666304,7.21391,-2.88212,0.38238,-0.09336,0.80825,0.10792,0.57129,0.58102,-0.27711,-0.00286,
1403636913501666560,7.26958,-2.91056,0.38117,-0.09725,0.81091,0.10481,0.56743,0.56859,-0.30217,0.01757,
1403636913601666560,7.32324,-2.93845,0.37753,-0.09369,0.81136,0.10634,0.56711,0.56308,-0.31137,-0.03276,
1403636913701666560,7.37822,-2.97086,0.36872,-0.09058,0.81170,0.10752,0.56691,0.55735,-0.32135,-0.08043,
1403636913801666560,7.42973,-3.00066,0.35677,-0.08912,0.81129,0.10811,0.56761,0.54335,-0.31933,-0.08332,
1403636913901666304,7.48285,-3.03343,0.34886,-0.08780,0.81069,0.10894,0.56851,0.54644,-0.31495,-0.01849,
1403636914001666560,7.53225,-3.06642,0.34971,-0.08710,0.81021,0.10998,0.56911,0.52182,-0.32598,0.07597,
1403636914101666560,7.58478,-3.10100,0.35498,-0.09003,0.81013,0.10805,0.56913,0.52910,-0.32113,0.09177,
1403636914201666560,7.63245,-3.13501,0.35825,-0.09196,0.81045,0.10664,0.56863,0.50823,-0.33325,0.04376,
1403636914301666560,7.68106,-3.17025,0.35799,-0.09015,0.81105,0.10736,0.56793,0.48988,-0.34161,-0.01054,
1403636914401666304,7.72612,-3.20768,0.35427,-0.08657,0.81002,0.10962,0.56953,0.47331,-0.35620,-0.03069,
1403636914501666560,7.77083,-3.24470,0.35204,-0.08390,0.80969,0.11123,0.57008,0.45861,-0.35472,0.03323,
1403636914601666560,7.81739,-3.27995,0.35872,-0.08295,0.80948,0.11159,0.57045,0.46342,-0.34470,0.10888,
1403636914701666560,7.86007,-3.31653,0.37306,-0.08288,0.80827,0.11126,0.57223,0.44272,-0.33974,0.17516,
1403636914801666560,7.90244,-3.35104,0.38974,-0.08165,0.80764,0.11108,0.57333,0.42176,-0.32972,0.15615,
1403636914901666304,7.94218,-3.38585,0.40097,-0.08072,0.80860,0.11055,0.57221,0.39487,-0.33394,0.07214,
1403636915001666560,7.98182,-3.41698,0.40544,-0.07962,0.81078,0.10992,0.56940,0.38119,-0.31728,0.00714,
1403636915101666560,8.01780,-3.45005,0.40328,-0.07857,0.81231,0.10985,0.56737,0.37559,-0.31404,-0.04044,
1403636915201666560,8.05556,-3.47788,0.39661,-0.07729,0.81473,0.10969,0.56410,0.37603,-0.28677,-0.10623,
1403636915301666560,8.09356,-3.50823,0.38357,-0.07611,0.81947,0.10994,0.55731,0.38501,-0.26856,-0.15300,
1403636915401666304,8.13437,-3.53242,0.36932,-0.07509,0.82314,0.11059,0.55189,0.41217,-0.24379,-0.16141,
1403636915501666560,8.17781,-3.55474,0.35680,-0.07863,0.82144,0.10810,0.55440,0.44970,-0.21961,-0.09822,
1403636915601666560,8.22490,-3.57504,0.35220,-0.08806,0.81618,0.10176,0.56190,0.49095,-0.19883,-0.01307,
1403636915701666560,8.27465,-3.59528,0.35489,-0.09642,0.81257,0.09648,0.56668,0.48769,-0.23795,0.03948,
1403636915801666560,8.32181,-3.61940,0.36420,-0.09826,0.81089,0.09568,0.56890,0.47635,-0.27023,0.11662,
1403636915901666304,8.36813,-3.64796,0.38176,-0.09856,0.80987,0.09613,0.57022,0.46056,-0.30459,0.21021,
1403636916001666560,8.41398,-3.68055,0.40123,-0.09267,0.80890,0.10082,0.57178,0.45862,-0.33514,0.17589,
1403636916101666560,8.45953,-3.71304,0.41627,-0.08433,0.80823,0.10720,0.57286,0.44376,-0.34058,0.12199,
1403636916201666560,8.50366,-3.74768,0.42432,-0.08035,0.80831,0.11096,0.57260,0.42032,-0.33924,0.08520,
1403636916301666560,8.54609,-3.78019,0.43428,-0.08211,0.80853,0.11019,0.57218,0.38891,-0.33174,0.13089,
1403636916401666304,8.58614,-3.81217,0.45018,-0.08111,0.80919,0.11072,0.57129,0.39104,-0.33223,0.17244,
1403636916501666560,8.62815,-3.84424,0.46398,-0.07438,0.80936,0.10641,0.57278,0.38364,-0.33609,0.11593,
1403636916601666560,8.66841,-3.87407,0.47398,-0.06409,0.81052,0.09663,0.57412,0.38443,-0.31451,0.07036,
1403636916701666560,8.70994,-3.90126,0.47800,-0.05546,0.81178,0.08614,0.57490,0.36633,-0.28199,0.01572,
1403636916801666560,8.74867,-3.92534,0.47617,-0.05028,0.81218,0.07708,0.57610,0.35046,-0.24841,-0.04092,
1403636916901666304,8.78319,-3.94509,0.47018,-0.04462,0.81269,0.07175,0.57654,0.33256,-0.22113,-0.07675,
1403636917001666560,8.81723,-3.96141,0.45880,-0.04147,0.81266,0.06788,0.57729,0.32045,-0.18467,-0.13125,
1403636917101666560,8.84935,-3.97625,0.44210,-0.04226,0.81319,0.06344,0.57698,0.30161,-0.15702,-0.18345,
1403636917201666560,8.88047,-3.98955,0.42280,-0.04383,0.81366,0.05775,0.57681,0.29059,-0.15577,-0.22236,
1403636917301666560,8.90981,-4.00207,0.39580,-0.03818,0.81366,0.04843,0.57806,0.26868,-0.16005,-0.27707,
1403636917401666304,8.93600,-4.01766,0.36472,-0.02534,0.81384,0.03463,0.57950,0.25795,-0.16548,-0.33073,
1403636917501666560,8.96376,-4.03021,0.32800,-0.01307,0.81437,0.01785,0.57993,0.24906,-0.14785,-0.34351,
1403636917601666560,8.99051,-4.04060,0.29502,-0.00562,0.81417,0.00346,0.58059,0.25112,-0.12449,-0.27956,
1403636917701666560,9.01439,-4.05009,0.27002,0.00047,0.81338,-0.00695,0.58169,0.22733,-0.10424,-0.21971,
1403636917801666560,9.03675,-4.05928,0.25348,0.00697,0.81281,-0.01506,0.58229,0.21227,-0.09357,-0.12998,
1403636917901666304,9.05609,-4.06673,0.24640,0.01291,0.81207,-0.02091,0.58304,0.17972,-0.07492,-0.02595,
1403636918001666560,9.07163,-4.07206,0.24366,0.01692,0.81269,-0.02470,0.58193,0.15843,-0.05870,-0.04212,
1403636918101666560,9.08489,-4.07595,0.23617,0.02071,0.81371,-0.02600,0.58032,0.13497,-0.03728,-0.09273,
1403636918201666560,9.09574,-4.07697,0.22532,0.02436,0.81509,-0.02543,0.57826,0.12574,-0.01238,-0.09915,
1403636918301666560,9.10623,-4.07630,0.21768,0.02673,0.81597,-0.02398,0.57698,0.10855,0.01286,-0.02921,
1403636918401666304,9.11453,-4.07193,0.21624,0.02711,0.82198,-0.02310,0.56840,0.09359,0.04847,0.02054,
1403636918501666560,9.12494,-4.06393,0.22288,0.02730,0.82791,-0.02206,0.55976,0.12746,0.08176,0.11249,
1403636918601666560,9.13931,-4.05292,0.23890,0.02703,0.82970,-0.02050,0.55717,0.18525,0.10843,0.20174,
1403636918701666560,9.15852,-4.03909,0.26508,0.02431,0.82827,-0.01964,0.55945,0.21925,0.14219,0.28702,
1403636918801666560,9.18029,-4.02190,0.29862,0.01164,0.82515,-0.02620,0.56418,0.25288,0.16550,0.35006,
1403636918901666304,9.20599,-4.00589,0.33727,-0.00096,0.81917,-0.03497,0.57248,0.25513,0.12935,0.37877,
1403636919001666560,9.23115,-3.99414,0.37706,-0.00628,0.81421,-0.04653,0.57867,0.26402,0.08269,0.40543,
1403636919101666560,9.25729,-3.98862,0.41914,-0.00749,0.81130,-0.05523,0.58197,0.25039,0.01370,0.44626,
1403636919201666560,9.28055,-3.99014,0.46329,-0.00485,0.80954,-0.06035,0.58394,0.20860,-0.05897,0.45311,
1403636919301666560,9.30051,-3.99853,0.50912,-0.00065,0.80898,-0.06337,0.58441,0.17741,-0.12061,0.43777,
1403636919401666304,9.31729,-4.01306,0.54812,0.00615,0.80834,-0.06589,0.58498,0.14427,-0.17260,0.36536,
1403636919501666560,9.33018,-4.03263,0.58104,0.01813,0.80825,-0.06320,0.58516,0.11370,-0.21213,0.31569,
1403636919601666560,9.34029,-4.05512,0.60536,0.02994,0.80823,-0.05909,0.58513,0.08692,-0.22530,0.24545,
1403636919701666560,9.34733,-4.07727,0.62353,0.03637,0.80731,-0.05719,0.58623,0.05777,-0.21324,0.17296,
1403636919801666560,9.35043,-4.09807,0.63449,0.03634,0.80641,-0.05856,0.58733,0.02297,-0.20484,0.10048,
1403636919901666304,9.35213,-4.11754,0.64005,0.03461,0.80584,-0.06015,0.58805,-0.00033,-0.19389,0.03121,
1403636920001666560,9.35003,-4.13640,0.63838,0.03005,0.80448,-0.06299,0.58986,-0.04291,-0.19105,-0.04335,
1403636920101666560,9.34496,-4.15642,0.63183,0.02406,0.80308,-0.06618,0.59170,-0.08531,-0.20475,-0.09826,
1403636920201666560,9.33524,-4.17830,0.62015,0.01871,0.80223,-0.06863,0.59276,-0.13058,-0.22945,-0.14761,
1403636920301666560,9.32098,-4.20259,0.60359,0.02405,0.80265,-0.06383,0.59254,-0.17236,-0.25401,-0.17564,
1403636920401666304,9.30195,-4.22869,0.58326,0.03269,0.80315,-0.05713,0.59213,-0.21030,-0.26075,-0.18202,
1403636920501666560,9.27951,-4.25359,0.56717,0.03779,0.80585,-0.05267,0.58855,-0.25702,-0.24747,-0.12632,
1403636920601666560,9.25283,-4.27713,0.55883,0.03905,0.80968,-0.05134,0.58332,-0.29184,-0.22100,-0.05520,
1403636920701666560,9.22462,-4.29874,0.55926,0.03918,0.81418,-0.05171,0.57698,-0.30782,-0.20193,0.03118,
1403636920801666560,9.19538,-4.31855,0.56687,0.03892,0.81807,-0.05263,0.57138,-0.29202,-0.18626,0.09509,
1403636920901666304,9.16695,-4.33555,0.58321,0.03796,0.82009,-0.05368,0.56844,-0.28113,-0.17157,0.18744,
1403636921001666560,9.14041,-4.35033,0.60384,0.03842,0.82052,-0.05430,0.56774,-0.26256,-0.15123,0.17197,
1403636921101666560,9.11654,-4.36361,0.61935,0.03838,0.82009,-0.05517,0.56828,-0.24399,-0.13631,0.11605,
1403636921201666560,9.09553,-4.37531,0.62961,0.03925,0.81859,-0.05524,0.57037,-0.22295,-0.12321,0.07090,
1403636921301666560,9.07544,-4.38600,0.63457,0.03982,0.81270,-0.05507,0.57871,-0.22350,-0.10711,0.01301,
1403636921401666304,9.05471,-4.39513,0.63347,0.03551,0.80834,-0.05841,0.58474,-0.23774,-0.08648,-0.04561,
1403636921501666560,9.03218,-4.40183,0.62715,0.02901,0.80690,-0.06335,0.58656,-0.26265,-0.08004,-0.10210,
1403636921601666560,9.00506,-4.41121,0.61419,0.02318,0.80987,-0.06802,0.58220,-0.29036,-0.09380,-0.15982,
1403636921701666560,8.97660,-4.42256,0.59490,0.02193,0.81907,-0.06975,0.56901,-0.28967,-0.11834,-0.21230,
1403636921801666560,8.95144,-4.43477,0.57331,0.02475,0.82807,-0.06888,0.55582,-0.24714,-0.15089,-0.20331,
1403636921901666304,8.93053,-4.45022,0.55321,0.02910,0.82871,-0.06734,0.55485,-0.19147,-0.17119,-0.19256,
1403636922001666560,8.91420,-4.46729,0.53349,0.03514,0.82269,-0.06626,0.56352,-0.15150,-0.18592,-0.19823,
1403636922101666560,8.89967,-4.48545,0.51293,0.04210,0.81647,-0.06736,0.57190,-0.14409,-0.17978,-0.19332,
1403636922201666560,8.88513,-4.50141,0.49651,0.04792,0.81360,-0.07006,0.57520,-0.14897,-0.16285,-0.13280,
1403636922301666560,8.87014,-4.51763,0.48653,0.05321,0.81751,-0.07278,0.56882,-0.13228,-0.15123,-0.06972,
1403636922401666304,8.85623,-4.53163,0.48124,0.05593,0.82100,-0.07663,0.56299,-0.11991,-0.13383,-0.06151,
1403636922501666560,8.84352,-4.54524,0.47202,0.06015,0.82413,-0.08260,0.55710,-0.09347,-0.12679,-0.11282,
1403636922601666560,8.83560,-4.55827,0.45767,0.06636,0.82485,-0.09152,0.55393,-0.04762,-0.11761,-0.14980,
1403636922701666560,8.83270,-4.57076,0.44202,0.07409,0.81912,-0.09833,0.56026,-0.00799,-0.09882,-0.17217,
1403636922801666560,8.83086,-4.58002,0.42628,0.07621,0.80940,-0.10643,0.57249,-0.00747,-0.07124,-0.14919,
1403636922901666304,8.82753,-4.58634,0.41440,0.07230,0.80238,-0.11566,0.58102,-0.03378,-0.05660,-0.10552,
1403636923001666560,8.82118,-4.59209,0.40928,0.06671,0.79789,-0.12400,0.58612,-0.06436,-0.06613,-0.05354,
1403636923101666560,8.81178,-4.60018,0.40639,0.06833,0.79703,-0.12925,0.58598,-0.11426,-0.09157,-0.06514,
1403636923201666560,8.79836,-4.60983,0.39740,0.07495,0.79813,-0.13704,0.58189,-0.15261,-0.10907,-0.13496,
1403636923301666560,8.77924,-4.62224,0.38374,0.08652,0.80232,-0.14344,0.57290,-0.18780,-0.12043,-0.18571,
1403636923401666304,8.75869,-4.63474,0.36430,0.09570,0.80801,-0.14845,0.56206,-0.19666,-0.11565,-0.22684,
1403636923501666560,8.73966,-4.64680,0.34137,0.10072,0.81410,-0.15363,0.55090,-0.17253,-0.10637,-0.26172,
1403636923601666560,8.72453,-4.65855,0.32066,0.10230,0.82016,-0.15804,0.54028,-0.11635,-0.11817,-0.17573,
1403636923701666560,8.71649,-4.67188,0.30993,0.10444,0.82300,-0.15996,0.53496,-0.04156,-0.13730,-0.07444,
1403636923801666560,8.71722,-4.68653,0.31073,0.10629,0.82242,-0.16040,0.53535,0.04199,-0.14615,0.02931,
1403636923901666304,8.72508,-4.70080,0.31379,0.10711,0.82257,-0.16010,0.53504,0.10257,-0.14544,0.00712,
1403636924001666560,8.73948,-4.71634,0.31481,0.10838,0.82277,-0.15854,0.53494,0.16895,-0.14579,-0.04205,
1403636924101666560,8.76027,-4.73175,0.30896,0.10936,0.82225,-0.15749,0.53585,0.24159,-0.15114,-0.09337,
1403636924201666560,8.78675,-4.74815,0.29838,0.11018,0.82117,-0.15551,0.53791,0.29672,-0.15843,-0.12953,
1403636924301666560,8.81913,-4.76422,0.28650,0.10940,0.81995,-0.15471,0.54016,0.35365,-0.15093,-0.09524,
1403636924401666304,8.85809,-4.77969,0.28211,0.10256,0.81785,-0.15833,0.54364,0.40642,-0.15191,-0.02578,
1403636924501666560,8.90050,-4.79679,0.28918,0.09562,0.81225,-0.16219,0.55209,0.45593,-0.18704,0.06851,
1403636924601666560,8.94617,-4.81684,0.29995,0.08771,0.80594,-0.16622,0.56137,0.47639,-0.21858,0.08355,
1403636924701666560,8.99175,-4.84099,0.30986,0.08216,0.80124,-0.16891,0.56810,0.46209,-0.25391,0.04409,
1403636924801666560,9.03553,-4.86984,0.31285,0.07623,0.79626,-0.17035,0.57545,0.42777,-0.30092,-0.01823,
1403636924901666304,9.07533,-4.90385,0.30888,0.07517,0.79221,-0.17107,0.58094,0.37707,-0.35405,-0.10097,
1403636925001666560,9.10913,-4.94288,0.29685,0.07988,0.79088,-0.17656,0.58047,0.31073,-0.40985,-0.18370,
1403636925101666560,9.13590,-4.98521,0.27512,0.09209,0.79222,-0.17807,0.57637,0.25125,-0.44043,-0.24653,
1403636925201666560,9.15579,-5.02914,0.24968,0.10813,0.79642,-0.17501,0.56868,0.22274,-0.44780,-0.28791,
1403636925301666560,9.17356,-5.07162,0.21947,0.11838,0.80311,-0.17413,0.55739,0.21288,-0.43373,-0.33145,
1403636925401666304,9.19306,-5.11329,0.18536,0.12327,0.81130,-0.17578,0.54378,0.23061,-0.42309,-0.35672,
1403636925501666560,9.21715,-5.15551,0.15271,0.12482,0.81694,-0.17846,0.53403,0.27861,-0.42335,-0.31409,
1403636925601666560,9.24654,-5.19738,0.12561,0.12499,0.82196,-0.18099,0.52535,0.35587,-0.41772,-0.21200,
1403636925701666560,9.28528,-5.23915,0.10772,0.12458,0.82495,-0.18317,0.51998,0.44483,-0.42475,-0.13116,
1403636925801666560,9.33519,-5.28182,0.10053,0.12641,0.82550,-0.18302,0.51871,0.53972,-0.43154,-0.02898,
1403636925901666304,9.39557,-5.32526,0.10328,0.12871,0.81942,-0.18168,0.52817,0.64138,-0.42947,0.06832,
1403636926001666560,9.46342,-5.36819,0.11052,0.13328,0.80888,-0.17814,0.54426,0.69835,-0.42588,0.07633,
1403636926101666560,9.53503,-5.40808,0.11362,0.13152,0.79714,-0.17873,0.56154,0.70218,-0.39333,-0.00436,
1403636926201666560,9.60525,-5.44463,0.10957,0.12508,0.78886,-0.18199,0.57353,0.67914,-0.36787,-0.08559,
1403636926301666560,9.67126,-5.47912,0.09888,0.11880,0.78452,-0.18506,0.57980,0.62584,-0.35366,-0.15468,
1403636926401666304,9.73159,-5.51231,0.08170,0.11189,0.78196,-0.18787,0.58372,0.56553,-0.34612,-0.20727,
1403636926501666560,9.78478,-5.54579,0.06028,0.10817,0.78222,-0.18838,0.58390,0.48632,-0.34674,-0.21914,
1403636926601666560,9.83088,-5.58053,0.04079,0.11053,0.78583,-0.18485,0.57973,0.43436,-0.36043,-0.15607,
1403636926701666560,9.87024,-5.61379,0.02926,0.11374,0.78898,-0.18140,0.57590,0.37672,-0.34962,-0.07187,
1403636926801666560,9.90409,-5.64939,0.02362,0.11336,0.79236,-0.18589,0.56988,0.33972,-0.36249,0.00386,
1403636926901666304,9.93380,-5.68529,0.02603,0.11368,0.79339,-0.19709,0.56459,0.30428,-0.39292,0.04681,
1403636927001666560,9.96127,-5.72605,0.02779,0.11855,0.79082,-0.21177,0.56188,0.28231,-0.43160,0.01297,
1403636927101666560,9.98427,-5.76807,0.02460,0.12927,0.78671,-0.22719,0.55926,0.25010,-0.46216,-0.04497,
1403636927201666560,10.00516,-5.81394,0.01555,0.14206,0.78123,-0.24513,0.55625,0.21212,-0.48589,-0.10306,
1403636927301666560,10.02287,-5.86270,0.00078,0.15805,0.77576,-0.26265,0.55157,0.18187,-0.50038,-0.16727,
1403636927401666304,10.03878,-5.91187,-0.01992,0.17281,0.77610,-0.27465,0.54071,0.17045,-0.49601,-0.22766,
1403636927501666560,10.05462,-5.96052,-0.04488,0.18129,0.78111,-0.28438,0.52547,0.18619,-0.50014,-0.24768,
1403636927601666560,10.07371,-6.01026,-0.06977,0.18577,0.78593,-0.29267,0.51200,0.22835,-0.51754,-0.21092,
1403636927701666560,10.10033,-6.06364,-0.08674,0.19053,0.78755,-0.29728,0.50506,0.30179,-0.55595,-0.10948,
1403636927801666560,10.13377,-6.12069,-0.09393,0.19154,0.78672,-0.30115,0.50369,0.37007,-0.58152,-0.02375,
1403636927901666304,10.17379,-6.18168,-0.09487,0.19213,0.78521,-0.30270,0.50487,0.43629,-0.62318,-0.02252,
1403636928001666560,10.22003,-6.24569,-0.09883,0.19296,0.78354,-0.30288,0.50704,0.48577,-0.64700,-0.05272,
1403636928101666560,10.27120,-6.31308,-0.10547,0.19534,0.78026,-0.30077,0.51242,0.53544,-0.67360,-0.08236,
1403636928201666560,10.32572,-6.38207,-0.11618,0.19733,0.77360,-0.29826,0.52312,0.57187,-0.68911,-0.11616,
1403636928301666560,10.38323,-6.45278,-0.12944,0.19632,0.76577,-0.29719,0.53547,0.57335,-0.68935,-0.15843,
1403636928401666304,10.43972,-6.52288,-0.14747,0.19676,0.76022,-0.29485,0.54443,0.55776,-0.67917,-0.21332,
1403636928501666560,10.49293,-6.59110,-0.16723,0.19895,0.75807,-0.29203,0.54815,0.51579,-0.65924,-0.17970,
1403636928601666560,10.54279,-6.65759,-0.18402,0.19973,0.76042,-0.29009,0.54563,0.48763,-0.63655,-0.12920,
1403636928701666560,10.59124,-6.72145,-0.19432,0.19925,0.76640,-0.28953,0.53769,0.47556,-0.61440,-0.06351,
1403636928801666560,10.64063,-6.78519,-0.19781,0.19867,0.77198,-0.28913,0.53008,0.49188,-0.61289,0.01217,
1403636928901666304,10.68934,-6.84623,-0.19207,0.19875,0.77418,-0.28892,0.52695,0.50352,-0.60460,0.11050,
1403636929001666560,10.74251,-6.90892,-0.17573,0.19958,0.76825,-0.28791,0.53578,0.52445,-0.59142,0.20937,
1403636929101666560,10.79485,-6.96711,-0.14956,0.19523,0.75920,-0.29078,0.54859,0.51631,-0.58152,0.28277,
1403636929201666560,10.84414,-7.02403,-0.12051,0.18995,0.75446,-0.29407,0.55518,0.47432,-0.56525,0.29875,
1403636929301666560,10.88859,-7.07886,-0.09264,0.18381,0.75395,-0.29770,0.55602,0.43279,-0.55746,0.25917,
1403636929401666304,10.92926,-7.13511,-0.07102,0.18266,0.75460,-0.29737,0.55568,0.37346,-0.57061,0.19646,
1403636929501666560,10.96486,-7.19403,-0.05513,0.18553,0.75719,-0.29414,0.55292,0.32499,-0.57948,0.14135,
1403636929601666560,10.99520,-7.25048,-0.04635,0.19211,0.76004,-0.28852,0.54971,0.29693,-0.57611,0.09016,
1403636929701666560,11.02165,-7.30551,-0.04192,0.19824,0.76227,-0.28332,0.54715,0.27224,-0.55148,0.03487,
1403636929801666560,11.04763,-7.35594,-0.04530,0.20152,0.76370,-0.28058,0.54536,0.25779,-0.51573,-0.02770,
1403636929901666304,11.07252,-7.40531,-0.05021,0.20020,0.76267,-0.28104,0.54706,0.25469,-0.47612,-0.03767,
1403636930001666560,11.09616,-7.44983,-0.05373,0.19623,0.76084,-0.28365,0.54970,0.23399,-0.45004,0.01422,
1403636930101666560,11.11770,-7.49512,-0.04697,0.19349,0.76093,-0.28533,0.54967,0.21137,-0.43575,0.12460,
1403636930201666560,11.13750,-7.54015,-0.03362,0.19018,0.76052,-0.28798,0.55001,0.20176,-0.43526,0.17058,
1403636930301666560,11.15335,-7.58375,-0.01548,0.18727,0.76152,-0.29031,0.54840,0.16685,-0.43864,0.22250,
1403636930401666304,11.16655,-7.62765,0.00994,0.18978,0.76147,-0.28892,0.54834,0.13156,-0.43980,0.24137,
1403636930501666560,11.17832,-7.67034,0.03001,0.19567,0.76225,-0.28533,0.54706,0.10198,-0.42328,0.16905,
1403636930601666560,11.18718,-7.71141,0.04351,0.19793,0.76215,-0.28353,0.54732,0.08925,-0.40386,0.09740,
1403636930701666560,11.19431,-7.75020,0.04994,0.19383,0.76052,-0.28641,0.54956,0.06845,-0.37270,0.03901,
1403636930801666560,11.19981,-7.78848,0.05258,0.18590,0.75865,-0.29163,0.55213,0.04054,-0.37248,-0.01312,
1403636930901666304,11.20213,-7.82859,0.04992,0.18149,0.75624,-0.29610,0.55451,-0.00779,-0.38959,-0.06040,
1403636931001666560,11.19921,-7.87040,0.04216,0.17780,0.75186,-0.30684,0.55583,-0.06565,-0.41254,-0.10621,
1403636931101666560,11.19023,-7.91513,0.03335,0.18505,0.74758,-0.31421,0.55511,-0.13649,-0.44707,-0.07485,
1403636931201666560,11.17460,-7.96101,0.02941,0.20123,0.74392,-0.31359,0.55476,-0.20713,-0.44013,-0.00419,
1403636931301666560,11.15409,-8.00568,0.03284,0.21435,0.73889,-0.31264,0.55709,-0.24638,-0.41884,0.06536,
1403636931401666304,11.12844,-8.04751,0.04119,0.22441,0.73764,-0.31148,0.55544,-0.29913,-0.37273,0.10728,
1403636931501666560,11.09895,-8.08455,0.05389,0.23544,0.74010,-0.30774,0.54965,-0.33558,-0.31970,0.15757,
1403636931601666560,11.06717,-8.11618,0.07125,0.24595,0.74302,-0.30315,0.54362,-0.33850,-0.24727,0.15848,
1403636931701666560,11.03540,-8.13975,0.08664,0.25144,0.74362,-0.30082,0.54158,-0.32509,-0.16291,0.09135,
1403636931801666560,11.00388,-8.15376,0.09325,0.24120,0.74476,-0.30906,0.54003,-0.32647,-0.09163,0.01491,
1403636931901666304,10.97186,-8.16186,0.09404,0.23204,0.74657,-0.31624,0.53739,-0.32936,-0.05163,-0.03856,
1403636932001666560,10.93989,-8.16616,0.08859,0.22713,0.74689,-0.32051,0.53651,-0.33862,-0.03066,-0.08716,
1403636932101666560,10.90763,-8.16960,0.07918,0.22688,0.74420,-0.32119,0.53994,-0.34070,-0.00955,-0.14035,
1403636932201666560,10.87548,-8.17038,0.06705,0.22949,0.74121,-0.32056,0.54331,-0.35683,0.00978,-0.11079,
1403636932301666560,10.84036,-8.16885,0.05998,0.24008,0.73940,-0.31506,0.54441,-0.36464,0.04443,-0.04413,
1403636932401666304,10.80487,-8.16055,0.05936,0.24989,0.73912,-0.31075,0.54286,-0.37582,0.11480,0.02720,
1403636932501666560,10.77011,-8.14599,0.06771,0.25486,0.73747,-0.31312,0.54142,-0.38463,0.19228,0.09263,
1403636932601666560,10.73300,-8.12356,0.08296,0.25763,0.73450,-0.32449,0.53744,-0.39418,0.26647,0.17503,
1403636932701666560,10.69404,-8.09544,0.10459,0.25886,0.72820,-0.34078,0.53534,-0.38859,0.30865,0.24532,
1403636932801666560,10.65769,-8.06176,0.13469,0.26321,0.72265,-0.35276,0.53298,-0.39781,0.36509,0.30002,
1403636932901666304,10.61963,-8.02270,0.16661,0.26727,0.71971,-0.36300,0.52803,-0.39722,0.41012,0.27157,
1403636933001666560,10.58053,-7.98018,0.18801,0.27021,0.71835,-0.37129,0.52260,-0.39088,0.42707,0.13856,
1403636933101666560,10.54078,-7.93481,0.19400,0.27536,0.71503,-0.38074,0.51764,-0.39232,0.46085,0.00073,
1403636933201666560,10.50125,-7.88637,0.18803,0.27537,0.71578,-0.39059,0.50919,-0.39603,0.49637,-0.10212,
1403636933301666560,10.46210,-7.83543,0.17488,0.27082,0.72398,-0.40066,0.49192,-0.37636,0.50083,-0.15110,
1403636933401666304,10.42667,-7.78621,0.16005,0.26573,0.72810,-0.40766,0.48277,-0.33395,0.45927,-0.13876,
1403636933501666560,10.39502,-7.74234,0.14526,0.26733,0.72516,-0.40804,0.48598,-0.29607,0.41877,-0.15793,
1403636933601666560,10.36681,-7.70325,0.13143,0.27093,0.72060,-0.40543,0.49290,-0.26711,0.39519,-0.09780,
1403636933701666560,10.34054,-7.66622,0.12289,0.27444,0.71677,-0.40178,0.49950,-0.24557,0.36521,-0.05162,
1403636933801666560,10.31635,-7.63144,0.12246,0.27747,0.71350,-0.39769,0.50573,-0.23418,0.36151,0.02628,
1403636933901666304,10.29342,-7.59913,0.12930,0.27693,0.70980,-0.39740,0.51144,-0.24128,0.36453,0.06973,
1403636934001666560,10.26850,-7.56283,0.13925,0.27781,0.70614,-0.40311,0.51156,-0.25368,0.35743,0.08820,
1403636934101666560,10.24190,-7.53023,0.14475,0.28382,0.70012,-0.41376,0.50802,-0.29178,0.35573,-0.03691,
1403636934201666560,10.21107,-7.49314,0.13466,0.29588,0.69128,-0.42784,0.50154,-0.30799,0.36331,-0.17288,
1403636934301666560,10.17913,-7.45696,0.11583,0.30891,0.68024,-0.44483,0.49394,-0.32043,0.37016,-0.22232,
1403636934401666304,10.14508,-7.41731,0.09499,0.31839,0.66528,-0.46647,0.48829,-0.33426,0.39824,-0.21594,
1403636934501666560,10.10845,-7.37639,0.07888,0.32651,0.64975,-0.48945,0.48131,-0.36265,0.39668,-0.13782,
1403636934601666560,10.06886,-7.33472,0.07192,0.33881,0.63544,-0.50912,0.47141,-0.39934,0.40661,-0.03499,
1403636934701666560,10.02634,-7.29194,0.07541,0.34904,0.62458,-0.52598,0.45979,-0.43423,0.42923,0.06418,
1403636934801666560,9.98211,-7.24827,0.08634,0.35810,0.62156,-0.53609,0.44501,-0.44419,0.42534,0.14531,
1403636934901666304,9.93666,-7.20469,0.10389,0.36384,0.62143,-0.54260,0.43247,-0.43223,0.41530,0.22959,
1403636935001666560,9.89265,-7.16221,0.12904,0.36686,0.62117,-0.54602,0.42593,-0.41451,0.38716,0.30314,
1403636935101666560,9.85067,-7.12400,0.16225,0.37138,0.61855,-0.54415,0.42823,-0.38732,0.35179,0.37780,
1403636935201666560,9.81017,-7.08951,0.19908,0.37237,0.61383,-0.54194,0.43687,-0.37526,0.34394,0.35830,
1403636935301666560,9.77036,-7.05597,0.23086,0.37038,0.61198,-0.54065,0.44272,-0.37686,0.34086,0.28823,
1403636935401666304,9.72836,-7.02228,0.25470,0.36695,0.61210,-0.53973,0.44650,-0.39264,0.34541,0.20443,
1403636935501666560,9.68661,-6.98847,0.27228,0.36505,0.61311,-0.53803,0.44873,-0.41171,0.34410,0.14526,
1403636935601666560,9.64426,-6.95344,0.28237,0.36344,0.61420,-0.53664,0.45021,-0.43524,0.36260,0.06408,
1403636935701666560,9.59518,-6.91754,0.28182,0.36280,0.61538,-0.53475,0.45136,-0.46553,0.36882,-0.01535,
1403636935801666560,9.54788,-6.88261,0.27555,0.35953,0.62110,-0.53538,0.44535,-0.48159,0.35157,-0.09145,
1403636935901666304,9.49932,-6.84820,0.26255,0.35531,0.62704,-0.53733,0.43803,-0.49290,0.33055,-0.16731,
1403636936001666560,9.44666,-6.81453,0.24076,0.34601,0.63359,-0.54298,0.42897,-0.50287,0.29612,-0.21245,
1403636936101666560,9.39214,-6.78570,0.21705,0.34135,0.63741,-0.54562,0.42367,-0.50428,0.23226,-0.23215,
1403636936201666560,9.33893,-6.76801,0.19439,0.34407,0.63790,-0.54397,0.42283,-0.50341,0.15032,-0.22109,
1403636936301666560,9.28813,-6.75848,0.17704,0.35029,0.63497,-0.54028,0.42685,-0.50908,0.11293,-0.15442,
1403636936401666304,9.24050,-6.75278,0.16618,0.35645,0.63010,-0.53730,0.43269,-0.49420,0.07489,-0.08497,
1403636936501666560,9.19503,-6.75413,0.16471,0.36198,0.62498,-0.53446,0.43901,-0.48149,0.05356,-0.01571,
1403636936601666560,9.15220,-6.76117,0.16875,0.36499,0.62161,-0.53404,0.44179,-0.47018,0.01099,0.00373,
1403636936701666560,9.11208,-6.76900,0.16886,0.36593,0.62003,-0.53541,0.44159,-0.45532,-0.00395,-0.05550,
1403636936801666560,9.06740,-6.77069,0.16060,0.36813,0.61944,-0.53562,0.44033,-0.45836,-0.00724,-0.10308,
1403636936901666304,9.03055,-6.78075,0.15526,0.37072,0.62045,-0.53525,0.43716,-0.43251,-0.03598,-0.05707,
1403636937001666560,8.98790,-6.78286,0.15248,0.37280,0.62124,-0.53478,0.43484,-0.41996,-0.02329,0.02455,
1403636937101666560,8.95279,-6.79054,0.15932,0.37322,0.62129,-0.53568,0.43330,-0.39221,-0.01986,0.08328,
1403636937201666560,8.91373,-6.79347,0.17020,0.37064,0.61876,-0.53857,0.43555,-0.37175,-0.03016,0.11390,
1403636937301666560,8.88126,-6.80282,0.18111,0.37011,0.61802,-0.54005,0.43523,-0.36531,-0.05201,0.07734,
1403636937401666304,8.84467,-6.80754,0.18489,0.37069,0.61697,-0.54063,0.43549,-0.36036,-0.05471,0.00968,
1403636937501666560,8.80872,-6.81265,0.18252,0.37112,0.61634,-0.54117,0.43534,-0.35255,-0.05551,-0.04936,
1403636937601666560,8.77717,-6.82083,0.17588,0.37275,0.61595,-0.54122,0.43444,-0.34522,-0.05804,-0.09825,
1403636937701666560,8.74198,-6.82474,0.16148,0.37812,0.61834,-0.53853,0.42973,-0.33167,-0.06069,-0.14994,
1403636937801666560,8.70965,-6.82907,0.14163,0.38432,0.62040,-0.53504,0.42560,-0.29547,-0.06893,-0.19442,
1403636937901666304,8.68426,-6.83526,0.12095,0.39182,0.61722,-0.53099,0.42844,-0.25842,-0.06101,-0.23115,
1403636938001666560,8.66065,-6.83703,0.09364,0.40055,0.61370,-0.52615,0.43139,-0.20961,-0.01903,-0.27450,
1403636938101666560,8.64485,-6.83381,0.06487,0.40646,0.60800,-0.52477,0.43559,-0.16803,0.04258,-0.32249,
1403636938201666560,8.63202,-6.82456,0.03099,0.40629,0.59916,-0.53039,0.44117,-0.12143,0.10234,-0.31131,
1403636938301666560,8.62363,-6.80629,0.00430,0.40163,0.59052,-0.53876,0.44690,-0.10156,0.17563,-0.24841,
1403636938401666304,8.61331,-6.78246,-0.01777,0.38561,0.58104,-0.55388,0.45488,-0.12848,0.26080,-0.19921,
1403636938501666560,8.59794,-6.74901,-0.03108,0.37057,0.57564,-0.56778,0.45710,-0.20082,0.28747,-0.10067,
1403636938601666560,8.57564,-6.71332,-0.03657,0.36400,0.57597,-0.57529,0.45255,-0.28695,0.29660,-0.03770,
1403636938701666560,8.54415,-6.67824,-0.03487,-0.36279,-0.57615,0.57808,-0.44973,-0.37358,0.29303,0.04060,
1403636938801666560,8.50299,-6.64421,-0.02839,0.36711,0.57897,-0.57683,0.44418,-0.45222,0.29841,0.07984,
1403636938901666304,8.45322,-6.61251,-0.02259,0.37444,0.58564,-0.57256,0.43473,-0.50208,0.30683,0.07608,
1403636939001666560,8.39983,-6.57527,-0.01789,0.37978,0.59202,-0.56933,0.42560,-0.52882,0.31016,0.04202,
1403636939101666560,8.34554,-6.54108,-0.01864,0.38221,0.59473,-0.56721,0.42247,-0.52948,0.29480,-0.01635,
1403636939201666560,8.29010,-6.50994,-0.02308,0.38410,0.59427,-0.56461,0.42488,-0.52994,0.27608,-0.06873,
1403636939301666560,8.23686,-6.48304,-0.03241,0.38495,0.59384,-0.56251,0.42750,-0.52478,0.26880,-0.11140,
1403636939401666304,8.18272,-6.45532,-0.04427,0.38497,0.59487,-0.56015,0.42913,-0.52889,0.27095,-0.10044,
1403636939501666560,8.12784,-6.42631,-0.05098,0.38673,0.59495,-0.55626,0.43250,-0.53210,0.29003,-0.03056,
1403636939601666560,8.06781,-6.39158,-0.04856,0.39129,0.59328,-0.55050,0.43801,-0.53036,0.30027,0.06246,
1403636939701666560,8.01381,-6.35895,-0.04086,0.39235,0.59006,-0.54835,0.44408,-0.53769,0.35179,0.09287,
1403636939801666560,7.95342,-6.31888,-0.03239,0.39365,0.58989,-0.54682,0.44504,-0.54701,0.39031,0.04867,
1403636939901666304,7.89721,-6.27753,-0.03358,0.39108,0.59010,-0.54887,0.44450,-0.55125,0.43239,-0.03206,
1403636940001666560,7.83352,-6.22948,-0.03971,0.38957,0.58664,-0.55433,0.44363,-0.58316,0.46769,-0.09282,
1403636940101666560,7.77385,-6.18204,-0.05256,0.39046,0.58313,-0.56135,0.43863,-0.59987,0.49255,-0.15562,
1403636940201666560,7.70647,-6.12927,-0.06919,0.38861,0.58008,-0.56873,0.43478,-0.61245,0.51040,-0.18973,
1403636940301666560,7.63866,-6.07696,-0.08823,0.38936,0.57708,-0.57304,0.43243,-0.63430,0.51286,-0.21746,
1403636940401666304,7.57040,-6.02265,-0.11113,-0.39125,-0.57373,0.57604,-0.43121,-0.65850,0.52674,-0.24753,
1403636940501666560,7.49999,-5.96684,-0.13399,-0.39250,-0.57133,0.57870,-0.42969,-0.67470,0.54478,-0.21925,
1403636940601666560,7.42779,-5.91004,-0.15110,-0.38967,-0.57255,0.58353,-0.42407,-0.70147,0.55880,-0.14684,
1403636940701666560,7.35417,-5.85410,-0.16034,-0.38921,-0.57670,0.58599,-0.41539,-0.71932,0.54525,-0.05133,
1403636940801666560,7.27840,-5.79964,-0.16296,-0.38804,-0.58040,0.58773,-0.40882,-0.73064,0.52698,0.02228,
1403636940901666304,7.20266,-5.74708,-0.15800,-0.38883,-0.58333,0.58760,-0.40405,-0.72855,0.50308,0.09108,
1403636941001666560,7.12833,-5.69778,-0.14628,-0.39087,-0.58328,0.58606,-0.40439,-0.71567,0.45294,0.16324,
1403636941101666560,7.05501,-5.65401,-0.12799,-0.39397,-0.58215,0.58370,-0.40643,-0.71270,0.42194,0.21367,
1403636941201666560,6.98361,-5.61290,-0.10622,-0.39587,-0.58121,0.58157,-0.40897,-0.69726,0.40415,0.22476,
1403636941301666560,6.91206,-5.57157,-0.08537,0.39812,0.57964,-0.57847,0.41340,-0.68760,0.39673,0.19616,
1403636941401666304,6.84314,-5.53190,-0.06911,0.39949,0.58018,-0.57510,0.41601,-0.67383,0.39755,0.14056,
1403636941501666560,6.77361,-5.49288,-0.05907,0.39978,0.58127,-0.57193,0.41856,-0.66447,0.40133,0.08056,
1403636941601666560,6.70807,-5.45270,-0.05355,0.39885,0.58368,-0.57007,0.41864,-0.65548,0.40910,0.03359,
1403636941701666560,6.64233,-5.41141,-0.05296,0.39778,0.58574,-0.56875,0.41857,-0.63614,0.41402,-0.00951,
1403636941801666560,6.57698,-5.37185,-0.05400,0.39586,0.58724,-0.56816,0.41910,-0.61855,0.39196,0.04055,
1403636941901666304,6.51409,-5.32938,-0.04766,0.39329,0.58863,-0.56858,0.41899,-0.61411,0.40624,0.10033,
1403636942001666560,6.45188,-5.28705,-0.03572,0.39042,0.58884,-0.56966,0.41992,-0.61224,0.40482,0.15966,
1403636942101666560,6.38945,-5.24434,-0.02060,0.38854,0.58740,-0.57069,0.42228,-0.62225,0.40008,0.18913,
1403636942201666560,6.32652,-5.20205,-0.00372,0.38789,0.58550,-0.57133,0.42464,-0.62460,0.41243,0.14357,
1403636942301666560,6.26293,-5.16071,0.00658,0.38675,0.58329,-0.57299,0.42647,-0.63771,0.41528,0.07695,
1403636942401666304,6.19797,-5.11773,0.01018,0.38487,0.57993,-0.57562,0.42921,-0.65135,0.42073,0.00467,
1403636942501666560,6.13136,-5.07594,0.00846,-0.38250,-0.57787,0.57904,-0.42951,-0.67554,0.41361,-0.05200,
1403636942601666560,6.06087,-5.03297,-0.00074,-0.38019,-0.57814,0.58221,-0.42689,-0.70796,0.41437,-0.10087,
1403636942701666560,5.98947,-4.99238,-0.01270,-0.38000,-0.58094,0.58382,-0.42102,-0.73765,0.40194,-0.13835,
1403636942801666560,5.91331,-4.95273,-0.02795,-0.38160,-0.58250,0.58392,-0.41726,-0.75518,0.38219,-0.11709,
1403636942901666304,5.83645,-4.91483,-0.03521,0.38802,0.58154,-0.58085,0.41698,-0.76331,0.36465,-0.02873,
1403636943001666560,5.76104,-4.87783,-0.03536,0.39274,0.58050,-0.57880,0.41685,-0.75780,0.34940,0.06353,
1403636943101666560,5.68657,-4.84200,-0.02568,0.39752,0.57879,-0.57676,0.41753,-0.76131,0.34793,0.11729,
1403636943201666560,5.61473,-4.80703,-0.01568,-0.39933,-0.57604,0.57697,-0.41931,-0.74344,0.35761,0.09028,
1403636943301666560,5.54123,-4.77092,-0.00952,-0.40143,-0.57517,0.57711,-0.41831,-0.73512,0.37058,0.02848,
1403636943401666304,5.47284,-4.73507,-0.00914,-0.40406,-0.57337,0.57748,-0.41772,-0.71217,0.38416,-0.03315,
1403636943501666560,5.40246,-4.69793,-0.01457,-0.40587,-0.57239,0.57781,-0.41686,-0.69802,0.39587,-0.08661,
1403636943601666560,5.33666,-4.66036,-0.02706,-0.40839,-0.57171,0.57748,-0.41580,-0.68271,0.41335,-0.13821,
1403636943701666560,5.26806,-4.61701,-0.04389,-0.41045,-0.57072,0.57695,-0.41586,-0.67076,0.43359,-0.19912,
1403636943801666560,5.20482,-4.57807,-0.06576,-0.41164,-0.57092,0.57701,-0.41431,-0.63670,0.45122,-0.25125,
1403636943901666304,5.14202,-4.53342,-0.09341,-0.40538,-0.57543,0.57721,-0.41399,-0.60381,0.47050,-0.31800,
1403636944001666560,5.08540,-4.49351,-0.12759,0.39130,0.58711,-0.57868,0.40905,-0.58904,0.45780,-0.35433,
1403636944101666560,5.02829,-4.45479,-0.16136,0.37766,0.59941,-0.58046,0.40144,-0.57319,0.41789,-0.30782,
1403636944201666560,4.97297,-4.42038,-0.18662,0.36996,0.60774,-0.57961,0.39727,-0.55691,0.33910,-0.21823,
1403636944301666560,4.91888,-4.39401,-0.20245,0.36712,0.61050,-0.57710,0.39934,-0.54370,0.24697,-0.10956,
1403636944401666304,4.86538,-4.37370,-0.20958,0.37013,0.60854,-0.57180,0.40710,-0.52902,0.17599,-0.03241,
1403636944501666560,4.81536,-4.36110,-0.20916,0.38054,0.60632,-0.56231,0.41397,-0.51529,0.12270,0.04460,
1403636944601666560,4.76777,-4.34827,-0.20344,0.39455,0.60611,-0.55068,0.41679,-0.47866,0.13970,0.07018,
1403636944701666560,4.72520,-4.33463,-0.19353,0.40237,0.60926,-0.54119,0.41716,-0.40926,0.14418,0.11476,
1403636944801666560,4.69006,-4.31909,-0.17811,0.39717,0.60943,-0.53955,0.42396,-0.35579,0.16811,0.15586,
1403636944901666304,4.65854,-4.30697,-0.15728,0.39140,0.60925,-0.53906,0.43017,-0.31732,0.17779,0.21428,
1403636945001666560,4.63440,-4.28791,-0.13609,0.38814,0.60895,-0.53846,0.43427,-0.28675,0.19015,0.14435,
1403636945101666560,4.60844,-4.26900,-0.12688,0.38703,0.60972,-0.53681,0.43622,-0.26425,0.21292,0.01033,
1403636945201666560,4.59212,-4.24741,-0.12921,0.38631,0.61061,-0.53608,0.43650,-0.24091,0.25042,-0.05643,
1403636945301666560,4.56995,-4.22133,-0.13448,0.38568,0.61089,-0.53556,0.43732,-0.22362,0.26765,-0.02139,
1403636945401666304,4.55262,-4.19319,-0.13349,0.38599,0.61152,-0.53541,0.43635,-0.20215,0.29355,0.05779,
1403636945501666560,4.53876,-4.16272,-0.12640,0.38641,0.61083,-0.53602,0.43620,-0.17776,0.31833,0.07262,
1403636945601666560,4.52734,-4.13000,-0.12271,0.38274,0.61181,-0.54028,0.43276,-0.15750,0.34035,0.00623,
1403636945701666560,4.51797,-4.09643,-0.12647,0.37586,0.61751,-0.54706,0.42206,-0.13236,0.33628,-0.06663,
1403636945801666560,4.51713,-4.07164,-0.13772,0.36930,0.62374,-0.55337,0.41029,-0.09367,0.29098,-0.12775,
1403636945901666304,4.51606,-4.05012,-0.15156,0.36696,0.62405,-0.55690,0.40714,-0.05501,0.22342,-0.13627,
1403636946001666560,4.51612,-4.03345,-0.16689,0.37487,0.61886,-0.55277,0.41343,-0.01305,0.17513,-0.17160,
1403636946101666560,4.51637,-4.01556,-0.18658,0.38172,0.61374,-0.54958,0.41901,0.01713,0.15956,-0.23995,
1403636946201666560,4.51946,-3.99923,-0.21431,0.38402,0.61055,-0.54984,0.42122,0.03728,0.14499,-0.30033,
1403636946301666560,4.52630,-3.98528,-0.24835,0.38887,0.60754,-0.54787,0.42369,0.05351,0.15043,-0.35376,
1403636946401666304,4.53435,-3.96999,-0.28854,0.39204,0.60425,-0.54752,0.42592,0.07840,0.16486,-0.42808,
1403636946501666560,4.54432,-3.95247,-0.33461,0.39305,0.60227,-0.54887,0.42606,0.09783,0.18001,-0.46946,
1403636946601666560,4.55529,-3.93299,-0.38009,0.39468,0.60076,-0.54961,0.42572,0.11134,0.21012,-0.44164,
1403636946701666560,4.56838,-3.91070,-0.42148,0.38855,0.59813,-0.55539,0.42756,0.13867,0.22888,-0.39119,
1403636946801666560,4.58116,-3.88787,-0.45691,0.37412,0.58998,-0.56638,0.43724,0.11442,0.23588,-0.31316,
1403636946901666304,4.59074,-3.86379,-0.48542,0.36458,0.58507,-0.57370,0.44231,0.06334,0.23115,-0.30565,
1403636947001666560,4.59345,-3.84340,-0.51785,-0.35280,-0.57894,0.58176,-0.44935,-0.01815,0.21954,-0.35079,
1403636947101666560,4.58681,-3.82396,-0.55207,-0.35037,-0.57932,0.58374,-0.44820,-0.12575,0.18430,-0.34854,
1403636947201666560,4.57019,-3.80709,-0.58574,0.35811,0.59077,-0.57926,0.43268,-0.21052,0.18411,-0.29914,
1403636947301666560,4.54851,-3.78856,-0.61425,0.36276,0.60591,-0.57675,0.41065,-0.24364,0.13244,-0.23027,
1403636947401666304,4.52743,-3.78090,-0.63543,0.36204,0.61540,-0.57723,0.39625,-0.22405,0.04964,-0.14167,
1403636947501666560,4.50790,-3.78508,-0.64760,0.36200,0.61547,-0.57788,0.39523,-0.20178,-0.06638,-0.03962,
1403636947601666560,4.48881,-3.79697,-0.64879,0.36588,0.60817,-0.57638,0.40502,-0.20451,-0.13708,0.04277,
1403636947701666560,4.46900,-3.81632,-0.64178,0.37264,0.60620,-0.57188,0.40819,-0.19855,-0.19837,0.04046,
1403636947801666560,4.45048,-3.83931,-0.64054,0.37958,0.60873,-0.56665,0.40530,-0.18265,-0.23493,-0.01595,
1403636947901666304,4.43442,-3.86581,-0.64291,0.38936,0.61338,-0.55902,0.39957,-0.14831,-0.27997,-0.06019,
1403636948001666560,4.42495,-3.89492,-0.65086,0.38983,0.61462,-0.55800,0.39864,-0.08843,-0.29409,-0.12201,
1403636948101666560,4.41929,-3.92547,-0.66371,0.38233,0.61535,-0.56232,0.39871,-0.04831,-0.31669,-0.16291,
1403636948201666560,4.41885,-3.95913,-0.67996,0.38313,0.61690,-0.56058,0.39797,-0.00579,-0.34787,-0.19119,
1403636948301666560,4.42021,-3.99702,-0.69874,0.38501,0.61826,-0.55757,0.39829,0.03321,-0.38218,-0.21165,
1403636948401666304,4.42684,-4.03724,-0.71962,0.38749,0.62043,-0.55380,0.39777,0.08048,-0.41354,-0.23178,
1403636948501666560,4.43850,-4.07895,-0.74326,0.39382,0.62446,-0.54675,0.39498,0.13480,-0.43976,-0.23882,
1403636948601666560,4.45750,-4.12192,-0.76710,0.40643,0.62920,-0.53543,0.39017,0.22811,-0.44895,-0.24667,
1403636948701666560,4.48724,-4.16660,-0.78916,0.41300,0.62983,-0.52839,0.39185,0.35657,-0.44265,-0.18116,
1403636948801666560,4.52993,-4.20883,-0.80129,0.40412,0.62285,-0.53369,0.40487,0.46619,-0.42711,-0.10469,
1403636948901666304,4.58117,-4.25194,-0.80700,0.39408,0.61408,-0.53932,0.42041,0.53174,-0.41742,-0.03587,
1403636949001666560,4.63641,-4.29158,-0.80704,0.38435,0.60423,-0.54445,0.43675,0.53344,-0.39404,-0.04053,
1403636949101666560,4.68943,-4.33023,-0.81253,0.38206,0.60179,-0.54432,0.44226,0.51030,-0.37640,-0.08740,
1403636949201666560,4.73995,-4.36453,-0.82322,0.38311,0.60364,-0.54216,0.44150,0.49047,-0.35351,-0.13564,
1403636949301666560,4.78916,-4.39478,-0.83958,0.38338,0.60543,-0.54098,0.44025,0.48384,-0.30368,-0.18413,
1403636949401666304,4.83832,-4.41997,-0.86085,0.38039,0.60355,-0.54211,0.44401,0.46647,-0.27383,-0.22859,
1403636949501666560,4.88500,-4.44566,-0.88478,0.37784,0.60148,-0.54331,0.44753,0.44470,-0.23841,-0.24918,
1403636949601666560,4.93006,-4.46417,-0.90672,0.37457,0.59948,-0.54522,0.45061,0.41380,-0.21848,-0.19562,
1403636949701666560,4.97033,-4.48404,-0.92156,0.37111,0.60238,-0.54777,0.44650,0.37631,-0.19724,-0.12138,
1403636949801666560,5.00672,-4.49991,-0.93015,0.36917,0.60814,-0.54895,0.43879,0.34793,-0.16250,-0.05750,
1403636949901666304,5.03880,-4.51530,-0.93437,0.36381,0.61261,-0.55280,0.43215,0.31674,-0.16781,-0.02711,
1403636950001666560,5.07079,-4.53109,-0.93352,0.35947,0.61481,-0.55620,0.42830,0.30150,-0.21329,0.02096,
1403636950101666560,5.10121,-4.55509,-0.92743,0.35553,0.61632,-0.55956,0.42502,0.29004,-0.25687,0.03439,
1403636950201666560,5.12829,-4.58147,-0.92478,0.35771,0.61843,-0.55883,0.42106,0.27302,-0.29969,-0.01716,
1403636950301666560,5.15536,-4.61207,-0.92602,0.36235,0.61907,-0.55644,0.41932,0.25908,-0.33623,-0.05579,
1403636950401666304,5.18219,-4.64639,-0.93274,0.36919,0.61827,-0.55214,0.42022,0.27004,-0.36331,-0.09250,
1403636950501666560,5.20929,-4.68330,-0.94300,0.37856,0.61763,-0.54588,0.42100,0.28008,-0.38014,-0.12763,
1403636950601666560,5.23845,-4.72082,-0.95270,0.38804,0.61846,-0.53915,0.41981,0.30932,-0.37965,-0.10976,
1403636950701666560,5.27171,-4.75698,-0.96200,0.38956,0.61722,-0.53768,0.42211,0.35137,-0.35932,-0.06450,
1403636950801666560,5.30831,-4.79176,-0.96125,0.38693,0.61325,-0.53890,0.42871,0.38737,-0.33184,0.01070,
1403636950901666304,5.34704,-4.82483,-0.95706,0.38393,0.61103,-0.54013,0.43302,0.39625,-0.30792,0.08986,
1403636951001666560,5.38747,-4.85683,-0.94416,0.38240,0.61014,-0.54043,0.43525,0.40277,-0.30156,0.16761,
1403636951101666560,5.42791,-4.88717,-0.92828,0.37649,0.60726,-0.54409,0.43984,0.39274,-0.25857,0.20372,
1403636951201666560,5.46845,-4.91780,-0.91620,0.36792,0.60842,-0.55010,0.43801,0.36774,-0.25723,0.12619,
1403636951301666560,5.50567,-4.94830,-0.91262,0.36412,0.61378,-0.55317,0.42975,0.34825,-0.27139,0.03164,
1403636951401666304,5.53967,-4.97669,-0.91209,0.36073,0.61942,-0.55561,0.42129,0.33750,-0.30643,-0.01275,
1403636951501666560,5.57420,-5.01280,-0.91743,0.36054,0.62226,-0.55608,0.41664,0.33382,-0.34385,-0.04974,
1403636951601666560,5.60875,-5.05180,-0.92582,0.36263,0.62376,-0.55483,0.41424,0.34100,-0.38683,-0.07648,
1403636951701666560,5.64151,-5.09297,-0.93350,0.36724,0.62311,-0.55202,0.41490,0.34831,-0.42455,-0.07218,
1403636951801666560,5.67793,-5.14435,-0.93849,0.37198,0.62060,-0.54878,0.41872,0.36739,-0.50995,0.02495,
1403636951901666304,5.71632,-5.19486,-0.93380,0.37893,0.62019,-0.54390,0.41948,0.38052,-0.50652,0.07289,
1403636952001666560,5.75450,-5.25033,-0.93138,0.38450,0.62132,-0.53978,0.41803,0.41231,-0.52283,0.04830,
1403636952101666560,5.79842,-5.30163,-0.92749,0.38673,0.61971,-0.53862,0.41987,0.44797,-0.51423,-0.00803,
1403636952201666560,5.84427,-5.35459,-0.93227,0.38577,0.61601,-0.53917,0.42545,0.46605,-0.50387,-0.06681,
1403636952301666560,5.89217,-5.40418,-0.94206,0.38235,0.61034,-0.54138,0.43382,0.48416,-0.48334,-0.12579,
1403636952401666304,5.94082,-5.45263,-0.95898,0.37974,0.60537,-0.54315,0.44081,0.46651,-0.45741,-0.18367,
1403636952501666560,5.98675,-5.49691,-0.98032,0.38236,0.60527,-0.54082,0.44155,0.45254,-0.43091,-0.23012,
1403636952601666560,6.03074,-5.53724,-1.00340,0.38566,0.60723,-0.53802,0.43940,0.43971,-0.38475,-0.22424,
1403636952701666560,6.07342,-5.57233,-1.02315,0.38704,0.60809,-0.53662,0.43870,0.43902,-0.34022,-0.16450,
1403636952801666560,6.11748,-5.60386,-1.03908,0.38389,0.61159,-0.53884,0.43386,0.43753,-0.28748,-0.14480,
1403636952901666304,6.16325,-5.63329,-1.05222,0.37837,0.61412,-0.54299,0.42995,0.44725,-0.28850,-0.13972,
1403636953001666560,6.20951,-5.66479,-1.06861,0.36881,0.61420,-0.55034,0.42880,0.44513,-0.29179,-0.19782,
1403636953101666560,6.25719,-5.69827,-1.09097,0.36114,0.61178,-0.55622,0.43119,0.43141,-0.31345,-0.24799,
1403636953201666560,6.30204,-5.73340,-1.11807,0.35844,0.61115,-0.55847,0.43143,0.39844,-0.34063,-0.29022,
1403636953301666560,6.34097,-5.77057,-1.14648,0.35886,0.61199,-0.55796,0.43054,0.36732,-0.36975,-0.26419,
1403636953401666304,6.37921,-5.81029,-1.16989,0.36296,0.61323,-0.55477,0.42946,0.34386,-0.39438,-0.19015,
1403636953501666560,6.41191,-5.84950,-1.18540,0.37018,0.61511,-0.54909,0.42792,0.32068,-0.38141,-0.11138,
1403636953601666560,6.44458,-5.89150,-1.19538,0.37440,0.61723,-0.54536,0.42596,0.32209,-0.41012,-0.07124,
1403636953701666560,6.48022,-5.93558,-1.20028,0.37584,0.62280,-0.54307,0.41946,0.34291,-0.40106,0.00140,
1403636953801666560,6.51299,-5.98147,-1.19590,0.37907,0.62802,-0.53924,0.41366,0.37355,-0.43400,0.10672,
1403636953901666304,6.55264,-6.02854,-1.18942,0.37950,0.62858,-0.53747,0.41472,0.43127,-0.45733,0.16175,
1403636954001666560,6.59515,-6.07216,-1.16976,0.37629,0.62702,-0.53902,0.41798,0.46243,-0.46131,0.16132,
1403636954101666560,6.64102,-6.11922,-1.15520,0.37507,0.62571,-0.53966,0.42022,0.48074,-0.45788,0.11735,
1403636954201666560,6.69129,-6.16906,-1.14911,0.37433,0.62464,-0.54008,0.42191,0.51337,-0.48246,0.07568,
1403636954301666560,6.74325,-6.22127,-1.14110,0.37291,0.62555,-0.54139,0.42014,0.54099,-0.51968,0.10491,
1403636954401666304,6.80042,-6.27960,-1.13359,0.37063,0.62611,-0.54403,0.41791,0.57062,-0.53660,0.14167,
1403636954501666560,6.85825,-6.33325,-1.11525,0.36927,0.62551,-0.54660,0.41666,0.58829,-0.55523,0.19391,
1403636954601666560,6.91856,-6.39275,-1.09722,0.37181,0.62521,-0.54707,0.41422,0.60544,-0.59624,0.14811,
1403636954701666560,6.98160,-6.45983,-1.09218,0.37571,0.62213,-0.54717,0.41520,0.62420,-0.62967,-0.02256,
1403636954801666560,7.04509,-6.52032,-1.10009,0.38054,0.61620,-0.54721,0.41958,0.64188,-0.63678,-0.12631,
1403636954901666304,7.11086,-6.58354,-1.11565,0.38465,0.61054,-0.54780,0.42331,0.66254,-0.63316,-0.19672,
1403636955001666560,7.17522,-6.64220,-1.13924,0.38857,0.60620,-0.54872,0.42477,0.66632,-0.59982,-0.25080,
1403636955101666560,7.23970,-6.69771,-1.16396,0.39130,0.60520,-0.55064,0.42121,0.66767,-0.57044,-0.20965,
1403636955201666560,7.30793,-6.75466,-1.18182,0.39434,0.60413,-0.55233,0.41769,0.68973,-0.57795,-0.12680,
1403636955301666560,7.37647,-6.81241,-1.19162,0.39622,0.60071,-0.55512,0.41712,0.70610,-0.57253,-0.06178,
1403636955401666304,7.44900,-6.86739,-1.19444,0.39897,0.59807,-0.55719,0.41555,0.72676,-0.54336,-0.01703,
1403636955501666560,7.52162,-6.92085,-1.20007,0.40091,0.59679,-0.55879,0.41336,0.74242,-0.53855,-0.07819,
1403636955601666560,7.59750,-6.97264,-1.21086,0.40213,0.59521,-0.56042,0.41224,0.76249,-0.51545,-0.14194,
1403636955701666560,7.67529,-7.02190,-1.22610,0.40332,0.59427,-0.56152,0.41094,0.77945,-0.49490,-0.14472,
1403636955801666560,7.75527,-7.06786,-1.23827,0.40437,0.59369,-0.56208,0.40998,0.80032,-0.48310,-0.09486,
1403636955901666304,7.83637,-7.11882,-1.24325,0.40112,0.59110,-0.56550,0.41220,0.82166,-0.48331,-0.00961,
1403636956001666560,7.91928,-7.16392,-1.23845,0.39391,0.58487,-0.57216,0.41880,0.81682,-0.47526,0.07188,
1403636956101666560,7.99780,-7.20782,-1.22825,-0.38636,-0.57720,0.57873,-0.42735,0.77250,-0.44867,0.13800,
1403636956201666560,8.06714,-7.24376,-1.21133,-0.38272,-0.57336,0.58269,-0.43042,0.71362,-0.42147,0.11088,
1403636956301666560,8.13327,-7.28146,-1.20226,-0.38470,-0.57372,0.58295,-0.42781,0.65266,-0.40674,0.04102,
1403636956401666304,8.19621,-7.32147,-1.20033,0.39436,0.57964,-0.57759,0.41821,0.61526,-0.39077,-0.01724,
1403636956501666560,8.25527,-7.35645,-1.20176,0.40240,0.58405,-0.57132,0.41298,0.61951,-0.37255,-0.06007,
1403636956601666560,8.31517,-7.38976,-1.21065,0.40252,0.58483,-0.56381,0.42198,0.63087,-0.33602,-0.11684,
1403636956701666560,8.37497,-7.41952,-1.22246,0.39086,0.58627,-0.55817,0.43813,0.63614,-0.29435,-0.15988,
1403636956801666560,8.43419,-7.44799,-1.23490,0.37254,0.59472,-0.55078,0.45185,0.58562,-0.26023,-0.11033,
1403636956901666304,8.48928,-7.47405,-1.24100,0.35510,0.61065,-0.53710,0.46101,0.52280,-0.23143,-0.03069,
1403636957001666560,8.53814,-7.49906,-1.23960,0.34499,0.62982,-0.51531,0.46772,0.46145,-0.20884,0.04896,
1403636957101666560,8.58405,-7.52264,-1.23111,0.33694,0.64983,-0.48993,0.47346,0.43899,-0.19040,0.12698,
1403636957201666560,8.62903,-7.54447,-1.21851,0.32730,0.66825,-0.46678,0.47795,0.41773,-0.16488,0.17146,
1403636957301666560,8.67116,-7.56399,-1.20326,0.31674,0.68032,-0.45080,0.48334,0.40006,-0.15623,0.14765,
1403636957401666304,8.71138,-7.58035,-1.19288,0.30792,0.68816,-0.43967,0.48817,0.38830,-0.13783,0.07103,
1403636957501666560,8.75157,-7.59563,-1.18979,0.30138,0.69243,-0.43307,0.49211,0.39677,-0.13116,-0.00822,
1403636957601666560,8.79087,-7.60971,-1.19387,0.29469,0.69551,-0.42779,0.49640,0.39044,-0.12585,-0.07355,
1403636957701666560,8.82840,-7.62174,-1.20500,0.28632,0.70012,-0.41985,0.50157,0.38841,-0.11362,-0.15178,
1403636957801666560,8.86406,-7.63241,-1.22201,0.27235,0.70819,-0.40799,0.50778,0.38255,-0.09902,-0.20045,
1403636957901666304,8.89863,-7.64168,-1.24271,0.25442,0.71933,-0.38924,0.51607,0.36088,-0.09134,-0.22061,
1403636958001666560,8.93113,-7.64991,-1.26235,0.23559,0.73199,-0.36508,0.52479,0.32292,-0.08218,-0.16749,
1403636958101666560,8.96180,-7.65921,-1.27438,0.21757,0.74459,-0.33990,0.53171,0.30124,-0.10768,-0.06721,
1403636958201666560,8.98978,-7.67221,-1.27880,0.20231,0.75483,-0.31883,0.53632,0.27585,-0.13464,0.03846,
1403636958301666560,9.01424,-7.68493,-1.27157,0.19041,0.76220,-0.29911,0.54160,0.23075,-0.12106,0.11984,
1403636958401666304,9.03531,-7.69963,-1.25858,0.18225,0.77008,-0.28114,0.54289,0.18512,-0.13795,0.19222,
1403636958501666560,9.05327,-7.71356,-1.24016,0.17690,0.77533,-0.26937,0.54315,0.16449,-0.14079,0.17677,
1403636958601666560,9.07132,-7.72865,-1.22684,0.17426,0.77771,-0.26259,0.54392,0.16299,-0.14916,0.12439,
1403636958701666560,9.09070,-7.74542,-1.21711,0.17437,0.77864,-0.25890,0.54432,0.16655,-0.16553,0.07909,
1403636958801666560,9.11009,-7.76293,-1.21052,0.17491,0.77886,-0.25826,0.54414,0.17871,-0.16907,0.04324,
1403636958901666304,9.13391,-7.78131,-1.20963,0.17701,0.77946,-0.25923,0.54213,0.19463,-0.18556,-0.01353,
1403636959001666560,9.15429,-7.79869,-1.21287,0.17989,0.77908,-0.26058,0.54108,0.20580,-0.18218,-0.06943,
1403636959101666560,9.17752,-7.81636,-1.22225,0.18088,0.77914,-0.26354,0.53922,0.21970,-0.17121,-0.13956,
1403636959201666560,9.20139,-7.83445,-1.23655,0.18199,0.77849,-0.26596,0.53860,0.24408,-0.18139,-0.17867,
1403636959301666560,9.22652,-7.85175,-1.25725,0.18758,0.77828,-0.26514,0.53739,0.25982,-0.18191,-0.22395,
1403636959401666304,9.25666,-7.86927,-1.28410,0.19392,0.77861,-0.26342,0.53552,0.28948,-0.15919,-0.28676,
1403636959501666560,9.28421,-7.88219,-1.31660,0.19805,0.77685,-0.26205,0.53722,0.30975,-0.12708,-0.32257,
1403636959601666560,9.31479,-7.89249,-1.34814,0.19459,0.77108,-0.26581,0.54490,0.32246,-0.10425,-0.28179,
1403636959701666560,9.34749,-7.90206,-1.37511,0.19259,0.77055,-0.26917,0.54471,0.31866,-0.09141,-0.22277,
1403636959801666560,9.37913,-7.90983,-1.39101,0.19092,0.77156,-0.27193,0.54250,0.32334,-0.07912,-0.11977,
1403636959901666304,9.40845,-7.91440,-1.39949,0.19026,0.77234,-0.27402,0.54056,0.30284,-0.05624,-0.05683,
1403636960001666560,9.43698,-7.91850,-1.40045,0.18964,0.77249,-0.27520,0.53997,0.28924,-0.04712,0.00513,
1403636960101666560,9.46589,-7.92380,-1.39517,0.18996,0.77218,-0.27523,0.54028,0.31345,-0.06098,0.06156,
1403636960201666560,9.49410,-7.92782,-1.38631,0.19271,0.77289,-0.27345,0.53919,0.30898,-0.05556,0.02243,
1403636960301666560,9.52456,-7.93164,-1.38356,0.20118,0.77514,-0.26752,0.53583,0.33490,-0.04798,-0.03591,
1403636960401666304,9.55576,-7.93242,-1.38513,0.20597,0.77457,-0.26357,0.53679,0.36741,-0.02152,-0.06500,
1403636960501666560,9.58829,-7.93154,-1.38974,0.20708,0.77308,-0.25737,0.54151,0.38141,0.03160,-0.09935,
1403636960601666560,9.62659,-7.92703,-1.40194,0.20736,0.77307,-0.24923,0.54521,0.39679,0.08900,-0.13919,
1403636960701666560,9.66159,-7.91403,-1.41316,0.19970,0.77271,-0.24727,0.54945,0.39869,0.14396,-0.17669,
1403636960801666560,9.69766,-7.89605,-1.42917,0.18543,0.77465,-0.24925,0.55083,0.38977,0.18697,-0.21566,
1403636960901666304,9.73408,-7.87487,-1.44746,0.17097,0.77904,-0.24214,0.55248,0.38847,0.21104,-0.20848,
1403636961001666560,9.77181,-7.85177,-1.46271,0.15738,0.78469,-0.22497,0.55577,0.38512,0.23104,-0.14841,
1403636961101666560,9.80743,-7.82676,-1.47212,0.14142,0.79010,-0.20419,0.56040,0.36661,0.24315,-0.08151,
1403636961201666560,9.84074,-7.80115,-1.47572,0.12404,0.79569,-0.18160,0.56438,0.33257,0.25297,-0.02319,
1403636961301666560,9.87303,-7.77658,-1.47311,0.10846,0.80071,-0.15908,0.56727,0.32763,0.23854,0.05941,
1403636961401666304,9.90368,-7.75112,-1.46319,0.09722,0.80362,-0.14022,0.57016,0.29655,0.24451,0.14091,
1403636961501666560,9.93116,-7.72526,-1.44608,0.08741,0.80587,-0.12747,0.57156,0.27091,0.24701,0.22033,
1403636961601666560,9.95935,-7.69921,-1.42130,0.07732,0.80766,-0.11465,0.57320,0.25814,0.25694,0.28131,
1403636961701666560,9.98732,-7.67289,-1.38947,0.06631,0.80891,-0.10048,0.57547,0.25529,0.25579,0.35850,
1403636961801666560,10.01410,-7.64630,-1.35423,0.05594,0.81029,-0.08441,0.57721,0.24184,0.25692,0.33530,
1403636961901666304,10.03959,-7.61909,-1.32395,0.04611,0.81248,-0.06653,0.57735,0.23752,0.27051,0.27246,
1403636962001666560,10.06488,-7.59098,-1.30023,0.03283,0.81373,-0.04858,0.57828,0.22645,0.27796,0.20380,
1403636962101666560,10.08877,-7.56304,-1.28177,0.01953,0.81567,-0.02963,0.57743,0.21290,0.29062,0.17807,
1403636962201666560,10.11025,-7.53487,-1.26154,0.00551,0.81615,-0.01000,0.57773,0.19752,0.28394,0.22446,
1403636962301666560,10.13038,-7.50587,-1.23564,-0.00736,0.81515,0.01184,0.57908,0.17661,0.29725,0.28808,
1403636962401666304,10.14897,-7.47557,-1.20462,-0.02217,0.81413,0.03305,0.57932,0.17555,0.31115,0.34828,
1403636962501666560,10.16497,-7.44407,-1.16736,-0.03399,0.81274,0.05652,0.57888,0.15323,0.31758,0.40270,
1403636962601666560,10.17839,-7.41096,-1.12698,-0.04323,0.81083,0.08268,0.57779,0.13307,0.33929,0.39977,
1403636962701666560,10.18845,-7.37608,-1.09037,-0.04906,0.80794,0.10705,0.57738,0.10281,0.36455,0.34045,
1403636962801666560,10.19595,-7.33806,-1.06017,-0.05424,0.80552,0.12374,0.57696,0.07183,0.39231,0.26137,
1403636962901666304,10.20243,-7.29480,-1.03609,-0.06104,0.80362,0.13116,0.57729,0.03497,0.44052,0.18877,
1403636963001666560,10.20448,-7.24768,-1.01789,-0.07186,0.80007,0.13012,0.58120,0.00180,0.47198,0.15405,
1403636963101666560,10.20466,-7.19750,-1.00331,-0.07898,0.79461,0.12697,0.58842,-0.03709,0.48556,0.09677,
1403636963201666560,10.19926,-7.14640,-0.99494,-0.08085,0.79424,0.12402,0.58929,-0.08285,0.49784,0.03751,
1403636963301666560,10.18971,-7.09453,-0.99197,-0.08459,0.79874,0.11819,0.58386,-0.12319,0.49759,-0.00684,
1403636963401666304,10.17834,-7.04209,-0.99295,-0.08679,0.80218,0.11173,0.58009,-0.14276,0.48958,-0.03074,
1403636963501666560,10.16167,-6.99199,-0.99799,-0.08261,0.80360,0.10997,0.57905,-0.18115,0.47497,-0.01679,
1403636963601666560,10.14191,-6.94185,-0.99637,-0.07826,0.80417,0.10810,0.57923,-0.22978,0.45524,0.01961,
1403636963701666560,10.12338,-6.88961,-0.98987,-0.07358,0.80487,0.10592,0.57926,-0.20661,0.47648,0.10960,
1403636963801666560,10.10300,-6.83964,-0.97353,-0.07073,0.80557,0.10340,0.57911,-0.24288,0.47324,0.17315,
1403636963901666304,10.07914,-6.78974,-0.95127,-0.06829,0.80509,0.10170,0.58036,-0.25902,0.47673,0.25593,
1403636964001666560,10.05273,-6.73968,-0.92183,-0.06735,0.80488,0.10037,0.58100,-0.29211,0.47732,0.31221,
1403636964101666560,10.02549,-6.68835,-0.88644,-0.06640,0.80453,0.10022,0.58162,-0.31364,0.48717,0.35323,
1403636964201666560,9.99584,-6.63712,-0.85380,-0.06586,0.80299,0.10093,0.58368,-0.34197,0.49012,0.30152,
1403636964301666560,9.96508,-6.58535,-0.82565,-0.06442,0.80320,0.10261,0.58326,-0.36422,0.50314,0.22914,
1403636964401666304,9.93166,-6.53233,-0.80727,-0.06399,0.80252,0.10417,0.58396,-0.38179,0.51898,0.17148,
1403636964501666560,9.89421,-6.47833,-0.79110,-0.06274,0.80199,0.10756,0.58422,-0.40310,0.53764,0.13081,
1403636964601666560,9.85634,-6.42283,-0.78159,-0.06035,0.80034,0.11667,0.58498,-0.43354,0.56666,0.09184,
1403636964701666560,9.81198,-6.36283,-0.77601,-0.06301,0.79892,0.12917,0.58402,-0.46521,0.60795,0.03801,
1403636964801666560,9.76742,-6.29929,-0.77725,-0.06745,0.79591,0.14574,0.58373,-0.50011,0.65331,-0.00420,
1403636964901666304,9.71714,-6.23163,-0.77851,-0.08435,0.79140,0.16037,0.58383,-0.56298,0.69145,0.03743,
1403636965001666560,9.66183,-6.15920,-0.77315,-0.10053,0.78521,0.17927,0.58412,-0.61671,0.73885,0.08837,
1403636965101666560,9.60157,-6.08280,-0.75954,-0.11663,0.78220,0.19639,0.57966,-0.65825,0.75059,0.16744,
1403636965201666560,9.53784,-6.00468,-0.73912,-0.12790,0.78327,0.21035,0.57087,-0.68738,0.76552,0.23283,
1403636965301666560,9.47025,-5.92639,-0.71463,-0.13255,0.79057,0.22205,0.55508,-0.69111,0.78082,0.27125,
1403636965401666304,9.40187,-5.84542,-0.68539,-0.13269,0.80174,0.23079,0.53511,-0.67657,0.81116,0.34457,
1403636965501666560,9.33802,-5.76067,-0.64687,-0.13712,0.80975,0.23159,0.52141,-0.60167,0.87183,0.44845,
1403636965601666560,9.28580,-5.67136,-0.59587,-0.14874,0.80545,0.22441,0.52798,-0.49437,0.91998,0.57643,
1403636965701666560,9.24164,-5.57934,-0.53526,-0.16340,0.79519,0.21349,0.54351,-0.42970,0.92337,0.57917,
1403636965801666560,9.19857,-5.48841,-0.48013,-0.16915,0.78801,0.20732,0.55448,-0.41198,0.89064,0.49307,
1403636965901666304,9.15267,-5.40079,-0.43450,-0.16034,0.78338,0.21064,0.56234,-0.42707,0.84403,0.41167,
1403636966001666560,9.10597,-5.31709,-0.39678,-0.15159,0.78118,0.21423,0.56646,-0.44204,0.82718,0.34587,
1403636966101666560,9.05670,-5.23403,-0.36573,-0.14670,0.77980,0.21537,0.56921,-0.47093,0.82134,0.28019,
1403636966201666560,9.00808,-5.15351,-0.34217,-0.14392,0.77949,0.21510,0.57045,-0.50807,0.81140,0.20294,
1403636966301666560,8.95439,-5.07283,-0.32672,-0.14301,0.77878,0.21368,0.57218,-0.53572,0.81252,0.14026,
1403636966401666304,8.90125,-4.99396,-0.31741,-0.15264,0.77992,0.20519,0.57124,-0.57025,0.79888,0.06767,
1403636966501666560,8.84522,-4.91782,-0.31442,-0.16797,0.78204,0.19226,0.56853,-0.57391,0.75497,0.01977,
1403636966601666560,8.79119,-4.84983,-0.31851,-0.17144,0.78263,0.18733,0.56833,-0.56854,0.67445,-0.03926,
1403636966701666560,8.73727,-4.78940,-0.32865,-0.16010,0.78260,0.19211,0.57008,-0.57845,0.61275,-0.07393,
1403636966801666560,8.68009,-4.73397,-0.33724,-0.15208,0.78135,0.19526,0.57292,-0.59117,0.56616,-0.01832,
1403636966901666304,8.62174,-4.68237,-0.33844,-0.15276,0.78184,0.19305,0.57282,-0.61083,0.52836,0.06027,
1403636967001666560,8.56229,-4.63210,-0.33432,-0.15483,0.78236,0.19017,0.57252,-0.61776,0.48020,0.07975,
1403636967101666560,8.49988,-4.58753,-0.33128,-0.14971,0.78194,0.19240,0.57371,-0.63482,0.44050,0.02269,
1403636967201666560,8.43849,-4.54728,-0.33560,-0.14525,0.78170,0.19442,0.57450,-0.65386,0.41043,-0.05097,
1403636967301666560,8.37211,-4.50749,-0.34510,-0.14327,0.78181,0.19469,0.57476,-0.67202,0.38893,-0.09040,
1403636967401666304,8.30344,-4.47001,-0.35386,-0.14067,0.78084,0.19564,0.57639,-0.69896,0.37395,-0.04340,
1403636967501666560,8.23467,-4.43541,-0.35572,-0.14106,0.78066,0.19455,0.57691,-0.72093,0.36492,0.03313,
1403636967601666560,8.15578,-4.40116,-0.35036,-0.13890,0.78013,0.19466,0.57811,-0.78071,0.33947,0.08523,
1403636967701666560,8.07619,-4.36694,-0.34566,-0.13660,0.78041,0.19492,0.57819,-0.80768,0.33335,-0.01028,
1403636967801666560,7.99386,-4.33581,-0.35708,-0.13699,0.78016,0.19419,0.57869,-0.83590,0.33138,-0.18184,
1403636967901666304,7.90980,-4.30224,-0.38109,-0.13680,0.77955,0.19412,0.57957,-0.87348,0.32044,-0.29401,
1403636968001666560,7.82226,-4.27059,-0.41405,-0.13717,0.77927,0.19402,0.57990,-0.90147,0.31394,-0.36277,
1403636968101666560,7.73155,-4.24020,-0.45318,-0.13959,0.77857,0.19325,0.58051,-0.93643,0.29885,-0.38341,
1403636968201666560,7.63792,-4.21001,-0.49045,-0.14210,0.77965,0.19165,0.57899,-0.96184,0.27554,-0.34693,
1403636968301666560,7.53796,-4.18157,-0.52004,-0.14175,0.78052,0.19205,0.57777,-1.01751,0.24691,-0.25539,
1403636968401666304,7.43562,-4.15559,-0.54199,-0.14129,0.78157,0.19232,0.57637,-1.04087,0.22952,-0.17412,
1403636968501666560,7.33131,-4.13148,-0.55541,-0.14184,0.78266,0.19166,0.57498,-1.06393,0.20827,-0.08789,
1403636968601666560,7.22279,-4.10865,-0.56129,-0.14006,0.78225,0.19279,0.57559,-1.07375,0.20061,-0.01943,
1403636968701666560,7.11642,-4.08804,-0.56285,-0.13420,0.78168,0.19667,0.57645,-1.10531,0.19219,-0.00818,
1403636968801666560,7.00406,-4.06432,-0.56572,-0.12991,0.78130,0.19933,0.57704,-1.12346,0.21018,-0.05745,
1403636968901666304,6.88913,-4.04067,-0.56800,-0.13246,0.78193,0.19700,0.57639,-1.15628,0.22727,-0.00612,
1403636969001666560,6.77654,-4.01652,-0.56205,-0.13477,0.78275,0.19542,0.57528,-1.16296,0.23682,0.08281,
1403636969101666560,6.65705,-3.99543,-0.55192,-0.13946,0.78375,0.19217,0.57390,-1.19841,0.22516,0.13558,
1403636969201666560,6.54047,-3.97395,-0.53480,-0.13961,0.78874,0.19193,0.56706,-1.20369,0.21086,0.18640,
1403636969301666560,6.42073,-3.95347,-0.51313,-0.13885,0.79543,0.19206,0.55778,-1.20997,0.19793,0.24398,
1403636969401666304,6.30664,-3.93170,-0.48379,-0.13576,0.79972,0.19351,0.55189,-1.15817,0.21722,0.30706,
1403636969501666560,6.19351,-3.90677,-0.45643,-0.13326,0.80228,0.19392,0.54861,-1.11993,0.23121,0.25851,
1403636969601666560,6.08641,-3.88071,-0.43205,-0.13173,0.80401,0.19355,0.54658,-1.07698,0.25095,0.19825,
1403636969701666560,5.98306,-3.85130,-0.41546,-0.13119,0.80397,0.19255,0.54713,-1.03393,0.26979,0.14008,
1403636969801666560,5.88129,-3.82202,-0.40368,-0.13023,0.80407,0.19252,0.54722,-0.99975,0.29585,0.09384,
1403636969901666304,5.78274,-3.79180,-0.39693,-0.13065,0.80444,0.19171,0.54686,-0.95343,0.31212,0.03831,
1403636970001666560,5.68763,-3.76059,-0.39602,-0.13294,0.80196,0.19045,0.55037,-0.90743,0.32930,0.00980,
1403636970101666560,5.59128,-3.72513,-0.40025,-0.13433,0.79563,0.19024,0.55924,-0.89268,0.33654,-0.03622,
1403636970201666560,5.50336,-3.69245,-0.40692,-0.13565,0.79096,0.18987,0.56563,-0.88786,0.33761,-0.05130,
1403636970301666560,5.40720,-3.65994,-0.41560,-0.13637,0.78935,0.19018,0.56759,-0.90623,0.32494,-0.07006,
1403636970401666304,5.31702,-3.62740,-0.42244,-0.13528,0.79379,0.19124,0.56127,-0.89707,0.32849,-0.07042,
1403636970501666560,5.22332,-3.59628,-0.42970,-0.13498,0.79940,0.19219,0.55299,-0.88345,0.33025,-0.04791,
1403636970601666560,5.13694,-3.56475,-0.43017,-0.13379,0.80395,0.19403,0.54601,-0.84408,0.34793,-0.00816,
1403636970701666560,5.05323,-3.52955,-0.42563,-0.13220,0.80759,0.19639,0.54014,-0.79091,0.37358,0.09306,
1403636970801666560,4.97561,-3.49101,-0.41371,-0.13159,0.81126,0.19802,0.53417,-0.73988,0.39945,0.13450,
1403636970901666304,4.90807,-3.44804,-0.40239,-0.13026,0.81619,0.19984,0.52624,-0.65776,0.44158,0.08974,
1403636971001666560,4.84930,-3.40093,-0.39546,-0.13410,0.81840,0.19769,0.52264,-0.57065,0.48460,0.04343,
1403636971101666560,4.79874,-3.35078,-0.39417,-0.14422,0.81617,0.19071,0.52602,-0.48333,0.50565,-0.01073,
1403636971201666560,4.75482,-3.30002,-0.39650,-0.15684,0.81163,0.18196,0.53248,-0.41252,0.49652,-0.07103,
1403636971301666560,4.71737,-3.25209,-0.40502,-0.16908,0.80704,0.17308,0.53865,-0.34440,0.44702,-0.12260,
1403636971401666304,4.68428,-3.20823,-0.41994,-0.17705,0.80484,0.16771,0.54108,-0.29070,0.37885,-0.17112,
1403636971501666560,4.65851,-3.17545,-0.43943,-0.17435,0.80379,0.17021,0.54272,-0.23147,0.30681,-0.21544,
1403636971601666560,4.63458,-3.14376,-0.46246,-0.16709,0.80030,0.17583,0.54834,-0.19002,0.25010,-0.24620,
1403636971701666560,4.61797,-3.12101,-0.49019,-0.15749,0.79434,0.18351,0.55727,-0.16230,0.20961,-0.29185,
1403636971801666560,4.59440,-3.09732,-0.52089,-0.15553,0.78941,0.18571,0.56406,-0.16439,0.18229,-0.32937,
1403636971901666304,4.57683,-3.07986,-0.55271,-0.15608,0.78710,0.18632,0.56692,-0.18101,0.14162,-0.30197,
1403636972001666560,4.56000,-3.06798,-0.57958,-0.15602,0.78712,0.18731,0.56659,-0.17133,0.11392,-0.21939,
1403636972101666560,4.53826,-3.05734,-0.59933,-0.15452,0.78689,0.18840,0.56695,-0.21129,0.06996,-0.17946,
1403636972201666560,4.51974,-3.05283,-0.61316,-0.15587,0.79044,0.18728,0.56200,-0.22260,0.04149,-0.12194,
1403636972301666560,4.50122,-3.05090,-0.61958,-0.15743,0.79609,0.18590,0.55398,-0.19940,0.01405,-0.05382,
1403636972401666304,4.48168,-3.04983,-0.61551,-0.15443,0.79821,0.18746,0.55125,-0.14229,0.00456,0.04686,
1403636972501666560,4.47025,-3.05341,-0.60333,-0.15120,0.79707,0.18945,0.55310,-0.10915,-0.00753,0.11689,
1403636972601666560,4.46245,-3.05747,-0.58471,-0.14875,0.79526,0.19036,0.55605,-0.08990,-0.02487,0.19787,
1403636972701666560,4.45353,-3.06236,-0.56399,-0.14559,0.79308,0.19169,0.55953,-0.09628,-0.03376,0.14876,
1403636972801666560,4.44192,-3.06882,-0.54614,-0.14493,0.79308,0.19164,0.55973,-0.09465,-0.03638,0.09287,
1403636972901666304,4.43214,-3.07363,-0.53853,-0.14354,0.79354,0.19117,0.55960,-0.09713,-0.04132,0.03024,
1403636973001666560,4.42199,-3.08047,-0.53680,-0.13822,0.79698,0.18572,0.55788,-0.09031,-0.06096,-0.03609,
1403636973101666560,4.41083,-3.08872,-0.53822,-0.13169,0.80148,0.17577,0.55622,-0.08633,-0.06774,-0.07176,
1403636973201666560,4.40194,-3.09571,-0.54618,-0.12590,0.80432,0.16730,0.55608,-0.08325,-0.06127,-0.12026,
1403636973301666560,4.39375,-3.10269,-0.55881,-0.12041,0.80477,0.16147,0.55836,-0.08076,-0.05855,-0.16768,
1403636973401666304,4.38669,-3.10853,-0.57687,-0.11623,0.80539,0.15721,0.55957,-0.06467,-0.04231,-0.20696,
1403636973501666560,4.38054,-3.11338,-0.59888,-0.11402,0.80617,0.15353,0.55993,-0.05428,-0.02988,-0.23754,
1403636973601666560,4.37577,-3.11622,-0.62443,-0.11167,0.80460,0.15156,0.56319,-0.05093,-0.01790,-0.26673,
1403636973701666560,4.37303,-3.11784,-0.65016,-0.11048,0.80301,0.15031,0.56601,-0.05100,-0.00775,-0.25078,
1403636973801666560,4.36909,-3.11868,-0.67114,-0.10921,0.80005,0.15069,0.57034,-0.04904,-0.00255,-0.16673,
1403636973901666304,4.36297,-3.11910,-0.68532,-0.10922,0.79897,0.15108,0.57175,-0.05716,0.00333,-0.09538,
1403636974001666560,4.35638,-3.11944,-0.69214,-0.11135,0.80066,0.14880,0.56956,-0.09767,-0.00795,-0.05844,
1403636974101666560,4.34819,-3.12030,-0.69527,-0.11016,0.80491,0.14089,0.56580,-0.07082,-0.01802,-0.03114,
1403636974201666560,4.34244,-3.12305,-0.69927,-0.10091,0.81010,0.12724,0.56335,-0.04395,-0.04094,-0.07536,
1403636974301666560,4.33906,-3.12754,-0.70924,-0.08414,0.81338,0.10976,0.56505,-0.01402,-0.04834,-0.13296,
1403636974401666304,4.33743,-3.13152,-0.72395,-0.06619,0.81533,0.08793,0.56844,-0.01667,-0.04337,-0.17769,
1403636974501666560,4.33425,-3.13540,-0.74356,-0.04801,0.81537,0.06282,0.57351,-0.02846,-0.03692,-0.23044,
1403636974601666560,4.33026,-3.13889,-0.76698,-0.02862,0.81491,0.03700,0.57769,-0.02794,-0.02849,-0.25707,
1403636974701666560,4.32457,-3.14200,-0.79112,-0.01113,0.81689,0.01108,0.57657,-0.05735,-0.02242,-0.21646,
1403636974801666560,4.31541,-3.14479,-0.80891,0.00256,0.82014,-0.01457,0.57196,-0.07360,-0.01204,-0.14660,
1403636974901666304,4.30600,-3.14675,-0.81837,0.01019,0.82383,-0.04128,0.56525,-0.06217,-0.01284,-0.05754,
1403636975001666560,4.29824,-3.14989,-0.81926,0.01856,0.82586,-0.06508,0.55980,-0.05014,-0.03806,0.02170,
1403636975101666560,4.29591,-3.15629,-0.81360,0.03117,0.82383,-0.08281,0.55989,-0.00188,-0.07305,0.06725,
1403636975201666560,4.29826,-3.16470,-0.80815,0.04514,0.81857,-0.09246,0.56512,0.02649,-0.09063,0.03081,
1403636975301666560,4.30379,-3.17367,-0.80753,0.05663,0.81302,-0.09671,0.57134,0.03829,-0.08543,-0.02540,
1403636975401666304,4.31016,-3.18193,-0.81423,0.06327,0.80994,-0.09853,0.57470,0.03396,-0.07825,-0.09145,
1403636975501666560,4.31544,-3.18871,-0.82730,0.06560,0.81097,-0.09944,0.57283,0.03276,-0.06290,-0.14279,
1403636975601666560,4.31866,-3.19452,-0.83878,0.06650,0.81498,-0.09867,0.56713,0.04711,-0.05016,-0.07746,
1403636975701666560,4.32466,-3.19913,-0.84290,0.06554,0.81811,-0.09666,0.56307,0.05661,-0.04028,0.00348,
1403636975801666560,4.33130,-3.20275,-0.83803,0.06411,0.82036,-0.09470,0.56030,0.09478,-0.03909,0.07841,
1403636975901666304,4.34341,-3.20759,-0.82819,0.06753,0.82142,-0.09848,0.55768,0.14056,-0.04652,0.09525,
1403636976001666560,4.35679,-3.21259,-0.82169,0.07172,0.81882,-0.11107,0.55861,0.15565,-0.05148,0.04682,
1403636976101666560,4.37156,-3.21852,-0.81903,0.07483,0.81084,-0.13152,0.56536,0.16290,-0.05772,0.00859,
1403636976201666560,4.38651,-3.22637,-0.82172,0.07660,0.80154,-0.15740,0.57175,0.14403,-0.09279,-0.04348,
1403636976301666560,4.39867,-3.23839,-0.82976,0.08379,0.79373,-0.18351,0.57384,0.11084,-0.14423,-0.08775,
1403636976401666304,4.40641,-3.25595,-0.84172,0.09706,0.78693,-0.20806,0.57274,0.06942,-0.19999,-0.15066,
1403636976501666560,4.40983,-3.27935,-0.85796,0.11722,0.78237,-0.22724,0.56791,0.03006,-0.25178,-0.18013,
1403636976601666560,4.40979,-3.30499,-0.87915,0.14011,0.78060,-0.23701,0.56112,0.00835,-0.26457,-0.23792,
1403636976701666560,4.40755,-3.33063,-0.90581,0.15662,0.77914,-0.24338,0.55604,-0.00225,-0.26585,-0.29320,
1403636976801666560,4.40517,-3.35590,-0.93840,0.16379,0.77831,-0.25085,0.55180,-0.00553,-0.25546,-0.36028,
1403636976901666304,4.40157,-3.38011,-0.97389,0.16311,0.78076,-0.25836,0.54503,-0.00159,-0.26112,-0.33426,
1403636977001666560,4.40024,-3.40512,-1.00126,0.16067,0.78160,-0.26341,0.54213,0.01252,-0.26939,-0.23257,
1403636977101666560,4.40128,-3.43229,-1.01903,0.15849,0.78269,-0.26556,0.54015,0.03321,-0.31049,-0.11880,
1403636977201666560,4.40349,-3.46350,-1.02836,0.15552,0.78394,-0.26587,0.53904,0.03596,-0.33190,-0.05015,
1403636977301666560,4.40579,-3.49664,-1.03360,0.15401,0.78456,-0.26391,0.53953,0.04933,-0.36675,-0.02284,
1403636977401666304,4.40945,-3.53460,-1.04002,0.15480,0.78254,-0.25917,0.54452,0.04943,-0.39037,-0.06602,
1403636977501666560,4.41359,-3.57545,-1.05164,0.15751,0.77959,-0.25305,0.55082,0.04789,-0.40239,-0.12389,
1403636977601666560,4.41733,-3.61668,-1.06862,0.15814,0.77676,-0.24952,0.55621,0.03728,-0.40302,-0.18341,
1403636977701666560,4.42001,-3.65719,-1.09324,0.15891,0.77573,-0.24889,0.55771,0.01619,-0.41354,-0.25021,
1403636977801666560,4.42060,-3.69800,-1.11893,0.15491,0.77577,-0.25629,0.55542,0.00130,-0.42053,-0.28585,
1403636977901666304,4.41880,-3.73891,-1.14767,0.15273,0.77558,-0.26229,0.55349,-0.00870,-0.43573,-0.27556,
1403636978001666560,4.41465,-3.78247,-1.17193,0.15747,0.77360,-0.26288,0.55466,-0.04408,-0.44371,-0.18589,
1403636978101666560,4.40945,-3.82650,-1.18810,0.16465,0.77351,-0.26100,0.55358,-0.03675,-0.46224,-0.09774,
1403636978201666560,4.40345,-3.87139,-1.19875,0.16835,0.77493,-0.26060,0.55066,-0.06220,-0.45802,-0.03175,
1403636978301666560,4.39362,-3.91751,-1.19919,0.17069,0.77737,-0.26052,0.54652,-0.07276,-0.44858,0.02352,
1403636978401666304,4.38605,-3.96306,-1.19489,0.17155,0.78042,-0.26142,0.54146,-0.05589,-0.44504,0.11974,
1403636978501666560,4.37772,-4.01093,-1.18450,0.17135,0.78588,-0.26270,0.53294,-0.04211,-0.44105,0.11537,
1403636978601666560,4.37275,-4.05925,-1.17895,0.17000,0.79103,-0.26511,0.52448,-0.00932,-0.45393,0.05941,
1403636978701666560,4.37332,-4.10954,-1.17797,0.16963,0.79426,-0.26645,0.51901,0.04332,-0.47437,0.00287,
1403636978801666560,4.37991,-4.16218,-1.18300,0.16941,0.79626,-0.26730,0.51557,0.10961,-0.50520,-0.04547,
1403636978901666304,4.39365,-4.21683,-1.18960,0.17064,0.79305,-0.26655,0.52049,0.17225,-0.54441,-0.07088,
1403636979001666560,4.41452,-4.27506,-1.20215,0.17537,0.78534,-0.26324,0.53215,0.21598,-0.55611,-0.11438,
1403636979101666560,4.43715,-4.32901,-1.21937,0.17940,0.77760,-0.26029,0.54351,0.23272,-0.53934,-0.21203,
1403636979201666560,4.46100,-4.38377,-1.24639,0.18054,0.77469,-0.25913,0.54782,0.24010,-0.51768,-0.27940,
1403636979301666560,4.48405,-4.43398,-1.27753,0.17834,0.77989,-0.26028,0.54058,0.23888,-0.49572,-0.26107,
1403636979401666304,4.50989,-4.48402,-1.30052,0.17643,0.78596,-0.26138,0.53181,0.27533,-0.48655,-0.19736,
1403636979501666560,4.53900,-4.53398,-1.31727,0.17319,0.78990,-0.26345,0.52599,0.29342,-0.47491,-0.12635,
1403636979601666560,4.57195,-4.58213,-1.32307,0.17242,0.79177,-0.26457,0.52285,0.35488,-0.49554,-0.06071,
1403636979701666560,4.60998,-4.63160,-1.32244,0.17450,0.79282,-0.26478,0.52046,0.39917,-0.50443,-0.00367,
1403636979801666560,4.65338,-4.68061,-1.31593,0.17617,0.79140,-0.26559,0.52164,0.45632,-0.51836,0.07127,
1403636979901666304,4.70122,-4.73004,-1.30415,0.17979,0.78590,-0.26567,0.52864,0.50988,-0.52500,0.07867,
1403636980001666560,4.75194,-4.77782,-1.29359,0.18411,0.78195,-0.26531,0.53317,0.52936,-0.50528,0.02785,
1403636980101666560,4.80394,-4.82408,-1.28887,0.18650,0.77994,-0.26577,0.53505,0.54047,-0.49053,-0.02566,
1403636980201666560,4.85839,-4.87216,-1.29049,0.18707,0.77843,-0.26728,0.53630,0.56148,-0.48199,-0.07170,
1403636980301666560,4.91624,-4.92044,-1.29938,0.18648,0.77565,-0.26925,0.53954,0.56777,-0.46389,-0.11923,
1403636980401666304,4.97374,-4.96413,-1.30992,0.18613,0.77115,-0.27010,0.54565,0.57686,-0.44191,-0.16986,
1403636980501666560,5.03211,-5.00773,-1.32888,0.18481,0.76740,-0.27105,0.55088,0.57249,-0.42268,-0.20908,
1403636980601666560,5.08888,-5.04946,-1.34956,0.18068,0.76500,-0.27279,0.55471,0.54684,-0.40262,-0.21673,
1403636980701666560,5.14271,-5.09063,-1.36904,0.17958,0.76422,-0.27214,0.55647,0.53369,-0.41056,-0.14504,
1403636980801666560,5.19234,-5.12851,-1.38074,0.18200,0.76800,-0.26905,0.55197,0.51593,-0.40030,-0.08736,
1403636980901666304,5.24151,-5.16509,-1.38639,0.18335,0.77379,-0.26634,0.54470,0.52851,-0.40553,0.00090,
1403636981001666560,5.29130,-5.20106,-1.38740,0.18526,0.77718,-0.26365,0.54052,0.54078,-0.38978,0.00050,
1403636981101666560,5.33788,-5.22988,-1.38934,0.18482,0.77633,-0.26368,0.54188,0.54391,-0.35462,-0.05709,
1403636981201666560,5.38888,-5.26109,-1.39703,0.17946,0.77338,-0.26808,0.54572,0.54593,-0.33375,-0.11294,
1403636981301666560,5.43715,-5.29041,-1.40756,0.16994,0.76751,-0.27639,0.55286,0.52797,-0.33149,-0.13542,
1403636981401666304,5.47338,-5.31284,-1.42111,0.16433,0.76351,-0.28221,0.55714,0.47326,-0.33419,-0.18256,
1403636981501666560,5.50939,-5.34034,-1.43954,0.17142,0.76574,-0.27987,0.55310,0.42007,-0.34396,-0.19007,
1403636981601666560,5.54816,-5.37375,-1.45706,0.18323,0.77128,-0.27448,0.54426,0.40227,-0.34907,-0.14564,
1403636981701666560,5.58476,-5.40547,-1.46686,0.19106,0.77529,-0.27192,0.53710,0.40466,-0.33619,-0.05209,
1403636981801666560,5.61566,-5.43058,-1.46746,0.19471,0.77815,-0.27266,0.53125,0.40489,-0.31190,0.01589,
1403636981901666304,5.65319,-5.45693,-1.46012,0.19551,0.78211,-0.27512,0.52383,0.44608,-0.30109,0.09905,
1403636982001666560,5.69985,-5.48726,-1.45104,0.19214,0.78690,-0.27985,0.51532,0.49124,-0.30395,0.07879,
1403636982101666560,5.74802,-5.51627,-1.44488,0.18737,0.79089,-0.28488,0.50816,0.54625,-0.32399,0.04705,
1403636982201666560,5.80609,-5.55129,-1.44310,0.18261,0.79191,-0.28921,0.50586,0.60381,-0.34412,0.00361,
1403636982301666560,5.86725,-5.58978,-1.44459,0.17665,0.78874,-0.29359,0.51039,0.65209,-0.39615,-0.03553,
1403636982401666304,5.93428,-5.63438,-1.44847,0.17509,0.78213,-0.29420,0.52064,0.69014,-0.45782,-0.04195,
1403636982501666560,6.00308,-5.68516,-1.45043,0.17607,0.77315,-0.29235,0.53458,0.69978,-0.51340,0.02917,
1403636982601666560,6.07302,-5.73909,-1.44539,0.17895,0.76899,-0.28864,0.54159,0.70342,-0.55695,0.07460,
1403636982701666560,6.14466,-5.79580,-1.43755,0.17632,0.76971,-0.28834,0.54159,0.68247,-0.57478,0.07571,
1403636982801666560,6.21409,-5.85322,-1.42831,0.17611,0.77383,-0.28618,0.53691,0.66436,-0.58791,0.06615,
1403636982901666304,6.28099,-5.91162,-1.42171,0.17777,0.77727,-0.28423,0.53241,0.66234,-0.60491,0.01307,
1403636983001666560,6.34936,-5.97169,-1.42107,0.18061,0.77690,-0.28182,0.53327,0.67953,-0.61810,-0.04142,
1403636983101666560,6.41932,-6.03426,-1.42726,0.18368,0.77329,-0.27932,0.53876,0.68381,-0.62314,-0.10222,
1403636983201666560,6.49076,-6.09642,-1.43766,0.18850,0.77156,-0.27620,0.54118,0.67821,-0.61807,-0.15858,
1403636983301666560,6.56154,-6.15887,-1.45363,0.19261,0.77043,-0.27384,0.54255,0.67638,-0.60543,-0.19232,
1403636983401666304,6.62987,-6.22022,-1.47438,0.19514,0.76960,-0.27277,0.54335,0.66564,-0.58829,-0.22994,
1403636983501666560,6.69937,-6.28136,-1.49336,0.19508,0.76945,-0.27390,0.54302,0.65952,-0.56051,-0.18834,
1403636983601666560,6.76525,-6.33751,-1.50778,0.19595,0.77148,-0.27484,0.53933,0.64861,-0.52695,-0.12612,
1403636983701666560,6.83317,-6.39170,-1.51445,0.19546,0.77498,-0.27708,0.53332,0.66917,-0.52005,-0.02581,
1403636983801666560,6.89919,-6.44217,-1.51307,0.19652,0.77771,-0.27810,0.52840,0.68032,-0.50427,0.05606,
1403636983901666304,6.97039,-6.49268,-1.50320,0.19644,0.77994,-0.27988,0.52418,0.70262,-0.48136,0.10795,
1403636984001666560,7.04258,-6.54120,-1.48943,0.19600,0.78090,-0.28234,0.52160,0.73910,-0.48212,0.16514,
1403636984101666560,7.12238,-6.59368,-1.47030,0.19587,0.78160,-0.28445,0.51945,0.77402,-0.49390,0.14948,
1403636984201666560,7.20125,-6.64443,-1.45773,0.19836,0.77897,-0.28442,0.52246,0.79813,-0.48831,0.09553,
1403636984301666560,7.28757,-6.69796,-1.44906,0.20128,0.77481,-0.28404,0.52770,0.83345,-0.48484,0.01799,
1403636984401666304,7.37514,-6.74863,-1.44846,0.20266,0.77192,-0.28465,0.53108,0.85433,-0.47604,-0.05668,
1403636984501666560,7.46565,-6.79801,-1.45481,0.20494,0.76952,-0.28432,0.53385,0.86526,-0.45514,-0.11935,
1403636984601666560,7.55685,-6.84411,-1.46461,0.20586,0.76871,-0.28409,0.53478,0.88333,-0.43483,-0.09975,
1403636984701666560,7.64567,-6.88661,-1.47099,0.20635,0.76847,-0.28330,0.53536,0.87086,-0.39684,-0.03901,
1403636984801666560,7.73904,-6.92904,-1.47171,0.20347,0.76723,-0.28458,0.53755,0.88222,-0.38183,0.00579,
1403636984901666304,7.82836,-6.96809,-1.46865,0.19821,0.76619,-0.28779,0.53929,0.84861,-0.35401,0.03853,
1403636985001666560,7.91997,-7.00839,-1.46160,0.19666,0.76551,-0.28877,0.54031,0.82670,-0.34023,0.08226,
1403636985101666560,8.00921,-7.04625,-1.45203,0.19790,0.76607,-0.28817,0.53937,0.82160,-0.33936,0.06067,
1403636985201666560,8.09372,-7.08050,-1.44973,0.20054,0.76733,-0.28673,0.53738,0.80887,-0.31485,-0.05964,
1403636985301666560,8.18727,-7.11753,-1.46002,0.20285,0.76733,-0.28562,0.53710,0.83044,-0.30596,-0.17558,
1403636985401666304,8.27215,-7.14722,-1.47653,0.20246,0.76879,-0.28206,0.53705,0.84049,-0.27476,-0.15787,
1403636985501666560,8.36955,-7.18064,-1.48671,0.19997,0.77301,-0.27255,0.53683,0.86770,-0.25476,-0.07395,
1403636985601666560,8.45603,-7.20548,-1.48953,0.19738,0.77532,-0.26328,0.53908,0.86939,-0.22544,-0.00136,
1403636985701666560,8.55391,-7.23144,-1.48652,0.19765,0.77679,-0.25454,0.54106,0.88354,-0.19137,0.07354,
1403636985801666560,8.64960,-7.25182,-1.47690,0.19735,0.77596,-0.24789,0.54543,0.88908,-0.14040,0.11402,
1403636985901666304,8.74423,-7.26559,-1.46376,0.19923,0.76672,-0.24102,0.56067,0.89552,-0.09257,0.10567,
1403636986001666560,8.83531,-7.27258,-1.45566,0.20213,0.75597,-0.23484,0.57663,0.84385,-0.02322,0.01140,
1403636986101666560,8.92009,-7.27088,-1.45710,0.20258,0.75567,-0.23258,0.57779,0.79712,0.06257,-0.08707,
1403636986201666560,8.99926,-7.26201,-1.46807,0.19766,0.76389,-0.23561,0.56736,0.74344,0.14030,-0.13950,
1403636986301666560,9.07271,-7.24596,-1.48541,0.19347,0.77324,-0.23879,0.55466,0.72483,0.19682,-0.16411,
1403636986401666304,9.14580,-7.22539,-1.50271,0.18915,0.77801,-0.24159,0.54823,0.72007,0.24203,-0.18151,
1403636986501666560,9.21871,-7.20111,-1.51978,0.18144,0.77902,-0.24645,0.54724,0.72727,0.26305,-0.15034,
1403636986601666560,9.29147,-7.17434,-1.52924,0.17443,0.77808,-0.25070,0.54893,0.70207,0.28611,-0.05058,
1403636986701666560,9.36324,-7.14710,-1.52963,0.16929,0.77742,-0.25392,0.54999,0.68831,0.28479,0.03242,
1403636986801666560,9.43220,-7.12085,-1.52058,0.16369,0.77623,-0.25740,0.55175,0.67058,0.26638,0.12772,
1403636986901666304,9.49876,-7.09585,-1.50236,0.16261,0.77492,-0.25849,0.55338,0.63778,0.24361,0.21989,
1403636987001666560,9.56160,-7.07258,-1.47602,0.16530,0.77430,-0.25731,0.55401,0.60507,0.22029,0.29402,
1403636987101666560,9.62044,-7.04897,-1.44427,0.17103,0.77398,-0.25499,0.55379,0.57276,0.23139,0.30353,
1403636987201666560,9.67766,-7.02606,-1.41641,0.17404,0.77273,-0.25496,0.55461,0.54340,0.22973,0.24909,
1403636987301666560,9.73254,-7.00178,-1.39436,0.17556,0.77095,-0.25595,0.55615,0.52192,0.23809,0.17312,
1403636987401666304,9.78616,-6.97577,-1.37977,0.17544,0.76955,-0.25535,0.55840,0.50459,0.25903,0.11617,
1403636987501666560,9.83588,-6.94909,-1.36863,0.17674,0.76780,-0.24980,0.56290,0.47508,0.27689,0.07618,
1403636987601666560,9.88403,-6.91826,-1.36191,0.17962,0.76563,-0.24391,0.56750,0.43622,0.31101,0.03928,
1403636987701666560,9.92874,-6.88424,-1.35901,0.17985,0.76482,-0.24061,0.56993,0.39015,0.35212,0.01952,
1403636987801666560,9.96837,-6.84619,-1.35298,0.17728,0.76504,-0.23891,0.57114,0.34598,0.38977,0.07695,
1403636987901666304,10.00170,-6.80617,-1.33958,0.17206,0.76589,-0.23986,0.57120,0.29352,0.42065,0.14012,
1403636988001666560,10.03108,-6.76326,-1.32077,0.16298,0.76806,-0.24423,0.56910,0.25120,0.43423,0.16852,
1403636988101666560,10.05548,-6.71985,-1.30393,0.15392,0.77056,-0.25014,0.56566,0.20938,0.42754,0.11916,
1403636988201666560,10.07595,-6.67836,-1.29185,0.14802,0.77137,-0.25471,0.56410,0.16917,0.39896,0.07601,
1403636988301666560,10.09226,-6.64057,-1.28305,0.14516,0.76758,-0.25756,0.56870,0.12432,0.36353,0.07629,
1403636988401666304,10.10205,-6.60562,-1.27317,0.14644,0.76104,-0.25740,0.57716,0.05109,0.32914,0.12753,
1403636988501666560,10.10386,-6.57291,-1.25549,0.14995,0.75684,-0.25505,0.58281,-0.05611,0.32043,0.20161,
1403636988601666560,10.09645,-6.53992,-1.23104,0.15065,0.75458,-0.25441,0.58582,-0.16277,0.31328,0.24220,
1403636988701666560,10.08005,-6.50798,-1.20698,0.15038,0.75352,-0.25455,0.58719,-0.23890,0.30381,0.21457,
1403636988801666560,10.05629,-6.47637,-1.18831,0.15190,0.75186,-0.25354,0.58937,-0.32084,0.29698,0.16304,
1403636988901666304,10.02222,-6.44628,-1.17410,0.15142,0.74938,-0.25378,0.59254,-0.41032,0.29047,0.11728,
1403636989001666560,9.97862,-6.41675,-1.16607,0.15073,0.74677,-0.25457,0.59566,-0.51916,0.28522,0.04796,
1403636989101666560,9.92619,-6.38746,-1.16181,0.15044,0.74502,-0.25566,0.59746,-0.62367,0.27516,0.02636,
1403636989201666560,9.85942,-6.35937,-1.15992,0.15047,0.74507,-0.25653,0.59701,-0.73761,0.27174,0.02404,
1403636989301666560,9.78214,-6.33240,-1.15709,0.15612,0.75146,-0.25446,0.58838,-0.81681,0.24502,0.06636,
1403636989401666304,9.69991,-6.30667,-1.14924,0.16248,0.76151,-0.25207,0.57460,-0.88083,0.23656,0.14305,
1403636989501666560,9.61108,-6.28148,-1.13357,0.16405,0.76928,-0.25231,0.56359,-0.91670,0.24095,0.21196,
1403636989601666560,9.51826,-6.25605,-1.11235,0.16678,0.77309,-0.25130,0.55801,-0.91791,0.23502,0.24491,
1403636989701666560,9.42466,-6.23072,-1.09304,0.17110,0.77625,-0.24847,0.55356,-0.91442,0.23841,0.19308,
1403636989801666560,9.33333,-6.20461,-1.07844,0.17288,0.77776,-0.24735,0.55138,-0.90140,0.25236,0.12367,
1403636989901666304,9.24130,-6.17601,-1.07074,0.17240,0.77611,-0.24740,0.55382,-0.89757,0.26059,0.08082,
1403636990001666560,9.15159,-6.14876,-1.06432,0.17240,0.77140,-0.24711,0.56049,-0.89389,0.27835,0.05499,
1403636990101666560,9.06001,-6.11889,-1.05704,0.17366,0.76738,-0.24598,0.56610,-0.90962,0.30050,0.10487,
1403636990201666560,8.96205,-6.08302,-1.04426,0.17509,0.76705,-0.24466,0.56667,-0.93925,0.32730,0.16331,
1403636990301666560,8.86667,-6.04880,-1.02532,0.17532,0.77054,-0.24346,0.56237,-0.96907,0.35502,0.23433,
1403636990401666304,8.76814,-6.01095,-1.00086,0.17521,0.77398,-0.24201,0.55828,-0.96267,0.37736,0.25002,
1403636990501666560,8.66623,-5.96599,-0.97702,0.17201,0.77674,-0.24252,0.55522,-0.96132,0.40393,0.19886,
1403636990601666560,8.57132,-5.92643,-0.96014,0.17043,0.77853,-0.24178,0.55353,-0.95413,0.40797,0.13869,
1403636990701666560,8.47149,-5.88064,-0.94890,0.16972,0.78073,-0.24081,0.55106,-0.94659,0.41436,0.06789,
1403636990801666560,8.37904,-5.83923,-0.94650,0.16973,0.78207,-0.23941,0.54976,-0.93166,0.43008,-0.00261,
1403636990901666304,8.28728,-5.79692,-0.95040,0.16876,0.78243,-0.23900,0.54972,-0.90821,0.43725,-0.06612,
1403636991001666560,8.19629,-5.74968,-0.95790,0.16949,0.78245,-0.23852,0.54968,-0.88537,0.43872,-0.09713,
1403636991101666560,8.11034,-5.70760,-0.97055,0.17039,0.78199,-0.23821,0.55020,-0.86598,0.43803,-0.14193,
1403636991201666560,8.02590,-5.66547,-0.98361,0.17153,0.78209,-0.23833,0.54965,-0.84596,0.44256,-0.09710,
1403636991301666560,7.94086,-5.62089,-0.99170,0.17134,0.78245,-0.23914,0.54884,-0.86163,0.47207,-0.04804,
1403636991401666304,7.85851,-5.57470,-0.98938,0.17141,0.78290,-0.24065,0.54752,-0.83703,0.47301,0.06120,
1403636991501666560,7.77916,-5.52799,-0.97876,0.17265,0.78309,-0.24170,0.54639,-0.79397,0.46290,0.17206,
1403636991601666560,7.70420,-5.48293,-0.95997,0.17073,0.78219,-0.24515,0.54674,-0.75831,0.45258,0.24370,
1403636991701666560,7.63531,-5.43991,-0.93314,0.16474,0.78057,-0.25230,0.54765,-0.73248,0.44108,0.30638,
1403636991801666560,7.55867,-5.39326,-0.90238,0.16013,0.77881,-0.25876,0.54850,-0.72152,0.41281,0.34468,
1403636991901666304,7.48394,-5.35328,-0.87308,0.15750,0.77790,-0.26374,0.54818,-0.72747,0.37434,0.29984,
1403636992001666560,7.41033,-5.31673,-0.84998,0.16020,0.77763,-0.26483,0.54725,-0.72482,0.33767,0.23252,
1403636992101666560,7.34196,-5.28591,-0.83629,0.16970,0.77627,-0.26109,0.54813,-0.71942,0.30404,0.16773,
1403636992201666560,7.26940,-5.25558,-0.82420,0.17653,0.77345,-0.25829,0.55127,-0.72027,0.29923,0.10922,
1403636992301666560,7.20333,-5.22649,-0.82104,0.18017,0.77239,-0.25779,0.55181,-0.71281,0.30161,0.05957,
1403636992401666304,7.13259,-5.19463,-0.82047,0.18182,0.77443,-0.25897,0.54784,-0.70322,0.30833,0.02191,
1403636992501666560,7.06842,-5.16391,-0.82157,0.18241,0.77722,-0.26127,0.54258,-0.69016,0.31552,0.07972,
1403636992601666560,7.00348,-5.13209,-0.81020,0.18428,0.77887,-0.26243,0.53902,-0.66242,0.31523,0.15642,
1403636992701666560,6.94159,-5.09889,-0.79711,0.18583,0.77922,-0.26386,0.53727,-0.62580,0.31693,0.19662,
1403636992801666560,6.87876,-5.06536,-0.77930,0.18761,0.77983,-0.26475,0.53532,-0.59029,0.31581,0.15615,
1403636992901666304,6.82025,-5.03207,-0.76909,0.19068,0.77958,-0.26472,0.53463,-0.54732,0.31870,0.09670,
1403636993001666560,6.76456,-4.99599,-0.76744,0.19266,0.77763,-0.26533,0.53645,-0.51572,0.32634,0.03766,
1403636993101666560,6.71096,-4.96293,-0.76727,0.19010,0.77370,-0.26708,0.54213,-0.47552,0.34652,0.01128,
1403636993201666560,6.66227,-4.92697,-0.76470,0.18303,0.77186,-0.26453,0.54842,-0.45846,0.36635,0.05964,
1403636993301666560,6.61550,-4.89017,-0.75695,0.17462,0.77332,-0.25609,0.55308,-0.43660,0.36839,0.12673,
1403636993401666304,6.56307,-4.84787,-0.74420,0.16475,0.77627,-0.24315,0.55780,-0.45159,0.38300,0.20734,
1403636993501666560,6.50627,-4.80289,-0.72663,0.15311,0.78044,-0.22743,0.56192,-0.48172,0.40052,0.25537,
1403636993601666560,6.44919,-4.75707,-0.70606,0.14188,0.78518,-0.21042,0.56488,-0.50278,0.41345,0.27139,
1403636993701666560,6.39691,-4.71359,-0.68176,0.13190,0.79015,-0.19735,0.56508,-0.51585,0.40850,0.24072,
1403636993801666560,6.34414,-4.67103,-0.66063,0.12551,0.79378,-0.18774,0.56472,-0.51595,0.40015,0.17472,
1403636993901666304,6.29130,-4.62943,-0.64481,0.12301,0.79602,-0.17933,0.56486,-0.52185,0.40251,0.11504,
1403636994001666560,6.23731,-4.58941,-0.63471,0.12098,0.79411,-0.17399,0.56964,-0.51787,0.40527,0.06621,
1403636994101666560,6.18443,-4.54892,-0.62940,0.12314,0.78949,-0.16887,0.57709,-0.53355,0.41857,0.02903,
1403636994201666560,6.12600,-4.50699,-0.62794,0.12443,0.78453,-0.16547,0.58451,-0.55962,0.44459,-0.01543,
1403636994301666560,6.06835,-4.46139,-0.63129,0.12524,0.77997,-0.16420,0.59076,-0.59474,0.47333,-0.04993,
1403636994401666304,6.00343,-4.41242,-0.63885,0.12644,0.77733,-0.16330,0.59422,-0.65608,0.51200,-0.08516,
1403636994501666560,5.93556,-4.35952,-0.64720,0.12652,0.77793,-0.16400,0.59323,-0.71320,0.55345,-0.06281,
1403636994601666560,5.86170,-4.30285,-0.64994,0.12216,0.78100,-0.16766,0.58907,-0.75020,0.57698,0.00832,
1403636994701666560,5.78346,-4.24306,-0.64603,0.11507,0.78625,-0.17370,0.58172,-0.79940,0.60347,0.06459,
1403636994801666560,5.70210,-4.18232,-0.63498,0.10526,0.79139,-0.18176,0.57409,-0.81344,0.59823,0.11754,
1403636994901666304,5.61739,-4.12494,-0.61966,0.09787,0.79314,-0.18783,0.57103,-0.83214,0.56292,0.09725,
1403636995001666560,5.53063,-4.07082,-0.60799,0.09778,0.79143,-0.18865,0.57315,-0.84997,0.52091,0.05258,
1403636995101666560,5.44575,-4.01921,-0.60509,0.10505,0.78848,-0.18333,0.57762,-0.86062,0.50306,0.02536,
1403636995201666560,5.35871,-3.96840,-0.60173,0.11130,0.78595,-0.17810,0.58153,-0.87803,0.49631,0.06919,
1403636995301666560,5.26866,-3.91755,-0.59222,0.11476,0.78463,-0.17438,0.58376,-0.92182,0.50798,0.15268,
1403636995401666304,5.17137,-3.86382,-0.57076,0.11648,0.78712,-0.17146,0.58093,-0.94842,0.52323,0.21473,
1403636995501666560,5.07398,-3.81007,-0.54689,0.11544,0.79181,-0.17098,0.57487,-0.98411,0.54528,0.28255,
1403636995601666560,4.97412,-3.75399,-0.51629,0.11457,0.79357,-0.17087,0.57265,-0.99113,0.54537,0.32084,
1403636995701666560,4.87549,-3.69825,-0.48513,0.11233,0.79352,-0.17255,0.57266,-0.99605,0.56378,0.27723,
1403636995801666560,4.77915,-3.64320,-0.45783,0.10774,0.79348,-0.17617,0.57248,-1.00028,0.55209,0.19958,
1403636995901666304,4.67574,-3.58504,-0.43569,0.10038,0.79449,-0.18203,0.57059,-1.00463,0.52688,0.14343,
1403636996001666560,4.57434,-3.53440,-0.42415,0.09679,0.79547,-0.18533,0.56878,-1.01222,0.49380,0.08549,
1403636996101666560,4.47317,-3.48640,-0.41810,0.10189,0.79743,-0.18228,0.56612,-1.01004,0.45064,0.05205,
1403636996201666560,4.37137,-3.43629,-0.40814,0.10735,0.79872,-0.17908,0.56432,-1.00934,0.43174,0.08719,
1403636996301666560,4.27216,-3.39520,-0.39789,0.11115,0.79950,-0.17559,0.56357,-0.98065,0.41915,0.17416,
1403636996401666304,4.17723,-3.35462,-0.37616,0.10892,0.80069,-0.17107,0.56371,-0.94185,0.41012,0.26854,
1403636996501666560,4.08439,-3.31423,-0.34655,0.10467,0.80265,-0.16188,0.56444,-0.92750,0.41844,0.31489,
1403636996601666560,3.99269,-3.27309,-0.31111,0.09781,0.80562,-0.14907,0.56497,-0.90864,0.42354,0.36213,
1403636996701666560,3.90243,-3.23242,-0.27908,0.08783,0.80919,-0.13303,0.56551,-0.90061,0.42622,0.23583,
1403636996801666560,3.81605,-3.18120,-0.26247,0.07559,0.81278,-0.11567,0.56595,-0.88162,0.43431,0.07761,
1403636996901666304,3.72893,-3.12827,-0.25809,0.06043,0.81588,-0.09795,0.56664,-0.86484,0.43786,-0.00406,
1403636997001666560,3.64590,-3.07735,-0.25904,0.04555,0.81853,-0.07882,0.56721,-0.83444,0.43143,-0.06246,
1403636997101666560,3.56226,-3.02619,-0.26615,0.03249,0.82068,-0.06127,0.56716,-0.81593,0.41520,-0.10802,
1403636997201666560,3.48319,-2.97919,-0.27927,0.02270,0.82230,-0.04857,0.56652,-0.78585,0.39745,-0.15060,
1403636997301666560,3.40998,-2.93736,-0.29689,0.01707,0.82325,-0.03892,0.56608,-0.76102,0.37385,-0.15338,
1403636997401666304,3.33796,-2.90041,-0.30886,0.01426,0.82412,-0.03270,0.56529,-0.72545,0.35899,-0.06147,
1403636997501666560,3.26866,-2.86514,-0.31050,0.01316,0.82393,-0.02957,0.56576,-0.67663,0.34276,0.01452,
1403636997601666560,3.20373,-2.83264,-0.30564,0.01285,0.82466,-0.02928,0.56472,-0.64172,0.33112,0.09760,
1403636997701666560,3.14789,-2.80095,-0.29108,0.01469,0.82514,-0.02944,0.56396,-0.58376,0.32241,0.16308,
1403636997801666560,3.09397,-2.76990,-0.27056,0.01757,0.82620,-0.03027,0.56229,-0.52495,0.32425,0.24205,
1403636997901666304,3.04806,-2.74072,-0.24210,0.01970,0.82635,-0.03184,0.56191,-0.47624,0.31657,0.29049,
1403636998001666560,3.00790,-2.71405,-0.20567,0.02076,0.82621,-0.03403,0.56195,-0.43271,0.30029,0.37464,
1403636998101666560,2.97816,-2.69063,-0.16349,0.02163,0.82631,-0.03623,0.56163,-0.38900,0.29905,0.40043,
1403636998201666560,2.96453,-2.67183,-0.12330,0.02079,0.82499,-0.03937,0.56339,-0.33612,0.28983,0.34868,
1403636998301666560,2.93998,-2.64819,-0.08959,0.02181,0.82542,-0.04080,0.56261,-0.29793,0.27341,0.29281,
1403636998401666304,2.92193,-2.62813,-0.06204,0.02155,0.82503,-0.04238,0.56309,-0.24790,0.26288,0.22805,
1403636998501666560,2.90864,-2.60940,-0.03679,0.02094,0.82472,-0.04432,0.56341,-0.20915,0.24485,0.25833,
1403636998601666560,2.89970,-2.59307,-0.00586,0.02261,0.82152,-0.04402,0.56803,-0.19567,0.22688,0.31345,
1403636998701666560,2.90469,-2.59056,0.02967,0.02595,0.81343,-0.04212,0.57956,-0.18072,0.21324,0.38037,
1403636998801666560,2.89457,-2.57302,0.07111,0.02927,0.80828,-0.04097,0.58665,-0.20260,0.20491,0.39649,
1403636998901666304,2.88661,-2.56605,0.10715,0.03464,0.80675,-0.03729,0.58869,-0.22455,0.20959,0.33272,
1403636999001666560,2.87320,-2.55606,0.13580,0.03814,0.80715,-0.03527,0.58805,-0.24430,0.23038,0.26887,
1403636999101666560,2.85229,-2.53226,0.16041,0.04103,0.80741,-0.03372,0.58759,-0.26464,0.26361,0.20742,
1403636999201666560,2.83467,-2.51609,0.17658,0.04229,0.80913,-0.03314,0.58517,-0.27118,0.28646,0.13796,
1403636999301666560,2.80864,-2.48573,0.18896,0.04106,0.81071,-0.03447,0.58299,-0.27876,0.31959,0.08417,
1403636999401666304,2.78415,-2.45490,0.19706,0.03631,0.81119,-0.03816,0.58241,-0.27660,0.34440,0.04589,
1403636999501666560,2.76075,-2.42265,0.20095,0.03342,0.81081,-0.04041,0.58296,-0.27867,0.35017,0.01310,
1403636999601666560,2.73591,-2.38875,0.20217,0.03186,0.80857,-0.04191,0.58604,-0.28965,0.35841,-0.01834,
1403636999701666560,2.70908,-2.35493,0.19930,0.03137,0.80668,-0.04285,0.58859,-0.31414,0.36731,-0.06388,
1403636999801666560,2.67889,-2.32022,0.19454,0.03139,0.80629,-0.04370,0.58907,-0.34372,0.36221,-0.08385,
1403636999901666304,2.64633,-2.28493,0.18730,0.03302,0.80648,-0.04302,0.58877,-0.37427,0.36860,-0.11308,
1403637000001666560,2.61078,-2.24823,0.18046,0.03716,0.80649,-0.04051,0.58868,-0.41352,0.38056,-0.06488,
1403637000101666560,2.57213,-2.20906,0.17971,0.03933,0.80756,-0.03875,0.58719,-0.45268,0.39962,-0.00994,
1403637000201666560,2.53024,-2.16765,0.18648,0.03835,0.80924,-0.03891,0.58493,-0.47319,0.42196,0.05627,
1403637000301666560,2.48856,-2.12383,0.19703,0.03702,0.81069,-0.03979,0.58294,-0.46718,0.43934,0.05202,
1403637000401666304,2.44684,-2.07923,0.20486,0.03482,0.81009,-0.04121,0.58382,-0.48358,0.43555,0.01775,
1403637000501666560,2.42143,-2.06211,0.20673,0.03631,0.81028,-0.03967,0.58357,-0.47872,0.43105,-0.01887,
1403637000601666560,2.37510,-2.01040,0.20908,0.03711,0.81048,-0.03925,0.58327,-0.49640,0.46205,0.00736,
1403637000701666560,2.33036,-1.96003,0.21735,0.03508,0.80958,-0.04082,0.58454,-0.49630,0.47603,0.07607,
1403637000801666560,2.28490,-1.91013,0.23361,0.03506,0.80898,-0.04142,0.58533,-0.49462,0.48858,0.16268,
1403637000901666304,2.23710,-1.86006,0.25003,0.03449,0.80902,-0.04241,0.58523,-0.50303,0.49781,0.12535,
1403637001001666560,2.18727,-1.80925,0.26025,0.03473,0.80870,-0.04331,0.58560,-0.52232,0.50528,0.06397,
1403637001101666560,2.13521,-1.75662,0.26466,0.03442,0.80849,-0.04412,0.58584,-0.53768,0.51313,0.01614,
1403637001201666560,2.08095,-1.70403,0.26635,0.03348,0.80778,-0.04533,0.58678,-0.56309,0.51424,0.01751,
1403637001301666560,2.02289,-1.65081,0.27264,0.03265,0.80790,-0.04628,0.58659,-0.59434,0.51834,0.09983,
1403637001401666304,1.96346,-1.59743,0.28799,0.03027,0.80917,-0.04836,0.58480,-0.60238,0.51257,0.18404,
1403637001501666560,1.90446,-1.54521,0.30905,0.03027,0.81219,-0.04952,0.58050,-0.59416,0.50105,0.22510,
1403637001601666560,1.84404,-1.49495,0.32876,0.03060,0.81366,-0.05062,0.57832,-0.60105,0.49293,0.19208,
1403637001701666560,1.79661,-1.46944,0.34327,0.03049,0.81379,-0.05125,0.57809,-0.59888,0.46770,0.14030,
1403637001801666560,1.73588,-1.41946,0.35354,0.03001,0.81287,-0.05270,0.57927,-0.60329,0.47063,0.07609,
1403637001901666304,1.67402,-1.37205,0.35596,0.03099,0.81440,-0.05269,0.57708,-0.60364,0.45953,0.02272,
1403637002001666560,1.61274,-1.32516,0.35347,0.03147,0.81525,-0.05270,0.57584,-0.59819,0.46299,-0.01938,
1403637002101666560,1.55313,-1.27845,0.34596,0.03193,0.81588,-0.05295,0.57491,-0.59240,0.45843,-0.05234,
1403637002201666560,1.49297,-1.23185,0.33458,0.03166,0.81603,-0.05311,0.57470,-0.58867,0.45760,-0.09650,
1403637002301666560,1.44595,-1.20855,0.32400,0.03266,0.81613,-0.05231,0.57456,-0.58068,0.43859,-0.09469,
1403637002401666304,1.38706,-1.17096,0.31218,0.03456,0.81665,-0.05050,0.57387,-0.56715,0.43833,-0.03381,
1403637002501666560,1.32435,-1.13136,0.31056,0.03603,0.81615,-0.04909,0.57462,-0.54348,0.44272,0.04766,
1403637002601666560,1.26834,-1.08779,0.31716,0.03872,0.81583,-0.04713,0.57506,-0.53996,0.44875,0.14211,
1403637002701666560,1.21200,-1.04101,0.33166,0.04001,0.81615,-0.04710,0.57453,-0.54825,0.45717,0.17743,
1403637002801666560,1.15592,-0.99287,0.34566,0.04023,0.81590,-0.04808,0.57479,-0.53881,0.47020,0.13974,
1403637002901666304,1.10019,-0.94414,0.35417,0.03720,0.81528,-0.05152,0.57557,-0.53793,0.48040,0.06836,
1403637003001666560,1.04482,-0.89404,0.35537,0.03692,0.81549,-0.05314,0.57514,-0.53044,0.48592,0.00047,
1403637003101666560,0.99114,-0.84358,0.35095,0.03685,0.81578,-0.05493,0.57457,-0.52044,0.48788,-0.04904,
1403637003201666560,0.93841,-0.79327,0.34076,0.03768,0.81531,-0.05606,0.57507,-0.51960,0.48070,-0.09626,
1403637003301666560,0.88463,-0.74452,0.32824,0.03765,0.81416,-0.05758,0.57655,-0.51606,0.48551,-0.07793,
1403637003401666304,0.83184,-0.69760,0.32125,0.03755,0.81282,-0.05859,0.57834,-0.50600,0.48091,-0.01280,
1403637003501666560,0.78279,-0.65206,0.32203,0.03705,0.81154,-0.06018,0.58000,-0.50110,0.47413,0.07693,
1403637003601666560,0.72992,-0.60385,0.32957,0.03644,0.81177,-0.06146,0.57960,-0.51163,0.47332,0.14666,
1403637003701666560,0.66198,-0.55346,0.34715,0.03609,0.81195,-0.06213,0.57929,-0.52545,0.46742,0.15730,
1403637003801666560,0.61110,-0.50353,0.36126,0.03459,0.81244,-0.06264,0.57864,-0.53562,0.46062,0.09683,
1403637003901666304,0.55739,-0.45703,0.36737,0.03589,0.81432,-0.06048,0.57614,-0.52658,0.44700,0.04983,
1403637004001666560,0.50284,-0.41129,0.36390,0.03639,0.81703,-0.05785,0.57253,-0.52442,0.44170,-0.02772,
1403637004101666560,0.44951,-0.36676,0.35280,0.03701,0.81918,-0.05557,0.56964,-0.51120,0.43921,-0.08318,
1403637004201666560,0.39892,-0.32208,0.33864,0.03729,0.82042,-0.05374,0.56801,-0.48719,0.44054,-0.08670,
1403637004301666560,0.34739,-0.26737,0.32652,0.03526,0.82052,-0.05330,0.56803,-0.44777,0.44955,0.01052,
1403637004401666304,0.30447,-0.22184,0.33098,0.03303,0.81937,-0.05503,0.56966,-0.41099,0.43582,0.07999,
1403637004501666560,0.26248,-0.17727,0.34619,0.03315,0.81504,-0.05645,0.57569,-0.39144,0.42598,0.21676,
1403637004601666560,0.22090,-0.13346,0.37220,0.03286,0.81258,-0.05934,0.57888,-0.43415,0.42288,0.30370,
1403637004701666560,0.17932,-0.09041,0.40365,0.02466,0.81184,-0.06845,0.57933,-0.43511,0.40159,0.28056,
1403637004801666560,0.13769,-0.04981,0.42792,0.01811,0.81121,-0.07637,0.57946,-0.42836,0.36676,0.15977,
1403637004901666304,0.09487,-0.01331,0.43455,0.01660,0.81388,-0.08028,0.57522,-0.43333,0.31758,-0.01215,
1403637005001666560,0.05202,0.01875,0.42416,0.02003,0.81815,-0.08024,0.56902,-0.41539,0.26575,-0.12199,
1403637005101666560,0.00484,0.04692,0.40699,0.02825,0.81816,-0.07631,0.56921,-0.39560,0.22376,-0.14326,
1403637005201666560,-0.04281,0.05333,0.38620,0.03516,0.81712,-0.07211,0.57085,-0.38105,0.19901,-0.17993,
1403637005301666560,-0.08024,0.06537,0.35923,0.03863,0.81911,-0.06968,0.56808,-0.37162,0.18635,-0.22471,
1403637005401666304,-0.13445,0.07315,0.33588,0.03920,0.82015,-0.06765,0.56677,-0.35511,0.17674,-0.22092,
1403637005501666560,-0.16675,0.08513,0.31028,0.04086,0.81722,-0.06366,0.57134,-0.33817,0.18265,-0.20963,
1403637005601666560,-0.19852,0.10137,0.29044,0.03889,0.81640,-0.06242,0.57279,-0.33353,0.19495,-0.12238,
1403637005701666560,-0.23110,0.12354,0.28223,0.03232,0.82050,-0.06477,0.56704,-0.31508,0.19382,-0.01751,
1403637005801666560,-0.26404,0.14531,0.28722,0.02916,0.82213,-0.06564,0.56476,-0.29274,0.17023,0.09820,
1403637005901666304,-0.29624,0.14743,0.29130,0.03234,0.82049,-0.06201,0.56736,-0.26562,0.15527,0.09518,
1403637006001666560,-0.31786,0.16278,0.30262,0.03491,0.81809,-0.06005,0.57088,-0.25080,0.14441,0.05043,
1403637006101666560,-0.35125,0.18948,0.31028,0.03314,0.81610,-0.06127,0.57370,-0.25108,0.14738,0.01864,
1403637006201666560,-0.37497,0.20784,0.31482,0.03219,0.81610,-0.06159,0.57372,-0.24964,0.14746,0.00315,
1403637006301666560,-0.33550,0.19099,0.34529,0.02965,0.82083,-0.06392,0.56680,-0.20162,0.13568,-0.00565,
1403637006401666304,-0.35397,0.21087,0.34526,0.02714,0.82732,-0.06549,0.55724,-0.17249,0.12549,-0.01907,
1403637006501666560,-0.37025,0.22649,0.34395,0.02097,0.82987,-0.06964,0.55320,-0.12366,0.10216,-0.03286,
1403637006601666560,-0.39266,0.22000,0.33930,0.01712,0.82536,-0.06707,0.56034,-0.08269,0.06447,-0.02328,
1403637006701666560,-0.39420,0.22782,0.33686,0.01554,0.82076,-0.05668,0.56824,-0.04987,0.04591,-0.04940,
1403637006801666560,-0.39495,0.22939,0.33261,0.00987,0.81704,-0.04253,0.57492,-0.04229,0.03209,-0.08197,
1403637006901666304,-0.40948,0.22197,0.32211,-0.00203,0.81743,-0.02628,0.57543,-0.02833,0.03083,-0.09834,
1403637007001666560,-0.41033,0.21304,0.30415,-0.01186,0.81901,-0.00413,0.57365,-0.03524,0.01434,-0.08689,
1403637007101666560,-0.42371,0.21309,0.29060,-0.01977,0.81785,0.01485,0.57490,-0.03628,-0.00171,-0.08788,
1403637007201666560,-0.43220,0.21147,0.28059,-0.02626,0.81587,0.02910,0.57691,-0.03544,-0.00814,-0.07793,
1403637007301666560,-0.42492,0.20707,0.27025,-0.02743,0.81095,0.04079,0.58305,-0.03597,-0.00952,-0.08700,
1403637007401666304,-0.43015,0.20421,0.26038,-0.02847,0.80769,0.04791,0.58697,-0.06616,0.00283,-0.11194,
1403637007501666560,-0.43579,0.20639,0.24683,-0.03031,0.80917,0.05043,0.58462,-0.09173,0.01554,-0.12658,
1403637007601666560,-0.44692,0.20889,0.23273,-0.03163,0.81377,0.05084,0.57809,-0.11481,0.03555,-0.15998,
1403637007701666560,-0.45616,0.21358,0.21637,-0.03152,0.82194,0.04994,0.56650,-0.11862,0.05785,-0.15419,
1403637007801666560,-0.46422,0.22093,0.20218,-0.02950,0.82549,0.04936,0.56147,-0.08234,0.07645,-0.11401,
1403637007901666304,-0.46986,0.23046,0.19144,-0.03279,0.82049,0.04468,0.56896,-0.05174,0.09786,-0.09033,
1403637008001666560,-0.47594,0.24151,0.18260,-0.03843,0.81390,0.03782,0.57850,-0.05581,0.08986,-0.07808,
1403637008101666560,-0.48694,0.24876,0.17392,-0.03512,0.81561,0.03693,0.57636,-0.09004,0.07522,-0.09893,
1403637008201666560,-0.49772,0.25642,0.16476,-0.03078,0.82471,0.03663,0.56353,-0.08733,0.07602,-0.06950,
1403637008301666560,-0.50521,0.26466,0.16001,-0.02573,0.83094,0.03721,0.55452,-0.05020,0.08039,-0.02398,
1403637008401666304,-0.51010,0.27397,0.15923,-0.02313,0.83111,0.03641,0.55444,-0.00252,0.09411,0.03987,
1403637008501666560,-0.51013,0.28427,0.16597,-0.02613,0.82361,0.03212,0.56564,0.02808,0.10397,0.06816,
1403637008601666560,-0.50855,0.29384,0.17358,-0.02875,0.81740,0.02785,0.57468,0.02191,0.09933,0.04291,
1403637008701666560,-0.50693,0.30435,0.17717,-0.03336,0.81527,0.02258,0.57769,0.01282,0.10128,0.00422,
1403637008801666560,-0.50112,0.31464,0.17568,-0.04527,0.81884,0.01256,0.57209,0.01630,0.07952,-0.01859,
1403637008901666304,-0.49417,0.32020,0.16770,-0.05310,0.82297,0.00603,0.56557,0.04952,0.02194,-0.06870,
1403637009001666560,-0.48447,0.31485,0.15751,-0.04981,0.82339,0.00700,0.56524,0.07331,-0.06025,-0.10675,
1403637009101666560,-0.47161,0.30353,0.14342,-0.03770,0.82228,0.01409,0.56766,0.08477,-0.11213,-0.14662,
1403637009201666560,-0.45723,0.29255,0.12706,-0.02572,0.82137,0.02149,0.56940,0.10988,-0.13060,-0.16981,
1403637009301666560,-0.44232,0.28043,0.10819,-0.00952,0.82148,0.03214,0.56926,0.15804,-0.11810,-0.17390,
1403637009401666304,-0.42921,0.27193,0.09378,-0.02316,0.81733,0.03343,0.57473,0.07124,-0.08480,-0.04577,
1403637009501666560,-0.42837,0.26298,0.09040,-0.03685,0.80772,0.04764,0.58648,0.04351,-0.02630,-0.06777,
1403637009601666560,-0.42937,0.25853,0.08497,-0.07867,0.78530,0.03710,0.61297,-0.10742,-0.06557,0.22425,
1403637009701666560,-0.43679,0.25355,0.08221,-0.06751,0.79095,0.02384,0.60768,-0.00811,0.03755,0.15629,
1403637009801666560,-0.43719,0.25418,0.08356,-0.06720,0.79026,0.02061,0.60873,-0.00699,0.03161,0.01006,
1403637009901666304,-0.43878,0.25419,0.08256,-0.06771,0.79016,0.02142,0.60877,-0.01569,0.02415,0.00356,
1403637010001666560,-0.43909,0.25377,0.08189,-0.06802,0.78999,0.02144,0.60896,-0.01732,0.00385,-0.00038,
1403637010101666560,-0.43988,0.25450,0.08257,-0.06880,0.79023,0.02104,0.60857,-0.01654,-0.00474,0.00172,
1403637010201666560,-0.44019,0.25230,0.08265,-0.06928,0.79024,0.02105,0.60850,-0.01799,-0.01042,-0.00010,
1403637010301666560,-0.44000,0.25217,0.08291,-0.06958,0.79052,0.02091,0.60811,-0.01775,-0.01531,0.00208,
1403637010401666304,-0.43979,0.25217,0.08318,-0.06943,0.79054,0.02088,0.60810,-0.01609,-0.01148,-0.00278,
1403637010501666560,-0.43968,0.25225,0.08328,-0.06934,0.79068,0.02080,0.60794,-0.01606,-0.01576,0.00085,
1403637010601666560,-0.43965,0.25234,0.08342,-0.06938,0.79078,0.02070,0.60781,-0.01807,-0.01804,0.00082,
