1403637134288319232,-0.00585,-0.01862,0.33492,-0.03953,0.80120,0.04619,0.59531,0.00330,0.02235,0.54977,
1403637134388318976,-0.00560,-0.01860,0.38015,-0.04272,0.79051,0.04729,0.60912,0.00800,0.00788,0.33414,
1403637134488318976,-0.00353,-0.01851,0.39996,-0.04848,0.78497,0.04084,0.61629,0.02339,0.00704,0.01383,
1403637134588318976,-0.00228,-0.02097,0.38568,-0.05154,0.78498,0.03821,0.61619,0.04798,-0.03100,-0.32705,
1403637134688318976,-0.00009,-0.02462,0.33860,-0.04120,0.79094,0.03690,0.60938,0.06115,-0.04400,-0.62756,
1403637134788319232,0.00224,-0.02746,0.26829,-0.03503,0.80149,0.03653,0.59586,0.04113,-0.02782,-0.76773,
1403637134888318976,0.00122,-0.03039,0.19327,-0.03506,0.81281,0.03335,0.58051,0.00365,-0.02217,-0.73642,
1403637134988318976,-0.00045,-0.03291,0.12753,-0.03410,0.81932,0.02335,0.57184,-0.01565,-0.02136,-0.57510,
1403637135088318976,0.00003,-0.03430,0.08053,-0.04182,0.82165,0.02465,0.56793,-0.01037,-0.02842,-0.36714,
1403637135188318976,-0.00336,-0.03594,0.05663,-0.03633,0.82702,0.02443,0.56046,-0.02120,-0.02064,-0.10763,
1403637135288319232,-0.00888,-0.03975,0.06871,-0.01662,0.83700,0.01229,0.54681,-0.00317,-0.01232,0.30708,
1403637135388318976,-0.00994,-0.04107,0.11910,-0.00552,0.83628,0.00546,0.54825,0.01538,0.00242,0.66553,
1403637135488318976,-0.01012,-0.04090,0.19583,0.00809,0.82498,0.00323,0.56510,0.01580,0.01761,0.85145,
1403637135588318976,-0.01001,-0.03846,0.28250,0.01739,0.81219,0.00421,0.58312,0.01192,0.03057,0.86264,
1403637135688318976,-0.00915,-0.03470,0.36543,0.01991,0.80023,0.00331,0.59935,0.00259,0.04148,0.75918,
1403637135788319232,-0.00862,-0.03159,0.43121,0.00738,0.79118,0.00358,0.61153,-0.01002,0.02844,0.50357,
1403637135888318976,-0.00565,-0.03220,0.46521,-0.00347,0.78797,0.00369,0.61569,0.02025,-0.00952,0.12997,
1403637135988318976,0.00065,-0.03710,0.45853,-0.01823,0.79156,0.01018,0.61073,0.03433,-0.00580,-0.27316,
1403637136088318976,0.00506,-0.03774,0.41248,-0.01974,0.79692,0.01507,0.60357,0.05562,0.00837,-0.61962,
1403637136188318976,0.00985,-0.03692,0.33862,-0.01547,0.80548,0.01695,0.59217,0.04000,0.01234,-0.82673,
1403637136288319232,0.01180,-0.03593,0.25414,-0.01561,0.81854,0.01803,0.57395,-0.00148,0.00696,-0.83622,
1403637136388318976,0.00966,-0.03586,0.17496,-0.01925,0.83317,0.01810,0.55238,-0.05302,-0.00701,-0.72809,
1403637136488318976,0.00560,-0.03676,0.11236,-0.03064,0.84530,0.01933,0.53306,-0.05947,-0.00824,-0.47237,
1403637136588318976,0.00012,-0.03725,0.08258,-0.03668,0.85173,0.01772,0.52240,-0.03493,-0.01571,-0.11449,
1403637136688318976,-0.00262,-0.03822,0.09347,-0.03438,0.85458,0.02059,0.51778,-0.00720,-0.01694,0.33698,
1403637136788319232,-0.00383,-0.03856,0.14906,-0.03329,0.85312,0.01970,0.52027,0.00338,-0.00575,0.74345,
1403637136888318976,-0.00353,-0.03917,0.23609,-0.03080,0.84348,0.02060,0.53588,0.02365,-0.01901,0.96100,
1403637136988318976,-0.00205,-0.04170,0.33506,-0.02182,0.83038,0.01469,0.55658,0.02006,-0.03515,0.97253,
1403637137088318976,-0.00145,-0.04363,0.42414,-0.01652,0.81647,0.00525,0.57712,-0.00040,-0.01240,0.77023,
1403637137188318976,-0.00190,-0.04259,0.48339,-0.02324,0.80368,-0.00359,0.59459,-0.00338,-0.00230,0.38717,
1403637137288319232,-0.00056,-0.04409,0.50028,-0.02555,0.79630,-0.00280,0.60435,0.02046,-0.02348,-0.04004,
1403637137388318976,0.00242,-0.04594,0.47437,-0.02625,0.79255,0.00034,0.60924,0.03619,0.00092,-0.44222,
1403637137488318976,0.00609,-0.04623,0.41415,-0.02657,0.79515,0.00452,0.60581,0.03952,-0.00154,-0.73193,
1403637137588318976,0.00878,-0.04525,0.33166,-0.01980,0.80668,0.01187,0.59053,0.00593,0.00598,-0.88634,
1403637137688318976,0.00963,-0.04414,0.24196,-0.01297,0.82334,0.01433,0.56722,-0.01342,0.02699,-0.88883,
1403637137788319232,0.00565,-0.04156,0.16025,-0.01740,0.83663,0.01438,0.54730,-0.07252,0.01430,-0.72838,
1403637137888318976,0.06043,-0.04652,0.09280,-0.05525,0.84464,0.03534,0.53130,0.11574,-0.01698,-0.47177,
1403637137988318976,-0.00777,-0.04488,0.07610,-0.02379,0.85444,0.01967,0.51863,-0.03333,-0.03526,-0.02141,
1403637138088318976,-0.00891,-0.04753,0.09966,-0.02562,0.86039,0.01942,0.50863,0.01414,-0.03163,0.48533,
1403637138188318976,-0.00547,-0.05115,0.16774,-0.02635,0.85533,0.02530,0.51680,0.06193,-0.06820,0.85233,
1403637138288319232,-0.00122,-0.05656,0.26334,-0.01225,0.84041,0.03120,0.54091,0.03946,-0.03498,0.99809,
1403637138388318976,0.00142,-0.05661,0.36038,-0.00626,0.82041,0.02550,0.57117,0.01680,0.00976,0.91328,
1403637138488318976,0.00117,-0.05511,0.43885,0.00086,0.80244,0.01777,0.59647,-0.01351,0.01033,0.62142,
1403637138588318976,0.00003,-0.05452,0.48022,0.00255,0.79134,0.01258,0.61124,-0.00373,-0.00186,0.19812,
1403637138688318976,0.00141,-0.05576,0.47729,-0.00116,0.78824,0.01161,0.61526,0.03615,0.00338,-0.24528,
1403637138788319232,0.00591,-0.05611,0.43354,-0.00648,0.79223,0.00940,0.61011,0.07751,-0.00454,-0.61149,
1403637138888318976,0.01510,-0.05683,0.36035,-0.00660,0.80195,0.00716,0.59731,0.07393,-0.00124,-0.83864,
1403637138988318976,0.02129,-0.05638,0.27216,-0.01542,0.81081,0.00906,0.58504,0.05322,0.03215,-0.89458,
1403637139088318976,0.02592,-0.05369,0.18659,-0.03095,0.81677,0.00971,0.57605,0.02368,0.04685,-0.79419,
1403637139188318976,0.02812,-0.04955,0.11437,-0.04246,0.82132,0.01188,0.56876,0.00495,0.04435,-0.62797,
1403637139288319232,0.03054,-0.04523,0.06270,-0.04679,0.82363,0.01625,0.56496,0.03584,0.03091,-0.39261,
1403637139388318976,0.03520,-0.04222,0.03373,-0.04664,0.82425,0.02227,0.56386,0.05108,0.01307,-0.19980,
1403637139488318976,0.03831,-0.04003,0.02005,-0.05144,0.82264,0.03020,0.56543,0.03338,0.01963,-0.10136,
1403637139588318976,0.03917,-0.03689,0.01174,-0.05749,0.81899,0.03460,0.56986,0.01999,0.02429,-0.06627,
1403637139688318976,0.04053,-0.03509,0.00463,-0.05724,0.81552,0.03839,0.57461,0.01408,0.01475,-0.07765,
1403637139788319232,0.04148,-0.03579,-0.00355,-0.05577,0.81448,0.03854,0.57622,0.00308,-0.01146,-0.07431,
1403637139888318976,0.04079,-0.03879,-0.00647,-0.05583,0.80866,0.03450,0.58461,-0.01022,-0.03143,-0.01274,
1403637139988318976,0.03914,-0.04141,-0.00813,-0.05523,0.80373,0.02634,0.59185,-0.03530,-0.01579,-0.02053,
1403637140088318976,0.03612,-0.04402,-0.00826,-0.05322,0.79775,0.01911,0.60033,-0.03589,-0.02523,0.01144,
1403637140188318976,0.03315,-0.04601,-0.00745,-0.05029,0.79244,0.01420,0.60770,-0.01841,-0.02565,-0.01442,
1403637140288319232,0.03237,-0.04842,-0.00879,-0.04847,0.79357,0.01168,0.60644,-0.00410,-0.01475,-0.01723,
1403637140388318976,0.03216,-0.04904,-0.00945,-0.05079,0.79331,0.00851,0.60663,0.00331,0.00290,0.00964,
1403637140488318976,0.03202,-0.04909,-0.00947,-0.04933,0.79374,0.00724,0.60620,-0.00269,0.00166,0.00143,
1403637140588318976,0.03196,-0.04885,-0.00949,-0.04987,0.79385,0.00615,0.60604,-0.00243,0.00077,0.00025,
1403637140688318976,0.03191,-0.04886,-0.00950,-0.04941,0.79400,0.00580,0.60587,-0.00093,0.00370,0.00166,
1403637140788319232,0.03185,-0.04889,-0.00947,-0.04870,0.79420,0.00538,0.60567,-0.00175,0.00316,0.00140,
1403637140888318976,0.03178,-0.04894,-0.00947,-0.04787,0.79441,0.00470,0.60548,-0.00227,-0.00168,0.00156,
1403637140988318976,0.03176,-0.04897,-0.00947,-0.04739,0.79453,0.00439,0.60535,-0.00083,-0.00154,0.00269,
1403637141088318976,0.03172,-0.04901,-0.00947,-0.04669,0.79469,0.00391,0.60521,-0.00206,-0.00084,0.00275,
1403637141188318976,0.03167,-0.04905,-0.00947,-0.04598,0.79486,0.00346,0.60503,-0.00136,0.00123,0.00300,
1403637141288319232,0.03164,-0.04909,-0.00946,-0.04544,0.79498,0.00317,0.60493,-0.00130,0.00151,0.00232,
1403637141388318976,0.03161,-0.04912,-0.00946,-0.04491,0.79510,0.00283,0.60481,-0.00112,0.00011,0.00176,
1403637141488318976,0.03159,-0.04914,-0.00947,-0.04446,0.79520,0.00253,0.60470,-0.00156,0.00101,0.00185,
1403637141588318976,0.03157,-0.04917,-0.00947,-0.04395,0.79534,0.00220,0.60457,-0.00124,0.00032,0.00242,
1403637141688318976,0.03153,-0.04921,-0.00949,-0.04351,0.79543,0.00180,0.60448,-0.00104,0.00043,0.00203,
1403637141788319232,0.03151,-0.04923,-0.00948,-0.04311,0.79553,0.00159,0.60437,-0.00101,0.00118,0.00239,
1403637141888318976,0.03149,-0.04928,-0.00950,-0.04269,0.79562,0.00136,0.60429,0.00071,0.00160,0.00270,
1403637141988318976,0.03148,-0.04928,-0.00951,-0.04236,0.79568,0.00108,0.60423,-0.00151,-0.00113,0.00192,
1403637142088318976,0.03145,-0.04930,-0.00950,-0.04205,0.79576,0.00091,0.60415,-0.00155,0.00073,0.00130,
1403637142188318976,0.03144,-0.04932,-0.00951,-0.04185,0.79580,0.00078,0.60411,-0.00130,0.00073,0.00192,
1403637142288319232,0.03142,-0.04932,-0.00952,-0.04155,0.79587,0.00052,0.60404,-0.00184,-0.00016,0.00211,
1403637142388318976,0.03140,-0.04937,-0.00953,-0.04116,0.79594,0.00035,0.60397,-0.00083,0.00014,0.00092,
1403637142488318976,0.03141,-0.04936,-0.00954,-0.04111,0.79598,0.00022,0.60393,-0.00152,-0.00048,0.00138,
1403637142588318976,0.03139,-0.04939,-0.00955,-0.04085,0.79602,0.00006,0.60389,-0.00123,0.00019,0.00131,
1403637142688318976,0.03137,-0.04940,-0.00955,-0.04060,0.79610,-0.00009,0.60380,-0.00157,-0.00052,0.00235,
1403637142788319232,0.03135,-0.04943,-0.00956,-0.04022,0.79618,-0.00039,0.60372,-0.00121,-0.00010,0.00170,
1403637142888318976,0.03131,-0.04945,-0.00957,-0.03981,0.79624,-0.00065,0.60366,-0.00184,-0.00031,0.00168,
1403637142988318976,0.03129,-0.04946,-0.00957,-0.03973,0.79628,-0.00074,0.60362,-0.00213,-0.00077,0.00169,
1403637143088318976,0.03127,-0.04949,-0.00957,-0.03936,0.79636,-0.00098,0.60354,-0.00120,-0.00008,0.00157,
1403637143188318976,0.03126,-0.04950,-0.00957,-0.03910,0.79642,-0.00113,0.60348,-0.00153,-0.00080,0.00199,
1403637143288319232,0.03125,-0.04951,-0.00958,-0.03891,0.79645,-0.00126,0.60345,-0.00074,-0.00026,0.00167,
1403637143388318976,0.03123,-0.04954,-0.00960,-0.03869,0.79650,-0.00139,0.60340,-0.00013,-0.00017,0.00103,
1403637143488318976,0.03123,-0.04954,-0.00961,-0.03852,0.79650,-0.00154,0.60341,0.00035,0.00032,0.00327,
1403637143588318976,0.03122,-0.04956,-0.00961,-0.03822,0.79653,-0.00172,0.60339,-0.00264,0.00026,0.00086,
1403637143688318976,0.03120,-0.04958,-0.00964,-0.03810,0.79663,-0.00183,0.60327,-0.00104,0.00060,0.00111,
1403637143788319232,0.03120,-0.04957,-0.00964,-0.03790,0.79662,-0.00196,0.60328,-0.00101,0.00020,0.00172,
1403637143888318976,0.03118,-0.04959,-0.00965,-0.03769,0.79666,-0.00210,0.60324,-0.00229,-0.00010,0.00076,
1403637143988318976,0.03118,-0.04954,-0.00966,-0.03781,0.79669,-0.00188,0.60320,-0.00257,-0.00240,-0.00278,
1403637144088318976,0.03117,-0.04953,-0.00965,-0.03784,0.79667,-0.00196,0.60323,-0.00270,-0.00238,-0.00158,
1403637144188318976,0.03117,-0.04959,-0.00968,-0.03769,0.79672,-0.00215,0.60317,-0.00448,-0.00587,0.00141,
1403637144288319232,0.03116,-0.04958,-0.00968,-0.03796,0.79676,-0.00214,0.60310,-0.00274,-0.00275,0.00248,
1403637144388318976,0.03117,-0.04952,-0.00964,-0.03821,0.79662,-0.00205,0.60327,-0.00010,0.01187,0.00347,
1403637144488318976,0.03119,-0.04953,-0.00963,-0.03834,0.79656,-0.00191,0.60334,-0.00110,0.00795,0.00249,
1403637144588318976,0.03115,-0.04959,-0.00965,-0.03789,0.79667,-0.00235,0.60322,-0.00181,-0.00933,0.00429,
1403637144688318976,0.03117,-0.04961,-0.00967,-0.03794,0.79669,-0.00233,0.60319,0.00012,0.00345,0.00479,
1403637144788319232,0.03118,-0.04960,-0.00966,-0.03801,0.79659,-0.00218,0.60332,0.00119,0.00856,0.00193,
1403637144888318976,0.03120,-0.04953,-0.00964,-0.03816,0.79660,-0.00204,0.60329,-0.00050,0.00502,0.00138,
1403637144988318976,0.03114,-0.04953,-0.00967,-0.03813,0.79672,-0.00175,0.60314,-0.00220,-0.00517,-0.00156,
1403637145088318976,0.03111,-0.04964,-0.00967,-0.03787,0.79674,-0.00205,0.60313,-0.00226,-0.00493,-0.00367,
1403637145188318976,0.03110,-0.04965,-0.00967,-0.03777,0.79680,-0.00223,0.60306,-0.00122,-0.00505,-0.00098,
1403637145288319232,0.03111,-0.04967,-0.00967,-0.03777,0.79679,-0.00230,0.60306,-0.00097,-0.00119,0.00143,
1403637145388318976,0.03111,-0.04969,-0.00968,-0.03767,0.79678,-0.00232,0.60310,-0.00103,0.00031,0.00097,
1403637145488318976,0.03110,-0.04969,-0.00968,-0.03765,0.79676,-0.00237,0.60312,-0.00079,0.00085,0.00093,
1403637145588318976,0.03111,-0.04968,-0.00970,-0.03753,0.79676,-0.00238,0.60312,-0.00145,0.00282,0.00166,
1403637145688318976,0.03110,-0.04967,-0.00968,-0.03751,0.79681,-0.00234,0.60306,0.00018,0.00147,0.00233,
1403637145788319232,0.03110,-0.04969,-0.00968,-0.03731,0.79682,-0.00249,0.60305,-0.00083,-0.00001,0.00100,
1403637145888318976,0.03108,-0.04969,-0.00968,-0.03713,0.79685,-0.00261,0.60303,-0.00166,-0.00119,0.00118,
1403637145988318976,0.03109,-0.04969,-0.00968,-0.03713,0.79686,-0.00255,0.60302,-0.00083,0.00052,-0.00033,
1403637146088318976,0.03111,-0.04970,-0.00969,-0.03718,0.79687,-0.00255,0.60300,0.00017,-0.00088,0.00008,
1403637146188318976,0.03111,-0.04974,-0.00969,-0.03703,0.79686,-0.00246,0.60303,-0.00094,0.00143,0.00176,
1403637146288319232,0.03113,-0.04968,-0.00964,-0.03731,0.79681,-0.00260,0.60307,-0.00216,0.00057,0.00128,
1403637146388318976,0.03114,-0.04969,-0.00965,-0.03744,0.79679,-0.00250,0.60309,-0.00421,-0.00417,-0.00162,
1403637146488318976,0.03114,-0.04963,-0.00963,-0.03783,0.79677,-0.00223,0.60309,-0.00099,0.00014,-0.00277,
1403637146588318976,0.03116,-0.04964,-0.00966,-0.03807,0.79675,-0.00213,0.60311,-0.00135,0.00008,-0.00194,
1403637146688318976,0.03114,-0.04964,-0.00966,-0.03800,0.79671,-0.00203,0.60316,-0.00156,0.00230,0.00036,
1403637146788319232,0.03115,-0.04966,-0.00964,-0.03789,0.79674,-0.00203,0.60312,-0.00160,0.00170,-0.00271,
1403637146888318976,0.03116,-0.04965,-0.00965,-0.03802,0.79672,-0.00185,0.60315,-0.00159,0.00261,-0.00189,
1403637146988318976,0.03117,-0.04968,-0.00964,-0.03787,0.79670,-0.00174,0.60319,-0.00149,0.00270,-0.00044,
1403637147088318976,0.03117,-0.04969,-0.00965,-0.03804,0.79672,-0.00175,0.60315,-0.00091,-0.00246,-0.00162,
1403637147188318976,0.03118,-0.04965,-0.00965,-0.03810,0.79669,-0.00171,0.60319,-0.00019,-0.00159,-0.00082,
1403637147288319232,0.03119,-0.04967,-0.00966,-0.03824,0.79667,-0.00168,0.60320,0.00029,0.00090,0.00128,
1403637147388318976,0.03121,-0.04965,-0.00968,-0.03843,0.79664,-0.00160,0.60323,-0.00090,0.00084,0.00104,
1403637147488318976,0.03121,-0.04964,-0.00969,-0.03848,0.79662,-0.00153,0.60325,0.00008,0.00115,-0.00023,
1403637147588318976,0.03122,-0.04964,-0.00967,-0.03861,0.79661,-0.00150,0.60326,0.00146,0.00409,-0.00133,
1403637147688318976,0.03122,-0.04964,-0.00967,-0.03864,0.79659,-0.00144,0.60329,-0.00041,0.00128,-0.00167,
1403637147788319232,0.03122,-0.04964,-0.00970,-0.03871,0.79657,-0.00143,0.60330,-0.00059,-0.00058,-0.00051,
1403637147888318976,0.03122,-0.04965,-0.00970,-0.03873,0.79657,-0.00143,0.60330,-0.00136,-0.00022,-0.00039,
1403637147988318976,0.03122,-0.04963,-0.00968,-0.03879,0.79656,-0.00138,0.60332,-0.00076,0.00098,-0.00148,
1403637148088318976,0.03124,-0.04964,-0.00967,-0.03880,0.79654,-0.00136,0.60334,0.00047,0.00048,-0.00097,
1403637148188318976,0.03125,-0.04966,-0.00964,-0.03872,0.79652,-0.00137,0.60337,-0.00005,0.00215,-0.00220,
1403637148288319232,0.03123,-0.04964,-0.00963,-0.03904,0.79650,-0.00109,0.60337,0.00044,0.00124,0.00227,
1403637148388318976,0.03123,-0.04961,-0.00966,-0.03914,0.79650,-0.00096,0.60337,0.00268,0.00172,-0.00215,
1403637148488318976,0.03121,-0.04959,-0.00965,-0.03938,0.79658,-0.00065,0.60325,0.00017,0.00104,-0.00331,
1403637148588318976,0.03121,-0.04958,-0.00965,-0.03954,0.79658,-0.00038,0.60324,-0.00008,0.00355,-0.00056,
1403637148688318976,0.03111,-0.04955,-0.00968,-0.04012,0.79677,0.00020,0.60296,-0.00139,0.00326,0.00050,
1403637148788319232,0.03104,-0.04951,-0.00968,-0.04047,0.79697,0.00075,0.60267,-0.00230,0.00105,-0.00094,
1403637148888318976,0.03091,-0.04954,-0.00970,-0.04073,0.79716,0.00134,0.60240,-0.00520,0.00330,0.00024,
1403637148988318976,0.03088,-0.04954,-0.00969,-0.04150,0.79725,0.00205,0.60222,0.00991,-0.00201,-0.00312,
1403637149088318976,0.03079,-0.04955,-0.00973,-0.04187,0.79736,0.00265,0.60204,0.00595,-0.00096,-0.00074,
1403637149188318976,0.03070,-0.04964,-0.00974,-0.04205,0.79748,0.00331,0.60186,0.00174,-0.00394,-0.00261,
1403637149288319232,0.03059,-0.04970,-0.00971,-0.04256,0.79755,0.00370,0.60173,-0.00337,0.00017,-0.00128,
1403637149388318976,0.03054,-0.04977,-0.00970,-0.04321,0.79773,0.00458,0.60145,-0.00418,-0.00452,-0.00033,
1403637149488318976,0.03030,-0.04986,-0.00968,-0.04390,0.79804,0.00606,0.60097,-0.00070,-0.00234,-0.00719,
1403637149588318976,0.03025,-0.05008,-0.00976,-0.04475,0.79951,0.00956,0.59890,-0.00384,-0.00461,-0.00992,
1403637149688318976,0.02955,-0.05037,-0.01011,-0.04862,0.80418,0.02025,0.59205,-0.01701,-0.00672,0.00428,
1403637149788319232,0.02894,-0.05206,-0.01052,-0.05165,0.80722,0.02478,0.58746,0.01146,-0.01552,0.01425,
1403637149888318976,0.02910,-0.05587,-0.01044,-0.05440,0.81516,0.02727,0.57603,0.00706,-0.07368,0.00176,
1403637149988318976,0.02891,-0.06478,-0.00773,-0.04799,0.82630,0.03338,0.56019,0.00271,-0.11071,0.07239,
1403637150088318976,0.03046,-0.07859,0.00271,-0.03488,0.83635,0.04074,0.54557,0.04162,-0.15655,0.14420,
1403637150188318976,0.03925,-0.09473,0.02111,-0.02409,0.84004,0.04283,0.54029,0.12320,-0.16547,0.21388,
1403637150288319232,0.05598,-0.11071,0.04654,-0.01937,0.83743,0.04102,0.54466,0.20865,-0.14728,0.28138,
1403637150388318976,0.08029,-0.12515,0.07612,-0.01919,0.83057,0.03628,0.55540,0.27325,-0.13208,0.30834,
1403637150488318976,0.10844,-0.13925,0.10573,-0.01892,0.82445,0.03279,0.56467,0.29475,-0.13858,0.28692,
1403637150588318976,0.13816,-0.15304,0.13329,-0.01723,0.82221,0.02969,0.56815,0.30389,-0.13479,0.26174,
1403637150688318976,0.16942,-0.16608,0.15861,-0.01555,0.82105,0.02740,0.56999,0.31423,-0.12843,0.23539,
1403637150788319232,0.20161,-0.17902,0.18210,-0.01292,0.82079,0.02635,0.57048,0.33016,-0.12330,0.22222,
1403637150888318976,0.23432,-0.19118,0.20550,-0.01026,0.81778,0.02594,0.57486,0.32785,-0.10734,0.21699,
1403637150988318976,0.26695,-0.20299,0.22605,-0.00926,0.81318,0.02542,0.58139,0.31521,-0.09632,0.17662,
1403637151088318976,0.29771,-0.21391,0.24243,-0.00922,0.80892,0.02627,0.58725,0.29297,-0.09143,0.14848,
1403637151188318976,0.32442,-0.22275,0.25487,-0.01012,0.80557,0.02813,0.59174,0.24931,-0.08463,0.11708,
1403637151288319232,0.34724,-0.23024,0.26888,-0.01302,0.80939,0.02844,0.58643,0.18849,-0.07009,0.18044,
1403637151388318976,0.36709,-0.23711,0.29286,-0.02205,0.81445,0.02435,0.57931,0.18873,-0.06591,0.28931,
1403637151488318976,0.38583,-0.24516,0.32690,-0.02523,0.81739,0.02389,0.57504,0.17746,-0.08195,0.34645,
1403637151588318976,0.40478,-0.25430,0.35835,-0.02440,0.81806,0.02697,0.57398,0.18249,-0.10297,0.30650,
1403637151688318976,0.42377,-0.26517,0.38555,-0.02277,0.81785,0.03039,0.57418,0.18285,-0.11528,0.25399,
1403637151788319232,0.44186,-0.27733,0.40681,-0.02224,0.81834,0.03220,0.57340,0.17979,-0.12284,0.18786,
1403637151888318976,0.45998,-0.28930,0.42099,-0.02201,0.81811,0.03427,0.57361,0.18626,-0.12625,0.13782,
1403637151988318976,0.47834,-0.30219,0.43462,-0.02170,0.81836,0.03513,0.57323,0.19780,-0.11683,0.15368,
1403637152088318976,0.49692,-0.31479,0.45277,-0.02330,0.81887,0.03471,0.57245,0.16954,-0.12034,0.20191,
1403637152188318976,0.51680,-0.32642,0.47230,-0.02413,0.82001,0.03376,0.57084,0.18087,-0.12550,0.18629,
1403637152288319232,0.53564,-0.33988,0.48827,-0.02507,0.82095,0.03263,0.56952,0.19067,-0.13354,0.11015,
1403637152388318976,0.55587,-0.35450,0.49934,-0.02518,0.82151,0.03181,0.56875,0.20198,-0.14421,0.05359,
1403637152488318976,0.57845,-0.36927,0.50402,-0.02399,0.82194,0.03189,0.56817,0.22134,-0.14330,-0.01144,
1403637152588318976,0.60328,-0.38536,0.50306,-0.02268,0.82212,0.03157,0.56799,0.23751,-0.15113,-0.05933,
1403637152688318976,0.62821,-0.40187,0.49790,-0.02253,0.82123,0.03127,0.56930,0.25630,-0.16061,-0.06612,
1403637152788319232,0.65478,-0.41893,0.49585,-0.02492,0.81883,0.02932,0.57275,0.25507,-0.16364,-0.01309,
1403637152888318976,0.67996,-0.43694,0.50116,-0.02547,0.81624,0.02837,0.57645,0.20620,-0.17548,0.07977,
1403637152988318976,0.70327,-0.45791,0.51541,-0.02330,0.81519,0.02910,0.57800,0.18643,-0.19378,0.14891,
1403637153088318976,0.72383,-0.47610,0.52886,-0.02095,0.81519,0.02991,0.57805,0.17928,-0.20411,0.13231,
1403637153188318976,0.74605,-0.49660,0.53841,-0.01884,0.81651,0.02993,0.57625,0.18450,-0.20500,0.07416,
1403637153288319232,0.76508,-0.51880,0.54357,-0.01599,0.81744,0.03116,0.57495,0.17681,-0.20488,0.02301,
1403637153388318976,0.78470,-0.54006,0.54401,-0.01375,0.81772,0.03230,0.57454,0.17998,-0.20282,0.01459,
1403637153488318976,0.80977,-0.55925,0.54807,-0.01131,0.81933,0.03263,0.57228,0.17961,-0.18991,0.08115,
1403637153588318976,0.82831,-0.57847,0.55918,-0.01157,0.82161,0.03228,0.56902,0.19551,-0.17389,0.14663,
1403637153688318976,0.85009,-0.59552,0.57748,-0.01160,0.82126,0.03248,0.56952,0.21848,-0.15232,0.22333,
1403637153788319232,0.87791,-0.60973,0.59758,-0.01099,0.81906,0.03218,0.57270,0.23760,-0.13540,0.20441,
1403637153888318976,0.90159,-0.62447,0.61435,-0.01217,0.81765,0.03175,0.57470,0.23594,-0.13852,0.14008,
1403637153988318976,0.92866,-0.63817,0.62271,-0.01267,0.81623,0.03129,0.57674,0.23546,-0.12566,0.05847,
1403637154088318976,0.95190,-0.65131,0.62289,-0.01499,0.81774,0.03066,0.57457,0.22553,-0.12560,-0.03581,
1403637154188318976,0.97442,-0.66416,0.61495,-0.02531,0.82413,0.02338,0.56535,0.22725,-0.13446,-0.11407,
1403637154288319232,0.99767,-0.67944,0.60290,-0.03693,0.82905,0.01457,0.55776,0.25498,-0.16934,-0.14771,
1403637154388318976,1.02701,-0.69880,0.58684,-0.03667,0.82959,0.01367,0.55700,0.30166,-0.22822,-0.16189,
1403637154488318976,1.05979,-0.72214,0.57075,-0.02929,0.82443,0.01767,0.56493,0.33278,-0.26348,-0.17517,
1403637154588318976,1.09263,-0.74917,0.55336,-0.02117,0.82195,0.02161,0.56876,0.35643,-0.29281,-0.14319,
1403637154688318976,1.13018,-0.77839,0.53901,-0.00974,0.82495,0.02638,0.56450,0.35525,-0.29519,-0.15480,
1403637154788319232,1.16852,-0.80650,0.52454,0.00049,0.82906,0.02375,0.55865,0.39033,-0.28540,-0.13721,
1403637154888318976,1.20973,-0.83453,0.51431,0.00724,0.83185,0.01297,0.55480,0.42303,-0.26868,-0.09101,
1403637154988318976,1.25505,-0.86184,0.50892,0.01186,0.83345,0.00298,0.55245,0.47401,-0.25413,-0.03358,
1403637155088318976,1.30325,-0.88868,0.51410,0.01803,0.83163,-0.00872,0.55497,0.52610,-0.24722,0.07989,
1403637155188318976,1.35616,-0.91329,0.52726,0.02383,0.82596,-0.02205,0.56279,0.55054,-0.22682,0.14927,
1403637155288319232,1.41147,-0.93528,0.54703,0.02877,0.82156,-0.02897,0.56866,0.57102,-0.20698,0.20645,
1403637155388318976,1.46749,-0.95657,0.56807,0.03320,0.81684,-0.03683,0.57473,0.57460,-0.21517,0.17723,
1403637155488318976,1.52158,-0.97951,0.58313,0.04082,0.81291,-0.05016,0.57878,0.54092,-0.22488,0.09175,
1403637155588318976,1.57357,-1.00304,0.58963,0.04581,0.81078,-0.06541,0.57987,0.53393,-0.22371,0.01457,
1403637155688318976,1.62440,-1.02647,0.58905,0.04684,0.81000,-0.08014,0.57903,0.50034,-0.23147,-0.05042,
1403637155788319232,1.67173,-1.05230,0.58197,0.05054,0.80839,-0.09589,0.57859,0.46429,-0.26512,-0.11199,
1403637155888318976,1.71753,-1.08230,0.56911,0.05856,0.80747,-0.11408,0.57580,0.43362,-0.32099,-0.16334,
1403637155988318976,1.76231,-1.11677,0.55171,0.07126,0.80687,-0.13258,0.57123,0.42498,-0.35935,-0.17877,
1403637156088318976,1.80602,-1.15418,0.53446,0.08126,0.80154,-0.15372,0.57210,0.39180,-0.39000,-0.17830,
1403637156188318976,1.84645,-1.19525,0.51735,0.09174,0.79537,-0.17571,0.57279,0.35570,-0.43706,-0.17693,
1403637156288319232,1.88321,-1.24096,0.50192,0.10372,0.78924,-0.19852,0.57179,0.29422,-0.47549,-0.14843,
1403637156388318976,1.91341,-1.29011,0.48712,0.11644,0.78345,-0.22162,0.56879,0.24367,-0.52693,-0.13637,
1403637156488318976,1.93811,-1.34444,0.47214,0.13035,0.77714,-0.24363,0.56543,0.18604,-0.56689,-0.15445,
1403637156588318976,1.95811,-1.40315,0.45504,0.14543,0.76991,-0.26350,0.56273,0.13926,-0.61063,-0.17470,
1403637156688318976,1.97459,-1.46623,0.43344,0.16122,0.76297,-0.28160,0.55909,0.08605,-0.64692,-0.23237,
1403637156788319232,1.98681,-1.53313,0.40446,0.17628,0.75858,-0.29549,0.55332,0.04951,-0.66388,-0.30533,
1403637156888318976,1.99646,-1.60313,0.37060,0.18778,0.75972,-0.30327,0.54368,0.03751,-0.67601,-0.34334,
1403637156988318976,2.00606,-1.67439,0.33162,0.19521,0.76261,-0.30620,0.53532,0.03196,-0.68000,-0.41027,
1403637157088318976,2.01699,-1.74651,0.28767,0.19497,0.76484,-0.30907,0.53055,0.05396,-0.69525,-0.42516,
1403637157188318976,2.03074,-1.82125,0.24662,0.19025,0.76533,-0.31153,0.53011,0.09153,-0.73158,-0.36443,
1403637157288319232,2.04595,-1.89890,0.21298,0.18538,0.76500,-0.31261,0.53169,0.10616,-0.77335,-0.29070,
1403637157388318976,2.05801,-1.97832,0.18888,0.17853,0.76394,-0.31438,0.53450,0.10482,-0.81211,-0.19910,
1403637157488318976,2.06864,-2.06200,0.17464,0.16954,0.76311,-0.31665,0.53726,0.09197,-0.86981,-0.10493,
1403637157588318976,2.07734,-2.15326,0.16957,0.16324,0.76280,-0.31683,0.53954,0.05707,-0.93404,-0.03886,
1403637157688318976,2.07984,-2.24824,0.17041,0.16084,0.76366,-0.31510,0.54006,0.01388,-0.99790,0.03010,
1403637157788319232,2.07770,-2.34993,0.18010,0.16163,0.76253,-0.31237,0.54301,-0.01366,-1.06647,0.09472,
1403637157888318976,2.07219,-2.46027,0.19174,0.16746,0.76002,-0.30750,0.54751,-0.05561,-1.12061,0.05494,
1403637157988318976,2.06526,-2.57135,0.19242,0.17491,0.75866,-0.30205,0.55010,-0.09270,-1.14134,-0.01431,
1403637158088318976,2.05186,-2.68930,0.19332,0.18381,0.75891,-0.29594,0.55017,-0.11949,-1.16112,0.01125,
1403637158188318976,2.03797,-2.80705,0.19908,0.18727,0.75914,-0.29321,0.55014,-0.14399,-1.15537,0.08471,
1403637158288319232,2.01779,-2.91948,0.21197,0.18955,0.75777,-0.29527,0.55015,-0.20007,-1.13758,0.12297,
1403637158388318976,1.99693,-3.03468,0.22632,0.19371,0.75427,-0.30345,0.54907,-0.23252,-1.13568,0.13959,
1403637158488318976,1.97063,-3.15168,0.23727,0.19976,0.74793,-0.31671,0.54807,-0.26678,-1.14288,0.08287,
1403637158588318976,1.93914,-3.26570,0.24173,0.20420,0.73896,-0.33634,0.54692,-0.31254,-1.14465,0.00711,
1403637158688318976,1.90108,-3.37716,0.24030,0.21182,0.72908,-0.35735,0.54394,-0.38954,-1.13781,-0.04739,
1403637158788319232,1.85823,-3.49117,0.23175,0.22302,0.72140,-0.37531,0.53758,-0.44604,-1.12422,-0.10033,
1403637158888318976,1.81212,-3.60457,0.21886,0.23172,0.71872,-0.38779,0.52854,-0.49035,-1.12656,-0.10064,
1403637158988318976,1.76306,-3.71925,0.20981,0.24266,0.71981,-0.39190,0.51904,-0.50427,-1.15467,-0.03583,
1403637159088318976,1.71226,-3.83307,0.20780,0.24900,0.72029,-0.39471,0.51322,-0.51533,-1.15338,0.01501,
1403637159188318976,1.65994,-3.94554,0.20698,0.24665,0.71729,-0.39936,0.51495,-0.52639,-1.14600,-0.02090,
1403637159288319232,1.60689,-4.05944,0.20054,0.24131,0.71497,-0.40295,0.51790,-0.54975,-1.15364,-0.07848,
1403637159388318976,1.55235,-4.17627,0.18959,0.23709,0.71471,-0.40413,0.51929,-0.57717,-1.16661,-0.12543,
1403637159488318976,1.49379,-4.29415,0.17498,0.23614,0.71566,-0.40165,0.52033,-0.60674,-1.19443,-0.15923,
1403637159588318976,1.43177,-4.41306,0.15594,0.24067,0.72067,-0.39588,0.51575,-0.63234,-1.21149,-0.18677,
1403637159688318976,1.36697,-4.53006,0.13704,0.24525,0.72475,-0.39048,0.51198,-0.63422,-1.23321,-0.16484,
1403637159788319232,1.30651,-4.65311,0.12306,0.24869,0.72665,-0.38648,0.51065,-0.61007,-1.26171,-0.07985,
1403637159888318976,1.24562,-4.77590,0.11624,0.25430,0.72575,-0.38695,0.50881,-0.62389,-1.27036,-0.05856,
1403637159988318976,1.18484,-4.89901,0.10942,0.26036,0.72112,-0.39810,0.50370,-0.61952,-1.27104,-0.08915,
1403637160088318976,1.12454,-5.02037,0.10079,0.27001,0.70885,-0.41317,0.50391,-0.60775,-1.26968,-0.10980,
1403637160188318976,1.06142,-5.14668,0.09045,0.28165,0.69405,-0.43084,0.50333,-0.62898,-1.26003,-0.14012,
1403637160288319232,0.99653,-5.26752,0.07609,0.29667,0.68037,-0.44990,0.49666,-0.65094,-1.22073,-0.18368,
1403637160388318976,0.93042,-5.38564,0.05742,0.31247,0.66584,-0.47118,0.48684,-0.68286,-1.18412,-0.21897,
1403637160488318976,0.86181,-5.50180,0.03473,0.33097,0.65196,-0.49244,0.47213,-0.69894,-1.16913,-0.25043,
1403637160588318976,0.79347,-5.61642,0.00980,0.34900,0.63812,-0.51381,0.45498,-0.70016,-1.13631,-0.28338,
1403637160688318976,0.72822,-5.72712,-0.01688,0.36349,0.62583,-0.53295,0.43837,-0.66826,-1.11389,-0.27789,
1403637160788319232,0.66699,-5.83691,-0.04116,0.37153,0.61864,-0.54705,0.42424,-0.62353,-1.11738,-0.20585,
1403637160888318976,0.61109,-5.94797,-0.05696,0.37587,0.61265,-0.55636,0.41695,-0.57102,-1.12704,-0.12055,
1403637160988318976,0.56085,-6.06197,-0.06351,0.37441,0.60911,-0.56453,0.41244,-0.52074,-1.13852,-0.01115,
1403637161088318976,0.51648,-6.18138,-0.05807,0.36915,0.60441,-0.57179,0.41408,-0.46976,-1.21797,0.12798,
1403637161188318976,0.46778,-6.30686,-0.04083,0.36153,0.59540,-0.57854,0.42436,-0.48712,-1.26381,0.22493,
1403637161288319232,0.41684,-6.43064,-0.01441,0.35409,0.58430,-0.58349,0.43904,-0.54108,-1.26757,0.29516,
1403637161388318976,0.35875,-6.55467,0.01817,-0.35310,-0.58132,0.58367,-0.44352,-0.63305,-1.26791,0.34946,
1403637161488318976,0.28853,-6.68396,0.05419,0.36037,0.58256,-0.58211,0.43806,-0.71717,-1.27112,0.38270,
1403637161588318976,0.21240,-6.81107,0.09054,-0.36744,-0.57964,0.58654,-0.43010,-0.77921,-1.26575,0.36734,
1403637161688318976,0.13070,-6.93654,0.12275,-0.37693,-0.57262,0.59078,-0.42546,-0.82582,-1.26759,0.33391,
1403637161788319232,0.04453,-7.06082,0.15165,-0.39291,-0.56382,0.58866,-0.42568,-0.86108,-1.24654,0.29385,
1403637161888318976,-0.04416,-7.18127,0.17617,-0.41270,-0.55272,0.58282,-0.42953,-0.88294,-1.18295,0.24385,
1403637161988318976,-0.13391,-7.29525,0.19721,-0.42880,-0.54174,0.57730,-0.43516,-0.88706,-1.08987,0.18663,
1403637162088318976,-0.22220,-7.39440,0.21091,-0.43841,-0.53450,0.57442,-0.43835,-0.88658,-0.95829,0.10780,
1403637162188318976,-0.31185,-7.48368,0.21578,-0.43560,-0.52956,0.57812,-0.44227,-0.87888,-0.82622,0.01743,
1403637162288319232,-0.40265,-7.56249,0.21313,-0.42434,-0.52775,0.58625,-0.44465,-0.90290,-0.70888,-0.04057,
1403637162388318976,-0.49470,-7.62761,0.20585,-0.41462,-0.52803,0.59232,-0.44546,-0.94652,-0.60273,-0.09939,
1403637162488318976,-0.59220,-7.68354,0.19233,-0.40169,-0.53296,0.60016,-0.44091,-1.01215,-0.51857,-0.11895,
1403637162588318976,-0.69502,-7.72806,0.18465,-0.39838,-0.54219,0.60197,-0.43007,-1.08638,-0.43821,-0.01274,
1403637162688318976,-0.80243,-7.76754,0.18758,-0.40841,-0.53991,0.59536,-0.43271,-1.12597,-0.41822,0.08270,
1403637162788319232,-0.91370,-7.79979,0.19314,-0.42112,-0.52362,0.59276,-0.44398,-1.17976,-0.32749,0.03204,
1403637162888318976,-1.03157,-7.82421,0.19145,-0.43402,-0.51081,0.59835,-0.43895,-1.22919,-0.20656,-0.04156,
1403637162988318976,-1.15539,-7.83864,0.18311,-0.44984,-0.49825,0.60782,-0.42420,-1.25791,-0.08923,-0.08664,
1403637163088318976,-1.28402,-7.84454,0.17036,-0.46555,-0.48222,0.62160,-0.40539,-1.27077,0.02767,-0.12992,
1403637163188318976,-1.41123,-7.83656,0.15389,-0.48299,-0.46222,0.63704,-0.38373,-1.25345,0.14567,-0.17204,
1403637163288319232,-1.53532,-7.81663,0.13404,-0.49965,-0.43938,0.65215,-0.36330,-1.20941,0.25876,-0.21038,
1403637163388318976,-1.65401,-7.78625,0.11110,0.50955,0.41476,-0.66872,0.34805,-1.15951,0.36781,-0.23536,
1403637163488318976,-1.76951,-7.74673,0.08489,0.51174,0.39141,-0.68688,0.33632,-1.10760,0.46916,-0.27243,
1403637163588318976,-1.88181,-7.69873,0.05890,0.50561,0.37451,-0.70550,0.32615,-1.08139,0.56721,-0.22112,
1403637163688318976,-1.99494,-7.64505,0.03945,-0.49495,-0.36417,0.72231,-0.31728,-1.09494,0.62040,-0.13217,
1403637163788319232,-2.10891,-7.58585,0.03050,-0.48555,-0.35642,0.73449,-0.31262,-1.15311,0.66031,-0.01285,
1403637163888318976,-2.22795,-7.52088,0.03352,-0.47879,-0.34861,0.74164,-0.31497,-1.21037,0.71868,0.08656,
1403637163988318976,-2.35281,-7.44968,0.04646,-0.47903,-0.34216,0.74259,-0.31940,-1.30799,0.76117,0.16016,
1403637164088318976,-2.48587,-7.37175,0.06656,-0.48288,-0.34104,0.74012,-0.32054,-1.38531,0.82259,0.24736,
1403637164188318976,-2.62816,-7.28583,0.09322,-0.48856,-0.34332,0.73529,-0.32059,-1.46278,0.91430,0.29269,
1403637164288319232,-2.77694,-7.19142,0.12508,-0.49477,-0.35111,0.72977,-0.31522,-1.52038,0.98042,0.33846,
1403637164388318976,-2.92897,-7.09154,0.15676,-0.49622,-0.36017,0.72700,-0.30905,-1.53752,1.03524,0.27954,
1403637164488318976,-3.08188,-6.98700,0.18085,-0.49087,-0.36497,0.72837,-0.30874,-1.55062,1.06910,0.19164,
1403637164588318976,-3.23694,-6.87962,0.19669,-0.48345,-0.36410,0.73030,-0.31681,-1.57907,1.09657,0.10251,
1403637164688318976,-3.39912,-6.76902,0.20621,-0.47962,-0.36727,0.73022,-0.31915,-1.63779,1.13343,0.05221,
1403637164788319232,-3.56807,-6.65623,0.21153,-0.48900,-0.37495,0.72343,-0.31136,-1.69366,1.15472,0.00857,
1403637164888318976,-3.73725,-6.54028,0.21067,0.50084,0.37632,-0.71852,0.30210,-1.70565,1.19942,-0.06358,
1403637164988318976,-3.90602,-6.42151,0.20414,0.50848,0.37127,-0.71949,0.29315,-1.69690,1.20691,-0.10569,
1403637165088318976,-4.07728,-6.30194,0.19415,0.51644,0.36048,-0.72279,0.28448,-1.68985,1.21215,-0.12589,
1403637165188318976,-4.24674,-6.17917,0.18337,0.52829,0.34461,-0.72597,0.27409,-1.66104,1.23001,-0.14132,
1403637165288319232,-4.41356,-6.05355,0.17387,0.53454,0.32871,-0.73440,0.25860,-1.59906,1.27472,-0.08587,
1403637165388318976,-4.57356,-5.92360,0.17231,0.53196,0.31544,-0.74795,0.24100,-1.54131,1.28784,-0.00069,
1403637165488318976,-4.72843,-5.79467,0.17950,0.52764,0.30445,-0.75939,0.22854,-1.50848,1.26092,0.11126,
1403637165588318976,-4.88191,-5.66627,0.19495,0.52769,0.29789,-0.76545,0.21654,-1.48531,1.24841,0.18445,
1403637165688318976,-5.03467,-5.53998,0.21285,0.53273,0.29872,-0.76617,0.19987,-1.46344,1.20107,0.17642,
1403637165788319232,-5.18660,-5.42024,0.22644,0.53776,0.30281,-0.76485,0.18473,-1.43776,1.13040,0.12302,
1403637165888318976,-5.32919,-5.30770,0.23372,0.54212,0.30890,-0.76213,0.17276,-1.35540,1.05179,0.05325,
1403637165988318976,-5.46189,-5.20421,0.23376,0.54418,0.32026,-0.75737,0.16644,-1.27974,0.95051,-0.01399,
1403637166088318976,-5.58836,-5.11308,0.22357,0.54432,0.33305,-0.75211,0.16466,-1.21720,0.84307,-0.17298,
1403637166188318976,-5.70662,-5.03091,0.19784,0.54413,0.34218,-0.74784,0.16603,-1.13674,0.74400,-0.31978,
1403637166288319232,-5.81224,-4.96110,0.16168,0.54779,0.34423,-0.74183,0.17643,-1.01658,0.63720,-0.35984,
1403637166388318976,-5.90260,-4.90333,0.13326,0.56547,0.34155,-0.72442,0.19696,-0.88390,0.53961,-0.24866,
1403637166488318976,-5.97810,-4.84675,0.10873,0.57759,0.34126,-0.70956,0.21552,-0.69694,0.55889,-0.23412,
1403637166588318976,-6.03393,-4.78966,0.08953,0.57395,0.34664,-0.70820,0.22107,-0.51669,0.59468,-0.21899,
1403637166688318976,-6.07139,-4.73110,0.07332,0.55488,0.35731,-0.72009,0.21429,-0.36445,0.59490,-0.19926,
1403637166788319232,-6.09697,-4.68138,0.05607,0.54238,0.37106,-0.72644,0.20104,-0.26130,0.51870,-0.21447,
1403637166888318976,-6.10964,-4.63760,0.03975,0.54309,0.38373,-0.72281,0.18800,-0.15271,0.41558,-0.22991,
1403637166988318976,-6.11032,-4.60648,0.02208,0.55349,0.39382,-0.71194,0.17804,-0.00104,0.28771,-0.20589,
1403637167088318976,-6.09110,-4.58788,0.00975,0.56577,0.40226,-0.69924,0.17072,0.24245,0.20563,-0.12615,
1403637167188318976,-6.04939,-4.58245,0.00704,0.57748,0.40729,-0.68776,0.16620,0.49675,0.05376,-0.00021,
1403637167288319232,-5.98410,-4.59314,0.01388,0.58274,0.40911,-0.68281,0.16376,0.76460,-0.07861,0.06730,
1403637167388318976,-5.89824,-4.61909,0.02271,0.57700,0.40647,-0.68902,0.16464,0.99010,-0.20313,0.03105,
1403637167488318976,-5.78717,-4.65155,0.02565,0.55880,0.39445,-0.70648,0.18176,1.17204,-0.32224,-0.02029,
1403637167588318976,-5.66891,-4.70552,0.02376,0.53813,0.37724,-0.72459,0.20756,1.26639,-0.43218,-0.04704,
1403637167688318976,-5.54304,-4.76355,0.01679,0.52408,0.36403,-0.73485,0.22983,1.30356,-0.49169,-0.09874,
1403637167788319232,-5.41357,-4.82103,0.00212,0.51284,0.36500,-0.73897,0.24020,1.31538,-0.53180,-0.15610,
1403637167888318976,-5.28411,-4.87783,-0.01758,0.50113,0.37518,-0.74030,0.24508,1.29781,-0.55650,-0.15524,
1403637167988318976,-5.15685,-4.93634,-0.03277,-0.49674,-0.38880,0.73691,-0.24300,1.25749,-0.60757,-0.08095,
1403637168088318976,-5.03317,-5.00166,-0.04232,-0.49654,-0.39949,0.73132,-0.24298,1.24803,-0.66524,-0.06149,
1403637168188318976,-4.90903,-5.06916,-0.05937,-0.49114,-0.40092,0.73143,-0.25110,1.21977,-0.70943,-0.18951,
1403637168288319232,-4.78798,-5.14024,-0.08952,-0.49495,-0.40181,0.72631,-0.25701,1.20236,-0.73364,-0.35498,
1403637168388318976,-4.66781,-5.21233,-0.13342,0.50591,0.40160,-0.71713,0.26172,1.20551,-0.73666,-0.46322,
1403637168488318976,-4.54638,-5.28468,-0.18472,0.51628,0.39866,-0.70855,0.26921,1.22164,-0.72824,-0.51853,
1403637168588318976,-4.42145,-5.35455,-0.23940,0.51488,0.39635,-0.70892,0.27429,1.25771,-0.69621,-0.51693,
1403637168688318976,-4.29468,-5.42271,-0.28828,0.50947,0.39793,-0.71276,0.27216,1.25967,-0.68891,-0.44284,
1403637168788319232,-4.16613,-5.49033,-0.32758,0.50535,0.39896,-0.71599,0.26984,1.26119,-0.68725,-0.35963,
1403637168888318976,-4.03923,-5.56039,-0.35949,0.50562,0.40208,-0.71621,0.26406,1.26134,-0.70042,-0.32477,
1403637168988318976,-3.91208,-5.63061,-0.39338,0.50705,0.40454,-0.71595,0.25819,1.27225,-0.71994,-0.36045,
1403637169088318976,-3.78235,-5.70246,-0.43059,0.51087,0.40924,-0.71304,0.25119,1.29039,-0.76039,-0.35481,
1403637169188318976,-3.64883,-5.77904,-0.46281,0.51340,0.41532,-0.70708,0.25290,1.35413,-0.79925,-0.28206,
1403637169288319232,-3.50941,-5.86226,-0.48574,0.51284,0.42528,-0.69795,0.26268,1.41048,-0.84484,-0.17826,
1403637169388318976,-3.36428,-5.94627,-0.49808,0.50890,0.43836,-0.68672,0.27798,1.47531,-0.86076,-0.09234,
1403637169488318976,-3.21334,-6.03210,-0.50327,0.50301,0.45623,-0.67253,0.29418,1.53992,-0.85540,-0.01821,
1403637169588318976,-3.05696,-6.11666,-0.50144,-0.49806,-0.47816,0.65318,-0.31091,1.60224,-0.84804,0.03859,
1403637169688318976,-2.89340,-6.20018,-0.49572,-0.49281,-0.50220,0.63040,-0.32793,1.66735,-0.81460,0.05336,
1403637169788319232,-2.72268,-6.27760,-0.49130,-0.48121,-0.52460,0.61142,-0.34553,1.72645,-0.76807,0.00540,
1403637169888318976,-2.54723,-6.34994,-0.49409,-0.47208,-0.54594,0.59191,-0.35879,1.77528,-0.71479,-0.06461,
1403637169988318976,-2.36507,-6.41778,-0.50403,-0.46565,-0.56457,0.57200,-0.37047,1.84720,-0.66851,-0.14882,
1403637170088318976,-2.17552,-6.47836,-0.52094,0.45635,0.58180,-0.55512,0.38090,1.93382,-0.60337,-0.19023,
1403637170188318976,-1.97829,-6.53557,-0.54321,0.44720,0.59636,-0.53757,0.39419,2.00978,-0.54320,-0.25088,
1403637170288319232,-1.77380,-6.58578,-0.57012,0.43891,0.61159,-0.51864,0.40537,2.09209,-0.47171,-0.29701,
1403637170388318976,-1.56018,-6.62922,-0.60062,0.42401,0.62177,-0.50206,0.42610,2.17607,-0.39821,-0.33496,
1403637170488318976,-1.33925,-6.66473,-0.63328,0.40334,0.62587,-0.48636,0.45723,2.21721,-0.30714,-0.35127,
1403637170588318976,-1.11827,-6.68621,-0.66882,0.38525,0.62859,-0.46598,0.48921,2.21074,-0.18567,-0.39009,
1403637170688318976,-0.89941,-6.69789,-0.70850,0.36902,0.63360,-0.44265,0.51618,2.14714,-0.03884,-0.42786,
1403637170788319232,-0.68641,-6.69516,-0.75046,0.35054,0.64384,-0.41901,0.53574,2.07113,0.11713,-0.43838,
1403637170888318976,-0.48124,-6.67722,-0.78985,0.32751,0.66259,-0.39736,0.54390,1.97273,0.27882,-0.34271,
1403637170988318976,-0.28644,-6.64585,-0.82295,0.30356,0.68315,-0.37448,0.54857,1.86378,0.40694,-0.28105,
1403637171088318976,-0.09982,-6.60268,-0.84689,0.27724,0.69941,-0.35369,0.55576,1.78176,0.49836,-0.19443,
1403637171188318976,0.07871,-6.55105,-0.86371,0.25798,0.71313,-0.33484,0.55927,1.67285,0.56977,-0.10876,
1403637171288319232,0.24595,-6.49307,-0.86830,0.24486,0.71809,-0.32001,0.56744,1.55900,0.61898,0.00869,
1403637171388318976,0.40056,-6.42692,-0.86479,0.24358,0.72233,-0.30482,0.57095,1.44633,0.69484,0.08060,
1403637171488318976,0.54494,-6.35377,-0.85409,0.24769,0.72664,-0.29282,0.57000,1.34269,0.79558,0.13542,
1403637171588318976,0.68171,-6.26997,-0.84035,0.24993,0.72978,-0.28733,0.56780,1.26742,0.89470,0.14822,
1403637171688318976,0.81360,-6.17491,-0.83236,0.25575,0.73072,-0.28407,0.56564,1.21128,1.00208,0.08780,
1403637171788319232,0.94031,-6.06982,-0.82841,0.26194,0.72936,-0.28414,0.56452,1.15956,1.11793,0.02562,
1403637171888318976,1.06104,-5.95259,-0.83074,0.26901,0.72700,-0.28509,0.56376,1.10055,1.24449,-0.04717,
1403637171988318976,1.17696,-5.82321,-0.83738,0.27369,0.72432,-0.28797,0.56349,1.05404,1.37585,-0.09708,
1403637172088318976,1.28578,-5.67947,-0.84817,0.27794,0.72177,-0.29064,0.56332,1.01559,1.49806,-0.15019,
1403637172188318976,1.39180,-5.52267,-0.86224,0.27032,0.72046,-0.30079,0.56337,0.97971,1.60965,-0.17105,
1403637172288319232,1.48939,-5.35382,-0.87390,0.25014,0.72352,-0.31888,0.55880,0.90879,1.70928,-0.09668,
1403637172388318976,1.57784,-5.18090,-0.87474,0.23262,0.72448,-0.33499,0.55570,0.83151,1.73166,0.00568,
1403637172488318976,1.65777,-5.00680,-0.86696,0.21881,0.72365,-0.34842,0.55413,0.70601,1.73854,0.09304,
1403637172588318976,1.72481,-4.83436,-0.84907,0.21210,0.72168,-0.35665,0.55407,0.58709,1.71773,0.17245,
1403637172688318976,1.78339,-4.66793,-0.82320,0.20725,0.72064,-0.36346,0.55283,0.48636,1.65616,0.25110,
1403637172788319232,1.82894,-4.50930,-0.79121,0.20444,0.72199,-0.37122,0.54693,0.36344,1.59190,0.28520,
1403637172888318976,1.86114,-4.35720,-0.75900,0.20017,0.72852,-0.38631,0.52912,0.26122,1.49862,0.25878,
1403637172988318976,1.88405,-4.21561,-0.73691,0.19614,0.73655,-0.40316,0.50645,0.21178,1.38079,0.12297,
1403637173088318976,1.90380,-4.08855,-0.72986,0.19392,0.74016,-0.41787,0.48985,0.20147,1.20543,-0.01438,
1403637173188318976,1.92212,-3.97958,-0.73694,0.19604,0.73592,-0.43605,0.47943,0.17575,1.02654,-0.12298,
1403637173288319232,1.93515,-3.88981,-0.75177,0.20862,0.72323,-0.45345,0.47728,0.14479,0.80688,-0.12307,
1403637173388318976,1.94700,-3.82188,-0.76735,0.22679,0.70643,-0.46958,0.47856,0.10364,0.61140,-0.12610,
1403637173488318976,1.95136,-3.76600,-0.78371,0.24320,0.68984,-0.48622,0.47808,0.03272,0.47281,-0.17385,
1403637173588318976,1.94870,-3.72251,-0.80482,0.25457,0.67353,-0.50464,0.47634,-0.03439,0.33795,-0.22236,
1403637173688318976,1.93195,-3.69038,-0.83306,0.25695,0.65698,-0.52648,0.47452,-0.13827,0.22578,-0.29632,
1403637173788319232,1.90864,-3.67014,-0.86693,0.25699,0.64402,-0.54858,0.46718,-0.24601,0.08801,-0.35539,
1403637173888318976,1.87497,-3.66537,-0.90657,0.25472,0.63638,-0.57007,0.45295,-0.37226,-0.10115,-0.34163,
1403637173988318976,1.82784,-3.67712,-0.93770,0.26838,0.63836,-0.57558,0.43496,-0.52018,-0.29471,-0.17935,
1403637174088318976,1.76824,-3.70800,-0.95327,0.30252,0.63754,-0.56290,0.43031,-0.59486,-0.47280,0.00141,
1403637174188318976,1.70329,-3.75416,-0.95021,0.33554,0.62663,-0.54618,0.44320,-0.61785,-0.56504,0.13490,
1403637174288319232,1.63629,-3.80704,-0.93665,0.35283,0.61295,-0.53632,0.46062,-0.65871,-0.56167,0.17535,
1403637174388318976,1.56638,-3.85888,-0.91828,0.35194,0.60619,-0.53669,0.46971,-0.70663,-0.52414,0.22446,
1403637174488318976,1.49061,-3.90820,-0.89283,0.34212,0.59439,-0.54476,0.48259,-0.78806,-0.48129,0.27539,
1403637174588318976,1.40537,-3.95383,-0.86131,0.34125,0.58499,-0.55302,0.48529,-0.91998,-0.45966,0.31846,
1403637174688318976,1.30759,-3.99803,-0.82746,0.35820,0.57736,-0.55772,0.47676,-1.03588,-0.42165,0.30453,
1403637174788319232,1.19951,-4.03711,-0.79917,0.38259,0.56616,-0.56337,0.46444,-1.10983,-0.37003,0.24293,
1403637174888318976,1.08616,-4.07009,-0.78047,-0.39375,-0.55477,0.58090,-0.44692,-1.14730,-0.30241,0.14136,
1403637174988318976,0.96930,-4.10039,-0.76720,-0.39983,-0.54147,0.60212,-0.42941,-1.18562,-0.26100,0.11193,
1403637175088318976,0.84962,-4.12561,-0.75519,-0.40945,-0.52703,0.61540,-0.41938,-1.20515,-0.24084,0.09256,
1403637175188318976,0.72658,-4.14803,-0.74598,-0.42163,-0.50937,0.62126,-0.42049,-1.23943,-0.19495,0.05862,
1403637175288319232,0.59986,-4.16492,-0.73967,-0.43500,-0.49188,0.62208,-0.42643,-1.28436,-0.11991,0.02414,
1403637175388318976,0.46992,-4.17120,-0.73680,-0.44749,-0.48116,0.62011,-0.42861,-1.30924,-0.01314,-0.02179,
1403637175488318976,0.33659,-4.16824,-0.74062,-0.44431,-0.47691,0.62561,-0.42866,-1.34973,0.10060,-0.08196,
1403637175588318976,0.19943,-4.15140,-0.74965,-0.43227,-0.47776,0.63497,-0.42626,-1.40257,0.20588,-0.11614,
1403637175688318976,0.05535,-4.12490,-0.75766,-0.42084,-0.48306,0.64278,-0.41998,-1.47929,0.28810,-0.05623,
1403637175788319232,-0.09602,-4.09026,-0.75774,-0.41595,-0.48736,0.64521,-0.41613,-1.56579,0.34955,0.04966,
1403637175888318976,-0.25571,-4.04977,-0.74757,-0.42179,-0.49424,0.64074,-0.40900,-1.65198,0.39923,0.14496,
1403637175988318976,-0.42224,-4.00581,-0.72771,-0.43282,-0.49878,0.63195,-0.40562,-1.68886,0.45481,0.24855,
1403637176088318976,-0.59156,-3.95701,-0.70040,-0.44029,-0.49628,0.62428,-0.41247,-1.71611,0.50669,0.31275,
1403637176188318976,-0.76270,-3.90153,-0.67330,-0.44786,-0.49625,0.61621,-0.41647,-1.72010,0.57935,0.25928,
1403637176288319232,-0.93498,-3.83803,-0.65320,-0.45304,-0.49486,0.61303,-0.41721,-1.73533,0.67504,0.17380,
1403637176388318976,-1.10702,-3.76487,-0.64034,-0.45519,-0.49332,0.61400,-0.41527,-1.73130,0.77397,0.11463,
1403637176488318976,-1.27892,-3.68308,-0.63194,-0.45507,-0.49460,0.61879,-0.40667,-1.72843,0.85076,0.07533,
1403637176588318976,-1.45064,-3.59454,-0.62769,-0.45473,-0.49074,0.62787,-0.39771,-1.72745,0.90372,0.04574,
1403637176688318976,-1.62237,-3.50207,-0.62770,-0.45247,-0.48565,0.63930,-0.38821,-1.71975,0.94478,-0.01261,
1403637176788319232,-1.79337,-3.40576,-0.63140,-0.44983,-0.48163,0.64891,-0.38027,-1.70548,0.97504,-0.04747,
1403637176888318976,-1.96239,-3.30707,-0.63866,-0.44632,-0.48006,0.65743,-0.37166,-1.70711,0.98384,-0.07875,
1403637176988318976,-2.13060,-3.20805,-0.64964,-0.44132,-0.48237,0.66476,-0.36146,-1.69715,0.98375,-0.14014,
1403637177088318976,-2.29840,-3.11081,-0.66612,-0.42886,-0.48806,0.67564,-0.34841,-1.70835,0.94190,-0.18763,
1403637177188318976,-2.46804,-3.01892,-0.68751,-0.41430,-0.49313,0.68695,-0.33659,-1.71791,0.87579,-0.23490,
1403637177288319232,-2.64023,-2.93626,-0.71199,-0.40571,-0.49614,0.69344,-0.32923,-1.74804,0.76743,-0.27451,
1403637177388318976,-2.81765,-2.86712,-0.73961,-0.40191,-0.49908,0.69616,-0.32365,-1.78833,0.62802,-0.29847,
1403637177488318976,-2.99683,-2.81234,-0.77058,-0.40653,-0.50588,0.69385,-0.31209,-1.82109,0.48817,-0.33471,
1403637177588318976,-3.17653,-2.77267,-0.80164,-0.41687,-0.51060,0.68977,-0.29955,-1.82277,0.33532,-0.28016,
1403637177688318976,-3.35214,-2.74998,-0.82463,-0.43177,-0.51396,0.68169,-0.29106,-1.77447,0.14410,-0.15765,
1403637177788319232,-3.52199,-2.74583,-0.83762,-0.44626,-0.51230,0.67484,-0.28810,-1.69587,-0.00828,-0.10380,
1403637177888318976,-3.68498,-2.75397,-0.84973,-0.44990,-0.50063,0.68093,-0.28862,-1.63468,-0.10914,-0.13222,
1403637177988318976,-3.84095,-2.77233,-0.86550,-0.45764,-0.48852,0.68839,-0.27934,-1.57837,-0.19579,-0.18796,
1403637178088318976,-3.98770,-2.80029,-0.88593,-0.47613,-0.48151,0.68958,-0.25678,-1.47997,-0.27708,-0.23062,
1403637178188318976,-4.12237,-2.83883,-0.90924,-0.48883,-0.47225,0.69388,-0.23781,-1.34459,-0.39751,-0.21631,
1403637178288319232,-4.24209,-2.89067,-0.92588,0.50429,0.46512,-0.69194,0.22488,-1.17262,-0.53623,-0.14127,
1403637178388318976,-4.34413,-2.95877,-0.93604,0.51961,0.46163,-0.68654,0.21348,-0.99852,-0.70579,-0.06368,
1403637178488318976,-4.42504,-3.04155,-0.93774,0.52764,0.45850,-0.68458,0.20668,-0.77540,-0.82405,0.00043,
1403637178588318976,-4.48618,-3.13533,-0.93352,0.52902,0.45352,-0.68665,0.20729,-0.56368,-0.94295,0.02147,
1403637178688318976,-4.53124,-3.24015,-0.93033,0.52647,0.44258,-0.69096,0.22254,-0.38478,-1.04472,-0.00117,
1403637178788319232,-4.56345,-3.35333,-0.93044,0.52774,0.42893,-0.69161,0.24328,-0.25227,-1.11403,-0.04701,
1403637178888318976,-4.58641,-3.46987,-0.93478,0.52743,0.41691,-0.69242,0.26184,-0.15348,-1.13518,-0.09670,
1403637178988318976,-4.60075,-3.58568,-0.94433,0.52627,0.40833,-0.69287,0.27611,-0.07490,-1.12001,-0.13316,
1403637179088318976,-4.60625,-3.69682,-0.95852,0.52457,0.40507,-0.69323,0.28317,0.00360,-1.05571,-0.20407,
1403637179188318976,-4.60485,-3.80352,-0.97946,0.51807,0.40773,-0.69702,0.28199,0.06653,-1.02535,-0.21656,
1403637179288319232,-4.59668,-3.90626,-0.99483,0.51362,0.41375,-0.69874,0.27708,0.13060,-0.99550,-0.05644,
1403637179388318976,-4.58220,-4.00571,-0.99135,0.51248,0.41825,-0.69845,0.27311,0.20268,-0.97541,0.15082,
1403637179488318976,-4.56137,-4.10504,-0.97393,0.51070,0.42015,-0.69878,0.27272,0.26610,-0.96732,0.19843,
1403637179588318976,-4.53295,-4.20360,-0.95756,0.51160,0.41995,-0.69802,0.27327,0.31415,-0.95757,0.12125,
1403637179688318976,-4.50210,-4.30426,-0.95426,0.51310,0.41940,-0.69700,0.27388,0.35877,-0.95816,-0.06465,
1403637179788319232,-4.46524,-4.40451,-0.97476,0.51834,0.42280,-0.69395,0.26646,0.39756,-0.94668,-0.36166,
1403637179888318976,-4.42061,-4.50208,-1.01956,0.52991,0.42927,-0.68593,0.25382,0.48431,-0.94697,-0.55886,
1403637179988318976,-4.36498,-4.60673,-1.07806,0.53625,0.43147,-0.68133,0.24912,0.62131,-0.96305,-0.64556,
1403637180088318976,-4.29522,-4.71360,-1.13972,0.52949,0.42659,-0.68703,0.25623,0.75272,-0.98638,-0.61939,
1403637180188318976,-4.21243,-4.81773,-1.19499,0.51978,0.41962,-0.69419,0.26805,0.87100,-0.96037,-0.55769,
1403637180288319232,-4.12145,-4.92369,-1.24070,0.51171,0.41492,-0.69960,0.27668,0.92496,-0.97026,-0.41929,
1403637180388318976,-4.02707,-5.02863,-1.27635,0.50227,0.41360,-0.70593,0.27988,0.95595,-0.97101,-0.36300,
1403637180488318976,-3.93050,-5.12887,-1.30612,-0.48662,-0.41715,0.71695,-0.27417,0.96713,-0.96871,-0.28915,
1403637180588318976,-3.83532,-5.23157,-1.32647,-0.47885,-0.42040,0.72256,-0.26809,0.92313,-1.04988,-0.13788,
1403637180688318976,-3.74228,-5.34036,-1.33438,-0.49356,-0.42386,0.71270,-0.26230,0.92832,-1.11446,-0.05218,
1403637180788319232,-3.64593,-5.45165,-1.33453,0.50476,0.42123,-0.70611,0.26305,0.95780,-1.14078,0.04280,
1403637180888318976,-3.54628,-5.56494,-1.32848,0.51621,0.42294,-0.69961,0.25533,1.00017,-1.17708,0.10386,
1403637180988318976,-3.43889,-5.68063,-1.31632,0.52461,0.42532,-0.69551,0.24525,1.09384,-1.18263,0.16266,
1403637181088318976,-3.32138,-5.79819,-1.29596,0.52911,0.42548,-0.69444,0.23827,1.21690,-1.21272,0.22667,
1403637181188318976,-3.19371,-5.91637,-1.26756,0.52463,0.41541,-0.70028,0.24862,1.32233,-1.22492,0.29674,
1403637181288319232,-3.05818,-6.03345,-1.23032,0.52216,0.40282,-0.70417,0.26312,1.37808,-1.22001,0.38813,
1403637181388318976,-2.91846,-6.14798,-1.18484,0.52755,0.39624,-0.70173,0.26881,1.42345,-1.17260,0.46032,
1403637181488318976,-2.77269,-6.25887,-1.13386,0.53032,0.39600,-0.70088,0.26593,1.48067,-1.12187,0.52170,
1403637181588318976,-2.62096,-6.36523,-1.07708,0.52680,0.39615,-0.70504,0.26165,1.54435,-1.08553,0.59418,
1403637181688318976,-2.46181,-6.47053,-1.01479,0.52375,0.39464,-0.70916,0.25891,1.60639,-1.05126,0.64310,
1403637181788319232,-2.29912,-6.57577,-0.95178,0.52147,0.38853,-0.71268,0.26308,1.62488,-1.04384,0.61447,
1403637181888318976,-2.13554,-6.68036,-0.89312,0.52154,0.38345,-0.71369,0.26760,1.63827,-1.01802,0.55485,
1403637181988318976,-1.97120,-6.78332,-0.84107,0.52131,0.38154,-0.71427,0.26923,1.64213,-0.99580,0.49648,
1403637182088318976,-1.80611,-6.88344,-0.79283,0.52590,0.37973,-0.71054,0.27271,1.65880,-0.97011,0.48441,
1403637182188318976,-1.63955,-6.97923,-0.74866,0.52767,0.37548,-0.70793,0.28182,1.67521,-0.91411,0.42922,
1403637182288319232,-1.47276,-7.06909,-0.70859,0.52748,0.37004,-0.70584,0.29431,1.68233,-0.84297,0.38414,
1403637182388318976,-1.30703,-7.15124,-0.67237,0.52883,0.36668,-0.70268,0.30352,1.68081,-0.75081,0.35935,
1403637182488318976,-1.14203,-7.22176,-0.63646,0.53563,0.36576,-0.69566,0.30884,1.66611,-0.62675,0.38509,
1403637182588318976,-0.97641,-7.27878,-0.59547,0.54207,0.37016,-0.68978,0.30553,1.68339,-0.51065,0.46267,
1403637182688318976,-0.80802,-7.32170,-0.54865,0.54189,0.37267,-0.68918,0.30416,1.72907,-0.37358,0.50948,
1403637182788319232,-0.63670,-7.35042,-0.50025,0.53895,0.37033,-0.69076,0.30861,1.75750,-0.24934,0.46061,
1403637182888318976,-0.46229,-7.36776,-0.45710,0.53547,0.36602,-0.69342,0.31380,1.76862,-0.12110,0.38334,
1403637182988318976,-0.28750,-7.37212,-0.42168,0.53206,0.35975,-0.69593,0.32122,1.77147,-0.00033,0.27356,
1403637183088318976,-0.11213,-7.36484,-0.40130,0.52786,0.35278,-0.69872,0.32970,1.75044,0.12075,0.09765,
1403637183188318976,0.06024,-7.34434,-0.39777,0.52350,0.34819,-0.70141,0.33577,1.72199,0.27159,-0.06417,
1403637183288319232,0.22900,-7.30882,-0.40630,0.51967,0.34583,-0.70379,0.33915,1.66798,0.42153,-0.12710,
1403637183388318976,0.39154,-7.25786,-0.42055,0.51562,0.34342,-0.70645,0.34225,1.60738,0.55914,-0.15881,
1403637183488318976,0.54606,-7.19342,-0.43764,0.51575,0.34216,-0.70668,0.34282,1.54177,0.70435,-0.19178,
1403637183588318976,0.69345,-7.11481,-0.45866,0.51276,0.33999,-0.70862,0.34547,1.46725,0.85547,-0.23641,
1403637183688318976,0.83272,-7.01919,-0.48525,0.51117,0.33710,-0.70949,0.34883,1.38424,1.00652,-0.27169,
1403637183788319232,0.96267,-6.90911,-0.51293,0.50149,0.33463,-0.71569,0.35259,1.28900,1.15817,-0.27354,
1403637183888318976,1.07852,-6.78463,-0.53607,-0.48998,-0.33270,0.72302,-0.35563,1.12750,1.26159,-0.19096,
1403637183988318976,1.17708,-6.64582,-0.55135,-0.48000,-0.33045,0.72934,-0.35841,0.96830,1.40786,-0.11339,
1403637184088318976,1.25980,-6.49355,-0.55650,-0.47381,-0.32901,0.73358,-0.35934,0.80112,1.57302,-0.01131,
1403637184188318976,1.32338,-6.32715,-0.55129,-0.47347,-0.33242,0.73478,-0.35414,0.58897,1.68109,0.09753,
1403637184288319232,1.37189,-6.14990,-0.54621,-0.48109,-0.34309,0.73177,-0.33964,0.46194,1.76439,-0.00135,
1403637184388318976,1.41236,-5.96561,-0.55812,-0.48713,-0.35783,0.72966,-0.31978,0.36913,1.80239,-0.14171,
1403637184488318976,1.44871,-5.77807,-0.58206,-0.48572,-0.36953,0.73117,-0.30480,0.31640,1.82514,-0.22559,
1403637184588318976,1.48023,-5.59161,-0.61083,-0.47866,-0.37799,0.73590,-0.29404,0.26332,1.81675,-0.26669,
1403637184688318976,1.50942,-5.40677,-0.64306,-0.47116,-0.38382,0.74055,-0.28684,0.21756,1.79776,-0.27565,
1403637184788319232,1.53079,-5.22607,-0.67202,-0.46362,-0.38753,0.74507,-0.28241,0.12890,1.72648,-0.22194,
1403637184888318976,1.54158,-5.05352,-0.69021,-0.45946,-0.38982,0.74753,-0.27954,0.05247,1.66214,-0.09780,
1403637184988318976,1.54345,-4.88963,-0.69941,-0.45648,-0.39176,0.74909,-0.27751,-0.04857,1.55948,-0.00982,
1403637185088318976,1.53637,-4.73416,-0.70137,-0.45460,-0.39460,0.75011,-0.27379,-0.14609,1.46609,0.07162,
1403637185188318976,1.52328,-4.58508,-0.69644,-0.45356,-0.39454,0.75106,-0.27299,-0.22668,1.38346,0.16755,
1403637185288319232,1.50130,-4.44790,-0.68560,-0.45094,-0.39683,0.75289,-0.26896,-0.32496,1.24850,0.22665,
1403637185388318976,1.47297,-4.31108,-0.66967,-0.44913,-0.40284,0.75389,-0.26012,-0.37670,1.18627,0.31560,
1403637185488318976,1.43312,-4.18443,-0.64382,-0.44822,-0.40760,0.75436,-0.25279,-0.43892,1.08305,0.38641,
1403637185588318976,1.38572,-4.08136,-0.60712,-0.45338,-0.40633,0.75189,-0.25299,-0.49002,0.96698,0.44377,
1403637185688318976,1.33197,-4.00070,-0.56416,-0.46728,-0.40013,0.74398,-0.26084,-0.56030,0.84131,0.44460,
1403637185788319232,1.27400,-3.93004,-0.52546,-0.48101,-0.39674,0.73559,-0.26482,-0.59481,0.76685,0.36502,
1403637185888318976,1.21449,-3.86416,-0.49502,-0.48957,-0.39691,0.73012,-0.26403,-0.60310,0.69107,0.30107,
1403637185988318976,1.15354,-3.80453,-0.47284,-0.49540,-0.39490,0.72638,-0.26648,-0.58902,0.63763,0.24251,
1403637186088318976,1.09341,-3.75040,-0.45544,0.50089,0.39246,-0.72261,0.27004,-0.57207,0.60617,0.23483,
1403637186188318976,1.03461,-3.69802,-0.43198,0.50236,0.39160,-0.72139,0.27181,-0.55529,0.58057,0.29332,
1403637186288319232,0.97611,-3.65044,-0.40223,0.50192,0.39280,-0.72154,0.27049,-0.57432,0.49279,0.37472,
1403637186388318976,0.91968,-3.60869,-0.36188,0.50484,0.39070,-0.71971,0.27296,-0.54336,0.46782,0.46636,
1403637186488318976,0.86590,-3.56049,-0.31255,0.50411,0.38655,-0.72040,0.27835,-0.52397,0.45741,0.52879,
1403637186588318976,0.81423,-3.51846,-0.26173,0.50365,0.38200,-0.72109,0.28361,-0.50993,0.45852,0.51547,
1403637186688318976,0.76315,-3.47032,-0.21372,0.50173,0.37990,-0.72305,0.28486,-0.50513,0.48009,0.43639,
1403637186788319232,0.71277,-3.42228,-0.17484,-0.49342,-0.37668,0.72920,-0.28794,-0.50434,0.49529,0.33948,
1403637186888318976,0.66021,-3.37280,-0.14379,-0.48262,-0.36977,0.73650,-0.29652,-0.54112,0.50708,0.26000,
1403637186988318976,0.60128,-3.31980,-0.12028,-0.47473,-0.36206,0.74137,-0.30646,-0.60478,0.53330,0.19214,
1403637187088318976,0.53487,-3.26674,-0.10336,-0.47528,-0.35710,0.74074,-0.31289,-0.69237,0.55780,0.13739,
1403637187188318976,0.45959,-3.20693,-0.09106,-0.48127,-0.35793,0.73762,-0.31012,-0.77500,0.60860,0.06885,
1403637187288319232,0.37967,-3.14448,-0.08781,-0.48169,-0.36173,0.74148,-0.29552,-0.84435,0.63600,0.00263,
1403637187388318976,0.29203,-3.08179,-0.08804,-0.48016,-0.36784,0.74634,-0.27770,-0.89468,0.61898,-0.01478,
1403637187488318976,0.20052,-3.02235,-0.09104,-0.47899,-0.37106,0.75007,-0.26512,-0.92862,0.58164,-0.04067,
1403637187588318976,0.10533,-2.96737,-0.09645,-0.47698,-0.37141,0.75347,-0.25849,-0.97311,0.52523,-0.06272,
1403637187688318976,0.00534,-2.91714,-0.10386,-0.47490,-0.36867,0.75638,-0.25777,-1.01160,0.47584,-0.09056,
1403637187788319232,-0.09938,-2.87263,-0.11272,-0.47292,-0.36699,0.75878,-0.25675,-1.06651,0.41627,-0.11089,
1403637187888318976,-0.21031,-2.83457,-0.12302,-0.47017,-0.36717,0.76112,-0.25462,-1.12927,0.35295,-0.12636,
1403637187988318976,-0.32648,-2.80375,-0.13505,-0.47299,-0.36914,0.75963,-0.25092,-1.17715,0.27085,-0.13336,
1403637188088318976,-0.44609,-2.77989,-0.15097,-0.47847,-0.37126,0.75625,-0.24763,-1.21639,0.20839,-0.15656,
1403637188188318976,-0.56850,-2.76189,-0.16960,-0.48796,-0.37380,0.75006,-0.24410,-1.24885,0.14173,-0.17064,
1403637188288319232,-0.69153,-2.75040,-0.19016,0.50208,0.37618,-0.74064,0.24055,-1.22109,0.07759,-0.22336,
1403637188388318976,-0.81255,-2.74449,-0.21382,0.50922,0.37294,-0.73613,0.24439,-1.18967,0.04304,-0.25962,
1403637188488318976,-0.93028,-2.74067,-0.23947,0.51477,0.36782,-0.73300,0.24986,-1.15600,0.02868,-0.29126,
1403637188588318976,-1.04496,-2.73812,-0.26860,0.51774,0.35751,-0.73450,0.25424,-1.12553,0.01562,-0.33327,
1403637188688318976,-1.15733,-2.73543,-0.30221,0.51909,0.34194,-0.73966,0.25795,-1.10042,0.03976,-0.38140,
1403637188788319232,-1.26987,-2.73094,-0.34015,0.51834,0.32059,-0.74811,0.26244,-1.10547,0.06422,-0.41600,
1403637188888318976,-1.38448,-2.72199,-0.37908,0.51777,0.30301,-0.75650,0.26040,-1.12456,0.11243,-0.40334,
1403637188988318976,-1.50042,-2.70850,-0.41382,0.51755,0.29519,-0.76279,0.25132,-1.13052,0.18216,-0.32755,
1403637189088318976,-1.61739,-2.69126,-0.44007,0.51670,0.29689,-0.76796,0.23477,-1.13848,0.20218,-0.25245,
1403637189188318976,-1.73498,-2.67345,-0.46267,0.50917,0.29881,-0.77591,0.22229,-1.16817,0.18528,-0.25204,
1403637189288319232,-1.85520,-2.65777,-0.49167,0.50281,0.29560,-0.78175,0.22061,-1.20110,0.15672,-0.36003,
1403637189388318976,-1.97870,-2.64388,-0.53166,0.50753,0.28938,-0.77906,0.22746,-1.24181,0.14265,-0.41767,
1403637189488318976,-2.10611,-2.62944,-0.57125,0.51885,0.28678,-0.77107,0.23239,-1.27275,0.14824,-0.35330,
1403637189588318976,-2.23559,-2.61360,-0.60382,0.52689,0.29029,-0.76484,0.23053,-1.30195,0.15101,-0.25685,
1403637189688318976,-2.36574,-2.59512,-0.62650,0.53232,0.29469,-0.76035,0.22729,-1.27782,0.18308,-0.14870,
1403637189788319232,-2.49376,-2.57360,-0.64160,0.52995,0.29859,-0.76109,0.22527,-1.23568,0.22076,-0.09326,
1403637189888318976,-2.61926,-2.54998,-0.64729,0.52958,0.30153,-0.76088,0.22289,-1.22007,0.22232,0.04818,
1403637189988318976,-2.74263,-2.52489,-0.64352,0.53223,0.30180,-0.75888,0.22303,-1.16965,0.26239,0.10116,
1403637190088318976,-2.86417,-2.49690,-0.63454,0.53642,0.30126,-0.75623,0.22274,-1.14753,0.26848,0.15949,
1403637190188318976,-2.98401,-2.47068,-0.62018,0.53862,0.30024,-0.75506,0.22277,-1.14515,0.24977,0.19337,
1403637190288319232,-3.10108,-2.44589,-0.60135,0.53985,0.29809,-0.75464,0.22410,-1.10909,0.26872,0.22686,
1403637190388318976,-3.21310,-2.41979,-0.57651,0.53958,0.29629,-0.75544,0.22443,-1.06771,0.27550,0.29681,
1403637190488318976,-3.32124,-2.39341,-0.54630,0.54046,0.29385,-0.75530,0.22600,-1.04731,0.29133,0.28539,
1403637190588318976,-3.42471,-2.36648,-0.51880,0.54229,0.29558,-0.75461,0.22161,-1.01181,0.29477,0.22623,
1403637190688318976,-3.52318,-2.33969,-0.49711,0.54409,0.30495,-0.75102,0.21665,-0.94859,0.28481,0.15984,
1403637190788319232,-3.61545,-2.31336,-0.48107,0.54007,0.31322,-0.74826,0.22433,-0.89279,0.27853,0.10443,
1403637190888318976,-3.70443,-2.28514,-0.47197,0.53533,0.31902,-0.74578,0.23551,-0.85346,0.28342,0.05210,
1403637190988318976,-3.78827,-2.25561,-0.46464,0.53250,0.32305,-0.74306,0.24483,-0.82239,0.30000,-0.00425,
1403637191088318976,-3.87184,-2.22338,-0.46639,0.53129,0.32687,-0.74017,0.25105,-0.79807,0.33365,-0.05472,
1403637191188318976,-3.95163,-2.18824,-0.46751,0.53113,0.33024,-0.73791,0.25362,-0.77393,0.35583,-0.10313,
1403637191288319232,-4.02914,-2.15208,-0.47836,0.53134,0.33300,-0.73662,0.25333,-0.74954,0.35952,-0.14717,
1403637191388318976,-4.10451,-2.11257,-0.49287,0.53336,0.33497,-0.73462,0.25231,-0.71684,0.39146,-0.16422,
1403637191488318976,-4.17681,-2.07143,-0.50396,0.53487,0.33587,-0.73360,0.25087,-0.66445,0.42011,-0.09576,
1403637191588318976,-4.24036,-2.02548,-0.50093,0.53692,0.33897,-0.73292,0.24423,-0.63009,0.42394,0.01896,
1403637191688318976,-4.29852,-1.98387,-0.49843,0.53042,0.34198,-0.73890,0.23606,-0.57259,0.41475,0.08464,
1403637191788319232,-4.35025,-1.94076,-0.48224,0.52351,0.34390,-0.74483,0.23001,-0.52251,0.39301,0.15456,
1403637191888318976,-4.39963,-1.90185,-0.46102,0.52524,0.34982,-0.74430,0.21855,-0.48576,0.34500,0.23894,
1403637191988318976,-4.44673,-1.86778,-0.43363,0.52895,0.35555,-0.74199,0.20795,-0.43140,0.26416,0.31910,
1403637192088318976,-4.48898,-1.83884,-0.40101,0.52226,0.35563,-0.74763,0.20451,-0.35935,0.21039,0.36276,
1403637192188318976,-4.52818,-1.81722,-0.36243,0.51554,0.35653,-0.75274,0.20122,-0.32064,0.13675,0.41461,
1403637192288319232,-4.56296,-1.80794,-0.31626,0.51560,0.36031,-0.75275,0.19418,-0.29455,0.02765,0.49089,
1403637192388318976,-4.59513,-1.80759,-0.26789,0.52056,0.36348,-0.74902,0.18937,-0.25713,-0.08214,0.45445,
1403637192488318976,-4.61981,-1.82002,-0.22677,0.51481,0.35840,-0.75388,0.19542,-0.20063,-0.17673,0.37334,
1403637192588318976,-4.64344,-1.83925,-0.19188,0.50480,0.35115,-0.76148,0.20499,-0.18552,-0.25072,0.31364,
1403637192688318976,-4.66419,-1.86774,-0.16263,-0.49762,-0.34727,0.76659,-0.21004,-0.20638,-0.33422,0.26010,
1403637192788319232,-4.68705,-1.90333,-0.13929,-0.49688,-0.34576,0.76710,-0.21242,-0.23105,-0.39955,0.22056,
1403637192888318976,-4.71197,-1.94604,-0.11645,0.50228,0.34538,-0.76314,0.21459,-0.26045,-0.48604,0.26873,
1403637192988318976,-4.77285,-2.00006,-0.15626,0.50751,0.34539,-0.75734,0.22266,-0.33520,-0.51697,0.21257,
1403637193088318976,-4.76971,-2.04965,-0.05747,0.50504,0.34045,-0.76030,0.22577,-0.26894,-0.56446,0.38552,
1403637193188318976,-4.79864,-2.10638,-0.01813,-0.48934,-0.32959,0.77077,-0.24048,-0.30602,-0.58790,0.44056,
1403637193288319232,-4.83413,-2.16473,0.01997,-0.48027,-0.32365,0.77659,-0.24799,-0.40160,-0.59164,0.34647,
1403637193388318976,-4.87925,-2.22552,0.04563,-0.49006,-0.32991,0.77064,-0.23899,-0.48615,-0.61671,0.20407,
1403637193488318976,-4.93058,-2.28809,0.05911,0.50201,0.33624,-0.76277,0.23043,-0.53177,-0.64890,0.16603,
1403637193588318976,-4.98339,-2.35299,0.07336,0.50858,0.34250,-0.75785,0.22293,-0.54254,-0.67880,0.20412,
1403637193688318976,-5.03781,-2.42337,0.09352,0.51111,0.34601,-0.75581,0.21862,-0.56768,-0.75234,0.25515,
1403637193788319232,-5.09296,-2.49909,0.12054,0.51284,0.34877,-0.75428,0.21546,-0.54482,-0.78703,0.29886,
1403637193888318976,-5.14596,-2.58048,0.15338,0.51313,0.34989,-0.75393,0.21418,-0.52037,-0.84436,0.32088,
1403637193988318976,-5.19566,-2.66471,0.18241,0.51791,0.34792,-0.75065,0.21735,-0.49922,-0.87571,0.20844,
1403637194088318976,-5.24372,-2.75247,0.19548,0.52331,0.34511,-0.74712,0.22102,-0.46394,-0.88109,0.04102,
1403637194188318976,-5.28649,-2.84032,0.19668,0.52513,0.34400,-0.74610,0.22188,-0.43902,-0.91639,-0.05259,
1403637194288319232,-5.32559,-2.93116,0.19372,0.52202,0.34307,-0.74855,0.22241,-0.39639,-0.92337,-0.02179,
1403637194388318976,-5.36381,-3.02482,0.19399,0.51906,0.34365,-0.75077,0.22098,-0.36078,-0.94333,0.04016,
1403637194488318976,-5.39788,-3.12277,0.20333,0.51772,0.34337,-0.75192,0.22064,-0.36488,-1.01181,0.12286,
1403637194588318976,-5.43368,-3.22501,0.21807,0.51631,0.34326,-0.75305,0.22026,-0.34443,-1.03409,0.19363,
1403637194688318976,-5.46492,-3.32910,0.24187,0.51354,0.34401,-0.75539,0.21754,-0.32605,-1.06325,0.24930,
1403637194788319232,-5.49738,-3.43674,0.26660,0.50876,0.34419,-0.75915,0.21539,-0.32140,-1.09953,0.22633,
1403637194888318976,-5.52639,-3.54886,0.28893,0.50612,0.34365,-0.76148,0.21423,-0.31281,-1.14136,0.16451,
1403637194988318976,-5.55772,-3.66466,0.30504,0.51080,0.33972,-0.75880,0.21886,-0.32074,-1.17418,0.13300,
1403637195088318976,-5.58728,-3.78264,0.31688,0.51951,0.33716,-0.75308,0.22204,-0.30213,-1.19296,0.06900,
1403637195188318976,-5.61601,-3.90154,0.32208,0.52719,0.33471,-0.74793,0.22503,-0.28358,-1.19824,0.01503,
1403637195288319232,-5.64374,-4.02140,0.32088,0.53215,0.33339,-0.74444,0.22685,-0.24813,-1.19020,-0.03985,
1403637195388318976,-5.66910,-4.13854,0.31295,0.53465,0.33320,-0.74238,0.22802,-0.21894,-1.17468,-0.05877,
1403637195488318976,-5.69085,-4.25576,0.30716,0.53296,0.33582,-0.74095,0.23276,-0.18418,-1.18037,0.00496,
1403637195588318976,-5.70584,-4.37144,0.31096,0.52920,0.34226,-0.73932,0.23709,-0.14095,-1.15825,0.09452,
1403637195688318976,-5.71945,-4.48576,0.32112,0.52811,0.34729,-0.73621,0.24184,-0.11398,-1.14239,0.16563,
1403637195788319232,-5.72880,-4.59745,0.33564,0.52797,0.35277,-0.73344,0.24263,-0.06786,-1.10386,0.20529,
1403637195888318976,-5.73517,-4.70715,0.35378,0.53258,0.36146,-0.72793,0.23625,-0.03373,-1.10442,0.21837,
1403637195988318976,-5.73486,-4.81564,0.36963,0.53763,0.37042,-0.72264,0.22701,0.04040,-1.09488,0.15547,
1403637196088318976,-5.72629,-4.92592,0.38205,0.54728,0.37778,-0.71420,0.21835,0.13190,-1.11274,0.10417,
1403637196188318976,-5.70753,-5.03784,0.38844,0.56213,0.38225,-0.70191,0.21263,0.25322,-1.13422,0.06741,
1403637196288319232,-5.67389,-5.15177,0.39082,0.57558,0.38297,-0.69094,0.21127,0.41720,-1.14402,-0.00108,
1403637196388318976,-5.62192,-5.26430,0.38798,0.58563,0.38333,-0.68310,0.20849,0.60621,-1.13652,-0.05206,
1403637196488318976,-5.54996,-5.37515,0.38063,0.58832,0.38163,-0.68159,0.20899,0.80585,-1.12321,-0.10939,
1403637196588318976,-5.45751,-5.48420,0.36724,0.58695,0.37804,-0.68371,0.21242,0.99223,-1.12222,-0.15965,
1403637196688318976,-5.34948,-5.59230,0.34799,0.58242,0.37402,-0.68856,0.21632,1.17675,-1.08746,-0.20895,
1403637196788319232,-5.22458,-5.69478,0.32231,0.57800,0.36906,-0.69302,0.22234,1.32635,-1.05174,-0.27755,
1403637196888318976,-5.08459,-5.79347,0.29239,0.58001,0.36803,-0.69212,0.22162,1.47928,-1.00128,-0.30615,
1403637196988318976,-4.92897,-5.89025,0.25947,0.57775,0.36194,-0.69435,0.23039,1.63163,-0.97249,-0.33518,
1403637197088318976,-4.75881,-5.98393,0.22921,0.56805,0.36004,-0.69893,0.24329,1.75399,-0.93804,-0.28673,
1403637197188318976,-4.57600,-6.07331,0.20535,0.55580,0.36639,-0.70085,0.25622,1.87344,-0.86905,-0.22832,
1403637197288319232,-4.38414,-6.15775,0.19087,0.54111,0.38098,-0.69931,0.27023,1.94776,-0.81656,-0.15274,
1403637197388318976,-4.18595,-6.23723,0.18491,0.52471,0.40085,-0.69371,0.28769,1.99317,-0.77406,-0.05727,
1403637197488318976,-3.98448,-6.31048,0.18817,0.50777,0.42969,-0.68231,0.30330,2.03239,-0.70800,0.03330,
1403637197588318976,-3.78066,-6.37810,0.19688,-0.49133,-0.46492,0.66446,-0.31771,2.05999,-0.67311,0.07985,
1403637197688318976,-3.57505,-6.44172,0.21251,-0.47549,-0.49821,0.64202,-0.33692,2.06724,-0.64208,0.15990,
1403637197788319232,-3.36905,-6.50027,0.23558,-0.46395,-0.52942,0.61567,-0.35415,2.09142,-0.57608,0.22480,
1403637197888318976,-3.15965,-6.55098,0.26634,-0.45610,-0.55847,0.58653,-0.36888,2.13780,-0.52762,0.29464,
1403637197988318976,-2.94504,-6.59923,0.30263,0.44565,0.58206,-0.56177,0.38342,2.18578,-0.45694,0.35954,
1403637198088318976,-2.72517,-6.63916,0.34617,0.43405,0.60084,-0.54023,0.39843,2.24483,-0.38566,0.44225,
1403637198188318976,-2.49961,-6.67596,0.39615,0.42121,0.61783,-0.52108,0.41152,2.30899,-0.33901,0.51985,
1403637198288319232,-2.26884,-6.70472,0.45382,0.41100,0.63406,-0.50023,0.42287,2.35189,-0.26254,0.57867,
1403637198388318976,-2.03309,-6.73105,0.51312,0.40474,0.64828,-0.47826,0.43266,2.39398,-0.21286,0.54181,
1403637198488318976,-1.79347,-6.74928,0.56615,0.40398,0.65724,-0.45977,0.43982,2.42833,-0.13869,0.42581,
1403637198588318976,-1.54879,-6.76240,0.60615,0.40693,0.66264,-0.44623,0.44294,2.48304,-0.06571,0.28205,
1403637198688318976,-1.29914,-6.76748,0.62915,0.40835,0.66505,-0.43938,0.44487,2.53859,0.02841,0.08221,
1403637198788319232,-1.04281,-6.76517,0.63381,0.40750,0.66442,-0.43748,0.44844,2.58558,0.12911,-0.08272,
1403637198888318976,-0.77799,-6.75425,0.62250,0.40934,0.65701,-0.43585,0.45915,2.64777,0.21434,-0.20282,
1403637198988318976,-0.50562,-6.72913,0.60708,0.40371,0.64601,-0.43923,0.47620,2.71759,0.36135,-0.19534,
1403637199088318976,-0.22949,-6.68802,0.59496,0.39088,0.64246,-0.44238,0.48863,2.73182,0.48728,-0.14664,
1403637199188318976,0.04468,-6.63056,0.58933,0.37497,0.64776,-0.44184,0.49455,2.71691,0.64545,-0.06592,
1403637199288319232,0.31326,-6.55759,0.59025,0.36264,0.65668,-0.43226,0.50042,2.68177,0.76202,0.02918,
1403637199388318976,0.57523,-6.47199,0.59816,0.35272,0.66684,-0.41508,0.50855,2.63107,0.89780,0.08858,
1403637199488318976,0.83283,-6.37360,0.60781,0.34088,0.67795,-0.39457,0.51816,2.58115,1.00508,0.09337,
1403637199588318976,1.08903,-6.26650,0.61423,0.32646,0.68863,-0.37451,0.52817,2.52505,1.12079,0.01108,
1403637199688318976,1.34086,-6.14758,0.61242,0.30645,0.69425,-0.35727,0.54449,2.48096,1.22221,-0.05948,
1403637199788319232,1.58845,-6.01896,0.60103,0.27997,0.69915,-0.34122,0.56247,2.41190,1.31269,-0.22095,
1403637199888318976,1.83047,-5.88396,0.56930,0.24812,0.70084,-0.32308,0.58556,2.33268,1.36735,-0.45357,
1403637199988318976,2.05996,-5.74293,0.52075,0.21544,0.69865,-0.30090,0.61232,2.16678,1.43383,-0.51994,
1403637200088318976,2.26751,-5.59539,0.46603,0.18667,0.69822,-0.27206,0.63532,1.93925,1.49406,-0.55436,
1403637200188318976,2.44655,-5.44232,0.40632,0.16485,0.70529,-0.23841,0.64696,1.66265,1.54329,-0.59362,
1403637200288319232,2.59492,-5.28721,0.34190,0.15225,0.72331,-0.20570,0.64135,1.38117,1.57445,-0.65011,
1403637200388318976,2.71755,-5.12986,0.27616,0.14671,0.74884,-0.18045,0.62061,1.15173,1.61388,-0.59046,
1403637200488318976,2.82197,-4.96921,0.21848,0.13896,0.77082,-0.16740,0.59875,0.99878,1.64568,-0.50008,
1403637200588318976,2.91437,-4.80363,0.17184,0.12239,0.77928,-0.16777,0.59126,0.90760,1.65001,-0.39606,
1403637200688318976,2.99965,-4.63821,0.13601,0.11292,0.78225,-0.17079,0.58835,0.81564,1.62908,-0.29995,
1403637200788319232,3.07639,-4.47375,0.10838,0.10655,0.78163,-0.17771,0.58832,0.73385,1.60320,-0.23233,
1403637200888318976,3.14492,-4.31653,0.08999,0.10518,0.77681,-0.18897,0.59143,0.63881,1.54162,-0.12718,
1403637200988318976,3.20274,-4.16296,0.07793,0.11037,0.77508,-0.19715,0.59008,0.53449,1.50140,-0.08681,
1403637201088318976,3.25022,-4.01362,0.07325,0.11729,0.77367,-0.20395,0.58829,0.45317,1.44870,0.00525,
1403637201188318976,3.28922,-3.86772,0.07611,0.12267,0.77278,-0.21100,0.58587,0.38123,1.40844,0.09053,
1403637201288319232,3.31819,-3.72428,0.08492,0.11940,0.77137,-0.22299,0.58395,0.27603,1.36902,0.12794,
1403637201388318976,3.33883,-3.58752,0.09455,0.10767,0.76768,-0.24590,0.58190,0.17291,1.30118,0.07720,
1403637201488318976,3.34929,-3.46006,0.09754,0.09787,0.76524,-0.27119,0.57557,0.08368,1.18262,0.01459,
1403637201588318976,3.35227,-3.34460,0.09504,0.09179,0.76158,-0.29262,0.57091,-0.01654,1.05046,-0.03886,
1403637201688318976,3.34557,-3.24572,0.08976,0.09047,0.75660,-0.30667,0.57037,-0.13068,0.88017,-0.05781,
1403637201788319232,3.32733,-3.16719,0.08137,0.10428,0.75264,-0.30668,0.57324,-0.24937,0.71983,-0.07584,
1403637201888318976,3.29573,-3.10312,0.07429,0.11414,0.75051,-0.30527,0.57491,-0.37747,0.58554,-0.03707,
1403637201988318976,3.25356,-3.05263,0.07196,0.11516,0.75140,-0.30614,0.57308,-0.48421,0.45709,0.00506,
1403637202088318976,3.20007,-3.01684,0.07626,0.10513,0.75594,-0.31116,0.56628,-0.59400,0.31444,0.05401,
1403637202188318976,3.13459,-2.99588,0.08453,0.10152,0.76592,-0.31063,0.55368,-0.70734,0.14835,0.11943,
1403637202288319232,3.06267,-2.99170,0.09302,0.11790,0.77898,-0.29722,0.53940,-0.74904,-0.00604,0.08923,
1403637202388318976,2.99028,-2.99935,0.09707,0.13274,0.78857,-0.28497,0.52851,-0.73902,-0.11877,0.03428,
1403637202488318976,2.92083,-3.01726,0.09746,0.14160,0.79010,-0.27791,0.52769,-0.70169,-0.20837,0.01742,
1403637202588318976,2.85628,-3.04454,0.10122,0.14581,0.78600,-0.27440,0.53446,-0.65548,-0.29809,0.07421,
1403637202688318976,2.79260,-3.07931,0.11327,0.15127,0.78096,-0.26981,0.54261,-0.65288,-0.35054,0.15743,
1403637202788319232,2.73243,-3.12029,0.13334,0.15901,0.77873,-0.26363,0.54662,-0.64995,-0.38704,0.21544,
1403637202888318976,2.67289,-3.16306,0.15323,0.16903,0.77946,-0.25688,0.54579,-0.61449,-0.40700,0.16277,
1403637202988318976,2.61552,-3.20580,0.16631,0.17659,0.78063,-0.25193,0.54402,-0.59849,-0.40142,0.10483,
1403637203088318976,2.56072,-3.24630,0.17467,0.17899,0.78074,-0.25087,0.54357,-0.56565,-0.38489,0.06435,
1403637203188318976,2.50690,-3.28465,0.17815,0.17952,0.78050,-0.25115,0.54362,-0.54067,-0.36460,0.01968,
1403637203288319232,2.45862,-3.32357,0.17751,0.18131,0.77972,-0.25107,0.54418,-0.49627,-0.35379,-0.00694,
1403637203388318976,2.40949,-3.35829,0.17350,0.18096,0.77916,-0.25189,0.54472,-0.48507,-0.33929,-0.04921,
1403637203488318976,2.36712,-3.39317,0.16456,0.18210,0.77946,-0.25197,0.54387,-0.45031,-0.31515,-0.09511,
1403637203588318976,2.32298,-3.42220,0.15299,0.18465,0.77877,-0.25088,0.54450,-0.42239,-0.30007,-0.13492,
1403637203688318976,2.28320,-3.44962,0.13752,0.18673,0.77871,-0.25045,0.54408,-0.38190,-0.26233,-0.17333,
1403637203788319232,2.24922,-3.47355,0.11777,0.18710,0.77762,-0.25151,0.54502,-0.34685,-0.23348,-0.19621,
1403637203888318976,2.21295,-3.49389,0.09558,0.18747,0.77699,-0.25185,0.54563,-0.33117,-0.19950,-0.23389,
1403637203988318976,2.17949,-3.51067,0.06993,0.18827,0.77686,-0.25193,0.54550,-0.31407,-0.16897,-0.26531,
1403637204088318976,2.14919,-3.52382,0.04412,0.18862,0.77664,-0.25256,0.54540,-0.30129,-0.13381,-0.21409,
1403637204188318976,2.12021,-3.53475,0.02664,0.18877,0.77680,-0.25299,0.54493,-0.26964,-0.10526,-0.11533,
1403637204288319232,2.09251,-3.54148,0.01630,0.18871,0.77722,-0.25384,0.54395,-0.26665,-0.05531,-0.05670,
1403637204388318976,2.06453,-3.54179,0.01353,0.18615,0.77513,-0.25652,0.54656,-0.26153,-0.02691,0.01523,
1403637204488318976,2.04023,-3.54380,0.02026,0.18540,0.77076,-0.25889,0.55184,-0.23779,-0.01716,0.09889,
1403637204588318976,2.01612,-3.54320,0.03439,0.18588,0.76928,-0.26103,0.55274,-0.23364,0.00481,0.16838,
1403637204688318976,1.98993,-3.53936,0.05427,0.18808,0.77048,-0.26254,0.54960,-0.23637,0.02503,0.21040,
1403637204788319232,1.96567,-3.53484,0.07271,0.18874,0.77128,-0.26467,0.54723,-0.23625,0.05135,0.16099,
1403637204888318976,1.94050,-3.52836,0.08395,0.18909,0.77217,-0.26642,0.54500,-0.23400,0.06487,0.08657,
1403637204988318976,1.91505,-3.52025,0.08848,0.18834,0.77500,-0.26804,0.54043,-0.22461,0.08087,0.02237,
1403637205088318976,1.89296,-3.51207,0.08761,0.18742,0.77800,-0.26898,0.53595,-0.19541,0.08701,-0.02517,
1403637205188318976,1.87282,-3.50315,0.08234,0.18778,0.77833,-0.26848,0.53560,-0.17969,0.09312,-0.07095,
1403637205288319232,1.85483,-3.49328,0.07345,0.18510,0.78043,-0.26522,0.53509,-0.15408,0.10290,-0.07914,
1403637205388318976,1.84174,-3.48365,0.06656,0.18220,0.78207,-0.25814,0.53715,-0.12064,0.10143,-0.02824,
1403637205488318976,1.83123,-3.47358,0.06701,0.18050,0.78211,-0.25090,0.54109,-0.09023,0.10688,0.04649,
1403637205588318976,1.82302,-3.46202,0.07280,0.17931,0.78123,-0.24460,0.54561,-0.07551,0.11741,0.03125,
1403637205688318976,1.81622,-3.45017,0.07248,0.17759,0.78114,-0.24079,0.54800,-0.06348,0.13657,-0.04728,
1403637205788319232,1.81107,-3.43585,0.06543,0.17570,0.78183,-0.23911,0.54835,-0.06101,0.15401,-0.11119,
1403637205888318976,1.80687,-3.41930,0.05183,0.17458,0.78221,-0.23826,0.54854,-0.04551,0.17190,-0.14657,
1403637205988318976,1.80421,-3.40148,0.03744,0.17442,0.78203,-0.23730,0.54927,-0.03705,0.19112,-0.12944,
1403637206088318976,1.80296,-3.38067,0.02954,0.17216,0.78157,-0.23813,0.55028,-0.03791,0.22538,-0.06666,
1403637206188318976,1.80183,-3.35901,0.02730,0.16487,0.78023,-0.24230,0.55259,-0.02185,0.22429,0.00811,
1403637206288319232,1.80183,-3.33756,0.03460,0.16107,0.77908,-0.24463,0.55430,-0.01604,0.20373,0.10411,
1403637206388318976,1.80281,-3.31695,0.04885,0.15980,0.77824,-0.24569,0.55538,-0.00561,0.18387,0.17561,
1403637206488318976,1.80029,-3.29685,0.06771,0.16030,0.77813,-0.24583,0.55533,-0.01076,0.16890,0.19882,
1403637206588318976,1.79623,-3.27684,0.08423,0.16163,0.77778,-0.24576,0.55547,-0.02573,0.17185,0.14406,
1403637206688318976,1.79024,-3.25665,0.09458,0.16450,0.77799,-0.24481,0.55474,-0.04606,0.17174,0.08360,
1403637206788319232,1.78315,-3.23655,0.09968,0.16676,0.77715,-0.24410,0.55556,-0.05913,0.17716,0.03108,
1403637206888318976,1.77496,-3.21551,0.10381,0.16827,0.77634,-0.24408,0.55625,-0.07850,0.19492,0.07078,
1403637206988318976,1.76511,-3.19168,0.11254,0.16892,0.77496,-0.24441,0.55782,-0.07807,0.19055,0.11542,
1403637207088318976,1.75610,-3.17052,0.12662,0.16927,0.77480,-0.24557,0.55743,-0.09382,0.20688,0.13713,
1403637207188318976,1.74424,-3.14632,0.13678,0.17019,0.77348,-0.24697,0.55836,-0.10704,0.22761,0.07939,
1403637207288319232,1.73071,-3.12098,0.13899,0.17071,0.77231,-0.24817,0.55929,-0.11998,0.23626,-0.00436,
1403637207388318976,1.71513,-3.09488,0.13401,0.17134,0.77232,-0.24896,0.55874,-0.14853,0.24708,-0.06391,
1403637207488318976,1.69714,-3.06800,0.12373,0.17174,0.77212,-0.25010,0.55837,-0.17431,0.26572,-0.13326,
1403637207588318976,1.67744,-3.04052,0.10808,0.16734,0.77439,-0.25446,0.55459,-0.18915,0.28062,-0.17614,
1403637207688318976,1.65661,-3.01348,0.09396,0.15758,0.77915,-0.26192,0.54726,-0.20716,0.25539,-0.10960,
1403637207788319232,1.63542,-2.99078,0.08998,0.15771,0.78069,-0.26234,0.54482,-0.22131,0.22001,0.00132,
1403637207888318976,1.61140,-2.96931,0.09798,0.16355,0.77997,-0.25949,0.54549,-0.21853,0.18421,0.10033,
1403637207988318976,1.59165,-2.95416,0.11484,0.16866,0.77870,-0.25649,0.54716,-0.22547,0.17093,0.21317,
1403637208088318976,1.57057,-2.93898,0.13988,0.17262,0.77861,-0.25434,0.54707,-0.21346,0.16018,0.28048,
1403637208188318976,1.55086,-2.92399,0.17054,0.17576,0.77822,-0.25283,0.54732,-0.20746,0.16065,0.32425,
1403637208288319232,1.53184,-2.91104,0.20396,0.17196,0.77783,-0.25664,0.54730,-0.19521,0.16966,0.26265,
1403637208388318976,1.51400,-2.89789,0.22782,0.16608,0.77508,-0.26200,0.55048,-0.19590,0.15549,0.19760,
1403637208488318976,1.49585,-2.88620,0.24444,0.16698,0.77398,-0.26279,0.55138,-0.20082,0.12858,0.11891,
1403637208588318976,1.47646,-2.87561,0.25433,0.17118,0.77360,-0.26100,0.55148,-0.21991,0.11443,0.06850,
1403637208688318976,1.45767,-2.86869,0.26072,0.17524,0.77387,-0.25853,0.55098,-0.22164,0.10820,0.01670,
1403637208788319232,1.43621,-2.85825,0.26049,0.17741,0.77277,-0.25710,0.55250,-0.22559,0.11673,-0.03319,
1403637208888318976,1.41458,-2.84771,0.25450,0.18000,0.77340,-0.25560,0.55148,-0.23224,0.11811,-0.09358,
1403637208988318976,1.39317,-2.83628,0.24219,0.18969,0.77568,-0.24920,0.54794,-0.23141,0.13375,-0.14937,
1403637209088318976,1.37597,-2.82500,0.22386,0.19926,0.77832,-0.24171,0.54413,-0.20447,0.17091,-0.18491,
1403637209188318976,1.35889,-2.80355,0.20671,0.19510,0.78080,-0.23546,0.54484,-0.15267,0.24848,-0.15722,
1403637209288319232,1.34847,-2.77846,0.19581,0.17633,0.78562,-0.23155,0.54598,-0.12921,0.29096,-0.07778,
1403637209388318976,1.33634,-2.74828,0.19203,0.16185,0.79214,-0.22519,0.54369,-0.11561,0.30605,-0.00935,
1403637209488318976,1.32954,-2.72016,0.19425,0.15219,0.80066,-0.21934,0.53636,-0.08796,0.29687,0.03706,
1403637209588318976,1.32484,-2.69102,0.20072,0.14468,0.81242,-0.21448,0.52253,-0.02028,0.26126,0.10334,
1403637209688318976,1.32981,-2.66851,0.21463,0.13782,0.82147,-0.21179,0.51121,0.07463,0.22404,0.17832,
1403637209788319232,1.34740,-2.65133,0.23755,0.13392,0.82604,-0.21045,0.50540,0.22235,0.15013,0.22231,
1403637209888318976,1.37543,-2.63756,0.25858,0.13078,0.82894,-0.21123,0.50113,0.32349,0.10797,0.16651,
1403637209988318976,1.41212,-2.62787,0.26758,0.12856,0.83353,-0.21239,0.49356,0.41558,0.05971,-0.01102,
1403637210088318976,1.45887,-2.62095,0.26195,0.12694,0.83967,-0.21404,0.48274,0.52539,0.00659,-0.15992,
1403637210188318976,1.51830,-2.62112,0.24020,0.12362,0.84531,-0.21669,0.47245,0.67000,-0.05878,-0.26872,
1403637210288319232,1.59541,-2.62659,0.21422,0.12190,0.84988,-0.21841,0.46383,0.84973,-0.14372,-0.28719,
1403637210388318976,1.69140,-2.64307,0.18726,0.12037,0.85193,-0.21966,0.45988,1.04622,-0.22781,-0.28500,
1403637210488318976,1.80879,-2.67051,0.16190,0.12256,0.84845,-0.21794,0.46650,1.26159,-0.33090,-0.24581,
1403637210588318976,1.94291,-2.70663,0.13694,0.12517,0.84087,-0.21565,0.48038,1.41683,-0.39321,-0.26358,
1403637210688318976,2.09214,-2.75038,0.11032,0.12599,0.83415,-0.21414,0.49240,1.53332,-0.45999,-0.29897,
1403637210788319232,2.25157,-2.79814,0.07875,0.12108,0.82958,-0.21621,0.50039,1.64336,-0.50519,-0.33110,
1403637210888318976,2.41915,-2.85041,0.04478,0.11391,0.82408,-0.22074,0.50910,1.70973,-0.55778,-0.35717,
1403637210988318976,2.59312,-2.90860,0.00835,0.10848,0.81475,-0.22487,0.52331,1.75601,-0.62702,-0.38572,
1403637211088318976,2.77002,-2.97343,-0.03130,0.10563,0.80537,-0.22832,0.53675,1.77212,-0.69357,-0.41383,
1403637211188318976,2.94727,-3.04446,-0.07503,0.11284,0.80176,-0.22559,0.54181,1.76278,-0.75937,-0.44724,
1403637211288319232,3.12419,-3.12042,-0.12067,0.12364,0.79671,-0.22130,0.54862,1.75366,-0.80307,-0.45972,
1403637211388318976,3.29950,-3.19930,-0.16905,0.13216,0.79073,-0.21899,0.55617,1.73030,-0.81053,-0.49828,
1403637211488318976,3.47161,-3.27892,-0.22164,0.13560,0.78829,-0.21888,0.55885,1.69916,-0.80793,-0.53895,
1403637211588318976,3.63965,-3.35948,-0.27418,0.13370,0.79082,-0.22136,0.55473,1.65140,-0.81612,-0.49091,
1403637211688318976,3.80326,-3.44008,-0.31968,0.13020,0.79289,-0.22386,0.55160,1.61423,-0.81870,-0.42973,
1403637211788319232,3.96381,-3.52283,-0.35772,0.12102,0.79814,-0.22997,0.54355,1.58637,-0.83904,-0.34045,
1403637211888318976,4.12107,-3.60972,-0.38738,0.11293,0.80153,-0.23567,0.53782,1.55888,-0.90948,-0.25003,
1403637211988318976,4.27777,-3.70392,-0.40771,0.11695,0.80186,-0.23358,0.53739,1.55788,-0.98123,-0.15076,
1403637212088318976,4.43647,-3.80452,-0.41875,0.12775,0.79615,-0.22748,0.54597,1.55707,-1.01743,-0.06391,
1403637212188318976,4.59327,-3.90661,-0.42192,0.13610,0.78790,-0.22272,0.55775,1.50533,-1.01773,-0.01144,
1403637212288319232,4.74838,-4.00866,-0.42142,0.14080,0.78313,-0.22055,0.56413,1.48172,-1.01440,0.04506,
1403637212388318976,4.89792,-4.10938,-0.41375,0.14342,0.78028,-0.22051,0.56743,1.42722,-0.99450,0.10947,
1403637212488318976,5.04102,-4.20670,-0.40059,0.14527,0.78107,-0.22129,0.56555,1.37188,-0.95451,0.14643,
1403637212588318976,5.17809,-4.30091,-0.38449,0.14464,0.78568,-0.22393,0.55825,1.33060,-0.93206,0.17720,
1403637212688318976,5.31115,-4.39300,-0.36451,0.14373,0.79121,-0.22616,0.54970,1.31984,-0.92283,0.21218,
1403637212788319232,5.44556,-4.48536,-0.34155,0.14594,0.79420,-0.22547,0.54508,1.32918,-0.92504,0.23562,
1403637212888318976,5.57995,-4.57895,-0.31755,0.14821,0.79667,-0.22399,0.54146,1.33373,-0.92768,0.25546,
1403637212988318976,5.71584,-4.67180,-0.29119,0.15149,0.79787,-0.22042,0.54025,1.34691,-0.92183,0.27309,
1403637213088318976,5.85169,-4.76393,-0.26498,0.14903,0.79806,-0.22016,0.54076,1.35913,-0.90096,0.24535,
1403637213188318976,5.98803,-4.85407,-0.24349,0.14428,0.79857,-0.22114,0.54090,1.36459,-0.89871,0.17236,
1403637213288319232,6.12321,-4.94563,-0.22813,0.14166,0.79847,-0.22127,0.54169,1.37097,-0.90023,0.12229,
1403637213388318976,6.25714,-5.03677,-0.21663,0.14221,0.79712,-0.22023,0.54394,1.36258,-0.89541,0.07813,
1403637213488318976,6.39157,-5.12763,-0.21035,0.14375,0.79489,-0.21913,0.54723,1.34838,-0.88933,0.03413,
1403637213588318976,6.52409,-5.21633,-0.20977,0.15151,0.79393,-0.21350,0.54875,1.33424,-0.87626,-0.01201,
1403637213688318976,6.65661,-5.30283,-0.21535,0.16132,0.79599,-0.20626,0.54574,1.31707,-0.83678,-0.08261,
1403637213788319232,6.78945,-5.38436,-0.22755,0.16680,0.79853,-0.20205,0.54194,1.31987,-0.77415,-0.14257,
1403637213888318976,6.92585,-5.46162,-0.24479,0.16908,0.79995,-0.19928,0.54017,1.34687,-0.72732,-0.18873,
1403637213988318976,7.06323,-5.53292,-0.26333,0.17008,0.79951,-0.19725,0.54125,1.39923,-0.66821,-0.13818,
1403637214088318976,7.20843,-5.59746,-0.27589,0.16472,0.79566,-0.19388,0.54973,1.43854,-0.59210,-0.09269,
1403637214188318976,7.35127,-5.65374,-0.27904,0.15124,0.79279,-0.19028,0.55894,1.43739,-0.52982,0.00239,
1403637214288319232,7.49734,-5.70503,-0.27566,0.14183,0.79159,-0.17865,0.56689,1.42765,-0.48413,0.08390,
1403637214388318976,7.63813,-5.74853,-0.26666,0.13435,0.79075,-0.15855,0.57578,1.37876,-0.41002,0.13499,
1403637214488318976,7.77271,-5.78415,-0.25332,0.12982,0.79283,-0.12989,0.58112,1.30942,-0.31913,0.17404,
1403637214588318976,7.90026,-5.80866,-0.23484,0.12655,0.79454,-0.10028,0.58535,1.24051,-0.20388,0.23485,
1403637214688318976,8.02153,-5.82123,-0.21019,0.12661,0.79390,-0.07435,0.59006,1.20157,-0.08345,0.28196,
1403637214788319232,8.13591,-5.81945,-0.18099,0.12788,0.79267,-0.05517,0.59353,1.14244,0.07383,0.32697,
1403637214888318976,8.24274,-5.80036,-0.14903,0.12402,0.79280,-0.04689,0.59488,1.08031,0.24592,0.30662,
1403637214988318976,8.34344,-5.76427,-0.12149,0.12092,0.79156,-0.04351,0.59742,1.00313,0.40013,0.24816,
1403637215088318976,8.43830,-5.71410,-0.09831,0.11901,0.78922,-0.04290,0.60093,0.91500,0.54546,0.20184,
1403637215188318976,8.52913,-5.65033,-0.08118,0.11806,0.78616,-0.04410,0.60504,0.85989,0.69236,0.14697,
1403637215288319232,8.61510,-5.57233,-0.06893,0.11081,0.78415,-0.04726,0.60877,0.78717,0.84113,0.09399,
1403637215388318976,8.69206,-5.48100,-0.06105,0.09823,0.78046,-0.04654,0.61568,0.69549,0.96760,0.04795,
1403637215488318976,8.75774,-5.37715,-0.05257,0.07895,0.77351,-0.04163,0.62747,0.56052,1.08377,0.09253,
1403637215588318976,8.80863,-5.26370,-0.04169,0.06126,0.77047,-0.02915,0.63386,0.41180,1.16406,0.12844,
1403637215688318976,8.84364,-5.14238,-0.02622,0.04332,0.77288,-0.01021,0.63299,0.23831,1.23794,0.18478,
1403637215788319232,8.86259,-5.01547,-0.00754,0.02418,0.78295,0.01089,0.62152,0.11486,1.29622,0.23731,
1403637215888318976,8.86707,-4.88391,0.01678,0.00444,0.79155,0.03109,0.61030,0.00614,1.33002,0.30803,
1403637215988318976,8.85998,-4.74998,0.04738,-0.01448,0.79712,0.04559,0.60192,-0.09954,1.33811,0.37653,
1403637216088318976,8.84551,-4.61473,0.08354,-0.03359,0.79907,0.05838,0.59746,-0.17357,1.33689,0.40190,
1403637216188318976,8.82514,-4.47953,0.11809,-0.04963,0.79882,0.06953,0.59548,-0.22663,1.32080,0.34927,
1403637216288319232,8.79961,-4.34693,0.14682,-0.06201,0.79763,0.07521,0.59522,-0.28790,1.27726,0.28030,
1403637216388318976,8.77030,-4.21792,0.16894,-0.06848,0.79391,0.07837,0.59906,-0.33581,1.24033,0.22053,
1403637216488318976,8.73591,-4.09283,0.18491,-0.07064,0.78832,0.08006,0.60593,-0.40199,1.18971,0.15443,
1403637216588318976,8.69664,-3.97076,0.19510,-0.07347,0.78423,0.07791,0.61116,-0.47084,1.14830,0.10558,
1403637216688318976,8.64820,-3.85440,0.20200,-0.07773,0.77996,0.07288,0.61669,-0.57162,1.09285,0.07334,
1403637216788319232,8.58848,-3.74513,0.20595,-0.07825,0.77386,0.06919,0.62469,-0.66739,1.02337,0.08046,
1403637216888318976,8.51744,-3.64317,0.21392,-0.07408,0.76878,0.06821,0.63154,-0.77987,0.95880,0.13695,
1403637216988318976,8.43189,-3.55007,0.22855,-0.06932,0.76848,0.06719,0.63255,-0.93809,0.89005,0.18862,
1403637217088318976,8.33122,-3.46301,0.24550,-0.07509,0.77583,0.06022,0.62355,-1.07768,0.82723,0.18014,
1403637217188318976,8.21916,-3.38224,0.26144,-0.08456,0.78161,0.05020,0.61597,-1.16545,0.74913,0.13101,
1403637217288319232,8.10037,-3.31068,0.26918,-0.09228,0.78422,0.04130,0.61220,-1.23304,0.64601,0.05110,
1403637217388318976,7.97490,-3.24958,0.26857,-0.09675,0.78608,0.03464,0.60952,-1.28974,0.53777,-0.03235,
1403637217488318976,7.84356,-3.19926,0.26120,-0.09857,0.78709,0.03043,0.60815,-1.34665,0.42124,-0.09425,
1403637217588318976,7.70677,-3.16188,0.24944,-0.09758,0.78447,0.03570,0.61141,-1.39458,0.30875,-0.12299,
1403637217688318976,7.56439,-3.13648,0.23596,-0.08982,0.77880,0.05501,0.61836,-1.45245,0.21647,-0.11654,
1403637217788319232,7.41411,-3.11651,0.22372,-0.08171,0.77154,0.08531,0.62512,-1.56176,0.16941,-0.08520,
1403637217888318976,7.25219,-3.09901,0.21623,-0.08581,0.76904,0.11460,0.62296,-1.66828,0.14452,-0.03978,
1403637217988318976,7.07806,-3.08305,0.21341,-0.09494,0.76927,0.13577,0.61706,-1.78767,0.12377,0.02342,
1403637218088318976,6.89292,-3.06857,0.21531,-0.10592,0.77143,0.14928,0.60941,-1.87732,0.10088,0.04970,
1403637218188318976,6.69980,-3.05701,0.21728,-0.11305,0.77270,0.15900,0.60404,-1.94531,0.07185,-0.00377,
1403637218288319232,6.50187,-3.04719,0.21388,-0.11725,0.77340,0.16525,0.60066,-1.99941,0.06080,-0.05226,
1403637218388318976,6.29882,-3.04004,0.20431,-0.11847,0.77267,0.16921,0.60027,-2.05613,0.04417,-0.11591,
1403637218488318976,6.08927,-3.03513,0.19132,-0.11939,0.77179,0.17038,0.60089,-2.12818,0.02060,-0.12603,
1403637218588318976,5.87396,-3.03107,0.17994,-0.11835,0.77192,0.17074,0.60081,-2.16174,0.01460,-0.09259,
1403637218688318976,5.65591,-3.02946,0.17438,-0.11545,0.77537,0.17082,0.59691,-2.21497,0.00950,-0.03439,
1403637218788319232,5.42995,-3.02093,0.17152,-0.11555,0.77959,0.16761,0.59228,-2.27467,0.00103,-0.08105,
1403637218888318976,5.20126,-3.01445,0.15584,-0.10570,0.78186,0.17109,0.59013,-2.28575,0.01467,-0.25765,
1403637218988318976,4.96959,-3.00780,0.12280,-0.09660,0.78169,0.17511,0.59073,-2.32764,0.03103,-0.39864,
1403637219088318976,4.73505,-2.99820,0.08322,-0.09128,0.78184,0.17712,0.59078,-2.35554,0.08004,-0.44727,
1403637219188318976,4.49680,-2.98597,0.04354,-0.09028,0.78210,0.17704,0.59062,-2.38775,0.11985,-0.39948,
1403637219288319232,4.25266,-2.96822,0.01134,-0.09154,0.78369,0.17489,0.58896,-2.46577,0.16130,-0.33541,
1403637219388318976,4.00419,-2.94634,-0.01394,-0.09274,0.78599,0.17250,0.58639,-2.49826,0.19981,-0.27976,
1403637219488318976,3.75423,-2.91945,-0.03235,-0.09457,0.79274,0.17041,0.57756,-2.50877,0.24838,-0.21122,
1403637219588318976,3.50446,-2.88856,-0.04178,-0.09471,0.80219,0.16900,0.56477,-2.51406,0.28400,-0.15105,
1403637219688318976,3.25796,-2.85549,-0.04612,-0.09480,0.80937,0.16738,0.55490,-2.47616,0.32438,-0.06716,
1403637219788319232,3.01756,-2.81836,-0.04143,-0.09529,0.81281,0.16563,0.55030,-2.38900,0.36905,0.00637,
1403637219888318976,2.78994,-2.77493,-0.02769,-0.09462,0.81622,0.16559,0.54535,-2.28292,0.42692,0.10596,
1403637219988318976,2.57588,-2.72732,-0.00544,-0.09507,0.81638,0.16499,0.54523,-2.19131,0.47756,0.20532,
1403637220088318976,2.37167,-2.67803,0.02420,-0.09594,0.81762,0.16436,0.54340,-2.07275,0.52086,0.30666,
1403637220188318976,2.17379,-2.62377,0.05992,-0.09614,0.81801,0.16439,0.54276,-1.99697,0.56880,0.33904,
1403637220288319232,1.98046,-2.56374,0.10118,-0.10177,0.81740,0.15976,0.54404,-1.91157,0.60064,0.43306,
1403637220388318976,1.79454,-2.50137,0.14994,-0.11138,0.81585,0.15211,0.54667,-1.84993,0.60563,0.49316,
1403637220488318976,1.61336,-2.43962,0.19716,-0.11757,0.81408,0.14623,0.54961,-1.78499,0.59113,0.42317,
1403637220588318976,1.44159,-2.38148,0.24063,-0.12304,0.81154,0.14111,0.55349,-1.71167,0.56814,0.37626,
1403637220688318976,1.27504,-2.32641,0.27730,-0.12203,0.81201,0.14125,0.55298,-1.65822,0.54094,0.31924,
1403637220788319232,1.11258,-2.27444,0.30809,-0.12012,0.81266,0.14191,0.55228,-1.59382,0.51586,0.26284,
1403637220888318976,0.95689,-2.22578,0.33261,-0.11895,0.81358,0.14234,0.55107,-1.51897,0.47679,0.21282,
1403637220988318976,0.80718,-2.18011,0.35168,-0.11783,0.81508,0.14114,0.54940,-1.46262,0.44526,0.14862,
1403637221088318976,0.66417,-2.13892,0.36458,-0.11250,0.81849,0.13690,0.54652,-1.38651,0.41394,0.08509,
1403637221188318976,0.52853,-2.09914,0.37024,-0.10361,0.82264,0.12864,0.54405,-1.29999,0.38579,0.03091,
1403637221288319232,0.40117,-2.06410,0.36969,-0.09240,0.82556,0.11717,0.54423,-1.22425,0.36476,-0.03222,
1403637221388318976,0.28252,-2.03183,0.36320,-0.08473,0.82755,0.10527,0.54488,-1.15234,0.36188,-0.08469,
1403637221488318976,0.16790,-1.99717,0.35403,-0.07911,0.82838,0.09592,0.54620,-1.07284,0.35008,-0.13389,
1403637221588318976,0.06012,-1.96361,0.34007,-0.07635,0.82999,0.08806,0.54547,-1.00283,0.33102,-0.17203,
1403637221688318976,-0.04439,-1.93233,0.32344,-0.07296,0.83142,0.08268,0.54460,-0.92888,0.32279,-0.22265,
1403637221788319232,-0.13818,-1.90283,0.30334,-0.07134,0.83204,0.07804,0.54454,-0.84914,0.29763,-0.25577,
1403637221888318976,-0.22507,-1.87632,0.27809,-0.06875,0.83353,0.07119,0.54354,-0.76973,0.26326,-0.29498,
1403637221988318976,-0.29810,-1.85118,0.24698,-0.06168,0.83518,0.05926,0.54328,-0.68306,0.23240,-0.32368,
1403637222088318976,-0.36485,-1.83296,0.21304,-0.04980,0.83681,0.04232,0.54358,-0.60164,0.19052,-0.36755,
1403637222188318976,-0.42065,-1.81925,0.17522,-0.03583,0.83779,0.02228,0.54437,-0.53771,0.15052,-0.38092,
1403637222288319232,-0.46954,-1.80622,0.13559,-0.02208,0.83472,0.00503,0.55021,-0.46249,0.13373,-0.40778,
1403637222388318976,-0.51331,-1.79495,0.09290,-0.01292,0.82766,-0.00882,0.56102,-0.41660,0.11430,-0.40845,
1403637222488318976,-0.55182,-1.78480,0.05339,-0.00491,0.82093,-0.01776,0.57074,-0.39032,0.10371,-0.33467,
1403637222588318976,-0.58579,-1.77703,0.02094,-0.00127,0.81835,-0.02476,0.57418,-0.38585,0.07742,-0.26714,
1403637222688318976,-0.62232,-1.76917,-0.00312,0.00349,0.81745,-0.02701,0.57535,-0.37416,0.06698,-0.18213,
1403637222788319232,-0.65645,-1.76258,-0.01854,0.00486,0.82037,-0.02861,0.57109,-0.36377,0.05169,-0.11592,
1403637222888318976,-0.68646,-1.75871,-0.02679,0.00435,0.82606,-0.02868,0.56284,-0.32326,0.04155,-0.02990,
1403637222988318976,-0.71561,-1.75431,-0.02541,0.00386,0.83224,-0.02766,0.55371,-0.28057,0.02446,0.05196,
1403637223088318976,-0.73475,-1.75222,-0.01858,0.00259,0.83569,-0.02621,0.54857,-0.22266,0.00318,0.12791,
1403637223188318976,-0.74607,-1.75165,-0.00093,0.00186,0.83595,-0.02408,0.54827,-0.13373,-0.01112,0.21591,
1403637223288319232,-0.75085,-1.75329,0.02794,0.00210,0.83275,-0.02081,0.55326,-0.06435,-0.02314,0.30754,
1403637223388318976,-0.74793,-1.75501,0.06394,0.00248,0.82767,-0.01674,0.56096,-0.00041,-0.02668,0.36949,
1403637223488318976,-0.74058,-1.75712,0.10553,0.00183,0.82377,-0.01371,0.56675,0.03801,-0.02554,0.42412,
1403637223588318976,-0.72901,-1.75799,0.14512,0.00204,0.82087,-0.01163,0.57099,0.06497,-0.02803,0.38765,
1403637223688318976,-0.71782,-1.75764,0.17854,0.00231,0.81926,-0.01043,0.57332,0.07761,-0.02131,0.31051,
1403637223788319232,-0.70686,-1.75795,0.20535,0.00268,0.81849,-0.00956,0.57444,0.09028,-0.01123,0.23841,
1403637223888318976,-0.69754,-1.75908,0.22621,0.00332,0.81752,-0.00880,0.57582,0.09633,-0.00924,0.17945,
1403637223988318976,-0.68632,-1.75791,0.23918,0.00423,0.81714,-0.00839,0.57637,0.09106,-0.00296,0.10278,
1403637224088318976,-0.67808,-1.75784,0.24560,0.00426,0.81702,-0.00867,0.57652,0.08372,0.00555,0.04275,
1403637224188318976,-0.66958,-1.75701,0.24588,0.00542,0.81649,-0.00818,0.57728,0.08529,0.02162,-0.02640,
1403637224288319232,-0.66187,-1.75538,0.23955,0.00680,0.81558,-0.00747,0.57855,0.06432,0.02610,-0.09247,
1403637224388318976,-0.65569,-1.75312,0.22815,0.00724,0.81538,-0.00708,0.57884,0.05401,0.03621,-0.13853,
1403637224488318976,-0.65016,-1.74927,0.21204,0.00895,0.81514,-0.00616,0.57916,0.04782,0.05545,-0.18763,
1403637224588318976,-0.64534,-1.74473,0.19050,0.00877,0.81446,-0.00643,0.58011,0.03877,0.06775,-0.20322,
1403637224688318976,-0.64243,-1.73935,0.17260,0.00237,0.81382,-0.01051,0.58102,0.01708,0.07347,-0.14789,
1403637224788319232,-0.64121,-1.73413,0.16078,-0.00282,0.81492,-0.01401,0.57940,-0.02329,0.05218,-0.08930,
1403637224888318976,-0.64165,-1.73032,0.15580,-0.00039,0.81452,-0.01249,0.58000,-0.03531,0.02990,-0.05758,
1403637224988318976,-0.64200,-1.72641,0.14777,0.00470,0.81398,-0.00922,0.58080,-0.04490,0.03603,-0.12808,
1403637225088318976,-0.64381,-1.72169,0.13363,0.00737,0.81397,-0.00728,0.58082,-0.05512,0.04620,-0.17082,
1403637225188318976,-0.64667,-1.71528,0.11446,0.00831,0.81287,-0.00611,0.58235,-0.07340,0.05673,-0.23454,
1403637225288319232,-0.65126,-1.70786,0.09037,0.00745,0.81253,-0.00540,0.58284,-0.07736,0.08117,-0.23125,
1403637225388318976,-0.65788,-1.69890,0.06866,0.00780,0.81140,-0.00416,0.58442,-0.08843,0.09628,-0.17671,
1403637225488318976,-0.66839,-1.68810,0.05352,0.00757,0.81026,-0.00315,0.58601,-0.15201,0.10781,-0.09398,
1403637225588318976,-0.68218,-1.67592,0.04767,0.00740,0.81134,-0.00179,0.58453,-0.17431,0.12627,-0.02444,
1403637225688318976,-0.69661,-1.66094,0.04917,0.00715,0.81482,-0.00128,0.57967,-0.17155,0.14829,0.06246,
1403637225788319232,-0.71174,-1.64380,0.05830,0.00788,0.81829,-0.00038,0.57475,-0.15386,0.16483,0.13893,
1403637225888318976,-0.72329,-1.62317,0.07566,0.00715,0.82184,-0.00057,0.56967,-0.12482,0.19711,0.25128,
1403637225988318976,-0.73744,-1.60249,0.10424,0.00665,0.81830,-0.00020,0.57475,-0.11419,0.20903,0.32643,
1403637226088318976,-0.74794,-1.57820,0.13610,0.00620,0.81411,0.00007,0.58068,-0.12259,0.22755,0.31034,
1403637226188318976,-0.76132,-1.55289,0.16241,0.00606,0.81140,-0.00005,0.58446,-0.13645,0.24808,0.24633,
1403637226288319232,-0.77777,-1.52582,0.18124,0.00702,0.81129,0.00041,0.58460,-0.16863,0.26086,0.16869,
1403637226388318976,-0.79638,-1.49874,0.19439,0.00823,0.81636,0.00119,0.57748,-0.18949,0.27854,0.11296,
1403637226488318976,-0.81661,-1.46865,0.20084,0.00861,0.82374,0.00102,0.56690,-0.19078,0.29789,0.06158,
1403637226588318976,-0.83425,-1.43741,0.20561,0.01034,0.82792,0.00230,0.56074,-0.15779,0.31944,0.03558,
1403637226688318976,-0.84977,-1.40356,0.20619,0.01014,0.82939,0.00184,0.55857,-0.13963,0.34198,-0.01285,
1403637226788319232,-0.86101,-1.36817,0.20306,0.00835,0.83024,0.00115,0.55734,-0.09842,0.35546,-0.05629,
1403637226888318976,-0.86594,-1.32822,0.19487,0.00658,0.82983,-0.00086,0.55797,-0.04851,0.38153,-0.09693,
1403637226988318976,-0.86740,-1.28944,0.18536,-0.00056,0.82840,-0.00686,0.56010,0.00482,0.38716,-0.12437,
1403637227088318976,-0.86302,-1.24944,0.17375,-0.01343,0.82567,-0.01690,0.56374,0.04784,0.36350,-0.09993,
1403637227188318976,-0.85818,-1.21618,0.16742,-0.02075,0.82350,-0.02342,0.56645,0.07431,0.30901,-0.02478,
1403637227288319232,-0.85228,-1.18920,0.17019,-0.01671,0.82252,-0.02193,0.56807,0.06222,0.25107,0.05277,
1403637227388318976,-0.84567,-1.16750,0.17954,-0.00848,0.82282,-0.01781,0.56796,0.09703,0.20588,0.08268,
1403637227488318976,-0.83691,-1.14935,0.18764,-0.00304,0.82414,-0.01512,0.56617,0.11196,0.18159,0.03312,
1403637227588318976,-0.82936,-1.13317,0.19114,-0.00290,0.82495,-0.01669,0.56495,0.11711,0.16623,-0.02486,
1403637227688318976,-0.81750,-1.11845,0.18748,-0.00712,0.82539,-0.02094,0.56413,0.14121,0.13997,-0.07550,
1403637227788319232,-0.80430,-1.10722,0.18001,-0.01114,0.82544,-0.02447,0.56386,0.15740,0.09915,-0.10937,
1403637227888318976,-0.78933,-1.09954,0.16996,-0.00762,0.82264,-0.02256,0.56807,0.17093,0.06620,-0.12073,
1403637227988318976,-0.77290,-1.09434,0.15686,-0.00076,0.81669,-0.01768,0.57680,0.16155,0.04613,-0.15655,
1403637228088318976,-0.75743,-1.09016,0.14043,0.00414,0.81229,-0.01330,0.58308,0.14620,0.04515,-0.18121,
1403637228188318976,-0.74632,-1.08679,0.12385,0.00402,0.80943,-0.01137,0.58709,0.11378,0.04851,-0.16364,
1403637228288319232,-0.73662,-1.08186,0.11132,0.00401,0.80780,-0.00963,0.58936,0.07290,0.05044,-0.08890,
1403637228388318976,-0.72936,-1.07788,0.10613,0.00493,0.80737,-0.00768,0.58998,0.03641,0.04787,-0.01713,
1403637228488318976,-0.72736,-1.07192,0.10849,0.00702,0.80637,-0.00535,0.59135,-0.00912,0.06397,0.04891,
1403637228588318976,-0.73012,-1.06424,0.11828,0.01017,0.80542,-0.00214,0.59261,-0.04777,0.07728,0.10236,
1403637228688318976,-0.73731,-1.05438,0.13394,0.01087,0.80759,-0.00133,0.58965,-0.09495,0.10440,0.13350,
1403637228788319232,-0.74898,-1.04193,0.14792,0.00641,0.81310,-0.00466,0.58207,-0.11949,0.13573,0.09829,
1403637228888318976,-0.76103,-1.02834,0.15689,0.00134,0.81776,-0.00902,0.57549,-0.12176,0.13777,0.06317,
1403637228988318976,-0.77308,-1.01509,0.16225,0.00449,0.81767,-0.00784,0.57561,-0.12338,0.13685,0.03603,
1403637229088318976,-0.78612,-1.00031,0.16381,0.00865,0.81484,-0.00519,0.57960,-0.13423,0.14868,-0.00703,
1403637229188318976,-0.80084,-0.98455,0.16240,0.01221,0.81181,-0.00279,0.58379,-0.15527,0.16666,-0.04777,
1403637229288319232,-0.81673,-0.96642,0.15432,0.01494,0.81115,-0.00315,0.58463,-0.16974,0.18947,-0.09213,
1403637229388318976,-0.83604,-0.94759,0.14070,0.01730,0.81379,-0.01162,0.58078,-0.20414,0.19450,-0.16143,
1403637229488318976,-0.85858,-0.92796,0.12262,0.01454,0.82093,-0.03338,0.56986,-0.24329,0.19027,-0.19721,
1403637229588318976,-0.88161,-0.91022,0.10301,0.01255,0.82622,-0.06325,0.55964,-0.21906,0.15110,-0.20913,
1403637229688318976,-0.89953,-0.89874,0.08114,0.01756,0.82799,-0.09540,0.55228,-0.17538,0.07801,-0.21771,
1403637229788319232,-0.91232,-0.89750,0.05827,0.04009,0.82520,-0.11875,0.55076,-0.12366,-0.02001,-0.21457,
1403637229888318976,-0.92096,-0.90371,0.03685,0.07340,0.81672,-0.13588,0.55598,-0.09074,-0.07156,-0.21699,
1403637229988318976,-0.92706,-0.91161,0.01242,0.10392,0.80710,-0.15472,0.56023,-0.05373,-0.08663,-0.24817,
1403637230088318976,-0.93334,-0.91839,-0.01355,0.12329,0.80252,-0.17941,0.55550,-0.06829,-0.05576,-0.22921,
1403637230188318976,-0.93938,-0.92405,-0.03514,0.13493,0.80112,-0.20517,0.54581,-0.03833,-0.05758,-0.17622,
1403637230288319232,-0.94097,-0.92971,-0.04702,0.14695,0.79939,-0.22156,0.53879,0.01373,-0.06390,-0.07993,
1403637230388318976,-0.93679,-0.93537,-0.04990,0.15600,0.79498,-0.23085,0.53887,0.06940,-0.06413,0.00663,
1403637230488318976,-0.92800,-0.94129,-0.04202,0.16534,0.78653,-0.23396,0.54708,0.10283,-0.05525,0.09313,
1403637230588318976,-0.91768,-0.94486,-0.02636,0.17404,0.77695,-0.23687,0.55674,0.10410,-0.04462,0.16092,
1403637230688318976,-0.91073,-0.94626,-0.00547,0.18029,0.76801,-0.24849,0.56207,0.06715,-0.01890,0.21065,
1403637230788319232,-0.90920,-0.94594,0.01719,0.18377,0.76481,-0.26833,0.55614,0.02452,0.00939,0.23070,
1403637230888318976,-0.91247,-0.94492,0.03893,0.18670,0.76506,-0.29554,0.54082,-0.01173,-0.00684,0.18192,
1403637230988318976,-0.91703,-0.94722,0.05530,0.19526,0.76186,-0.32460,0.52542,-0.03875,-0.04240,0.12742,
1403637231088318976,-0.92312,-0.95421,0.06658,0.21006,0.75334,-0.35428,0.51268,-0.05648,-0.08117,0.04382,
1403637231188318976,-0.93088,-0.96647,0.06517,0.22733,0.73959,-0.38594,0.50237,-0.06313,-0.14975,-0.10942,
1403637231288319232,-0.93908,-0.98475,0.04836,0.24644,0.72141,-0.41908,0.49316,-0.08006,-0.19875,-0.26939,
1403637231388318976,-0.94860,-1.00797,0.01743,0.26888,0.69878,-0.45178,0.48508,-0.10176,-0.24354,-0.40895,
1403637231488318976,-0.96074,-1.03625,-0.03000,0.28863,0.67371,-0.48661,0.47541,-0.13367,-0.27948,-0.57909,
1403637231588318976,-0.97719,-1.06911,-0.09391,0.30469,0.64866,-0.52364,0.46065,-0.18909,-0.31866,-0.70489,
1403637231688318976,-0.99962,-1.10676,-0.16434,0.32667,0.62512,-0.55394,0.44233,-0.24814,-0.37460,-0.67547,
1403637231788319232,-1.02579,-1.15222,-0.22792,0.34712,0.59990,-0.58000,0.42805,-0.28879,-0.45314,-0.61007,
1403637231888318976,-1.05587,-1.20516,-0.28333,-0.36239,-0.57871,0.60348,-0.41181,-0.33885,-0.49963,-0.52206,
1403637231988318976,-1.09038,-1.26399,-0.32782,-0.37416,-0.55758,0.62437,-0.39909,-0.39291,-0.58687,-0.39709,
1403637232088318976,-1.13326,-1.32973,-0.35835,-0.39321,-0.52916,0.63793,-0.39801,-0.47206,-0.65674,-0.26078,
1403637232188318976,-1.18343,-1.39644,-0.38153,-0.41109,-0.50143,0.64995,-0.39642,-0.55094,-0.61624,-0.19823,
1403637232288319232,-1.24116,-1.46118,-0.39977,-0.42675,-0.48179,0.66090,-0.38597,-0.62818,-0.59877,-0.12788,
1403637232388318976,-1.30603,-1.52240,-0.41022,-0.44569,-0.46469,0.66854,-0.37214,-0.69351,-0.57148,-0.06213,
1403637232488318976,-1.37725,-1.57927,-0.41636,-0.45857,-0.44535,0.67966,-0.35977,-0.73602,-0.51751,-0.04139,
1403637232588318976,-1.45238,-1.62945,-0.41850,-0.45566,-0.42288,0.70136,-0.34877,-0.78712,-0.46303,0.00952,
1403637232688318976,-1.53461,-1.67292,-0.41394,-0.45209,-0.39983,0.72311,-0.33595,-0.87221,-0.42720,0.07003,
1403637232788319232,-1.62615,-1.70924,-0.40348,-0.44790,-0.37874,0.74330,-0.32162,-0.97784,-0.36275,0.12447,
1403637232888318976,-1.73022,-1.74135,-0.38628,-0.44557,-0.36776,0.75783,-0.30318,-1.10476,-0.36249,0.19502,
1403637232988318976,-1.84831,-1.77463,-0.36339,-0.44439,-0.36386,0.76710,-0.28581,-1.22841,-0.36888,0.23898,
1403637233088318976,-1.97831,-1.81151,-0.33523,-0.44398,-0.36479,0.77227,-0.27093,-1.34840,-0.41622,0.28949,
1403637233188318976,-2.11878,-1.85397,-0.30763,-0.44045,-0.36867,0.77647,-0.25918,-1.44949,-0.46716,0.25030,
1403637233288319232,-2.26806,-1.90335,-0.28431,-0.43564,-0.37305,0.77961,-0.25153,-1.54751,-0.54243,0.18572,
1403637233388318976,-2.42761,-1.96206,-0.26732,-0.42893,-0.37796,0.78251,-0.24667,-1.65402,-0.64982,0.10631,
1403637233488318976,-2.59783,-2.03128,-0.26329,-0.42975,-0.38747,0.78003,-0.23819,-1.75549,-0.75165,-0.01050,
1403637233588318976,-2.77488,-2.11076,-0.27058,-0.45297,-0.40616,0.76192,-0.22211,-1.80860,-0.86008,-0.10101,
1403637233688318976,-2.95310,-2.20348,-0.29145,-0.48765,-0.42380,0.73465,-0.20709,-1.79077,-1.01362,-0.22755,
1403637233788319232,-3.12177,-2.30992,-0.32240,0.51638,0.43621,-0.71051,0.19560,-1.67238,-1.14522,-0.30268,
1403637233888318976,-3.27393,-2.42850,-0.36012,0.53335,0.44268,-0.69576,0.18838,-1.49239,-1.27367,-0.34949,
1403637233988318976,-3.40495,-2.56071,-0.40275,0.54125,0.44709,-0.68848,0.18208,-1.26431,-1.40232,-0.39734,
1403637234088318976,-3.51733,-2.70687,-0.44662,0.55123,0.45159,-0.67915,0.17599,-1.03174,-1.51818,-0.43099,
1403637234188318976,-3.60769,-2.86519,-0.49279,0.56235,0.45540,-0.66928,0.16862,-0.75206,-1.64017,-0.45679,
1403637234288319232,-3.67240,-3.03604,-0.54229,0.56759,0.45251,-0.66622,0.17095,-0.48430,-1.75508,-0.52287,
1403637234388318976,-3.70951,-3.21874,-0.59473,0.56743,0.44435,-0.66836,0.18405,-0.21367,-1.86853,-0.54384,
1403637234488318976,-3.72057,-3.41047,-0.64857,0.56272,0.43715,-0.67079,0.20564,0.04016,-1.94274,-0.55404,
1403637234588318976,-3.70848,-3.60715,-0.70434,0.55678,0.43275,-0.67017,0.23150,0.25413,-1.97390,-0.58743,
1403637234688318976,-3.67603,-3.80438,-0.76311,0.55008,0.43347,-0.66659,0.25528,0.42670,-1.95700,-0.62535,
1403637234788319232,-3.62618,-3.99828,-0.82662,0.53854,0.43625,-0.66402,0.28059,0.57296,-1.92063,-0.67631,
1403637234888318976,-3.56178,-4.18519,-0.89160,0.52387,0.44047,-0.66173,0.30604,0.69911,-1.84625,-0.64614,
1403637234988318976,-3.48617,-4.36258,-0.95176,0.51060,0.44842,-0.65616,0.32812,0.76346,-1.74941,-0.56880,
1403637235088318976,-3.40498,-4.53039,-1.00482,0.50316,0.46335,-0.64527,0.34024,0.82364,-1.65978,-0.50657,
1403637235188318976,-3.31766,-4.68872,-1.04969,-0.49581,-0.48011,0.63297,-0.35074,0.88271,-1.56727,-0.41493,
1403637235288319232,-3.22466,-4.83488,-1.08628,-0.48725,-0.49543,0.62395,-0.35753,0.93813,-1.43827,-0.35169,
1403637235388318976,-3.12714,-4.96927,-1.11788,-0.47356,-0.51033,0.62354,-0.35568,0.97965,-1.36327,-0.30307,
1403637235488318976,-3.02479,-5.09744,-1.14540,-0.45589,-0.52399,0.62697,-0.35286,1.03208,-1.31739,-0.24426,
1403637235588318976,-2.91898,-5.22394,-1.16513,-0.44291,-0.53692,0.62569,-0.35223,1.05675,-1.30129,-0.16377,
1403637235688318976,-2.81014,-5.34990,-1.17590,-0.43679,-0.54720,0.61800,-0.35758,1.09543,-1.28814,-0.06741,
1403637235788319232,-2.69831,-5.47899,-1.17668,-0.44246,-0.55723,0.60000,-0.36567,1.13094,-1.28597,0.03203,
1403637235888318976,-2.58021,-5.60605,-1.16888,-0.45558,-0.56981,0.57424,-0.37150,1.21554,-1.25248,0.10005,
1403637235988318976,-2.45113,-5.72784,-1.15632,0.46119,0.58601,-0.55207,0.37298,1.33929,-1.19459,0.14479,
1403637236088318976,-2.30806,-5.84512,-1.13894,0.46008,0.60151,-0.53362,0.37651,1.49372,-1.11103,0.20922,
1403637236188318976,-2.15047,-5.95391,-1.11561,0.45404,0.61677,-0.51797,0.38099,1.64770,-1.03625,0.27240,
1403637236288319232,-1.97745,-6.05243,-1.08349,0.44618,0.62927,-0.50315,0.38958,1.81051,-0.94313,0.34611,
1403637236388318976,-1.78888,-6.14101,-1.04448,0.43461,0.63975,-0.49040,0.40167,1.96116,-0.83442,0.39494,
1403637236488318976,-1.58598,-6.22249,-0.99913,0.42077,0.64636,-0.48171,0.41610,2.08988,-0.77388,0.44955,
1403637236588318976,-1.37233,-6.30081,-0.95205,0.41104,0.64947,-0.47545,0.42799,2.16989,-0.70823,0.42153,
1403637236688318976,-1.15119,-6.37257,-0.90906,0.40849,0.64976,-0.46791,0.43820,2.24402,-0.62253,0.36447,
1403637236788319232,-0.92155,-6.43311,-0.86917,0.40726,0.64839,-0.45701,0.45262,2.32535,-0.51154,0.37113,
1403637236888318976,-0.68355,-6.48187,-0.82639,0.40224,0.64591,-0.44435,0.47282,2.39355,-0.37847,0.44364,
1403637236988318976,-0.44214,-6.51626,-0.77566,0.39978,0.64042,-0.42891,0.49606,2.40399,-0.22792,0.50140,
1403637237088318976,-0.20107,-6.53171,-0.71868,0.39864,0.63154,-0.41478,0.51981,2.39278,-0.01182,0.57009,
1403637237188318976,0.03777,-6.52517,-0.65500,0.39051,0.62550,-0.40346,0.54173,2.34995,0.21836,0.64440,
1403637237288319232,0.26795,-6.49219,-0.58597,0.37498,0.62942,-0.39533,0.55401,2.26626,0.46161,0.70160,
1403637237388318976,0.48686,-6.43373,-0.51028,0.36152,0.63675,-0.38882,0.55917,2.15093,0.69895,0.77905,
1403637237488318976,0.69271,-6.35050,-0.42889,0.35060,0.64196,-0.38390,0.56355,2.02143,0.92681,0.84093,
1403637237588318976,0.88807,-6.24653,-0.34176,0.34031,0.64526,-0.38202,0.56735,1.88196,1.14159,0.91877,
1403637237688318976,1.06519,-6.11878,-0.24950,0.32975,0.64457,-0.38255,0.57398,1.72427,1.33338,0.96543,
1403637237788319232,1.23031,-5.97527,-0.15657,0.31809,0.64407,-0.38733,0.57790,1.57406,1.48791,0.91327,
1403637237888318976,1.37995,-5.81736,-0.07195,0.30816,0.64461,-0.39890,0.57480,1.40078,1.61856,0.82452,
1403637237988318976,1.51190,-5.64600,0.00496,0.30124,0.64394,-0.41674,0.56650,1.22138,1.73647,0.72795,
1403637238088318976,1.63006,-5.46930,0.07341,0.29181,0.64000,-0.44317,0.55574,1.06192,1.77924,0.65050,
1403637238188318976,1.73477,-5.29050,0.13725,0.28486,0.62969,-0.47444,0.54521,0.88775,1.80168,0.61640,
1403637238288319232,1.82026,-5.10880,0.19662,0.28112,0.61234,-0.50862,0.53602,0.69425,1.80662,0.56205,
1403637238388318976,1.88463,-4.92814,0.25070,0.28212,0.58982,-0.54299,0.52696,0.46601,1.78715,0.51263,
1403637238488318976,1.92026,-4.74900,0.29925,-0.28895,-0.56417,0.57457,-0.51777,0.20942,1.76542,0.47358,
1403637238588318976,1.92599,-4.57256,0.34303,-0.29795,-0.54152,0.60291,-0.50446,-0.04620,1.76994,0.40846,
1403637238688318976,1.90316,-4.40102,0.38146,-0.29307,-0.52796,0.63250,-0.48509,-0.32143,1.71593,0.36530,
1403637238788319232,1.85179,-4.23803,0.41670,-0.27918,-0.52479,0.65950,-0.46011,-0.60575,1.60919,0.34122,
1403637238888318976,1.77363,-4.08869,0.45095,-0.26212,-0.52612,0.68277,-0.43395,-0.91379,1.44779,0.34278,
1403637238988318976,1.66292,-3.95793,0.48307,-0.24751,-0.53099,0.69972,-0.40887,-1.23563,1.21037,0.35532,
1403637239088318976,1.51886,-3.85342,0.51973,-0.25242,-0.53950,0.70315,-0.38832,-1.56425,0.89363,0.42303,
1403637239188318976,1.34521,-3.77696,0.56120,-0.28109,-0.54522,0.69394,-0.37705,-1.81804,0.60688,0.44201,
1403637239288319232,1.15005,-3.72190,0.60279,-0.31284,-0.54155,0.68483,-0.37399,-1.99359,0.39492,0.41714,
1403637239388318976,0.94161,-3.68588,0.63878,-0.33321,-0.53063,0.68557,-0.37067,-2.13459,0.23336,0.32517,
1403637239488318976,0.72168,-3.66585,0.66295,-0.34842,-0.51440,0.69355,-0.36468,-2.23510,0.12486,0.17535,
1403637239588318976,0.49145,-3.65797,0.67071,-0.36606,-0.49471,0.70290,-0.35664,-2.34144,0.02959,-0.01309,
1403637239688318976,0.25381,-3.65980,0.65924,-0.38508,-0.47328,0.71258,-0.34635,-2.43814,-0.05654,-0.17250,
1403637239788319232,0.00557,-3.66885,0.63547,-0.41526,-0.45030,0.71474,-0.33753,-2.51155,-0.11727,-0.29321,
1403637239888318976,-0.24804,-3.68243,0.59739,-0.45041,-0.42780,0.71278,-0.32568,-2.54378,-0.14387,-0.41990,
1403637239988318976,-0.50329,-3.69458,0.55081,-0.47789,-0.40388,0.71471,-0.31254,-2.55112,-0.13658,-0.48181,
1403637240088318976,-0.75818,-3.70615,0.49785,-0.49773,-0.37978,0.72082,-0.29740,-2.52899,-0.09888,-0.54229,
1403637240188318976,-1.00971,-3.71318,0.43956,0.50976,0.35574,-0.73146,0.28027,-2.48857,-0.05240,-0.56605,
1403637240288319232,-1.25529,-3.71788,0.37755,0.51231,0.33599,-0.74619,0.26048,-2.44872,-0.03464,-0.61675,
1403637240388318976,-1.49624,-3.72136,0.31446,0.50674,0.32609,-0.76158,0.23849,-2.41693,-0.02386,-0.58724,
1403637240488318976,-1.73310,-3.72812,0.25715,0.50030,0.32392,-0.77333,0.21618,-2.40952,-0.08151,-0.49318,
1403637240588318976,-1.96931,-3.74239,0.20810,-0.49803,-0.32156,0.77894,-0.20448,-2.39917,-0.16600,-0.41027,
1403637240688318976,-2.20381,-3.76234,0.16796,0.50058,0.32141,-0.77898,0.19827,-2.38850,-0.23542,-0.32584,
1403637240788319232,-2.43843,-3.79296,0.13643,0.50621,0.32054,-0.77588,0.19753,-2.37698,-0.33285,-0.23783,
1403637240888318976,-2.67310,-3.82955,0.11389,0.52457,0.32134,-0.76264,0.19988,-2.35033,-0.40318,-0.14332,
1403637240988318976,-2.90226,-3.87341,0.09405,0.53737,0.32247,-0.75239,0.20287,-2.27283,-0.44240,-0.15019,
1403637241088318976,-3.12445,-3.91880,0.06700,0.53549,0.32303,-0.75240,0.20686,-2.18642,-0.47280,-0.24499,
1403637241188318976,-3.33823,-3.96550,0.03099,0.53199,0.32620,-0.75310,0.20837,-2.12386,-0.49548,-0.31324,
1403637241288319232,-3.54543,-4.01559,-0.00769,0.53359,0.33320,-0.75000,0.20434,-2.06393,-0.54153,-0.35891,
1403637241388318976,-3.74223,-4.06903,-0.05059,0.53759,0.33984,-0.74531,0.20003,-1.97091,-0.57241,-0.40283,
1403637241488318976,-3.92747,-4.12547,-0.09295,0.54224,0.34667,-0.74025,0.19450,-1.85143,-0.61286,-0.36988,
1403637241588318976,-4.10158,-4.18888,-0.13020,0.55024,0.35256,-0.73266,0.19014,-1.71207,-0.68433,-0.30778,
1403637241688318976,-4.26227,-4.25852,-0.16012,0.55827,0.35362,-0.72540,0.19257,-1.57281,-0.75477,-0.24492,
1403637241788319232,-4.40784,-4.33306,-0.18343,0.56745,0.35301,-0.71746,0.19654,-1.38614,-0.78165,-0.20654,
1403637241888318976,-4.53562,-4.41063,-0.19879,0.57285,0.34663,-0.71305,0.20799,-1.19071,-0.79807,-0.11293,
1403637241988318976,-4.64632,-4.48760,-0.20756,0.57564,0.33469,-0.71046,0.22773,-1.03207,-0.77088,-0.07415,
1403637242088318976,-4.74315,-4.56008,-0.21094,0.57847,0.33059,-0.70855,0.23245,-0.89555,-0.71247,-0.02496,
1403637242188318976,-4.82254,-4.62652,-0.20884,0.57792,0.33503,-0.70979,0.22353,-0.74052,-0.66980,0.04753,
1403637242288319232,-4.88519,-4.69066,-0.20084,0.57868,0.33972,-0.70983,0.21415,-0.57399,-0.63546,0.07978,
1403637242388318976,-4.93021,-4.75287,-0.19473,0.58443,0.34513,-0.70581,0.20288,-0.40767,-0.62082,0.01633,
1403637242488318976,-4.95901,-4.81437,-0.19615,0.59193,0.34872,-0.70009,0.19464,-0.22441,-0.61566,-0.05547,
1403637242588318976,-4.96654,-4.87644,-0.20073,0.59529,0.35123,-0.69552,0.19626,0.00675,-0.62867,-0.04896,
1403637242688318976,-4.95496,-4.94169,-0.20274,0.59085,0.35743,-0.69294,0.20730,0.22818,-0.63733,-0.00559,
1403637242788319232,-4.92164,-5.00685,-0.19735,0.58194,0.36395,-0.69082,0.22727,0.42748,-0.62294,0.07550,
1403637242888318976,-4.87120,-5.06995,-0.18377,0.57663,0.36785,-0.68641,0.24704,0.59455,-0.57003,0.13961,
1403637242988318976,-4.80535,-5.12660,-0.16529,0.57666,0.37346,-0.67936,0.25780,0.72477,-0.52497,0.18899,
1403637243088318976,-4.72747,-5.17898,-0.14728,0.57456,0.38256,-0.67637,0.25701,0.85608,-0.45861,0.14560,
1403637243188318976,-4.63497,-5.22393,-0.13754,0.56828,0.39006,-0.67855,0.25394,0.99660,-0.41558,0.05115,
1403637243288319232,-4.52995,-5.26482,-0.13520,0.55728,0.39251,-0.68558,0.25565,1.10914,-0.38369,-0.00636,
1403637243388318976,-4.41412,-5.30289,-0.14016,0.54963,0.39252,-0.69079,0.25816,1.21184,-0.34640,-0.07427,
1403637243488318976,-4.28777,-5.33783,-0.14753,0.54644,0.39088,-0.69339,0.26046,1.31374,-0.31043,-0.04980,
1403637243588318976,-4.15160,-5.37181,-0.15127,0.53900,0.38879,-0.69941,0.26296,1.40012,-0.28934,-0.02719,
1403637243688318976,-4.00878,-5.40381,-0.14773,0.52779,0.38669,-0.70841,0.26470,1.44373,-0.28815,0.08428,
1403637243788319232,-3.86363,-5.43493,-0.13452,0.51645,0.38124,-0.71773,0.26981,1.45430,-0.29194,0.15722,
1403637243888318976,-3.71925,-5.46257,-0.11275,0.50287,0.37410,-0.72836,0.27689,1.43225,-0.25982,0.25439,
1403637243988318976,-3.57871,-5.48625,-0.08061,-0.49629,-0.36925,0.73388,-0.28067,1.38263,-0.22705,0.36637,
1403637244088318976,-3.44489,-5.50785,-0.03850,-0.49615,-0.36706,0.73530,-0.28007,1.31795,-0.19445,0.45545,
1403637244188318976,-3.31800,-5.52816,0.01033,-0.49887,-0.36620,0.73480,-0.27768,1.24791,-0.18662,0.51065,
1403637244288319232,-3.19750,-5.54753,0.06502,-0.49919,-0.36461,0.73565,-0.27693,1.19222,-0.17858,0.56698,
1403637244388318976,-3.08214,-5.56363,0.12326,-0.49515,-0.36479,0.73867,-0.27591,1.15607,-0.14293,0.59577,
1403637244488318976,-2.97289,-5.57957,0.18615,-0.49126,-0.37175,0.73843,-0.27421,1.08274,-0.15461,0.65124,
1403637244588318976,-2.87057,-5.59732,0.25075,-0.49117,-0.38728,0.73230,-0.26926,1.02459,-0.17606,0.62347,
1403637244688318976,-2.77165,-5.61920,0.30919,-0.48911,-0.40503,0.72515,-0.26623,0.99793,-0.21275,0.55262,
1403637244788319232,-2.67553,-5.64627,0.36102,-0.48545,-0.41921,0.71894,-0.26783,0.97789,-0.26140,0.48014,
1403637244888318976,-2.58095,-5.67876,0.40717,-0.48190,-0.42897,0.71436,-0.27101,0.95516,-0.31914,0.43416,
1403637244988318976,-2.48864,-5.71753,0.44687,-0.47509,-0.43444,0.71376,-0.27584,0.93259,-0.37963,0.37713,
1403637245088318976,-2.39783,-5.76156,0.47990,-0.45986,-0.43263,0.72144,-0.28439,0.90483,-0.42984,0.28915,
1403637245188318976,-2.31222,-5.81015,0.50727,-0.44438,-0.43073,0.73023,-0.28941,0.81119,-0.49992,0.24993,
1403637245288319232,-2.23535,-5.86477,0.53414,-0.44966,-0.43442,0.72609,-0.28616,0.71633,-0.57854,0.24714,
1403637245388318976,-2.16543,-5.92558,0.55719,-0.46010,-0.43881,0.71886,-0.28107,0.66844,-0.64788,0.20336,
1403637245488318976,-2.09903,-5.99078,0.57381,-0.46530,-0.44442,0.71259,-0.27964,0.65464,-0.71614,0.15249,
1403637245588318976,-2.03266,-6.06167,0.58547,-0.46489,-0.45254,0.70666,-0.28234,0.64678,-0.76833,0.08838,
1403637245688318976,-1.96779,-6.13739,0.59293,-0.45975,-0.46339,0.70058,-0.28825,0.64141,-0.81853,0.03763,
1403637245788319232,-1.90394,-6.22089,0.59718,-0.45821,-0.47436,0.68801,-0.30277,0.64044,-0.88480,0.01323,
1403637245888318976,-1.84001,-6.30953,0.59682,-0.46071,-0.48788,0.66719,-0.32337,0.65913,-0.90673,-0.04492,
1403637245988318976,-1.77456,-6.39890,0.58938,-0.45653,-0.50636,0.64536,-0.34451,0.67611,-0.89874,-0.10295,
1403637246088318976,-1.70660,-6.48921,0.57665,-0.44679,-0.52956,0.62147,-0.36569,0.70857,-0.89175,-0.15755,
1403637246188318976,-1.63604,-6.57619,0.55774,-0.43265,-0.55597,0.59468,-0.38739,0.73054,-0.85509,-0.21753,
1403637246288319232,-1.56291,-6.65944,0.53357,0.41456,0.58358,-0.56589,0.40907,0.76052,-0.82575,-0.25484,
1403637246388318976,-1.48732,-6.74061,0.50717,0.39765,0.61242,-0.53202,0.42869,0.77095,-0.77997,-0.27309,
1403637246488318976,-1.40933,-6.81624,0.47768,0.38445,0.64036,-0.49398,0.44510,0.80174,-0.73007,-0.33062,
1403637246588318976,-1.32826,-6.88640,0.44405,0.37190,0.66139,-0.45678,0.46433,0.83045,-0.64436,-0.37141,
1403637246688318976,-1.24330,-6.94466,0.40784,0.35773,0.67679,-0.42185,0.48582,0.86775,-0.53181,-0.37491,
1403637246788319232,-1.15404,-6.99444,0.37321,0.34156,0.69182,-0.38977,0.50280,0.90297,-0.40895,-0.33273,
1403637246888318976,-1.06192,-7.03188,0.34459,0.32264,0.70731,-0.36118,0.51494,0.92039,-0.25675,-0.25890,
1403637246988318976,-0.96688,-7.05811,0.32062,0.29973,0.72558,-0.34176,0.51662,0.93790,-0.14455,-0.20757,
1403637247088318976,-0.87050,-7.07274,0.30156,0.27913,0.74028,-0.33166,0.51389,0.94883,-0.06498,-0.19158,
1403637247188318976,-0.77160,-7.08204,0.28119,0.26242,0.75008,-0.32867,0.51039,0.95554,-0.00893,-0.23683,
1403637247288319232,-0.67037,-7.08542,0.25552,0.25224,0.75323,-0.32828,0.51113,0.97059,0.03579,-0.28056,
1403637247388318976,-0.56569,-7.08747,0.23078,0.25561,0.74360,-0.32300,0.52667,1.01060,0.05487,-0.24472,
1403637247488318976,-0.45960,-7.08471,0.20360,0.26194,0.73107,-0.31830,0.54370,1.00739,0.10614,-0.31970,
1403637247588318976,-0.35602,-7.07280,0.16786,0.26304,0.73068,-0.31504,0.54559,0.98608,0.20598,-0.39015,
1403637247688318976,-0.25556,-7.04900,0.12903,0.26500,0.73415,-0.30497,0.54570,0.96981,0.30137,-0.40019,
1403637247788319232,-0.15761,-7.01243,0.09065,0.26825,0.74007,-0.28931,0.54465,0.96963,0.41408,-0.36702,
1403637247888318976,-0.05938,-6.96264,0.05991,0.26441,0.74421,-0.27529,0.54813,0.97932,0.56126,-0.26561,
1403637247988318976,0.03883,-6.89919,0.03898,0.24939,0.74430,-0.26596,0.55954,0.95598,0.69941,-0.21941,
1403637248088318976,0.13150,-6.82303,0.02337,0.23088,0.75329,-0.25831,0.55903,0.93201,0.81133,-0.15272,
1403637248188318976,0.21943,-6.73878,0.01293,0.21328,0.76500,-0.25057,0.55363,0.89057,0.88499,-0.16058,
1403637248288319232,0.30339,-6.64858,-0.00075,0.20001,0.77358,-0.24506,0.54910,0.87643,0.93499,-0.20004,
1403637248388318976,0.38695,-6.55429,-0.02072,0.19321,0.77721,-0.24014,0.54859,0.86722,0.95899,-0.26045,
1403637248488318976,0.46951,-6.45676,-0.04443,0.18972,0.77602,-0.23754,0.55260,0.85373,0.98176,-0.27720,
1403637248588318976,0.55108,-6.35610,-0.06666,0.19124,0.77079,-0.23437,0.56070,0.83131,1.02457,-0.22675,
1403637248688318976,0.63017,-6.25070,-0.08399,0.19263,0.77230,-0.23468,0.55801,0.78565,1.07795,-0.17915,
1403637248788319232,0.70642,-6.14065,-0.09314,0.19335,0.77722,-0.23781,0.54954,0.76866,1.12241,-0.06631,
1403637248888318976,0.78193,-6.02629,-0.09339,0.19316,0.77955,-0.24278,0.54410,0.77429,1.15810,0.00685,
1403637248988318976,0.85859,-5.91052,-0.08573,0.19221,0.77967,-0.24815,0.54184,0.76321,1.17896,0.07588,
1403637249088318976,0.93715,-5.79362,-0.07230,0.19469,0.77897,-0.25060,0.54083,0.79916,1.18206,0.13932,
1403637249188318976,1.01704,-5.67769,-0.05016,0.19630,0.77825,-0.25264,0.54034,0.81612,1.19583,0.21654,
1403637249288319232,1.09710,-5.56045,-0.02253,0.19682,0.77654,-0.25481,0.54158,0.83813,1.20233,0.27096,
1403637249388318976,1.17769,-5.44116,0.00420,0.19866,0.77512,-0.25572,0.54252,0.84786,1.21470,0.18500,
1403637249488318976,1.25845,-5.31967,0.01724,0.19834,0.77436,-0.25688,0.54317,0.85729,1.22101,0.00989,
1403637249588318976,1.34104,-5.19608,0.01187,0.19747,0.77414,-0.25751,0.54350,0.85566,1.24019,-0.16404,
1403637249688318976,1.42180,-5.07035,-0.00682,0.19794,0.77269,-0.25653,0.54586,0.85489,1.24725,-0.21708,
1403637249788319232,1.50169,-4.94166,-0.02575,0.19908,0.76784,-0.25298,0.55389,0.84528,1.27004,-0.17816,
1403637249888318976,1.57972,-4.81020,-0.04004,0.19640,0.76574,-0.24694,0.56044,0.81681,1.31532,-0.12343,
1403637249988318976,1.65411,-4.67318,-0.04863,0.18641,0.76957,-0.23961,0.56178,0.78080,1.36544,-0.05960,
1403637250088318976,1.72427,-4.53473,-0.04990,0.16963,0.77454,-0.23697,0.56139,0.73982,1.37161,0.02357,
1403637250188318976,1.79027,-4.39545,-0.04564,0.15652,0.77990,-0.23093,0.56029,0.69914,1.36692,0.03405,
1403637250288319232,1.85326,-4.25675,-0.04478,0.14253,0.78256,-0.22515,0.56267,0.66280,1.34351,-0.02198,
1403637250388318976,1.91331,-4.12069,-0.04964,0.13085,0.78380,-0.22164,0.56516,0.62041,1.30000,-0.08167,
1403637250488318976,1.97025,-3.98821,-0.06042,0.11958,0.78530,-0.22169,0.56556,0.57258,1.25981,-0.12756,
1403637250588318976,2.02330,-3.86201,-0.07271,0.11255,0.78829,-0.22188,0.56276,0.51880,1.19989,-0.09159,
1403637250688318976,2.07340,-3.74164,-0.07864,0.10962,0.79180,-0.21684,0.56038,0.48032,1.13312,-0.03084,
1403637250788319232,2.12126,-3.62842,-0.07639,0.10924,0.79430,-0.21183,0.55882,0.46006,1.05733,0.06044,
1403637250888318976,2.16852,-3.52329,-0.06613,0.10800,0.79324,-0.20977,0.56134,0.44790,0.98523,0.13069,
1403637250988318976,2.21482,-3.42483,-0.05059,0.10472,0.79287,-0.21069,0.56214,0.42459,0.91857,0.19695,
1403637251088318976,2.25704,-3.33415,-0.02747,0.09883,0.79400,-0.20933,0.56211,0.40327,0.85367,0.25662,
1403637251188318976,2.29841,-3.25053,0.00184,0.08910,0.79663,-0.20769,0.56062,0.37326,0.76973,0.33474,
1403637251288319232,2.33620,-3.17561,0.03902,0.08247,0.79833,-0.20413,0.56054,0.33219,0.67243,0.42303,
1403637251388318976,2.37139,-3.10900,0.08561,0.08666,0.79849,-0.19050,0.56446,0.31727,0.58304,0.52390,
1403637251488318976,2.40577,-3.04978,0.13478,0.08719,0.79891,-0.17546,0.56865,0.30126,0.53408,0.47951,
1403637251588318976,2.43806,-2.99643,0.17723,0.08304,0.80018,-0.16033,0.57193,0.27943,0.49529,0.40796,
1403637251688318976,2.46776,-2.94915,0.21202,0.07650,0.80142,-0.14880,0.57422,0.25795,0.45544,0.33056,
1403637251788319232,2.49326,-2.90648,0.24044,0.07014,0.80222,-0.14079,0.57593,0.22980,0.41191,0.28281,
1403637251888318976,2.51550,-2.86830,0.26586,0.06960,0.80142,-0.13326,0.57889,0.20869,0.36763,0.24965,
1403637251988318976,2.53464,-2.83443,0.28850,0.07676,0.79840,-0.12267,0.58449,0.19112,0.33994,0.22263,
1403637252088318976,2.55009,-2.80158,0.30703,0.08104,0.79497,-0.11632,0.58986,0.14305,0.34514,0.17988,
1403637252188318976,2.56056,-2.76753,0.32037,0.07913,0.79119,-0.11544,0.59534,0.09173,0.36185,0.11833,
1403637252288319232,2.56484,-2.73251,0.32648,0.07459,0.79090,-0.11744,0.59591,0.02388,0.35753,0.03895,
1403637252388318976,2.56308,-2.69722,0.32514,0.07057,0.79391,-0.12001,0.59188,-0.03350,0.35562,-0.03505,
1403637252488318976,2.55478,-2.66290,0.31609,0.06747,0.79885,-0.12273,0.58500,-0.08164,0.34670,-0.09612,
1403637252588318976,2.54375,-2.62989,0.30207,0.06592,0.80191,-0.12459,0.58058,-0.11332,0.32961,-0.14775,
1403637252688318976,2.52885,-2.59872,0.28242,0.06174,0.80611,-0.12808,0.57444,-0.14454,0.30270,-0.20488,
1403637252788319232,2.51362,-2.57136,0.26296,0.05407,0.81176,-0.13403,0.56583,-0.17264,0.25159,-0.15910,
1403637252888318976,2.49684,-2.54953,0.24999,0.05687,0.81314,-0.13277,0.56387,-0.16294,0.18030,-0.07015,
1403637252988318976,2.48253,-2.53228,0.24785,0.06548,0.80880,-0.12794,0.57024,-0.15940,0.13504,0.01359,
1403637253088318976,2.46712,-2.51726,0.25264,0.07079,0.80569,-0.12523,0.57460,-0.18358,0.11771,0.06419,
1403637253188318976,2.45122,-2.50396,0.26093,0.07353,0.80402,-0.12431,0.57679,-0.19231,0.11154,0.05032,
1403637253288319232,2.43445,-2.49205,0.26488,0.07479,0.80320,-0.12451,0.57773,-0.18754,0.10838,-0.00403,
1403637253388318976,2.41573,-2.48170,0.26276,0.07507,0.80308,-0.12505,0.57774,-0.20454,0.09456,-0.05630,
1403637253488318976,2.39554,-2.47242,0.25455,0.07429,0.80221,-0.12623,0.57879,-0.22623,0.07785,-0.12141,
1403637253588318976,2.37336,-2.46405,0.24186,0.07541,0.80323,-0.12598,0.57729,-0.25008,0.07139,-0.11971,
1403637253688318976,2.34967,-2.45616,0.23316,0.07933,0.80307,-0.12328,0.57757,-0.25544,0.06239,-0.03445,
1403637253788319232,2.32406,-2.44833,0.23245,0.08401,0.80199,-0.12003,0.57909,-0.27474,0.06027,0.04937,
1403637253888318976,2.29747,-2.43886,0.23739,0.08581,0.80163,-0.11900,0.57954,-0.29039,0.08863,0.10225,
1403637253988318976,2.26929,-2.42776,0.24907,0.08653,0.80152,-0.11903,0.57957,-0.29584,0.10620,0.14817,
1403637254088318976,2.23781,-2.41428,0.26641,0.08770,0.80074,-0.11755,0.58079,-0.33002,0.13560,0.20160,
1403637254188318976,2.20447,-2.39712,0.28845,0.08463,0.80106,-0.11283,0.58172,-0.35254,0.17340,0.25133,
1403637254288319232,2.16932,-2.37689,0.31555,0.08023,0.80500,-0.10433,0.57849,-0.38240,0.20485,0.29555,
1403637254388318976,2.13297,-2.35462,0.34536,0.07474,0.80992,-0.09651,0.57370,-0.37845,0.22368,0.28320,
1403637254488318976,2.09611,-2.33109,0.37211,0.07031,0.81344,-0.09053,0.57025,-0.37621,0.23464,0.23186,
1403637254588318976,2.06072,-2.30623,0.39396,0.06636,0.81477,-0.08580,0.56955,-0.35349,0.24644,0.18465,
1403637254688318976,2.02691,-2.28016,0.40993,0.06432,0.81381,-0.08238,0.57166,-0.33851,0.26800,0.12499,
1403637254788319232,1.99315,-2.25312,0.41961,0.06262,0.81098,-0.08044,0.57612,-0.33593,0.28047,0.07956,
1403637254888318976,1.96056,-2.22375,0.42369,0.05977,0.80831,-0.08050,0.58016,-0.34243,0.28652,0.01185,
1403637254988318976,1.92646,-2.19441,0.42167,0.05882,0.80607,-0.08033,0.58338,-0.34939,0.30272,-0.03462,
1403637255088318976,1.89397,-2.16274,0.41488,0.05709,0.80567,-0.07786,0.58445,-0.36762,0.32821,-0.05444,
1403637255188318976,1.85699,-2.12992,0.41082,0.05142,0.80655,-0.07152,0.58456,-0.37470,0.33905,-0.01764,
1403637255288319232,1.81839,-2.09577,0.41355,0.04440,0.80664,-0.06442,0.58585,-0.40108,0.33590,0.06480,
1403637255388318976,1.77860,-2.06013,0.42070,0.03664,0.80725,-0.05801,0.58621,-0.41941,0.35147,0.08319,
1403637255488318976,1.73510,-2.02265,0.42511,0.02987,0.80881,-0.04787,0.58535,-0.43635,0.35664,0.03437,
1403637255588318976,1.69153,-1.98531,0.42512,0.02376,0.81011,-0.03372,0.58482,-0.44436,0.36522,-0.02976,
1403637255688318976,1.64571,-1.94719,0.41950,0.01597,0.81145,-0.01748,0.58395,-0.46443,0.37688,-0.06633,
1403637255788319232,1.59778,-1.90846,0.41343,0.00663,0.81413,0.00110,0.58064,-0.46922,0.39307,-0.01677,
1403637255888318976,1.54864,-1.86845,0.41463,-0.00517,0.81698,0.01966,0.57631,-0.47543,0.40991,0.07056,
1403637255988318976,1.49970,-1.82756,0.42577,-0.01695,0.81766,0.03583,0.57433,-0.47219,0.42010,0.16629,
1403637256088318976,1.44880,-1.78552,0.44600,-0.02373,0.81783,0.04880,0.57290,-0.50836,0.41303,0.23094,
1403637256188318976,1.39791,-1.74297,0.46857,-0.02807,0.81557,0.05677,0.57518,-0.49521,0.41964,0.21255,
1403637256288319232,1.34779,-1.69916,0.48647,-0.03151,0.81178,0.06082,0.57993,-0.49199,0.43875,0.13632,
1403637256388318976,1.29737,-1.65353,0.49691,-0.03206,0.80968,0.06317,0.58258,-0.50907,0.46294,0.07016,
1403637256488318976,1.24593,-1.60528,0.50126,-0.03004,0.80868,0.06418,0.58397,-0.52078,0.48564,0.01377,
1403637256588318976,1.19395,-1.55519,0.49950,-0.03022,0.80817,0.06234,0.58487,-0.54260,0.49706,-0.05251,
1403637256688318976,1.13920,-1.50301,0.49115,-0.03401,0.81314,0.05672,0.57830,-0.56370,0.52298,-0.12036,
1403637256788319232,1.08237,-1.44948,0.47889,-0.04309,0.82002,0.04705,0.56876,-0.56531,0.51526,-0.14280,
1403637256888318976,1.02730,-1.39671,0.46616,-0.04880,0.82146,0.04143,0.56666,-0.53028,0.50085,-0.15582,
1403637256988318976,0.97535,-1.34665,0.45390,-0.04835,0.81807,0.04697,0.57116,-0.51589,0.48093,-0.09427,
1403637257088318976,0.92497,-1.29888,0.44623,-0.04840,0.81443,0.05794,0.57533,-0.52490,0.46177,-0.03336,
1403637257188318976,0.87664,-1.25054,0.44626,-0.04946,0.81267,0.06706,0.57673,-0.51684,0.46841,0.03215,
1403637257288319232,0.83071,-1.20212,0.45305,-0.05146,0.81325,0.07428,0.57486,-0.50125,0.47301,0.10066,
1403637257388318976,0.78440,-1.15509,0.46576,-0.05208,0.81417,0.08139,0.57254,-0.49245,0.47307,0.13254,
1403637257488318976,0.74010,-1.10681,0.47890,-0.05302,0.81448,0.08590,0.57134,-0.47400,0.48312,0.09751,
1403637257588318976,0.69562,-1.05809,0.48639,-0.05268,0.81572,0.08967,0.56902,-0.46742,0.48845,0.02255,
1403637257688318976,0.64890,-1.00834,0.48644,-0.05576,0.81965,0.08974,0.56304,-0.45073,0.51857,-0.03800,
1403637257788319232,0.60697,-0.95641,0.48229,-0.05995,0.82278,0.09199,0.55765,-0.42683,0.52847,-0.08479,
1403637257888318976,0.57144,-0.90168,0.47466,-0.06548,0.82533,0.09718,0.55236,-0.38374,0.54244,-0.13242,
1403637257988318976,0.53781,-0.84455,0.46328,-0.07383,0.82574,0.10510,0.54924,-0.33274,0.55932,-0.15129,
1403637258088318976,0.50719,-0.78679,0.45178,-0.08560,0.82439,0.11672,0.54719,-0.28135,0.57218,-0.10511,
1403637258188318976,0.48149,-0.72858,0.44688,-0.09667,0.81788,0.13404,0.55115,-0.22818,0.58310,-0.01183,
1403637258288319232,0.45974,-0.66847,0.44744,-0.10379,0.80942,0.15075,0.55798,-0.18552,0.58937,0.00010,
1403637258388318976,0.44069,-0.60822,0.44444,-0.11146,0.80347,0.16212,0.56189,-0.18263,0.59281,-0.06775,
1403637258488318976,0.42164,-0.54715,0.43429,-0.12295,0.80278,0.16591,0.55938,-0.17644,0.59427,-0.14236,
1403637258588318976,0.40420,-0.48692,0.41762,-0.13231,0.80443,0.16648,0.55469,-0.15439,0.57556,-0.16797,
1403637258688318976,0.38768,-0.43002,0.39712,-0.13492,0.80128,0.16803,0.55813,-0.13876,0.55654,-0.19633,
1403637258788319232,0.37448,-0.37665,0.37567,-0.13589,0.79881,0.16878,0.56121,-0.13234,0.51332,-0.23044,
1403637258888318976,0.36137,-0.32596,0.35383,-0.13737,0.79686,0.16781,0.56390,-0.13732,0.49186,-0.20558,
1403637258988318976,0.35135,-0.28021,0.33816,-0.13904,0.79718,0.16557,0.56370,-0.10974,0.46099,-0.10934,
1403637259088318976,0.34169,-0.23785,0.33342,-0.13884,0.79778,0.16385,0.56340,-0.08281,0.44141,0.00379,
1403637259188318976,0.33166,-0.19776,0.34129,-0.13943,0.79750,0.16247,0.56406,-0.09251,0.39128,0.11560,
1403637259288319232,0.32109,-0.16424,0.35804,-0.13984,0.79687,0.16066,0.56536,-0.09606,0.35112,0.15120,
1403637259388318976,0.31039,-0.13666,0.37403,-0.14063,0.79741,0.15870,0.56496,-0.10099,0.31234,0.11790,
1403637259488318976,0.29982,-0.11268,0.38638,-0.14803,0.79713,0.15241,0.56520,-0.10702,0.25811,0.08362,
1403637259588318976,0.28940,-0.09216,0.39538,-0.15187,0.79716,0.14916,0.56499,-0.09757,0.18601,0.06062,
1403637259688318976,0.28033,-0.07684,0.40106,-0.14838,0.79712,0.15086,0.56553,-0.08070,0.12859,0.02755,
1403637259788319232,0.27193,-0.06589,0.40091,-0.14145,0.80014,0.15524,0.56184,-0.07626,0.08142,-0.01009,
1403637259888318976,0.26512,-0.06024,0.39828,-0.14027,0.80035,0.15609,0.56160,-0.06817,0.05649,-0.04113,
1403637259988318976,0.25904,-0.05709,0.39138,-0.14407,0.79833,0.15342,0.56425,-0.05900,0.01115,-0.08461,
1403637260088318976,0.25375,-0.05901,0.38009,-0.14044,0.79621,0.15643,0.56732,-0.06379,-0.02876,-0.13129,
1403637260188318976,0.24781,-0.06321,0.36447,-0.13443,0.79666,0.16100,0.56687,-0.06698,-0.05297,-0.17431,
1403637260288319232,0.24118,-0.06922,0.34625,-0.12700,0.79703,0.16694,0.56634,-0.07690,-0.06502,-0.19437,
1403637260388318976,0.23335,-0.07583,0.32694,-0.11802,0.79546,0.17401,0.56836,-0.08405,-0.06514,-0.19725,
1403637260488318976,0.22441,-0.08057,0.30555,-0.11299,0.79580,0.17841,0.56755,-0.09669,-0.03890,-0.23243,
1403637260588318976,0.21426,-0.08202,0.28243,-0.11240,0.80247,0.17913,0.55797,-0.10182,0.00073,-0.23354,
1403637260688318976,0.20457,-0.07929,0.25921,-0.11388,0.80700,0.17777,0.55152,-0.08758,0.04553,-0.22649,
1403637260788319232,0.19601,-0.07332,0.23682,-0.11709,0.80452,0.17597,0.55504,-0.07888,0.07498,-0.21950,
1403637260888318976,0.18873,-0.06475,0.21432,-0.12077,0.79970,0.17448,0.56165,-0.07905,0.08949,-0.23338,
1403637260988318976,0.18181,-0.05483,0.19175,-0.12240,0.79513,0.17397,0.56790,-0.08239,0.09530,-0.23504,
1403637261088318976,0.17320,-0.04446,0.16835,-0.12323,0.79686,0.17365,0.56540,-0.09869,0.10254,-0.23937,
1403637261188318976,0.16408,-0.03270,0.14524,-0.12107,0.80383,0.17489,0.55554,-0.09734,0.11751,-0.22274,
1403637261288319232,0.15542,-0.01984,0.12562,-0.11894,0.80934,0.17622,0.54751,-0.07454,0.13309,-0.16180,
1403637261388318976,0.14989,-0.00482,0.11365,-0.12068,0.80582,0.17481,0.55274,-0.04991,0.16282,-0.09214,
1403637261488318976,0.14583,0.01140,0.10672,-0.12740,0.80166,0.17009,0.55873,-0.03939,0.15837,-0.06558,
1403637261588318976,0.14306,0.02699,0.10047,-0.12665,0.80671,0.17007,0.55159,-0.02511,0.15268,-0.05476,
1403637261688318976,0.14280,0.04274,0.09798,-0.12270,0.81248,0.17239,0.54324,0.02160,0.16315,0.02007,
1403637261788319232,0.14725,0.06005,0.10280,-0.12136,0.81019,0.17297,0.54675,0.06948,0.18065,0.09003,
1403637261888318976,0.15480,0.07924,0.11040,-0.12291,0.80304,0.17122,0.55740,0.08204,0.19058,0.06327,
1403637261988318976,0.16223,0.09700,0.11156,-0.12378,0.79837,0.16944,0.56442,0.07317,0.17803,-0.03842,
1403637262088318976,0.16976,0.11409,0.10277,-0.12708,0.79564,0.16580,0.56861,0.06734,0.16759,-0.13163,
1403637262188318976,0.17588,0.12951,0.08489,-0.13080,0.79567,0.16198,0.56882,0.05720,0.15057,-0.20108,
1403637262288319232,0.18108,0.14236,0.05958,-0.13363,0.79604,0.15863,0.56859,0.02091,0.04009,-0.12310,
1403637262388318976,0.17664,0.13594,0.05777,-0.13543,0.78264,0.15752,0.58679,-0.02767,-0.10283,-0.09654,
1403637262488318976,0.17379,0.12636,0.05084,-0.12438,0.79842,0.12685,0.57530,-0.04091,-0.08873,-0.15082,
1403637262588318976,0.16725,0.12039,0.05819,-0.13432,0.78109,0.11721,0.59842,-0.02471,-0.07396,-0.03184,
1403637262688318976,0.16827,0.11935,0.05677,-0.13026,0.79128,0.11891,0.58547,0.06239,0.06107,-0.01405,
1403637262788319232,0.16613,0.11832,0.05734,-0.13120,0.78920,0.11642,0.58856,-0.02777,-0.06107,0.04549,
1403637262888318976,0.16677,0.11993,0.05732,-0.13194,0.79026,0.11729,0.58679,-0.00333,-0.01571,-0.00412,
1403637262988318976,0.16660,0.11947,0.05740,-0.13174,0.78989,0.11715,0.58737,-0.00024,0.01047,-0.00292,
1403637263088318976,0.16662,0.11931,0.05738,-0.13123,0.78988,0.11741,0.58744,-0.00580,0.01272,-0.00145,
1403637263188318976,0.16650,0.11907,0.05744,-0.13086,0.78977,0.11753,0.58765,-0.00038,0.00717,-0.00417,
1403637263288319232,0.16647,0.11916,0.05739,-0.13116,0.78996,0.11741,0.58735,-0.00064,-0.00446,0.00286,
1403637263388318976,0.16649,0.11922,0.05740,-0.13148,0.78994,0.11735,0.58731,-0.00128,0.00457,-0.00068,
1403637263488318976,0.16644,0.11911,0.05738,-0.13117,0.78996,0.11748,0.58733,-0.00484,0.00037,0.00075,
1403637263588318976,0.16645,0.11913,0.05738,-0.13140,0.78999,0.11739,0.58726,-0.00076,-0.00277,0.00282,
1403637263688318976,0.16643,0.11913,0.05738,-0.13147,0.79004,0.11739,0.58717,0.00063,-0.00308,0.00259,
1403637263788319232,0.16641,0.11924,0.05737,-0.13183,0.79002,0.11713,0.58717,-0.00257,-0.00576,0.00176,
1403637263888318976,0.16638,0.11920,0.05738,-0.13188,0.79004,0.11716,0.58713,-0.00145,0.00317,0.00053,
1403637263988318976,0.16640,0.11909,0.05738,-0.13156,0.79007,0.11733,0.58712,-0.00354,0.00249,0.00174,
1403637264088318976,0.16641,0.11910,0.05736,-0.13153,0.79011,0.11742,0.58706,-0.00426,0.00092,0.00078,
1403637264188318976,0.16640,0.11905,0.05734,-0.13148,0.79006,0.11742,0.58713,-0.00206,0.00041,-0.00026,
1403637264288319232,0.16642,0.11912,0.05734,-0.13167,0.79008,0.11734,0.58708,0.00121,-0.00241,0.00222,
1403637264388318976,0.16642,0.11910,0.05733,-0.13166,0.79012,0.11740,0.58702,0.00099,0.00133,-0.00078,
1403637264488318976,0.16650,0.11910,0.05730,-0.13156,0.79008,0.11739,0.58710,0.00042,-0.00061,0.00215,
1403637264588318976,0.16649,0.11912,0.05731,-0.13162,0.79011,0.11737,0.58706,-0.00035,-0.00187,0.00025,
1403637264688318976,0.16643,0.11911,0.05734,-0.13164,0.79012,0.11735,0.58704,-0.00041,-0.00111,0.00170,
1403637264788319232,0.16646,0.11913,0.05736,-0.13172,0.79014,0.11733,0.58699,-0.00164,-0.00254,0.00173,
1403637264888318976,0.16646,0.11913,0.05738,-0.13167,0.79015,0.11734,0.58700,-0.00161,0.00141,0.00118,
1403637264988318976,0.16647,0.11911,0.05738,-0.13151,0.79017,0.11744,0.58698,-0.00180,0.00003,0.00334,
1403637265088318976,0.16646,0.11912,0.05741,-0.13154,0.79021,0.11747,0.58691,-0.00127,-0.00035,0.00069,
1403637265188318976,0.16647,0.11912,0.05741,-0.13150,0.79019,0.11744,0.58696,-0.00202,0.00074,0.00111,
1403637265288319232,0.16647,0.11911,0.05739,-0.13153,0.79022,0.11746,0.58691,-0.00190,-0.00081,0.00190,
1403637265388318976,0.16653,0.11912,0.05741,-0.13151,0.79022,0.11749,0.58689,-0.00044,0.00061,0.00101,
1403637265488318976,0.16658,0.11911,0.05744,-0.13153,0.79022,0.11747,0.58690,-0.00101,-0.00107,0.00182,
